,,0,human_annotation,who,dacy_medium,spacy_trf,person,place,org,work
0,0,Herved,,,,,[],['London'],[],[]
1,0,tillader,,,,,[],['London'],[],[]
2,0,jeg,,,,,[],['London'],[],[]
3,0,mig,,,,,[],['London'],[],[]
4,0,at,,,,,[],['London'],[],[]
5,0,frembære,,,,,[],['London'],[],[]
6,0,min,,,,,[],['London'],[],[]
7,0,ærbødigste,,,,,[],['London'],[],[]
8,0,taksigelse,,,,,[],['London'],[],[]
9,0,for,,,,,[],['London'],[],[]
10,0,den,,,,,[],['London'],[],[]
11,0,mig,,,,,[],['London'],[],[]
12,0,ved,,,,,[],['London'],[],[]
13,0,min,,,,,[],['London'],[],[]
14,0,optagelse,,,,,[],['London'],[],[]
15,0,som,,,,,[],['London'],[],[]
16,0,æresmedlem,,,,,[],['London'],[],[]
17,0,af,,,,,[],['London'],[],[]
18,0,selskabet,,,,,[],['London'],[],[]
19,0,beviste,,,,,[],['London'],[],[]
20,0,hæder,,,,,[],['London'],[],[]
21,0,og,,,,,[],['London'],[],[]
22,0,"skal,",,,,,[],['London'],[],[]
23,0,såsnart,,,,,[],['London'],[],[]
24,0,mit,,,,,[],['London'],[],[]
25,0,ønske,,,,,[],['London'],[],[]
26,0,om,,,,,[],['London'],[],[]
27,0,at,,,,,[],['London'],[],[]
28,0,kunne,,,,,[],['London'],[],[]
29,0,besøge,,,,,[],['London'],[],[]
30,0,London,,,,,[],['London'],[],[]
31,0,går,,,,,[],['London'],[],[]
32,0,i,,,,,[],['London'],[],[]
33,0,"opfyldelse,",,,,,[],['London'],[],[]
34,0,ikke,,,,,[],['London'],[],[]
35,0,undlade,,,,,[],['London'],[],[]
36,0,at,,,,,[],['London'],[],[]
37,0,meddele,,,,,[],['London'],[],[]
38,0,min,,,,,[],['London'],[],[]
39,0,adresse,,,,,[],['London'],[],[]
40,0,for,,,,,[],['London'],[],[]
41,0,mundtlig,,,,,[],['London'],[],[]
42,0,at,,,,,[],['London'],[],[]
43,0,gentage,,,,,[],['London'],[],[]
44,0,min,,,,,[],['London'],[],[]
45,0,varmeste,,,,,[],['London'],[],[]
46,0,tak.,,,,,[],['London'],[],[]
