,,0,human_annotation,who,dacy_medium,spacy_trf,person,place,org,work
0,0,De,,,,,"['Jonas Lie', 'Hegel']","['Berlin', 'København', 'Tyrol']",['Gyldendalske boghandel'],['mit nye arbejde']
1,0,vil,,,,,"['Jonas Lie', 'Hegel']","['Berlin', 'København', 'Tyrol']",['Gyldendalske boghandel'],['mit nye arbejde']
2,0,godhedsfuldt,,,,,"['Jonas Lie', 'Hegel']","['Berlin', 'København', 'Tyrol']",['Gyldendalske boghandel'],['mit nye arbejde']
3,0,tilgive,,,,,"['Jonas Lie', 'Hegel']","['Berlin', 'København', 'Tyrol']",['Gyldendalske boghandel'],['mit nye arbejde']
4,0,at,,,,,"['Jonas Lie', 'Hegel']","['Berlin', 'København', 'Tyrol']",['Gyldendalske boghandel'],['mit nye arbejde']
5,0,jeg,,,,,"['Jonas Lie', 'Hegel']","['Berlin', 'København', 'Tyrol']",['Gyldendalske boghandel'],['mit nye arbejde']
6,0,indtil,,,,,"['Jonas Lie', 'Hegel']","['Berlin', 'København', 'Tyrol']",['Gyldendalske boghandel'],['mit nye arbejde']
7,0,nu,,,,,"['Jonas Lie', 'Hegel']","['Berlin', 'København', 'Tyrol']",['Gyldendalske boghandel'],['mit nye arbejde']
8,0,har,,,,,"['Jonas Lie', 'Hegel']","['Berlin', 'København', 'Tyrol']",['Gyldendalske boghandel'],['mit nye arbejde']
9,0,ladet,,,,,"['Jonas Lie', 'Hegel']","['Berlin', 'København', 'Tyrol']",['Gyldendalske boghandel'],['mit nye arbejde']
10,0,Deres,,,,,"['Jonas Lie', 'Hegel']","['Berlin', 'København', 'Tyrol']",['Gyldendalske boghandel'],['mit nye arbejde']
11,0,to,,,,,"['Jonas Lie', 'Hegel']","['Berlin', 'København', 'Tyrol']",['Gyldendalske boghandel'],['mit nye arbejde']
12,0,venlige,,,,,"['Jonas Lie', 'Hegel']","['Berlin', 'København', 'Tyrol']",['Gyldendalske boghandel'],['mit nye arbejde']
13,0,breve,,,,,"['Jonas Lie', 'Hegel']","['Berlin', 'København', 'Tyrol']",['Gyldendalske boghandel'],['mit nye arbejde']
14,0,henligge,,,,,"['Jonas Lie', 'Hegel']","['Berlin', 'København', 'Tyrol']",['Gyldendalske boghandel'],['mit nye arbejde']
15,0,ubesvarede.,,,,,"['Jonas Lie', 'Hegel']","['Berlin', 'København', 'Tyrol']",['Gyldendalske boghandel'],['mit nye arbejde']
16,0,Jeg,,,,,"['Jonas Lie', 'Hegel']","['Berlin', 'København', 'Tyrol']",['Gyldendalske boghandel'],['mit nye arbejde']
17,0,havde,,,,,"['Jonas Lie', 'Hegel']","['Berlin', 'København', 'Tyrol']",['Gyldendalske boghandel'],['mit nye arbejde']
18,0,nemlig,,,,,"['Jonas Lie', 'Hegel']","['Berlin', 'København', 'Tyrol']",['Gyldendalske boghandel'],['mit nye arbejde']
19,0,besluttet,,,,,"['Jonas Lie', 'Hegel']","['Berlin', 'København', 'Tyrol']",['Gyldendalske boghandel'],['mit nye arbejde']
20,0,at,,,,,"['Jonas Lie', 'Hegel']","['Berlin', 'København', 'Tyrol']",['Gyldendalske boghandel'],['mit nye arbejde']
21,0,besøge,,,,,"['Jonas Lie', 'Hegel']","['Berlin', 'København', 'Tyrol']",['Gyldendalske boghandel'],['mit nye arbejde']
22,0,Berlin,,,,,"['Jonas Lie', 'Hegel']","['Berlin', 'København', 'Tyrol']",['Gyldendalske boghandel'],['mit nye arbejde']
23,0,i,,,,,"['Jonas Lie', 'Hegel']","['Berlin', 'København', 'Tyrol']",['Gyldendalske boghandel'],['mit nye arbejde']
24,0,sommer,,,,,"['Jonas Lie', 'Hegel']","['Berlin', 'København', 'Tyrol']",['Gyldendalske boghandel'],['mit nye arbejde']
25,0,og,,,,,"['Jonas Lie', 'Hegel']","['Berlin', 'København', 'Tyrol']",['Gyldendalske boghandel'],['mit nye arbejde']
26,0,håbede,,,,,"['Jonas Lie', 'Hegel']","['Berlin', 'København', 'Tyrol']",['Gyldendalske boghandel'],['mit nye arbejde']
27,0,da,,,,,"['Jonas Lie', 'Hegel']","['Berlin', 'København', 'Tyrol']",['Gyldendalske boghandel'],['mit nye arbejde']
28,0,at,,,,,"['Jonas Lie', 'Hegel']","['Berlin', 'København', 'Tyrol']",['Gyldendalske boghandel'],['mit nye arbejde']
29,0,have,,,,,"['Jonas Lie', 'Hegel']","['Berlin', 'København', 'Tyrol']",['Gyldendalske boghandel'],['mit nye arbejde']
30,0,den,,,,,"['Jonas Lie', 'Hegel']","['Berlin', 'København', 'Tyrol']",['Gyldendalske boghandel'],['mit nye arbejde']
31,0,fornøjelse,,,,,"['Jonas Lie', 'Hegel']","['Berlin', 'København', 'Tyrol']",['Gyldendalske boghandel'],['mit nye arbejde']
32,0,personlig,,,,,"['Jonas Lie', 'Hegel']","['Berlin', 'København', 'Tyrol']",['Gyldendalske boghandel'],['mit nye arbejde']
33,0,at,,,,,"['Jonas Lie', 'Hegel']","['Berlin', 'København', 'Tyrol']",['Gyldendalske boghandel'],['mit nye arbejde']
34,0,træffe,,,,,"['Jonas Lie', 'Hegel']","['Berlin', 'København', 'Tyrol']",['Gyldendalske boghandel'],['mit nye arbejde']
35,0,Dem.,,,,,"['Jonas Lie', 'Hegel']","['Berlin', 'København', 'Tyrol']",['Gyldendalske boghandel'],['mit nye arbejde']
36,0,Omstændighederne,,,,,"['Jonas Lie', 'Hegel']","['Berlin', 'København', 'Tyrol']",['Gyldendalske boghandel'],['mit nye arbejde']
37,0,tvinger,,,,,"['Jonas Lie', 'Hegel']","['Berlin', 'København', 'Tyrol']",['Gyldendalske boghandel'],['mit nye arbejde']
38,0,mig,,,,,"['Jonas Lie', 'Hegel']","['Berlin', 'København', 'Tyrol']",['Gyldendalske boghandel'],['mit nye arbejde']
39,0,imidlertid,,,,,"['Jonas Lie', 'Hegel']","['Berlin', 'København', 'Tyrol']",['Gyldendalske boghandel'],['mit nye arbejde']
40,0,til,,,,,"['Jonas Lie', 'Hegel']","['Berlin', 'København', 'Tyrol']",['Gyldendalske boghandel'],['mit nye arbejde']
41,0,at,,,,,"['Jonas Lie', 'Hegel']","['Berlin', 'København', 'Tyrol']",['Gyldendalske boghandel'],['mit nye arbejde']
42,0,opsætte,,,,,"['Jonas Lie', 'Hegel']","['Berlin', 'København', 'Tyrol']",['Gyldendalske boghandel'],['mit nye arbejde']
43,0,denne,,,,,"['Jonas Lie', 'Hegel']","['Berlin', 'København', 'Tyrol']",['Gyldendalske boghandel'],['mit nye arbejde']
44,0,rejse,,,,,"['Jonas Lie', 'Hegel']","['Berlin', 'København', 'Tyrol']",['Gyldendalske boghandel'],['mit nye arbejde']
45,0,indtil,,,,,"['Jonas Lie', 'Hegel']","['Berlin', 'København', 'Tyrol']",['Gyldendalske boghandel'],['mit nye arbejde']
46,0,"høsten,",,,,,"['Jonas Lie', 'Hegel']","['Berlin', 'København', 'Tyrol']",['Gyldendalske boghandel'],['mit nye arbejde']
47,0,og,,,,,"['Jonas Lie', 'Hegel']","['Berlin', 'København', 'Tyrol']",['Gyldendalske boghandel'],['mit nye arbejde']
48,0,jeg,,,,,"['Jonas Lie', 'Hegel']","['Berlin', 'København', 'Tyrol']",['Gyldendalske boghandel'],['mit nye arbejde']
49,0,tillader,,,,,"['Jonas Lie', 'Hegel']","['Berlin', 'København', 'Tyrol']",['Gyldendalske boghandel'],['mit nye arbejde']
50,0,mig,,,,,"['Jonas Lie', 'Hegel']","['Berlin', 'København', 'Tyrol']",['Gyldendalske boghandel'],['mit nye arbejde']
51,0,derfor,,,,,"['Jonas Lie', 'Hegel']","['Berlin', 'København', 'Tyrol']",['Gyldendalske boghandel'],['mit nye arbejde']
52,0,herved,,,,,"['Jonas Lie', 'Hegel']","['Berlin', 'København', 'Tyrol']",['Gyldendalske boghandel'],['mit nye arbejde']
53,0,at,,,,,"['Jonas Lie', 'Hegel']","['Berlin', 'København', 'Tyrol']",['Gyldendalske boghandel'],['mit nye arbejde']
54,0,tilskrive,,,,,"['Jonas Lie', 'Hegel']","['Berlin', 'København', 'Tyrol']",['Gyldendalske boghandel'],['mit nye arbejde']
55,0,Dem,,,,,"['Jonas Lie', 'Hegel']","['Berlin', 'København', 'Tyrol']",['Gyldendalske boghandel'],['mit nye arbejde']
56,0,nogle,,,,,"['Jonas Lie', 'Hegel']","['Berlin', 'København', 'Tyrol']",['Gyldendalske boghandel'],['mit nye arbejde']
57,0,ord.Det,,,,,"['Jonas Lie', 'Hegel']","['Berlin', 'København', 'Tyrol']",['Gyldendalske boghandel'],['mit nye arbejde']
58,0,gjorde,,,,,"['Jonas Lie', 'Hegel']","['Berlin', 'København', 'Tyrol']",['Gyldendalske boghandel'],['mit nye arbejde']
59,0,mig,,,,,"['Jonas Lie', 'Hegel']","['Berlin', 'København', 'Tyrol']",['Gyldendalske boghandel'],['mit nye arbejde']
60,0,meget,,,,,"['Jonas Lie', 'Hegel']","['Berlin', 'København', 'Tyrol']",['Gyldendalske boghandel'],['mit nye arbejde']
61,0,ondt,,,,,"['Jonas Lie', 'Hegel']","['Berlin', 'København', 'Tyrol']",['Gyldendalske boghandel'],['mit nye arbejde']
62,0,at,,,,,"['Jonas Lie', 'Hegel']","['Berlin', 'København', 'Tyrol']",['Gyldendalske boghandel'],['mit nye arbejde']
63,0,erfare,,,,,"['Jonas Lie', 'Hegel']","['Berlin', 'København', 'Tyrol']",['Gyldendalske boghandel'],['mit nye arbejde']
64,0,at,,,,,"['Jonas Lie', 'Hegel']","['Berlin', 'København', 'Tyrol']",['Gyldendalske boghandel'],['mit nye arbejde']
65,0,De,,,,,"['Jonas Lie', 'Hegel']","['Berlin', 'København', 'Tyrol']",['Gyldendalske boghandel'],['mit nye arbejde']
66,0,har,,,,,"['Jonas Lie', 'Hegel']","['Berlin', 'København', 'Tyrol']",['Gyldendalske boghandel'],['mit nye arbejde']
67,0,været,,,,,"['Jonas Lie', 'Hegel']","['Berlin', 'København', 'Tyrol']",['Gyldendalske boghandel'],['mit nye arbejde']
68,0,syg;,,,,,"['Jonas Lie', 'Hegel']","['Berlin', 'København', 'Tyrol']",['Gyldendalske boghandel'],['mit nye arbejde']
69,0,jeg,,,,,"['Jonas Lie', 'Hegel']","['Berlin', 'København', 'Tyrol']",['Gyldendalske boghandel'],['mit nye arbejde']
70,0,vil,,,,,"['Jonas Lie', 'Hegel']","['Berlin', 'København', 'Tyrol']",['Gyldendalske boghandel'],['mit nye arbejde']
71,0,dog,,,,,"['Jonas Lie', 'Hegel']","['Berlin', 'København', 'Tyrol']",['Gyldendalske boghandel'],['mit nye arbejde']
72,0,håbe,,,,,"['Jonas Lie', 'Hegel']","['Berlin', 'København', 'Tyrol']",['Gyldendalske boghandel'],['mit nye arbejde']
73,0,at,,,,,"['Jonas Lie', 'Hegel']","['Berlin', 'København', 'Tyrol']",['Gyldendalske boghandel'],['mit nye arbejde']
74,0,det,,,,,"['Jonas Lie', 'Hegel']","['Berlin', 'København', 'Tyrol']",['Gyldendalske boghandel'],['mit nye arbejde']
75,0,kun,,,,,"['Jonas Lie', 'Hegel']","['Berlin', 'København', 'Tyrol']",['Gyldendalske boghandel'],['mit nye arbejde']
76,0,har,,,,,"['Jonas Lie', 'Hegel']","['Berlin', 'København', 'Tyrol']",['Gyldendalske boghandel'],['mit nye arbejde']
77,0,været,,,,,"['Jonas Lie', 'Hegel']","['Berlin', 'København', 'Tyrol']",['Gyldendalske boghandel'],['mit nye arbejde']
78,0,en,,,,,"['Jonas Lie', 'Hegel']","['Berlin', 'København', 'Tyrol']",['Gyldendalske boghandel'],['mit nye arbejde']
79,0,forbigående,,,,,"['Jonas Lie', 'Hegel']","['Berlin', 'København', 'Tyrol']",['Gyldendalske boghandel'],['mit nye arbejde']
80,0,upasselighed.,,,,,"['Jonas Lie', 'Hegel']","['Berlin', 'København', 'Tyrol']",['Gyldendalske boghandel'],['mit nye arbejde']
81,0,Hvad,,,,,"['Jonas Lie', 'Hegel']","['Berlin', 'København', 'Tyrol']",['Gyldendalske boghandel'],['mit nye arbejde']
82,0,mit,,,,,"['Jonas Lie', 'Hegel']","['Berlin', 'København', 'Tyrol']",['Gyldendalske boghandel'],['mit nye arbejde']
83,0,nye,,,,,"['Jonas Lie', 'Hegel']","['Berlin', 'København', 'Tyrol']",['Gyldendalske boghandel'],['mit nye arbejde']
84,0,arbejde,,,,,"['Jonas Lie', 'Hegel']","['Berlin', 'København', 'Tyrol']",['Gyldendalske boghandel'],['mit nye arbejde']
85,0,"angår,",,,,,"['Jonas Lie', 'Hegel']","['Berlin', 'København', 'Tyrol']",['Gyldendalske boghandel'],['mit nye arbejde']
86,0,hvilket,,,,,"['Jonas Lie', 'Hegel']","['Berlin', 'København', 'Tyrol']",['Gyldendalske boghandel'],['mit nye arbejde']
87,0,forøvrigt,,,,,"['Jonas Lie', 'Hegel']","['Berlin', 'København', 'Tyrol']",['Gyldendalske boghandel'],['mit nye arbejde']
88,0,endnu,,,,,"['Jonas Lie', 'Hegel']","['Berlin', 'København', 'Tyrol']",['Gyldendalske boghandel'],['mit nye arbejde']
89,0,ikke,,,,,"['Jonas Lie', 'Hegel']","['Berlin', 'København', 'Tyrol']",['Gyldendalske boghandel'],['mit nye arbejde']
90,0,er,,,,,"['Jonas Lie', 'Hegel']","['Berlin', 'København', 'Tyrol']",['Gyldendalske boghandel'],['mit nye arbejde']
91,0,"færdigt,",,,,,"['Jonas Lie', 'Hegel']","['Berlin', 'København', 'Tyrol']",['Gyldendalske boghandel'],['mit nye arbejde']
92,0,så,,,,,"['Jonas Lie', 'Hegel']","['Berlin', 'København', 'Tyrol']",['Gyldendalske boghandel'],['mit nye arbejde']
93,0,har,,,,,"['Jonas Lie', 'Hegel']","['Berlin', 'København', 'Tyrol']",['Gyldendalske boghandel'],['mit nye arbejde']
94,0,jeg,,,,,"['Jonas Lie', 'Hegel']","['Berlin', 'København', 'Tyrol']",['Gyldendalske boghandel'],['mit nye arbejde']
95,0,allerede,,,,,"['Jonas Lie', 'Hegel']","['Berlin', 'København', 'Tyrol']",['Gyldendalske boghandel'],['mit nye arbejde']
96,0,overdraget,,,,,"['Jonas Lie', 'Hegel']","['Berlin', 'København', 'Tyrol']",['Gyldendalske boghandel'],['mit nye arbejde']
97,0,oversættelsesretten,,,,,"['Jonas Lie', 'Hegel']","['Berlin', 'København', 'Tyrol']",['Gyldendalske boghandel'],['mit nye arbejde']
98,0,til,,,,,"['Jonas Lie', 'Hegel']","['Berlin', 'København', 'Tyrol']",['Gyldendalske boghandel'],['mit nye arbejde']
99,0,en,,,,,"['Jonas Lie', 'Hegel']","['Berlin', 'København', 'Tyrol']",['Gyldendalske boghandel'],['mit nye arbejde']
100,0,anden,,,,,"['Jonas Lie', 'Hegel']","['Berlin', 'København', 'Tyrol']",['Gyldendalske boghandel'],['mit nye arbejde']
101,0,og,,,,,"['Jonas Lie', 'Hegel']","['Berlin', 'København', 'Tyrol']",['Gyldendalske boghandel'],['mit nye arbejde']
102,0,har,,,,,"['Jonas Lie', 'Hegel']","['Berlin', 'København', 'Tyrol']",['Gyldendalske boghandel'],['mit nye arbejde']
103,0,således,,,,,"['Jonas Lie', 'Hegel']","['Berlin', 'København', 'Tyrol']",['Gyldendalske boghandel'],['mit nye arbejde']
104,0,ikke,,,,,"['Jonas Lie', 'Hegel']","['Berlin', 'København', 'Tyrol']",['Gyldendalske boghandel'],['mit nye arbejde']
105,0,mere,,,,,"['Jonas Lie', 'Hegel']","['Berlin', 'København', 'Tyrol']",['Gyldendalske boghandel'],['mit nye arbejde']
106,0,nogen,,,,,"['Jonas Lie', 'Hegel']","['Berlin', 'København', 'Tyrol']",['Gyldendalske boghandel'],['mit nye arbejde']
107,0,magt,,,,,"['Jonas Lie', 'Hegel']","['Berlin', 'København', 'Tyrol']",['Gyldendalske boghandel'],['mit nye arbejde']
108,0,over,,,,,"['Jonas Lie', 'Hegel']","['Berlin', 'København', 'Tyrol']",['Gyldendalske boghandel'],['mit nye arbejde']
109,0,samme.,,,,,"['Jonas Lie', 'Hegel']","['Berlin', 'København', 'Tyrol']",['Gyldendalske boghandel'],['mit nye arbejde']
110,0,I,,,,,"['Jonas Lie', 'Hegel']","['Berlin', 'København', 'Tyrol']",['Gyldendalske boghandel'],['mit nye arbejde']
111,0,modsat,,,,,"['Jonas Lie', 'Hegel']","['Berlin', 'København', 'Tyrol']",['Gyldendalske boghandel'],['mit nye arbejde']
112,0,fald,,,,,"['Jonas Lie', 'Hegel']","['Berlin', 'København', 'Tyrol']",['Gyldendalske boghandel'],['mit nye arbejde']
113,0,skulde,,,,,"['Jonas Lie', 'Hegel']","['Berlin', 'København', 'Tyrol']",['Gyldendalske boghandel'],['mit nye arbejde']
114,0,det,,,,,"['Jonas Lie', 'Hegel']","['Berlin', 'København', 'Tyrol']",['Gyldendalske boghandel'],['mit nye arbejde']
115,0,have,,,,,"['Jonas Lie', 'Hegel']","['Berlin', 'København', 'Tyrol']",['Gyldendalske boghandel'],['mit nye arbejde']
116,0,været,,,,,"['Jonas Lie', 'Hegel']","['Berlin', 'København', 'Tyrol']",['Gyldendalske boghandel'],['mit nye arbejde']
117,0,mig,,,,,"['Jonas Lie', 'Hegel']","['Berlin', 'København', 'Tyrol']",['Gyldendalske boghandel'],['mit nye arbejde']
118,0,en,,,,,"['Jonas Lie', 'Hegel']","['Berlin', 'København', 'Tyrol']",['Gyldendalske boghandel'],['mit nye arbejde']
119,0,glæde,,,,,"['Jonas Lie', 'Hegel']","['Berlin', 'København', 'Tyrol']",['Gyldendalske boghandel'],['mit nye arbejde']
120,0,at,,,,,"['Jonas Lie', 'Hegel']","['Berlin', 'København', 'Tyrol']",['Gyldendalske boghandel'],['mit nye arbejde']
121,0,tilstille,,,,,"['Jonas Lie', 'Hegel']","['Berlin', 'København', 'Tyrol']",['Gyldendalske boghandel'],['mit nye arbejde']
122,0,Dem,,,,,"['Jonas Lie', 'Hegel']","['Berlin', 'København', 'Tyrol']",['Gyldendalske boghandel'],['mit nye arbejde']
123,0,korrekturarkene,,,,,"['Jonas Lie', 'Hegel']","['Berlin', 'København', 'Tyrol']",['Gyldendalske boghandel'],['mit nye arbejde']
124,0,på,,,,,"['Jonas Lie', 'Hegel']","['Berlin', 'København', 'Tyrol']",['Gyldendalske boghandel'],['mit nye arbejde']
125,0,den,,,,,"['Jonas Lie', 'Hegel']","['Berlin', 'København', 'Tyrol']",['Gyldendalske boghandel'],['mit nye arbejde']
126,0,af,,,,,"['Jonas Lie', 'Hegel']","['Berlin', 'København', 'Tyrol']",['Gyldendalske boghandel'],['mit nye arbejde']
127,0,Dem,,,,,"['Jonas Lie', 'Hegel']","['Berlin', 'København', 'Tyrol']",['Gyldendalske boghandel'],['mit nye arbejde']
128,0,foreslåede,,,,,"['Jonas Lie', 'Hegel']","['Berlin', 'København', 'Tyrol']",['Gyldendalske boghandel'],['mit nye arbejde']
129,0,måde.Ikke,,,,,"['Jonas Lie', 'Hegel']","['Berlin', 'København', 'Tyrol']",['Gyldendalske boghandel'],['mit nye arbejde']
130,0,mindre,,,,,"['Jonas Lie', 'Hegel']","['Berlin', 'København', 'Tyrol']",['Gyldendalske boghandel'],['mit nye arbejde']
131,0,kært,,,,,"['Jonas Lie', 'Hegel']","['Berlin', 'København', 'Tyrol']",['Gyldendalske boghandel'],['mit nye arbejde']
132,0,skulde,,,,,"['Jonas Lie', 'Hegel']","['Berlin', 'København', 'Tyrol']",['Gyldendalske boghandel'],['mit nye arbejde']
133,0,det,,,,,"['Jonas Lie', 'Hegel']","['Berlin', 'København', 'Tyrol']",['Gyldendalske boghandel'],['mit nye arbejde']
134,0,været,,,,,"['Jonas Lie', 'Hegel']","['Berlin', 'København', 'Tyrol']",['Gyldendalske boghandel'],['mit nye arbejde']
135,0,mig,,,,,"['Jonas Lie', 'Hegel']","['Berlin', 'København', 'Tyrol']",['Gyldendalske boghandel'],['mit nye arbejde']
136,0,om,,,,,"['Jonas Lie', 'Hegel']","['Berlin', 'København', 'Tyrol']",['Gyldendalske boghandel'],['mit nye arbejde']
137,0,jeg,,,,,"['Jonas Lie', 'Hegel']","['Berlin', 'København', 'Tyrol']",['Gyldendalske boghandel'],['mit nye arbejde']
138,0,gennem,,,,,"['Jonas Lie', 'Hegel']","['Berlin', 'København', 'Tyrol']",['Gyldendalske boghandel'],['mit nye arbejde']
139,0,Dem,,,,,"['Jonas Lie', 'Hegel']","['Berlin', 'København', 'Tyrol']",['Gyldendalske boghandel'],['mit nye arbejde']
140,0,kunde,,,,,"['Jonas Lie', 'Hegel']","['Berlin', 'København', 'Tyrol']",['Gyldendalske boghandel'],['mit nye arbejde']
141,0,blive,,,,,"['Jonas Lie', 'Hegel']","['Berlin', 'København', 'Tyrol']",['Gyldendalske boghandel'],['mit nye arbejde']
142,0,optagen,,,,,"['Jonas Lie', 'Hegel']","['Berlin', 'København', 'Tyrol']",['Gyldendalske boghandel'],['mit nye arbejde']
143,0,i,,,,,"['Jonas Lie', 'Hegel']","['Berlin', 'København', 'Tyrol']",['Gyldendalske boghandel'],['mit nye arbejde']
144,0,det,,,,,"['Jonas Lie', 'Hegel']","['Berlin', 'København', 'Tyrol']",['Gyldendalske boghandel'],['mit nye arbejde']
145,0,af,,,,,"['Jonas Lie', 'Hegel']","['Berlin', 'København', 'Tyrol']",['Gyldendalske boghandel'],['mit nye arbejde']
146,0,Dem,,,,,"['Jonas Lie', 'Hegel']","['Berlin', 'København', 'Tyrol']",['Gyldendalske boghandel'],['mit nye arbejde']
147,0,omskrevne,,,,,"['Jonas Lie', 'Hegel']","['Berlin', 'København', 'Tyrol']",['Gyldendalske boghandel'],['mit nye arbejde']
148,0,samlerværk,,,,,"['Jonas Lie', 'Hegel']","['Berlin', 'København', 'Tyrol']",['Gyldendalske boghandel'],['mit nye arbejde']
149,0,for,,,,,"['Jonas Lie', 'Hegel']","['Berlin', 'København', 'Tyrol']",['Gyldendalske boghandel'],['mit nye arbejde']
150,0,udenlandske,,,,,"['Jonas Lie', 'Hegel']","['Berlin', 'København', 'Tyrol']",['Gyldendalske boghandel'],['mit nye arbejde']
151,0,noveller;,,,,,"['Jonas Lie', 'Hegel']","['Berlin', 'København', 'Tyrol']",['Gyldendalske boghandel'],['mit nye arbejde']
152,0,men,,,,,"['Jonas Lie', 'Hegel']","['Berlin', 'København', 'Tyrol']",['Gyldendalske boghandel'],['mit nye arbejde']
153,0,jeg,,,,,"['Jonas Lie', 'Hegel']","['Berlin', 'København', 'Tyrol']",['Gyldendalske boghandel'],['mit nye arbejde']
154,0,har,,,,,"['Jonas Lie', 'Hegel']","['Berlin', 'København', 'Tyrol']",['Gyldendalske boghandel'],['mit nye arbejde']
155,0,aldrig,,,,,"['Jonas Lie', 'Hegel']","['Berlin', 'København', 'Tyrol']",['Gyldendalske boghandel'],['mit nye arbejde']
156,0,skrevet,,,,,"['Jonas Lie', 'Hegel']","['Berlin', 'København', 'Tyrol']",['Gyldendalske boghandel'],['mit nye arbejde']
157,0,noget,,,,,"['Jonas Lie', 'Hegel']","['Berlin', 'København', 'Tyrol']",['Gyldendalske boghandel'],['mit nye arbejde']
158,0,i,,,,,"['Jonas Lie', 'Hegel']","['Berlin', 'København', 'Tyrol']",['Gyldendalske boghandel'],['mit nye arbejde']
159,0,novellistisk,,,,,"['Jonas Lie', 'Hegel']","['Berlin', 'København', 'Tyrol']",['Gyldendalske boghandel'],['mit nye arbejde']
160,0,retning.,,,,,"['Jonas Lie', 'Hegel']","['Berlin', 'København', 'Tyrol']",['Gyldendalske boghandel'],['mit nye arbejde']
161,0,Hvis,,,,,"['Jonas Lie', 'Hegel']","['Berlin', 'København', 'Tyrol']",['Gyldendalske boghandel'],['mit nye arbejde']
162,0,De,,,,,"['Jonas Lie', 'Hegel']","['Berlin', 'København', 'Tyrol']",['Gyldendalske boghandel'],['mit nye arbejde']
163,0,imidlertid,,,,,"['Jonas Lie', 'Hegel']","['Berlin', 'København', 'Tyrol']",['Gyldendalske boghandel'],['mit nye arbejde']
164,0,skulde,,,,,"['Jonas Lie', 'Hegel']","['Berlin', 'København', 'Tyrol']",['Gyldendalske boghandel'],['mit nye arbejde']
165,0,ønske,,,,,"['Jonas Lie', 'Hegel']","['Berlin', 'København', 'Tyrol']",['Gyldendalske boghandel'],['mit nye arbejde']
166,0,at,,,,,"['Jonas Lie', 'Hegel']","['Berlin', 'København', 'Tyrol']",['Gyldendalske boghandel'],['mit nye arbejde']
167,0,arbejde,,,,,"['Jonas Lie', 'Hegel']","['Berlin', 'København', 'Tyrol']",['Gyldendalske boghandel'],['mit nye arbejde']
168,0,for,,,,,"['Jonas Lie', 'Hegel']","['Berlin', 'København', 'Tyrol']",['Gyldendalske boghandel'],['mit nye arbejde']
169,0,dette,,,,,"['Jonas Lie', 'Hegel']","['Berlin', 'København', 'Tyrol']",['Gyldendalske boghandel'],['mit nye arbejde']
170,0,værk,,,,,"['Jonas Lie', 'Hegel']","['Berlin', 'København', 'Tyrol']",['Gyldendalske boghandel'],['mit nye arbejde']
171,0,ved,,,,,"['Jonas Lie', 'Hegel']","['Berlin', 'København', 'Tyrol']",['Gyldendalske boghandel'],['mit nye arbejde']
172,0,oversættelser,,,,,"['Jonas Lie', 'Hegel']","['Berlin', 'København', 'Tyrol']",['Gyldendalske boghandel'],['mit nye arbejde']
173,0,fra,,,,,"['Jonas Lie', 'Hegel']","['Berlin', 'København', 'Tyrol']",['Gyldendalske boghandel'],['mit nye arbejde']
174,0,"norsk,",,,,,"['Jonas Lie', 'Hegel']","['Berlin', 'København', 'Tyrol']",['Gyldendalske boghandel'],['mit nye arbejde']
175,0,så,,,,,"['Jonas Lie', 'Hegel']","['Berlin', 'København', 'Tyrol']",['Gyldendalske boghandel'],['mit nye arbejde']
176,0,tillader,,,,,"['Jonas Lie', 'Hegel']","['Berlin', 'København', 'Tyrol']",['Gyldendalske boghandel'],['mit nye arbejde']
177,0,jeg,,,,,"['Jonas Lie', 'Hegel']","['Berlin', 'København', 'Tyrol']",['Gyldendalske boghandel'],['mit nye arbejde']
178,0,mig,,,,,"['Jonas Lie', 'Hegel']","['Berlin', 'København', 'Tyrol']",['Gyldendalske boghandel'],['mit nye arbejde']
179,0,at,,,,,"['Jonas Lie', 'Hegel']","['Berlin', 'København', 'Tyrol']",['Gyldendalske boghandel'],['mit nye arbejde']
180,0,henlede,,,,,"['Jonas Lie', 'Hegel']","['Berlin', 'København', 'Tyrol']",['Gyldendalske boghandel'],['mit nye arbejde']
181,0,Deres,,,,,"['Jonas Lie', 'Hegel']","['Berlin', 'København', 'Tyrol']",['Gyldendalske boghandel'],['mit nye arbejde']
182,0,opmærksomhed,,,,,"['Jonas Lie', 'Hegel']","['Berlin', 'København', 'Tyrol']",['Gyldendalske boghandel'],['mit nye arbejde']
183,0,på,,,,,"['Jonas Lie', 'Hegel']","['Berlin', 'København', 'Tyrol']",['Gyldendalske boghandel'],['mit nye arbejde']
184,0,en,,,,,"['Jonas Lie', 'Hegel']","['Berlin', 'København', 'Tyrol']",['Gyldendalske boghandel'],['mit nye arbejde']
185,0,fortræffelig,,,,,"['Jonas Lie', 'Hegel']","['Berlin', 'København', 'Tyrol']",['Gyldendalske boghandel'],['mit nye arbejde']
186,0,liden,,,,,"['Jonas Lie', 'Hegel']","['Berlin', 'København', 'Tyrol']",['Gyldendalske boghandel'],['mit nye arbejde']
187,0,novelle,,,,,"['Jonas Lie', 'Hegel']","['Berlin', 'København', 'Tyrol']",['Gyldendalske boghandel'],['mit nye arbejde']
188,0,af,,,,,"['Jonas Lie', 'Hegel']","['Berlin', 'København', 'Tyrol']",['Gyldendalske boghandel'],['mit nye arbejde']
189,0,en,,,,,"['Jonas Lie', 'Hegel']","['Berlin', 'København', 'Tyrol']",['Gyldendalske boghandel'],['mit nye arbejde']
190,0,anden,,,,,"['Jonas Lie', 'Hegel']","['Berlin', 'København', 'Tyrol']",['Gyldendalske boghandel'],['mit nye arbejde']
191,0,norsk,,,,,"['Jonas Lie', 'Hegel']","['Berlin', 'København', 'Tyrol']",['Gyldendalske boghandel'],['mit nye arbejde']
192,0,"forfatter,",,,,,"['Jonas Lie', 'Hegel']","['Berlin', 'København', 'Tyrol']",['Gyldendalske boghandel'],['mit nye arbejde']
193,0,nemlig,,,,,"['Jonas Lie', 'Hegel']","['Berlin', 'København', 'Tyrol']",['Gyldendalske boghandel'],['mit nye arbejde']
194,0,«Den,,,,,"['Jonas Lie', 'Hegel']","['Berlin', 'København', 'Tyrol']",['Gyldendalske boghandel'],['mit nye arbejde']
195,0,Fremsynte»,,,,,"['Jonas Lie', 'Hegel']","['Berlin', 'København', 'Tyrol']",['Gyldendalske boghandel'],['mit nye arbejde']
196,0,af,,,,,"['Jonas Lie', 'Hegel']","['Berlin', 'København', 'Tyrol']",['Gyldendalske boghandel'],['mit nye arbejde']
197,0,Jonas,,,,,"['Jonas Lie', 'Hegel']","['Berlin', 'København', 'Tyrol']",['Gyldendalske boghandel'],['mit nye arbejde']
198,0,"Lie,",,,,,"['Jonas Lie', 'Hegel']","['Berlin', 'København', 'Tyrol']",['Gyldendalske boghandel'],['mit nye arbejde']
199,0,udkommen,,,,,"['Jonas Lie', 'Hegel']","['Berlin', 'København', 'Tyrol']",['Gyldendalske boghandel'],['mit nye arbejde']
200,0,hos,,,,,"['Jonas Lie', 'Hegel']","['Berlin', 'København', 'Tyrol']",['Gyldendalske boghandel'],['mit nye arbejde']
201,0,Hegel,,,,,"['Jonas Lie', 'Hegel']","['Berlin', 'København', 'Tyrol']",['Gyldendalske boghandel'],['mit nye arbejde']
202,0,(Gyldendalske,,,,,"['Jonas Lie', 'Hegel']","['Berlin', 'København', 'Tyrol']",['Gyldendalske boghandel'],['mit nye arbejde']
203,0,boghandel),,,,,"['Jonas Lie', 'Hegel']","['Berlin', 'København', 'Tyrol']",['Gyldendalske boghandel'],['mit nye arbejde']
204,0,i,,,,,"['Jonas Lie', 'Hegel']","['Berlin', 'København', 'Tyrol']",['Gyldendalske boghandel'],['mit nye arbejde']
205,0,København.,,,,,"['Jonas Lie', 'Hegel']","['Berlin', 'København', 'Tyrol']",['Gyldendalske boghandel'],['mit nye arbejde']
206,0,Den,,,,,"['Jonas Lie', 'Hegel']","['Berlin', 'København', 'Tyrol']",['Gyldendalske boghandel'],['mit nye arbejde']
207,0,er,,,,,"['Jonas Lie', 'Hegel']","['Berlin', 'København', 'Tyrol']",['Gyldendalske boghandel'],['mit nye arbejde']
208,0,i,,,,,"['Jonas Lie', 'Hegel']","['Berlin', 'København', 'Tyrol']",['Gyldendalske boghandel'],['mit nye arbejde']
209,0,de,,,,,"['Jonas Lie', 'Hegel']","['Berlin', 'København', 'Tyrol']",['Gyldendalske boghandel'],['mit nye arbejde']
210,0,skandinaviske,,,,,"['Jonas Lie', 'Hegel']","['Berlin', 'København', 'Tyrol']",['Gyldendalske boghandel'],['mit nye arbejde']
211,0,lande,,,,,"['Jonas Lie', 'Hegel']","['Berlin', 'København', 'Tyrol']",['Gyldendalske boghandel'],['mit nye arbejde']
212,0,bleven,,,,,"['Jonas Lie', 'Hegel']","['Berlin', 'København', 'Tyrol']",['Gyldendalske boghandel'],['mit nye arbejde']
213,0,modtaget,,,,,"['Jonas Lie', 'Hegel']","['Berlin', 'København', 'Tyrol']",['Gyldendalske boghandel'],['mit nye arbejde']
214,0,med,,,,,"['Jonas Lie', 'Hegel']","['Berlin', 'København', 'Tyrol']",['Gyldendalske boghandel'],['mit nye arbejde']
215,0,overordentligt,,,,,"['Jonas Lie', 'Hegel']","['Berlin', 'København', 'Tyrol']",['Gyldendalske boghandel'],['mit nye arbejde']
216,0,bifald,,,,,"['Jonas Lie', 'Hegel']","['Berlin', 'København', 'Tyrol']",['Gyldendalske boghandel'],['mit nye arbejde']
217,0,og,,,,,"['Jonas Lie', 'Hegel']","['Berlin', 'København', 'Tyrol']",['Gyldendalske boghandel'],['mit nye arbejde']
218,0,har,,,,,"['Jonas Lie', 'Hegel']","['Berlin', 'København', 'Tyrol']",['Gyldendalske boghandel'],['mit nye arbejde']
219,0,allerede,,,,,"['Jonas Lie', 'Hegel']","['Berlin', 'København', 'Tyrol']",['Gyldendalske boghandel'],['mit nye arbejde']
220,0,i,,,,,"['Jonas Lie', 'Hegel']","['Berlin', 'København', 'Tyrol']",['Gyldendalske boghandel'],['mit nye arbejde']
221,0,kort,,,,,"['Jonas Lie', 'Hegel']","['Berlin', 'København', 'Tyrol']",['Gyldendalske boghandel'],['mit nye arbejde']
222,0,tid,,,,,"['Jonas Lie', 'Hegel']","['Berlin', 'København', 'Tyrol']",['Gyldendalske boghandel'],['mit nye arbejde']
223,0,oplevet,,,,,"['Jonas Lie', 'Hegel']","['Berlin', 'København', 'Tyrol']",['Gyldendalske boghandel'],['mit nye arbejde']
224,0,3,,,,,"['Jonas Lie', 'Hegel']","['Berlin', 'København', 'Tyrol']",['Gyldendalske boghandel'],['mit nye arbejde']
225,0,oplag.Om,,,,,"['Jonas Lie', 'Hegel']","['Berlin', 'København', 'Tyrol']",['Gyldendalske boghandel'],['mit nye arbejde']
226,0,kort,,,,,"['Jonas Lie', 'Hegel']","['Berlin', 'København', 'Tyrol']",['Gyldendalske boghandel'],['mit nye arbejde']
227,0,tid,,,,,"['Jonas Lie', 'Hegel']","['Berlin', 'København', 'Tyrol']",['Gyldendalske boghandel'],['mit nye arbejde']
228,0,afrejser,,,,,"['Jonas Lie', 'Hegel']","['Berlin', 'København', 'Tyrol']",['Gyldendalske boghandel'],['mit nye arbejde']
229,0,jeg,,,,,"['Jonas Lie', 'Hegel']","['Berlin', 'København', 'Tyrol']",['Gyldendalske boghandel'],['mit nye arbejde']
230,0,til,,,,,"['Jonas Lie', 'Hegel']","['Berlin', 'København', 'Tyrol']",['Gyldendalske boghandel'],['mit nye arbejde']
231,0,et,,,,,"['Jonas Lie', 'Hegel']","['Berlin', 'København', 'Tyrol']",['Gyldendalske boghandel'],['mit nye arbejde']
232,0,badested,,,,,"['Jonas Lie', 'Hegel']","['Berlin', 'København', 'Tyrol']",['Gyldendalske boghandel'],['mit nye arbejde']
233,0,i,,,,,"['Jonas Lie', 'Hegel']","['Berlin', 'København', 'Tyrol']",['Gyldendalske boghandel'],['mit nye arbejde']
234,0,Tyrol;,,,,,"['Jonas Lie', 'Hegel']","['Berlin', 'København', 'Tyrol']",['Gyldendalske boghandel'],['mit nye arbejde']
235,0,senere,,,,,"['Jonas Lie', 'Hegel']","['Berlin', 'København', 'Tyrol']",['Gyldendalske boghandel'],['mit nye arbejde']
236,0,hen,,,,,"['Jonas Lie', 'Hegel']","['Berlin', 'København', 'Tyrol']",['Gyldendalske boghandel'],['mit nye arbejde']
237,0,håber,,,,,"['Jonas Lie', 'Hegel']","['Berlin', 'København', 'Tyrol']",['Gyldendalske boghandel'],['mit nye arbejde']
238,0,jeg,,,,,"['Jonas Lie', 'Hegel']","['Berlin', 'København', 'Tyrol']",['Gyldendalske boghandel'],['mit nye arbejde']
239,0,at,,,,,"['Jonas Lie', 'Hegel']","['Berlin', 'København', 'Tyrol']",['Gyldendalske boghandel'],['mit nye arbejde']
240,0,træffe,,,,,"['Jonas Lie', 'Hegel']","['Berlin', 'København', 'Tyrol']",['Gyldendalske boghandel'],['mit nye arbejde']
241,0,Dem,,,,,"['Jonas Lie', 'Hegel']","['Berlin', 'København', 'Tyrol']",['Gyldendalske boghandel'],['mit nye arbejde']
242,0,i,,,,,"['Jonas Lie', 'Hegel']","['Berlin', 'København', 'Tyrol']",['Gyldendalske boghandel'],['mit nye arbejde']
243,0,"Berlin,",,,,,"['Jonas Lie', 'Hegel']","['Berlin', 'København', 'Tyrol']",['Gyldendalske boghandel'],['mit nye arbejde']
244,0,og,,,,,"['Jonas Lie', 'Hegel']","['Berlin', 'København', 'Tyrol']",['Gyldendalske boghandel'],['mit nye arbejde']
245,0,vil,,,,,"['Jonas Lie', 'Hegel']","['Berlin', 'København', 'Tyrol']",['Gyldendalske boghandel'],['mit nye arbejde']
246,0,da,,,,,"['Jonas Lie', 'Hegel']","['Berlin', 'København', 'Tyrol']",['Gyldendalske boghandel'],['mit nye arbejde']
247,0,tillade,,,,,"['Jonas Lie', 'Hegel']","['Berlin', 'København', 'Tyrol']",['Gyldendalske boghandel'],['mit nye arbejde']
248,0,mig,,,,,"['Jonas Lie', 'Hegel']","['Berlin', 'København', 'Tyrol']",['Gyldendalske boghandel'],['mit nye arbejde']
249,0,personlig,,,,,"['Jonas Lie', 'Hegel']","['Berlin', 'København', 'Tyrol']",['Gyldendalske boghandel'],['mit nye arbejde']
250,0,at,,,,,"['Jonas Lie', 'Hegel']","['Berlin', 'København', 'Tyrol']",['Gyldendalske boghandel'],['mit nye arbejde']
251,0,takke,,,,,"['Jonas Lie', 'Hegel']","['Berlin', 'København', 'Tyrol']",['Gyldendalske boghandel'],['mit nye arbejde']
252,0,Dem,,,,,"['Jonas Lie', 'Hegel']","['Berlin', 'København', 'Tyrol']",['Gyldendalske boghandel'],['mit nye arbejde']
253,0,for,,,,,"['Jonas Lie', 'Hegel']","['Berlin', 'København', 'Tyrol']",['Gyldendalske boghandel'],['mit nye arbejde']
254,0,Deres,,,,,"['Jonas Lie', 'Hegel']","['Berlin', 'København', 'Tyrol']",['Gyldendalske boghandel'],['mit nye arbejde']
255,0,venlige,,,,,"['Jonas Lie', 'Hegel']","['Berlin', 'København', 'Tyrol']",['Gyldendalske boghandel'],['mit nye arbejde']
256,0,interesse,,,,,"['Jonas Lie', 'Hegel']","['Berlin', 'København', 'Tyrol']",['Gyldendalske boghandel'],['mit nye arbejde']
257,0,for,,,,,"['Jonas Lie', 'Hegel']","['Berlin', 'København', 'Tyrol']",['Gyldendalske boghandel'],['mit nye arbejde']
258,0,mine,,,,,"['Jonas Lie', 'Hegel']","['Berlin', 'København', 'Tyrol']",['Gyldendalske boghandel'],['mit nye arbejde']
259,0,literære,,,,,"['Jonas Lie', 'Hegel']","['Berlin', 'København', 'Tyrol']",['Gyldendalske boghandel'],['mit nye arbejde']
260,0,arbejder.,,,,,"['Jonas Lie', 'Hegel']","['Berlin', 'København', 'Tyrol']",['Gyldendalske boghandel'],['mit nye arbejde']
