,,0,human_annotation,who,dacy_medium,spacy_trf,person,place,org,work
0,0,Kære,,,,,['herr Bjørnsons'],[],[],[]
1,0,"Birkeland,",,,,,['herr Bjørnsons'],[],[],[]
2,0,læs,,,,,['herr Bjørnsons'],[],[],[]
3,0,"indlagte,",,,,,['herr Bjørnsons'],[],[],[]
4,0,vis,,,,,['herr Bjørnsons'],[],[],[]
5,0,"det,",,,,,['herr Bjørnsons'],[],[],[]
6,0,om,,,,,['herr Bjørnsons'],[],[],[]
7,0,Du,,,,,['herr Bjørnsons'],[],[],[]
8,0,så,,,,,['herr Bjørnsons'],[],[],[]
9,0,"synes,",,,,,['herr Bjørnsons'],[],[],[]
10,0,til,,,,,['herr Bjørnsons'],[],[],[]
11,0,mine,,,,,['herr Bjørnsons'],[],[],[]
12,0,andre,,,,,['herr Bjørnsons'],[],[],[]
13,0,"venner,",,,,,['herr Bjørnsons'],[],[],[]
14,0,og,,,,,['herr Bjørnsons'],[],[],[]
15,0,sørg,,,,,['herr Bjørnsons'],[],[],[]
16,0,derefter,,,,,['herr Bjørnsons'],[],[],[]
17,0,for,,,,,['herr Bjørnsons'],[],[],[]
18,0,den,,,,,['herr Bjørnsons'],[],[],[]
19,0,nødvendige,,,,,['herr Bjørnsons'],[],[],[]
20,0,udskrift,,,,,['herr Bjørnsons'],[],[],[]
21,0,på,,,,,['herr Bjørnsons'],[],[],[]
22,0,konvolutten;,,,,,['herr Bjørnsons'],[],[],[]
23,0,jeg,,,,,['herr Bjørnsons'],[],[],[]
24,0,kender,,,,,['herr Bjørnsons'],[],[],[]
25,0,ikke,,,,,['herr Bjørnsons'],[],[],[]
26,0,herr,,,,,['herr Bjørnsons'],[],[],[]
27,0,Bjørnsons,,,,,['herr Bjørnsons'],[],[],[]
28,0,opholdssted,,,,,['herr Bjørnsons'],[],[],[]
29,0,for,,,,,['herr Bjørnsons'],[],[],[]
30,0,øjeblikket.,,,,,['herr Bjørnsons'],[],[],[]
