,,0,human_annotation,who,dacy_medium,spacy_trf,person,place,org,work
0,0,En,,,,,['Bjørnson'],['Christiania'],[],[]
1,0,idag,,,,,['Bjørnson'],['Christiania'],[],[]
2,0,fra,,,,,['Bjørnson'],['Christiania'],[],[]
3,0,Christiania,,,,,['Bjørnson'],['Christiania'],[],[]
4,0,modtagen,,,,,['Bjørnson'],['Christiania'],[],[]
5,0,Skrivelse,,,,,['Bjørnson'],['Christiania'],[],[]
6,0,oplyser,,,,,['Bjørnson'],['Christiania'],[],[]
7,0,mig,,,,,['Bjørnson'],['Christiania'],[],[]
8,0,om,,,,,['Bjørnson'],['Christiania'],[],[]
9,0,"Ting,",,,,,['Bjørnson'],['Christiania'],[],[]
10,0,som,,,,,['Bjørnson'],['Christiania'],[],[]
11,0,foranlediger,,,,,['Bjørnson'],['Christiania'],[],[]
12,0,mig,,,,,['Bjørnson'],['Christiania'],[],[]
13,0,til,,,,,['Bjørnson'],['Christiania'],[],[]
14,0,at,,,,,['Bjørnson'],['Christiania'],[],[]
15,0,tilbagekalde,,,,,['Bjørnson'],['Christiania'],[],[]
16,0,min,,,,,['Bjørnson'],['Christiania'],[],[]
17,0,i,,,,,['Bjørnson'],['Christiania'],[],[]
18,0,mit,,,,,['Bjørnson'],['Christiania'],[],[]
19,0,sidste,,,,,['Bjørnson'],['Christiania'],[],[]
20,0,Brev,,,,,['Bjørnson'],['Christiania'],[],[]
21,0,fremsatte,,,,,['Bjørnson'],['Christiania'],[],[]
22,0,Anmodning,,,,,['Bjørnson'],['Christiania'],[],[]
23,0,til,,,,,['Bjørnson'],['Christiania'],[],[]
24,0,Dem,,,,,['Bjørnson'],['Christiania'],[],[]
25,0,om,,,,,['Bjørnson'],['Christiania'],[],[]
26,0,at,,,,,['Bjørnson'],['Christiania'],[],[]
27,0,rette,,,,,['Bjørnson'],['Christiania'],[],[]
28,0,en,,,,,['Bjørnson'],['Christiania'],[],[]
29,0,Forespørgsel,,,,,['Bjørnson'],['Christiania'],[],[]
30,0,til,,,,,['Bjørnson'],['Christiania'],[],[]
31,0,Bjørnson.I,,,,,['Bjørnson'],['Christiania'],[],[]
32,0,Haab,,,,,['Bjørnson'],['Christiania'],[],[]
33,0,om,,,,,['Bjørnson'],['Christiania'],[],[]
34,0,at,,,,,['Bjørnson'],['Christiania'],[],[]
35,0,denne,,,,,['Bjørnson'],['Christiania'],[],[]
36,0,Tilbagekaldelse,,,,,['Bjørnson'],['Christiania'],[],[]
37,0,vil,,,,,['Bjørnson'],['Christiania'],[],[]
38,0,fremkomme,,,,,['Bjørnson'],['Christiania'],[],[]
39,0,i,,,,,['Bjørnson'],['Christiania'],[],[]
40,0,betimelig,,,,,['Bjørnson'],['Christiania'],[],[]
41,0,Tid,,,,,['Bjørnson'],['Christiania'],[],[]
42,0,tegner,,,,,['Bjørnson'],['Christiania'],[],[]
43,0,jeg,,,,,['Bjørnson'],['Christiania'],[],[]
44,0,mig,,,,,['Bjørnson'],['Christiania'],[],[]
