,,0,human_annotation,who,dacy_medium,spacy_trf,person,place,org,work
0,0,Med,,,,,[],['København'],['det kgl: theater'],['«Hærmændene»']
1,0,hjerteligst,,,,,[],['København'],['det kgl: theater'],['«Hærmændene»']
2,0,tak,,,,,[],['København'],['det kgl: theater'],['«Hærmændene»']
3,0,for,,,,,[],['København'],['det kgl: theater'],['«Hærmændene»']
4,0,Deres,,,,,[],['København'],['det kgl: theater'],['«Hærmændene»']
5,0,venlige,,,,,[],['København'],['det kgl: theater'],['«Hærmændene»']
6,0,brev,,,,,[],['København'],['det kgl: theater'],['«Hærmændene»']
7,0,af,,,,,[],['København'],['det kgl: theater'],['«Hærmændene»']
8,0,30te,,,,,[],['København'],['det kgl: theater'],['«Hærmændene»']
9,0,Marts,,,,,[],['København'],['det kgl: theater'],['«Hærmændene»']
10,0,erkender,,,,,[],['København'],['det kgl: theater'],['«Hærmændene»']
11,0,jeg,,,,,[],['København'],['det kgl: theater'],['«Hærmændene»']
12,0,herved,,,,,[],['København'],['det kgl: theater'],['«Hærmændene»']
13,0,modtagelsen,,,,,[],['København'],['det kgl: theater'],['«Hærmændene»']
14,0,af,,,,,[],['København'],['det kgl: theater'],['«Hærmændene»']
15,0,de,,,,,[],['København'],['det kgl: theater'],['«Hærmændene»']
16,0,deri,,,,,[],['København'],['det kgl: theater'],['«Hærmændene»']
17,0,indlagte,,,,,[],['København'],['det kgl: theater'],['«Hærmændene»']
18,0,75,,,,,[],['København'],['det kgl: theater'],['«Hærmændene»']
19,0,Thaler.Nu,,,,,[],['København'],['det kgl: theater'],['«Hærmændene»']
20,0,er,,,,,[],['København'],['det kgl: theater'],['«Hærmændene»']
21,0,jeg,,,,,[],['København'],['det kgl: theater'],['«Hærmændene»']
22,0,endelig,,,,,[],['København'],['det kgl: theater'],['«Hærmændene»']
23,0,hersteds,,,,,[],['København'],['det kgl: theater'],['«Hærmændene»']
24,0,flyttet,,,,,[],['København'],['det kgl: theater'],['«Hærmændene»']
25,0,ind,,,,,[],['København'],['det kgl: theater'],['«Hærmændene»']
26,0,i,,,,,[],['København'],['det kgl: theater'],['«Hærmændene»']
27,0,min,,,,,[],['København'],['det kgl: theater'],['«Hærmændene»']
28,0,nye,,,,,[],['København'],['det kgl: theater'],['«Hærmændene»']
29,0,"bolig,",,,,,[],['København'],['det kgl: theater'],['«Hærmændene»']
30,0,hvor,,,,,[],['København'],['det kgl: theater'],['«Hærmændene»']
31,0,jeg,,,,,[],['København'],['det kgl: theater'],['«Hærmændene»']
32,0,har,,,,,[],['København'],['det kgl: theater'],['«Hærmændene»']
33,0,fået,,,,,[],['København'],['det kgl: theater'],['«Hærmændene»']
34,0,alting,,,,,[],['København'],['det kgl: theater'],['«Hærmændene»']
35,0,smukt,,,,,[],['København'],['det kgl: theater'],['«Hærmændene»']
36,0,og,,,,,[],['København'],['det kgl: theater'],['«Hærmændene»']
37,0,bekvemt,,,,,[],['København'],['det kgl: theater'],['«Hærmændene»']
38,0,indrettet,,,,,[],['København'],['det kgl: theater'],['«Hærmændene»']
39,0,og,,,,,[],['København'],['det kgl: theater'],['«Hærmændene»']
40,0,hvor,,,,,[],['København'],['det kgl: theater'],['«Hærmændene»']
41,0,jeg,,,,,[],['København'],['det kgl: theater'],['«Hærmændene»']
42,0,føler,,,,,[],['København'],['det kgl: theater'],['«Hærmændene»']
43,0,at,,,,,[],['København'],['det kgl: theater'],['«Hærmændene»']
44,0,det,,,,,[],['København'],['det kgl: theater'],['«Hærmændene»']
45,0,vil,,,,,[],['København'],['det kgl: theater'],['«Hærmændene»']
46,0,falde,,,,,[],['København'],['det kgl: theater'],['«Hærmændene»']
47,0,mig,,,,,[],['København'],['det kgl: theater'],['«Hærmændene»']
48,0,let,,,,,[],['København'],['det kgl: theater'],['«Hærmændene»']
49,0,at,,,,,[],['København'],['det kgl: theater'],['«Hærmændene»']
50,0,arbejde.I,,,,,[],['København'],['det kgl: theater'],['«Hærmændene»']
51,0,de,,,,,[],['København'],['det kgl: theater'],['«Hærmændene»']
52,0,sidste,,,,,[],['København'],['det kgl: theater'],['«Hærmændene»']
53,0,uger,,,,,[],['København'],['det kgl: theater'],['«Hærmændene»']
54,0,har,,,,,[],['København'],['det kgl: theater'],['«Hærmændene»']
55,0,jeg,,,,,[],['København'],['det kgl: theater'],['«Hærmændene»']
56,0,været,,,,,[],['København'],['det kgl: theater'],['«Hærmændene»']
57,0,sågodtsom,,,,,[],['København'],['det kgl: theater'],['«Hærmændene»']
58,0,uden,,,,,[],['København'],['det kgl: theater'],['«Hærmændene»']
59,0,al,,,,,[],['København'],['det kgl: theater'],['«Hærmændene»']
60,0,forbindelse,,,,,[],['København'],['det kgl: theater'],['«Hærmændene»']
61,0,med,,,,,[],['København'],['det kgl: theater'],['«Hærmændene»']
62,0,hjemmet.,,,,,[],['København'],['det kgl: theater'],['«Hærmændene»']
63,0,Er,,,,,[],['København'],['det kgl: theater'],['«Hærmændene»']
64,0,der,,,,,[],['København'],['det kgl: theater'],['«Hærmændene»']
65,0,intet,,,,,[],['København'],['det kgl: theater'],['«Hærmændene»']
66,0,nyt,,,,,[],['København'],['det kgl: theater'],['«Hærmændene»']
67,0,passeret,,,,,[],['København'],['det kgl: theater'],['«Hærmændene»']
68,0,i,,,,,[],['København'],['det kgl: theater'],['«Hærmændene»']
69,0,den,,,,,[],['København'],['det kgl: theater'],['«Hærmændene»']
70,0,literære,,,,,[],['København'],['det kgl: theater'],['«Hærmændene»']
71,0,verden,,,,,[],['København'],['det kgl: theater'],['«Hærmændene»']
72,0,i,,,,,[],['København'],['det kgl: theater'],['«Hærmændene»']
73,0,København?,,,,,[],['København'],['det kgl: theater'],['«Hærmændene»']
74,0,Det,,,,,[],['København'],['det kgl: theater'],['«Hærmændene»']
75,0,skulde,,,,,[],['København'],['det kgl: theater'],['«Hærmændene»']
76,0,interessere,,,,,[],['København'],['det kgl: theater'],['«Hærmændene»']
77,0,mig,,,,,[],['København'],['det kgl: theater'],['«Hærmændene»']
78,0,at,,,,,[],['København'],['det kgl: theater'],['«Hærmændene»']
79,0,erfare,,,,,[],['København'],['det kgl: theater'],['«Hærmændene»']
80,0,om,,,,,[],['København'],['det kgl: theater'],['«Hærmændene»']
81,0,«Hærmændene»,,,,,[],['København'],['det kgl: theater'],['«Hærmændene»']
82,0,endnu,,,,,[],['København'],['det kgl: theater'],['«Hærmændene»']
83,0,går,,,,,[],['København'],['det kgl: theater'],['«Hærmændene»']
84,0,på,,,,,[],['København'],['det kgl: theater'],['«Hærmændene»']
85,0,det,,,,,[],['København'],['det kgl: theater'],['«Hærmændene»']
86,0,kgl:,,,,,[],['København'],['det kgl: theater'],['«Hærmændene»']
87,0,theater.Idag,,,,,[],['København'],['det kgl: theater'],['«Hærmændene»']
88,0,skriver,,,,,[],['København'],['det kgl: theater'],['«Hærmændene»']
89,0,jeg,,,,,[],['København'],['det kgl: theater'],['«Hærmændene»']
90,0,kun,,,,,[],['København'],['det kgl: theater'],['«Hærmændene»']
91,0,for,,,,,[],['København'],['det kgl: theater'],['«Hærmændene»']
92,0,at,,,,,[],['København'],['det kgl: theater'],['«Hærmændene»']
93,0,opgive,,,,,[],['København'],['det kgl: theater'],['«Hærmændene»']
94,0,Dem,,,,,[],['København'],['det kgl: theater'],['«Hærmændene»']
95,0,min,,,,,[],['København'],['det kgl: theater'],['«Hærmændene»']
96,0,"adresse,",,,,,[],['København'],['det kgl: theater'],['«Hærmændene»']
97,0,hvilken,,,,,[],['København'],['det kgl: theater'],['«Hærmændene»']
98,0,er:,,,,,[],['København'],['det kgl: theater'],['«Hærmændene»']
99,0,"Schönfeld-Strasse,",,,,,[],['København'],['det kgl: theater'],['«Hærmændene»']
100,0,no,,,,,[],['København'],['det kgl: theater'],['«Hærmændene»']
101,0,17,,,,,[],['København'],['det kgl: theater'],['«Hærmændene»']
102,0,3ten,,,,,[],['København'],['det kgl: theater'],['«Hærmændene»']
103,0,"Eingang,",,,,,[],['København'],['det kgl: theater'],['«Hærmændene»']
104,0,Parterre.Med,,,,,[],['København'],['det kgl: theater'],['«Hærmændene»']
105,0,de,,,,,[],['København'],['det kgl: theater'],['«Hærmændene»']
106,0,venligste,,,,,[],['København'],['det kgl: theater'],['«Hærmændene»']
107,0,hilsener,,,,,[],['København'],['det kgl: theater'],['«Hærmændene»']
108,0,til,,,,,[],['København'],['det kgl: theater'],['«Hærmændene»']
109,0,Dem,,,,,[],['København'],['det kgl: theater'],['«Hærmændene»']
110,0,og,,,,,[],['København'],['det kgl: theater'],['«Hærmændene»']
111,0,Deres,,,,,[],['København'],['det kgl: theater'],['«Hærmændene»']
112,0,børn,,,,,[],['København'],['det kgl: theater'],['«Hærmændene»']
113,0,tegner,,,,,[],['København'],['det kgl: theater'],['«Hærmændene»']
114,0,jeg,,,,,[],['København'],['det kgl: theater'],['«Hærmændene»']
115,0,mig,,,,,[],['København'],['det kgl: theater'],['«Hærmændene»']
