,,0,human_annotation,who,dacy_medium,spacy_trf,person,place,org,work
0,0,Vedlagt,,,,,[],['Kjøbenhavn'],['det kgl: danske Theater'],['«Hærmændene paa Helgeland»']
1,0,tillader,,,,,[],['Kjøbenhavn'],['det kgl: danske Theater'],['«Hærmændene paa Helgeland»']
2,0,jeg,,,,,[],['Kjøbenhavn'],['det kgl: danske Theater'],['«Hærmændene paa Helgeland»']
3,0,mig,,,,,[],['Kjøbenhavn'],['det kgl: danske Theater'],['«Hærmændene paa Helgeland»']
4,0,at,,,,,[],['Kjøbenhavn'],['det kgl: danske Theater'],['«Hærmændene paa Helgeland»']
5,0,oversende,,,,,[],['Kjøbenhavn'],['det kgl: danske Theater'],['«Hærmændene paa Helgeland»']
6,0,det,,,,,[],['Kjøbenhavn'],['det kgl: danske Theater'],['«Hærmændene paa Helgeland»']
7,0,kgl:,,,,,[],['Kjøbenhavn'],['det kgl: danske Theater'],['«Hærmændene paa Helgeland»']
8,0,danske,,,,,[],['Kjøbenhavn'],['det kgl: danske Theater'],['«Hærmændene paa Helgeland»']
9,0,Theater,,,,,[],['Kjøbenhavn'],['det kgl: danske Theater'],['«Hærmændene paa Helgeland»']
10,0,en,,,,,[],['Kjøbenhavn'],['det kgl: danske Theater'],['«Hærmændene paa Helgeland»']
11,0,Afskrift,,,,,[],['Kjøbenhavn'],['det kgl: danske Theater'],['«Hærmændene paa Helgeland»']
12,0,af,,,,,[],['Kjøbenhavn'],['det kgl: danske Theater'],['«Hærmændene paa Helgeland»']
13,0,mit,,,,,[],['Kjøbenhavn'],['det kgl: danske Theater'],['«Hærmændene paa Helgeland»']
14,0,nye,,,,,[],['Kjøbenhavn'],['det kgl: danske Theater'],['«Hærmændene paa Helgeland»']
15,0,Skuespil,,,,,[],['Kjøbenhavn'],['det kgl: danske Theater'],['«Hærmændene paa Helgeland»']
16,0,«Hærmændene,,,,,[],['Kjøbenhavn'],['det kgl: danske Theater'],['«Hærmændene paa Helgeland»']
17,0,paa,,,,,[],['Kjøbenhavn'],['det kgl: danske Theater'],['«Hærmændene paa Helgeland»']
18,0,Helgeland»,,,,,[],['Kjøbenhavn'],['det kgl: danske Theater'],['«Hærmændene paa Helgeland»']
19,0,med,,,,,[],['Kjøbenhavn'],['det kgl: danske Theater'],['«Hærmændene paa Helgeland»']
20,0,ærbødigst,,,,,[],['Kjøbenhavn'],['det kgl: danske Theater'],['«Hærmændene paa Helgeland»']
21,0,Forespørgsel,,,,,[],['Kjøbenhavn'],['det kgl: danske Theater'],['«Hærmændene paa Helgeland»']
22,0,om,,,,,[],['Kjøbenhavn'],['det kgl: danske Theater'],['«Hærmændene paa Helgeland»']
23,0,hvorvidt,,,,,[],['Kjøbenhavn'],['det kgl: danske Theater'],['«Hærmændene paa Helgeland»']
24,0,det,,,,,[],['Kjøbenhavn'],['det kgl: danske Theater'],['«Hærmændene paa Helgeland»']
25,0,sammesteds,,,,,[],['Kjøbenhavn'],['det kgl: danske Theater'],['«Hærmændene paa Helgeland»']
26,0,maatte,,,,,[],['Kjøbenhavn'],['det kgl: danske Theater'],['«Hærmændene paa Helgeland»']
27,0,findes,,,,,[],['Kjøbenhavn'],['det kgl: danske Theater'],['«Hærmændene paa Helgeland»']
28,0,skikket,,,,,[],['Kjøbenhavn'],['det kgl: danske Theater'],['«Hærmændene paa Helgeland»']
29,0,til,,,,,[],['Kjøbenhavn'],['det kgl: danske Theater'],['«Hærmændene paa Helgeland»']
30,0,Opførelse.,,,,,[],['Kjøbenhavn'],['det kgl: danske Theater'],['«Hærmændene paa Helgeland»']
31,0,Jeg,,,,,[],['Kjøbenhavn'],['det kgl: danske Theater'],['«Hærmændene paa Helgeland»']
32,0,vover,,,,,[],['Kjøbenhavn'],['det kgl: danske Theater'],['«Hærmændene paa Helgeland»']
33,0,at,,,,,[],['Kjøbenhavn'],['det kgl: danske Theater'],['«Hærmændene paa Helgeland»']
34,0,udbede,,,,,[],['Kjøbenhavn'],['det kgl: danske Theater'],['«Hærmændene paa Helgeland»']
35,0,mig,,,,,[],['Kjøbenhavn'],['det kgl: danske Theater'],['«Hærmændene paa Helgeland»']
36,0,Hr.,,,,,[],['Kjøbenhavn'],['det kgl: danske Theater'],['«Hærmændene paa Helgeland»']
37,0,Etatsraadens,,,,,[],['Kjøbenhavn'],['det kgl: danske Theater'],['«Hærmændene paa Helgeland»']
38,0,godhedsfulde,,,,,[],['Kjøbenhavn'],['det kgl: danske Theater'],['«Hærmændene paa Helgeland»']
39,0,Tilgivelse,,,,,[],['Kjøbenhavn'],['det kgl: danske Theater'],['«Hærmændene paa Helgeland»']
40,0,for,,,,,[],['Kjøbenhavn'],['det kgl: danske Theater'],['«Hærmændene paa Helgeland»']
41,0,det,,,,,[],['Kjøbenhavn'],['det kgl: danske Theater'],['«Hærmændene paa Helgeland»']
42,0,Tilfælde,,,,,[],['Kjøbenhavn'],['det kgl: danske Theater'],['«Hærmændene paa Helgeland»']
43,0,at,,,,,[],['Kjøbenhavn'],['det kgl: danske Theater'],['«Hærmændene paa Helgeland»']
44,0,jeg,,,,,[],['Kjøbenhavn'],['det kgl: danske Theater'],['«Hærmændene paa Helgeland»']
45,0,ved,,,,,[],['Kjøbenhavn'],['det kgl: danske Theater'],['«Hærmændene paa Helgeland»']
46,0,en,,,,,[],['Kjøbenhavn'],['det kgl: danske Theater'],['«Hærmændene paa Helgeland»']
47,0,direkte,,,,,[],['Kjøbenhavn'],['det kgl: danske Theater'],['«Hærmændene paa Helgeland»']
48,0,Oversendelse,,,,,[],['Kjøbenhavn'],['det kgl: danske Theater'],['«Hærmændene paa Helgeland»']
49,0,af,,,,,[],['Kjøbenhavn'],['det kgl: danske Theater'],['«Hærmændene paa Helgeland»']
50,0,Stykket,,,,,[],['Kjøbenhavn'],['det kgl: danske Theater'],['«Hærmændene paa Helgeland»']
51,0,skulde,,,,,[],['Kjøbenhavn'],['det kgl: danske Theater'],['«Hærmændene paa Helgeland»']
52,0,have,,,,,[],['Kjøbenhavn'],['det kgl: danske Theater'],['«Hærmændene paa Helgeland»']
53,0,forseet,,,,,[],['Kjøbenhavn'],['det kgl: danske Theater'],['«Hærmændene paa Helgeland»']
54,0,mig,,,,,[],['Kjøbenhavn'],['det kgl: danske Theater'],['«Hærmændene paa Helgeland»']
55,0,mod,,,,,[],['Kjøbenhavn'],['det kgl: danske Theater'],['«Hærmændene paa Helgeland»']
56,0,den,,,,,[],['Kjøbenhavn'],['det kgl: danske Theater'],['«Hærmændene paa Helgeland»']
57,0,ved,,,,,[],['Kjøbenhavn'],['det kgl: danske Theater'],['«Hærmændene paa Helgeland»']
58,0,det,,,,,[],['Kjøbenhavn'],['det kgl: danske Theater'],['«Hærmændene paa Helgeland»']
59,0,kgl:,,,,,[],['Kjøbenhavn'],['det kgl: danske Theater'],['«Hærmændene paa Helgeland»']
60,0,Theater,,,,,[],['Kjøbenhavn'],['det kgl: danske Theater'],['«Hærmændene paa Helgeland»']
61,0,sædvanlige,,,,,[],['Kjøbenhavn'],['det kgl: danske Theater'],['«Hærmændene paa Helgeland»']
62,0,Forretningsvei.,,,,,[],['Kjøbenhavn'],['det kgl: danske Theater'],['«Hærmændene paa Helgeland»']
63,0,Med,,,,,[],['Kjøbenhavn'],['det kgl: danske Theater'],['«Hærmændene paa Helgeland»']
64,0,Hensyn,,,,,[],['Kjøbenhavn'],['det kgl: danske Theater'],['«Hærmændene paa Helgeland»']
65,0,til,,,,,[],['Kjøbenhavn'],['det kgl: danske Theater'],['«Hærmændene paa Helgeland»']
66,0,Stykkets,,,,,[],['Kjøbenhavn'],['det kgl: danske Theater'],['«Hærmændene paa Helgeland»']
67,0,Sujet,,,,,[],['Kjøbenhavn'],['det kgl: danske Theater'],['«Hærmændene paa Helgeland»']
68,0,skal,,,,,[],['Kjøbenhavn'],['det kgl: danske Theater'],['«Hærmændene paa Helgeland»']
69,0,jeg,,,,,[],['Kjøbenhavn'],['det kgl: danske Theater'],['«Hærmændene paa Helgeland»']
70,0,bemærke,,,,,[],['Kjøbenhavn'],['det kgl: danske Theater'],['«Hærmændene paa Helgeland»']
71,0,at,,,,,[],['Kjøbenhavn'],['det kgl: danske Theater'],['«Hærmændene paa Helgeland»']
72,0,det,,,,,[],['Kjøbenhavn'],['det kgl: danske Theater'],['«Hærmændene paa Helgeland»']
73,0,ikke,,,,,[],['Kjøbenhavn'],['det kgl: danske Theater'],['«Hærmændene paa Helgeland»']
74,0,er,,,,,[],['Kjøbenhavn'],['det kgl: danske Theater'],['«Hærmændene paa Helgeland»']
75,0,bygget,,,,,[],['Kjøbenhavn'],['det kgl: danske Theater'],['«Hærmændene paa Helgeland»']
76,0,paa,,,,,[],['Kjøbenhavn'],['det kgl: danske Theater'],['«Hærmændene paa Helgeland»']
77,0,nogen,,,,,[],['Kjøbenhavn'],['det kgl: danske Theater'],['«Hærmændene paa Helgeland»']
78,0,historisk,,,,,[],['Kjøbenhavn'],['det kgl: danske Theater'],['«Hærmændene paa Helgeland»']
79,0,Grund,,,,,[],['Kjøbenhavn'],['det kgl: danske Theater'],['«Hærmændene paa Helgeland»']
80,0,ligesom,,,,,[],['Kjøbenhavn'],['det kgl: danske Theater'],['«Hærmændene paa Helgeland»']
81,0,dets,,,,,[],['Kjøbenhavn'],['det kgl: danske Theater'],['«Hærmændene paa Helgeland»']
82,0,samtlige,,,,,[],['Kjøbenhavn'],['det kgl: danske Theater'],['«Hærmændene paa Helgeland»']
83,0,Personer,,,,,[],['Kjøbenhavn'],['det kgl: danske Theater'],['«Hærmændene paa Helgeland»']
84,0,ere,,,,,[],['Kjøbenhavn'],['det kgl: danske Theater'],['«Hærmændene paa Helgeland»']
85,0,"opdigtede,",,,,,[],['Kjøbenhavn'],['det kgl: danske Theater'],['«Hærmændene paa Helgeland»']
86,0,derimod,,,,,[],['Kjøbenhavn'],['det kgl: danske Theater'],['«Hærmændene paa Helgeland»']
87,0,har,,,,,[],['Kjøbenhavn'],['det kgl: danske Theater'],['«Hærmændene paa Helgeland»']
88,0,jeg,,,,,[],['Kjøbenhavn'],['det kgl: danske Theater'],['«Hærmændene paa Helgeland»']
89,0,tildannet,,,,,[],['Kjøbenhavn'],['det kgl: danske Theater'],['«Hærmændene paa Helgeland»']
90,0,Indholdet,,,,,[],['Kjøbenhavn'],['det kgl: danske Theater'],['«Hærmændene paa Helgeland»']
91,0,af,,,,,[],['Kjøbenhavn'],['det kgl: danske Theater'],['«Hærmændene paa Helgeland»']
92,0,forskjellige,,,,,[],['Kjøbenhavn'],['det kgl: danske Theater'],['«Hærmændene paa Helgeland»']
93,0,Træk,,,,,[],['Kjøbenhavn'],['det kgl: danske Theater'],['«Hærmændene paa Helgeland»']
94,0,hentede,,,,,[],['Kjøbenhavn'],['det kgl: danske Theater'],['«Hærmændene paa Helgeland»']
95,0,ud,,,,,[],['Kjøbenhavn'],['det kgl: danske Theater'],['«Hærmændene paa Helgeland»']
96,0,fra,,,,,[],['Kjøbenhavn'],['det kgl: danske Theater'],['«Hærmændene paa Helgeland»']
97,0,flere,,,,,[],['Kjøbenhavn'],['det kgl: danske Theater'],['«Hærmændene paa Helgeland»']
98,0,af,,,,,[],['Kjøbenhavn'],['det kgl: danske Theater'],['«Hærmændene paa Helgeland»']
99,0,de,,,,,[],['Kjøbenhavn'],['det kgl: danske Theater'],['«Hærmændene paa Helgeland»']
100,0,islandske,,,,,[],['Kjøbenhavn'],['det kgl: danske Theater'],['«Hærmændene paa Helgeland»']
101,0,"Familiesagaer,",,,,,[],['Kjøbenhavn'],['det kgl: danske Theater'],['«Hærmændene paa Helgeland»']
102,0,f.,,,,,[],['Kjøbenhavn'],['det kgl: danske Theater'],['«Hærmændene paa Helgeland»']
103,0,Ex:,,,,,[],['Kjøbenhavn'],['det kgl: danske Theater'],['«Hærmændene paa Helgeland»']
104,0,Njals,,,,,[],['Kjøbenhavn'],['det kgl: danske Theater'],['«Hærmændene paa Helgeland»']
105,0,Saga,,,,,[],['Kjøbenhavn'],['det kgl: danske Theater'],['«Hærmændene paa Helgeland»']
106,0,og,,,,,[],['Kjøbenhavn'],['det kgl: danske Theater'],['«Hærmændene paa Helgeland»']
107,0,Egil,,,,,[],['Kjøbenhavn'],['det kgl: danske Theater'],['«Hærmændene paa Helgeland»']
108,0,Skallagrimssøns,,,,,[],['Kjøbenhavn'],['det kgl: danske Theater'],['«Hærmændene paa Helgeland»']
109,0,"Saga,",,,,,[],['Kjøbenhavn'],['det kgl: danske Theater'],['«Hærmændene paa Helgeland»']
110,0,ligesom,,,,,[],['Kjøbenhavn'],['det kgl: danske Theater'],['«Hærmændene paa Helgeland»']
111,0,ogsaa,,,,,[],['Kjøbenhavn'],['det kgl: danske Theater'],['«Hærmændene paa Helgeland»']
112,0,Indvirkningen,,,,,[],['Kjøbenhavn'],['det kgl: danske Theater'],['«Hærmændene paa Helgeland»']
113,0,af,,,,,[],['Kjøbenhavn'],['det kgl: danske Theater'],['«Hærmændene paa Helgeland»']
114,0,Vølsungssaga,,,,,[],['Kjøbenhavn'],['det kgl: danske Theater'],['«Hærmændene paa Helgeland»']
115,0,i,,,,,[],['Kjøbenhavn'],['det kgl: danske Theater'],['«Hærmændene paa Helgeland»']
116,0,flere,,,,,[],['Kjøbenhavn'],['det kgl: danske Theater'],['«Hærmændene paa Helgeland»']
117,0,Puncter,,,,,[],['Kjøbenhavn'],['det kgl: danske Theater'],['«Hærmændene paa Helgeland»']
118,0,vil,,,,,[],['Kjøbenhavn'],['det kgl: danske Theater'],['«Hærmændene paa Helgeland»']
119,0,spores.,,,,,[],['Kjøbenhavn'],['det kgl: danske Theater'],['«Hærmændene paa Helgeland»']
120,0,Hvad,,,,,[],['Kjøbenhavn'],['det kgl: danske Theater'],['«Hærmændene paa Helgeland»']
121,0,jeg,,,,,[],['Kjøbenhavn'],['det kgl: danske Theater'],['«Hærmændene paa Helgeland»']
122,0,har,,,,,[],['Kjøbenhavn'],['det kgl: danske Theater'],['«Hærmændene paa Helgeland»']
123,0,tilsigtet,,,,,[],['Kjøbenhavn'],['det kgl: danske Theater'],['«Hærmændene paa Helgeland»']
124,0,er,,,,,[],['Kjøbenhavn'],['det kgl: danske Theater'],['«Hærmændene paa Helgeland»']
125,0,at,,,,,[],['Kjøbenhavn'],['det kgl: danske Theater'],['«Hærmændene paa Helgeland»']
126,0,give,,,,,[],['Kjøbenhavn'],['det kgl: danske Theater'],['«Hærmændene paa Helgeland»']
127,0,et,,,,,[],['Kjøbenhavn'],['det kgl: danske Theater'],['«Hærmændene paa Helgeland»']
128,0,Billede,,,,,[],['Kjøbenhavn'],['det kgl: danske Theater'],['«Hærmændene paa Helgeland»']
129,0,af,,,,,[],['Kjøbenhavn'],['det kgl: danske Theater'],['«Hærmændene paa Helgeland»']
130,0,Sagatidens,,,,,[],['Kjøbenhavn'],['det kgl: danske Theater'],['«Hærmændene paa Helgeland»']
131,0,Liv,,,,,[],['Kjøbenhavn'],['det kgl: danske Theater'],['«Hærmændene paa Helgeland»']
132,0,i,,,,,[],['Kjøbenhavn'],['det kgl: danske Theater'],['«Hærmændene paa Helgeland»']
133,0,Almindelighed.,,,,,[],['Kjøbenhavn'],['det kgl: danske Theater'],['«Hærmændene paa Helgeland»']
134,0,Forudsat,,,,,[],['Kjøbenhavn'],['det kgl: danske Theater'],['«Hærmændene paa Helgeland»']
135,0,at,,,,,[],['Kjøbenhavn'],['det kgl: danske Theater'],['«Hærmændene paa Helgeland»']
136,0,Stykket,,,,,[],['Kjøbenhavn'],['det kgl: danske Theater'],['«Hærmændene paa Helgeland»']
137,0,findes,,,,,[],['Kjøbenhavn'],['det kgl: danske Theater'],['«Hærmændene paa Helgeland»']
138,0,brugbart,,,,,[],['Kjøbenhavn'],['det kgl: danske Theater'],['«Hærmændene paa Helgeland»']
139,0,til,,,,,[],['Kjøbenhavn'],['det kgl: danske Theater'],['«Hærmændene paa Helgeland»']
140,0,Opførelse,,,,,[],['Kjøbenhavn'],['det kgl: danske Theater'],['«Hærmændene paa Helgeland»']
141,0,i,,,,,[],['Kjøbenhavn'],['det kgl: danske Theater'],['«Hærmændene paa Helgeland»']
142,0,Kjøbenhavn,,,,,[],['Kjøbenhavn'],['det kgl: danske Theater'],['«Hærmændene paa Helgeland»']
143,0,vil,,,,,[],['Kjøbenhavn'],['det kgl: danske Theater'],['«Hærmændene paa Helgeland»']
144,0,jeg,,,,,[],['Kjøbenhavn'],['det kgl: danske Theater'],['«Hærmændene paa Helgeland»']
145,0,naturligviis,,,,,[],['Kjøbenhavn'],['det kgl: danske Theater'],['«Hærmændene paa Helgeland»']
146,0,med,,,,,[],['Kjøbenhavn'],['det kgl: danske Theater'],['«Hærmændene paa Helgeland»']
147,0,Glæde,,,,,[],['Kjøbenhavn'],['det kgl: danske Theater'],['«Hærmændene paa Helgeland»']
148,0,finde,,,,,[],['Kjøbenhavn'],['det kgl: danske Theater'],['«Hærmændene paa Helgeland»']
149,0,mig,,,,,[],['Kjøbenhavn'],['det kgl: danske Theater'],['«Hærmændene paa Helgeland»']
150,0,i,,,,,[],['Kjøbenhavn'],['det kgl: danske Theater'],['«Hærmændene paa Helgeland»']
151,0,at,,,,,[],['Kjøbenhavn'],['det kgl: danske Theater'],['«Hærmændene paa Helgeland»']
152,0,den,,,,,[],['Kjøbenhavn'],['det kgl: danske Theater'],['«Hærmændene paa Helgeland»']
153,0,ærede,,,,,[],['Kjøbenhavn'],['det kgl: danske Theater'],['«Hærmændene paa Helgeland»']
154,0,Direktion,,,,,[],['Kjøbenhavn'],['det kgl: danske Theater'],['«Hærmændene paa Helgeland»']
155,0,foretager,,,,,[],['Kjøbenhavn'],['det kgl: danske Theater'],['«Hærmændene paa Helgeland»']
156,0,de,,,,,[],['Kjøbenhavn'],['det kgl: danske Theater'],['«Hærmændene paa Helgeland»']
157,0,Sprogforandringer,,,,,[],['Kjøbenhavn'],['det kgl: danske Theater'],['«Hærmændene paa Helgeland»']
158,0,der,,,,,[],['Kjøbenhavn'],['det kgl: danske Theater'],['«Hærmændene paa Helgeland»']
159,0,maatte,,,,,[],['Kjøbenhavn'],['det kgl: danske Theater'],['«Hærmændene paa Helgeland»']
160,0,ansees,,,,,[],['Kjøbenhavn'],['det kgl: danske Theater'],['«Hærmændene paa Helgeland»']
161,0,nødvendige,,,,,[],['Kjøbenhavn'],['det kgl: danske Theater'],['«Hærmændene paa Helgeland»']
162,0,saavel,,,,,[],['Kjøbenhavn'],['det kgl: danske Theater'],['«Hærmændene paa Helgeland»']
163,0,med,,,,,[],['Kjøbenhavn'],['det kgl: danske Theater'],['«Hærmændene paa Helgeland»']
164,0,Hensyn,,,,,[],['Kjøbenhavn'],['det kgl: danske Theater'],['«Hærmændene paa Helgeland»']
165,0,til,,,,,[],['Kjøbenhavn'],['det kgl: danske Theater'],['«Hærmændene paa Helgeland»']
166,0,enkelte,,,,,[],['Kjøbenhavn'],['det kgl: danske Theater'],['«Hærmændene paa Helgeland»']
167,0,Ord,,,,,[],['Kjøbenhavn'],['det kgl: danske Theater'],['«Hærmændene paa Helgeland»']
168,0,som,,,,,[],['Kjøbenhavn'],['det kgl: danske Theater'],['«Hærmændene paa Helgeland»']
169,0,til,,,,,[],['Kjøbenhavn'],['det kgl: danske Theater'],['«Hærmændene paa Helgeland»']
170,0,hele,,,,,[],['Kjøbenhavn'],['det kgl: danske Theater'],['«Hærmændene paa Helgeland»']
171,0,Vendinger.,,,,,[],['Kjøbenhavn'],['det kgl: danske Theater'],['«Hærmændene paa Helgeland»']
