,,0,human_annotation,who,dacy_medium,spacy_trf,person,place,org,work
0,0,Allerede,,,,,[],"['Berchtesgaden', 'Bayern']",[],['«Fru Inger»']
1,0,imorgen,,,,,[],"['Berchtesgaden', 'Bayern']",[],['«Fru Inger»']
2,0,afrejser,,,,,[],"['Berchtesgaden', 'Bayern']",[],['«Fru Inger»']
3,0,jeg,,,,,[],"['Berchtesgaden', 'Bayern']",[],['«Fru Inger»']
4,0,"herfra,",,,,,[],"['Berchtesgaden', 'Bayern']",[],['«Fru Inger»']
5,0,og,,,,,[],"['Berchtesgaden', 'Bayern']",[],['«Fru Inger»']
6,0,beder,,,,,[],"['Berchtesgaden', 'Bayern']",[],['«Fru Inger»']
7,0,"Dig,",,,,,[],"['Berchtesgaden', 'Bayern']",[],['«Fru Inger»']
8,0,for,,,,,[],"['Berchtesgaden', 'Bayern']",[],['«Fru Inger»']
9,0,det,,,,,[],"['Berchtesgaden', 'Bayern']",[],['«Fru Inger»']
10,0,tilfælde,,,,,[],"['Berchtesgaden', 'Bayern']",[],['«Fru Inger»']
11,0,det,,,,,[],"['Berchtesgaden', 'Bayern']",[],['«Fru Inger»']
12,0,skulde,,,,,[],"['Berchtesgaden', 'Bayern']",[],['«Fru Inger»']
13,0,lykkes,,,,,[],"['Berchtesgaden', 'Bayern']",[],['«Fru Inger»']
14,0,Dig,,,,,[],"['Berchtesgaden', 'Bayern']",[],['«Fru Inger»']
15,0,at,,,,,[],"['Berchtesgaden', 'Bayern']",[],['«Fru Inger»']
16,0,opdrive,,,,,[],"['Berchtesgaden', 'Bayern']",[],['«Fru Inger»']
17,0,det,,,,,[],"['Berchtesgaden', 'Bayern']",[],['«Fru Inger»']
18,0,omskrevne,,,,,[],"['Berchtesgaden', 'Bayern']",[],['«Fru Inger»']
19,0,expl:,,,,,[],"['Berchtesgaden', 'Bayern']",[],['«Fru Inger»']
20,0,af,,,,,[],"['Berchtesgaden', 'Bayern']",[],['«Fru Inger»']
21,0,«Fru,,,,,[],"['Berchtesgaden', 'Bayern']",[],['«Fru Inger»']
22,0,"Inger»,",,,,,[],"['Berchtesgaden', 'Bayern']",[],['«Fru Inger»']
23,0,at,,,,,[],"['Berchtesgaden', 'Bayern']",[],['«Fru Inger»']
24,0,sende,,,,,[],"['Berchtesgaden', 'Bayern']",[],['«Fru Inger»']
25,0,mig,,,,,[],"['Berchtesgaden', 'Bayern']",[],['«Fru Inger»']
26,0,samme,,,,,[],"['Berchtesgaden', 'Bayern']",[],['«Fru Inger»']
27,0,til,,,,,[],"['Berchtesgaden', 'Bayern']",[],['«Fru Inger»']
28,0,Berchtesgaden,,,,,[],"['Berchtesgaden', 'Bayern']",[],['«Fru Inger»']
29,0,in,,,,,[],"['Berchtesgaden', 'Bayern']",[],['«Fru Inger»']
30,0,"Bayern,",,,,,[],"['Berchtesgaden', 'Bayern']",[],['«Fru Inger»']
31,0,da,,,,,[],"['Berchtesgaden', 'Bayern']",[],['«Fru Inger»']
32,0,det,,,,,[],"['Berchtesgaden', 'Bayern']",[],['«Fru Inger»']
33,0,således,,,,,[],"['Berchtesgaden', 'Bayern']",[],['«Fru Inger»']
34,0,sikkrest,,,,,[],"['Berchtesgaden', 'Bayern']",[],['«Fru Inger»']
35,0,og,,,,,[],"['Berchtesgaden', 'Bayern']",[],['«Fru Inger»']
36,0,hurtigst,,,,,[],"['Berchtesgaden', 'Bayern']",[],['«Fru Inger»']
37,0,kommer,,,,,[],"['Berchtesgaden', 'Bayern']",[],['«Fru Inger»']
38,0,mig,,,,,[],"['Berchtesgaden', 'Bayern']",[],['«Fru Inger»']
39,0,ihænde.,,,,,[],"['Berchtesgaden', 'Bayern']",[],['«Fru Inger»']
40,0,Tør,,,,,[],"['Berchtesgaden', 'Bayern']",[],['«Fru Inger»']
41,0,jeg,,,,,[],"['Berchtesgaden', 'Bayern']",[],['«Fru Inger»']
42,0,bede,,,,,[],"['Berchtesgaden', 'Bayern']",[],['«Fru Inger»']
43,0,Dig,,,,,[],"['Berchtesgaden', 'Bayern']",[],['«Fru Inger»']
44,0,gøre,,,,,[],"['Berchtesgaden', 'Bayern']",[],['«Fru Inger»']
45,0,Morgenbladets,,,,,[],"['Berchtesgaden', 'Bayern']",[],['«Fru Inger»']
46,0,exped:,,,,,[],"['Berchtesgaden', 'Bayern']",[],['«Fru Inger»']
47,0,opmærksom,,,,,[],"['Berchtesgaden', 'Bayern']",[],['«Fru Inger»']
48,0,på,,,,,[],"['Berchtesgaden', 'Bayern']",[],['«Fru Inger»']
49,0,min,,,,,[],"['Berchtesgaden', 'Bayern']",[],['«Fru Inger»']
50,0,nye,,,,,[],"['Berchtesgaden', 'Bayern']",[],['«Fru Inger»']
51,0,adresse?,,,,,[],"['Berchtesgaden', 'Bayern']",[],['«Fru Inger»']
