,,0,human_annotation,who,dacy_medium,spacy_trf,person,place,org,work
0,0,Naar,,,,,"['Bergsøes', 'Korrektøren', 'Bravo']","['Ischia', 'Danmark', 'Kjøbenhavn']",[],"['«Kjærlighedens Komedie»', '«Brand»']"
1,0,jeg,,,,,"['Bergsøes', 'Korrektøren', 'Bravo']","['Ischia', 'Danmark', 'Kjøbenhavn']",[],"['«Kjærlighedens Komedie»', '«Brand»']"
2,0,idag,,,,,"['Bergsøes', 'Korrektøren', 'Bravo']","['Ischia', 'Danmark', 'Kjøbenhavn']",[],"['«Kjærlighedens Komedie»', '«Brand»']"
3,0,tillskriver,,,,,"['Bergsøes', 'Korrektøren', 'Bravo']","['Ischia', 'Danmark', 'Kjøbenhavn']",[],"['«Kjærlighedens Komedie»', '«Brand»']"
4,0,"Dem,",,,,,"['Bergsøes', 'Korrektøren', 'Bravo']","['Ischia', 'Danmark', 'Kjøbenhavn']",[],"['«Kjærlighedens Komedie»', '«Brand»']"
5,0,saa,,,,,"['Bergsøes', 'Korrektøren', 'Bravo']","['Ischia', 'Danmark', 'Kjøbenhavn']",[],"['«Kjærlighedens Komedie»', '«Brand»']"
6,0,gjør,,,,,"['Bergsøes', 'Korrektøren', 'Bravo']","['Ischia', 'Danmark', 'Kjøbenhavn']",[],"['«Kjærlighedens Komedie»', '«Brand»']"
7,0,jeg,,,,,"['Bergsøes', 'Korrektøren', 'Bravo']","['Ischia', 'Danmark', 'Kjøbenhavn']",[],"['«Kjærlighedens Komedie»', '«Brand»']"
8,0,det,,,,,"['Bergsøes', 'Korrektøren', 'Bravo']","['Ischia', 'Danmark', 'Kjøbenhavn']",[],"['«Kjærlighedens Komedie»', '«Brand»']"
9,0,med,,,,,"['Bergsøes', 'Korrektøren', 'Bravo']","['Ischia', 'Danmark', 'Kjøbenhavn']",[],"['«Kjærlighedens Komedie»', '«Brand»']"
10,0,et,,,,,"['Bergsøes', 'Korrektøren', 'Bravo']","['Ischia', 'Danmark', 'Kjøbenhavn']",[],"['«Kjærlighedens Komedie»', '«Brand»']"
11,0,lønligt,,,,,"['Bergsøes', 'Korrektøren', 'Bravo']","['Ischia', 'Danmark', 'Kjøbenhavn']",[],"['«Kjærlighedens Komedie»', '«Brand»']"
12,0,Haab,,,,,"['Bergsøes', 'Korrektøren', 'Bravo']","['Ischia', 'Danmark', 'Kjøbenhavn']",[],"['«Kjærlighedens Komedie»', '«Brand»']"
13,0,om,,,,,"['Bergsøes', 'Korrektøren', 'Bravo']","['Ischia', 'Danmark', 'Kjøbenhavn']",[],"['«Kjærlighedens Komedie»', '«Brand»']"
14,0,at,,,,,"['Bergsøes', 'Korrektøren', 'Bravo']","['Ischia', 'Danmark', 'Kjøbenhavn']",[],"['«Kjærlighedens Komedie»', '«Brand»']"
15,0,det,,,,,"['Bergsøes', 'Korrektøren', 'Bravo']","['Ischia', 'Danmark', 'Kjøbenhavn']",[],"['«Kjærlighedens Komedie»', '«Brand»']"
16,0,snart,,,,,"['Bergsøes', 'Korrektøren', 'Bravo']","['Ischia', 'Danmark', 'Kjøbenhavn']",[],"['«Kjærlighedens Komedie»', '«Brand»']"
17,0,maa,,,,,"['Bergsøes', 'Korrektøren', 'Bravo']","['Ischia', 'Danmark', 'Kjøbenhavn']",[],"['«Kjærlighedens Komedie»', '«Brand»']"
18,0,vise,,,,,"['Bergsøes', 'Korrektøren', 'Bravo']","['Ischia', 'Danmark', 'Kjøbenhavn']",[],"['«Kjærlighedens Komedie»', '«Brand»']"
19,0,sig,,,,,"['Bergsøes', 'Korrektøren', 'Bravo']","['Ischia', 'Danmark', 'Kjøbenhavn']",[],"['«Kjærlighedens Komedie»', '«Brand»']"
20,0,at,,,,,"['Bergsøes', 'Korrektøren', 'Bravo']","['Ischia', 'Danmark', 'Kjøbenhavn']",[],"['«Kjærlighedens Komedie»', '«Brand»']"
21,0,have,,,,,"['Bergsøes', 'Korrektøren', 'Bravo']","['Ischia', 'Danmark', 'Kjøbenhavn']",[],"['«Kjærlighedens Komedie»', '«Brand»']"
22,0,været,,,,,"['Bergsøes', 'Korrektøren', 'Bravo']","['Ischia', 'Danmark', 'Kjøbenhavn']",[],"['«Kjærlighedens Komedie»', '«Brand»']"
23,0,ufornødent.Da,,,,,"['Bergsøes', 'Korrektøren', 'Bravo']","['Ischia', 'Danmark', 'Kjøbenhavn']",[],"['«Kjærlighedens Komedie»', '«Brand»']"
24,0,nemlig,,,,,"['Bergsøes', 'Korrektøren', 'Bravo']","['Ischia', 'Danmark', 'Kjøbenhavn']",[],"['«Kjærlighedens Komedie»', '«Brand»']"
25,0,Paasken,,,,,"['Bergsøes', 'Korrektøren', 'Bravo']","['Ischia', 'Danmark', 'Kjøbenhavn']",[],"['«Kjærlighedens Komedie»', '«Brand»']"
26,0,er,,,,,"['Bergsøes', 'Korrektøren', 'Bravo']","['Ischia', 'Danmark', 'Kjøbenhavn']",[],"['«Kjærlighedens Komedie»', '«Brand»']"
27,0,gaaet,,,,,"['Bergsøes', 'Korrektøren', 'Bravo']","['Ischia', 'Danmark', 'Kjøbenhavn']",[],"['«Kjærlighedens Komedie»', '«Brand»']"
28,0,over,,,,,"['Bergsøes', 'Korrektøren', 'Bravo']","['Ischia', 'Danmark', 'Kjøbenhavn']",[],"['«Kjærlighedens Komedie»', '«Brand»']"
29,0,uden,,,,,"['Bergsøes', 'Korrektøren', 'Bravo']","['Ischia', 'Danmark', 'Kjøbenhavn']",[],"['«Kjærlighedens Komedie»', '«Brand»']"
30,0,at,,,,,"['Bergsøes', 'Korrektøren', 'Bravo']","['Ischia', 'Danmark', 'Kjøbenhavn']",[],"['«Kjærlighedens Komedie»', '«Brand»']"
31,0,jeg,,,,,"['Bergsøes', 'Korrektøren', 'Bravo']","['Ischia', 'Danmark', 'Kjøbenhavn']",[],"['«Kjærlighedens Komedie»', '«Brand»']"
32,0,af,,,,,"['Bergsøes', 'Korrektøren', 'Bravo']","['Ischia', 'Danmark', 'Kjøbenhavn']",[],"['«Kjærlighedens Komedie»', '«Brand»']"
33,0,Aviserne,,,,,"['Bergsøes', 'Korrektøren', 'Bravo']","['Ischia', 'Danmark', 'Kjøbenhavn']",[],"['«Kjærlighedens Komedie»', '«Brand»']"
34,0,kan,,,,,"['Bergsøes', 'Korrektøren', 'Bravo']","['Ischia', 'Danmark', 'Kjøbenhavn']",[],"['«Kjærlighedens Komedie»', '«Brand»']"
35,0,se,,,,,"['Bergsøes', 'Korrektøren', 'Bravo']","['Ischia', 'Danmark', 'Kjøbenhavn']",[],"['«Kjærlighedens Komedie»', '«Brand»']"
36,0,at,,,,,"['Bergsøes', 'Korrektøren', 'Bravo']","['Ischia', 'Danmark', 'Kjøbenhavn']",[],"['«Kjærlighedens Komedie»', '«Brand»']"
37,0,«Kjærlighedens,,,,,"['Bergsøes', 'Korrektøren', 'Bravo']","['Ischia', 'Danmark', 'Kjøbenhavn']",[],"['«Kjærlighedens Komedie»', '«Brand»']"
38,0,Komedie»,,,,,"['Bergsøes', 'Korrektøren', 'Bravo']","['Ischia', 'Danmark', 'Kjøbenhavn']",[],"['«Kjærlighedens Komedie»', '«Brand»']"
39,0,er,,,,,"['Bergsøes', 'Korrektøren', 'Bravo']","['Ischia', 'Danmark', 'Kjøbenhavn']",[],"['«Kjærlighedens Komedie»', '«Brand»']"
40,0,"udkommet,",,,,,"['Bergsøes', 'Korrektøren', 'Bravo']","['Ischia', 'Danmark', 'Kjøbenhavn']",[],"['«Kjærlighedens Komedie»', '«Brand»']"
41,0,saa,,,,,"['Bergsøes', 'Korrektøren', 'Bravo']","['Ischia', 'Danmark', 'Kjøbenhavn']",[],"['«Kjærlighedens Komedie»', '«Brand»']"
42,0,er,,,,,"['Bergsøes', 'Korrektøren', 'Bravo']","['Ischia', 'Danmark', 'Kjøbenhavn']",[],"['«Kjærlighedens Komedie»', '«Brand»']"
43,0,jeg,,,,,"['Bergsøes', 'Korrektøren', 'Bravo']","['Ischia', 'Danmark', 'Kjøbenhavn']",[],"['«Kjærlighedens Komedie»', '«Brand»']"
44,0,bleven,,,,,"['Bergsøes', 'Korrektøren', 'Bravo']","['Ischia', 'Danmark', 'Kjøbenhavn']",[],"['«Kjærlighedens Komedie»', '«Brand»']"
45,0,noget,,,,,"['Bergsøes', 'Korrektøren', 'Bravo']","['Ischia', 'Danmark', 'Kjøbenhavn']",[],"['«Kjærlighedens Komedie»', '«Brand»']"
46,0,urolig,,,,,"['Bergsøes', 'Korrektøren', 'Bravo']","['Ischia', 'Danmark', 'Kjøbenhavn']",[],"['«Kjærlighedens Komedie»', '«Brand»']"
47,0,og,,,,,"['Bergsøes', 'Korrektøren', 'Bravo']","['Ischia', 'Danmark', 'Kjøbenhavn']",[],"['«Kjærlighedens Komedie»', '«Brand»']"
48,0,begynder,,,,,"['Bergsøes', 'Korrektøren', 'Bravo']","['Ischia', 'Danmark', 'Kjøbenhavn']",[],"['«Kjærlighedens Komedie»', '«Brand»']"
49,0,at,,,,,"['Bergsøes', 'Korrektøren', 'Bravo']","['Ischia', 'Danmark', 'Kjøbenhavn']",[],"['«Kjærlighedens Komedie»', '«Brand»']"
50,0,frygte,,,,,"['Bergsøes', 'Korrektøren', 'Bravo']","['Ischia', 'Danmark', 'Kjøbenhavn']",[],"['«Kjærlighedens Komedie»', '«Brand»']"
51,0,for,,,,,"['Bergsøes', 'Korrektøren', 'Bravo']","['Ischia', 'Danmark', 'Kjøbenhavn']",[],"['«Kjærlighedens Komedie»', '«Brand»']"
52,0,at,,,,,"['Bergsøes', 'Korrektøren', 'Bravo']","['Ischia', 'Danmark', 'Kjøbenhavn']",[],"['«Kjærlighedens Komedie»', '«Brand»']"
53,0,mit,,,,,"['Bergsøes', 'Korrektøren', 'Bravo']","['Ischia', 'Danmark', 'Kjøbenhavn']",[],"['«Kjærlighedens Komedie»', '«Brand»']"
54,0,sidste,,,,,"['Bergsøes', 'Korrektøren', 'Bravo']","['Ischia', 'Danmark', 'Kjøbenhavn']",[],"['«Kjærlighedens Komedie»', '«Brand»']"
55,0,Brev,,,,,"['Bergsøes', 'Korrektøren', 'Bravo']","['Ischia', 'Danmark', 'Kjøbenhavn']",[],"['«Kjærlighedens Komedie»', '«Brand»']"
56,0,(afsendt,,,,,"['Bergsøes', 'Korrektøren', 'Bravo']","['Ischia', 'Danmark', 'Kjøbenhavn']",[],"['«Kjærlighedens Komedie»', '«Brand»']"
57,0,herfra,,,,,"['Bergsøes', 'Korrektøren', 'Bravo']","['Ischia', 'Danmark', 'Kjøbenhavn']",[],"['«Kjærlighedens Komedie»', '«Brand»']"
58,0,den,,,,,"['Bergsøes', 'Korrektøren', 'Bravo']","['Ischia', 'Danmark', 'Kjøbenhavn']",[],"['«Kjærlighedens Komedie»', '«Brand»']"
59,0,28de,,,,,"['Bergsøes', 'Korrektøren', 'Bravo']","['Ischia', 'Danmark', 'Kjøbenhavn']",[],"['«Kjærlighedens Komedie»', '«Brand»']"
60,0,Marts),,,,,"['Bergsøes', 'Korrektøren', 'Bravo']","['Ischia', 'Danmark', 'Kjøbenhavn']",[],"['«Kjærlighedens Komedie»', '«Brand»']"
61,0,muligens,,,,,"['Bergsøes', 'Korrektøren', 'Bravo']","['Ischia', 'Danmark', 'Kjøbenhavn']",[],"['«Kjærlighedens Komedie»', '«Brand»']"
62,0,kunde,,,,,"['Bergsøes', 'Korrektøren', 'Bravo']","['Ischia', 'Danmark', 'Kjøbenhavn']",[],"['«Kjærlighedens Komedie»', '«Brand»']"
63,0,være,,,,,"['Bergsøes', 'Korrektøren', 'Bravo']","['Ischia', 'Danmark', 'Kjøbenhavn']",[],"['«Kjærlighedens Komedie»', '«Brand»']"
64,0,bortkommet,,,,,"['Bergsøes', 'Korrektøren', 'Bravo']","['Ischia', 'Danmark', 'Kjøbenhavn']",[],"['«Kjærlighedens Komedie»', '«Brand»']"
65,0,"undervejs,",,,,,"['Bergsøes', 'Korrektøren', 'Bravo']","['Ischia', 'Danmark', 'Kjøbenhavn']",[],"['«Kjærlighedens Komedie»', '«Brand»']"
66,0,saaledes,,,,,"['Bergsøes', 'Korrektøren', 'Bravo']","['Ischia', 'Danmark', 'Kjøbenhavn']",[],"['«Kjærlighedens Komedie»', '«Brand»']"
67,0,som,,,,,"['Bergsøes', 'Korrektøren', 'Bravo']","['Ischia', 'Danmark', 'Kjøbenhavn']",[],"['«Kjærlighedens Komedie»', '«Brand»']"
68,0,i,,,,,"['Bergsøes', 'Korrektøren', 'Bravo']","['Ischia', 'Danmark', 'Kjøbenhavn']",[],"['«Kjærlighedens Komedie»', '«Brand»']"
69,0,Begyndelsen,,,,,"['Bergsøes', 'Korrektøren', 'Bravo']","['Ischia', 'Danmark', 'Kjøbenhavn']",[],"['«Kjærlighedens Komedie»', '«Brand»']"
70,0,af,,,,,"['Bergsøes', 'Korrektøren', 'Bravo']","['Ischia', 'Danmark', 'Kjøbenhavn']",[],"['«Kjærlighedens Komedie»', '«Brand»']"
71,0,dette,,,,,"['Bergsøes', 'Korrektøren', 'Bravo']","['Ischia', 'Danmark', 'Kjøbenhavn']",[],"['«Kjærlighedens Komedie»', '«Brand»']"
72,0,Aar,,,,,"['Bergsøes', 'Korrektøren', 'Bravo']","['Ischia', 'Danmark', 'Kjøbenhavn']",[],"['«Kjærlighedens Komedie»', '«Brand»']"
73,0,Tillfældet,,,,,"['Bergsøes', 'Korrektøren', 'Bravo']","['Ischia', 'Danmark', 'Kjøbenhavn']",[],"['«Kjærlighedens Komedie»', '«Brand»']"
74,0,var,,,,,"['Bergsøes', 'Korrektøren', 'Bravo']","['Ischia', 'Danmark', 'Kjøbenhavn']",[],"['«Kjærlighedens Komedie»', '«Brand»']"
75,0,med,,,,,"['Bergsøes', 'Korrektøren', 'Bravo']","['Ischia', 'Danmark', 'Kjøbenhavn']",[],"['«Kjærlighedens Komedie»', '«Brand»']"
76,0,et,,,,,"['Bergsøes', 'Korrektøren', 'Bravo']","['Ischia', 'Danmark', 'Kjøbenhavn']",[],"['«Kjærlighedens Komedie»', '«Brand»']"
77,0,af,,,,,"['Bergsøes', 'Korrektøren', 'Bravo']","['Ischia', 'Danmark', 'Kjøbenhavn']",[],"['«Kjærlighedens Komedie»', '«Brand»']"
78,0,Deres,,,,,"['Bergsøes', 'Korrektøren', 'Bravo']","['Ischia', 'Danmark', 'Kjøbenhavn']",[],"['«Kjærlighedens Komedie»', '«Brand»']"
79,0,"Breve,",,,,,"['Bergsøes', 'Korrektøren', 'Bravo']","['Ischia', 'Danmark', 'Kjøbenhavn']",[],"['«Kjærlighedens Komedie»', '«Brand»']"
80,0,der,,,,,"['Bergsøes', 'Korrektøren', 'Bravo']","['Ischia', 'Danmark', 'Kjøbenhavn']",[],"['«Kjærlighedens Komedie»', '«Brand»']"
81,0,aldrig,,,,,"['Bergsøes', 'Korrektøren', 'Bravo']","['Ischia', 'Danmark', 'Kjøbenhavn']",[],"['«Kjærlighedens Komedie»', '«Brand»']"
82,0,er,,,,,"['Bergsøes', 'Korrektøren', 'Bravo']","['Ischia', 'Danmark', 'Kjøbenhavn']",[],"['«Kjærlighedens Komedie»', '«Brand»']"
83,0,kommet,,,,,"['Bergsøes', 'Korrektøren', 'Bravo']","['Ischia', 'Danmark', 'Kjøbenhavn']",[],"['«Kjærlighedens Komedie»', '«Brand»']"
84,0,mig,,,,,"['Bergsøes', 'Korrektøren', 'Bravo']","['Ischia', 'Danmark', 'Kjøbenhavn']",[],"['«Kjærlighedens Komedie»', '«Brand»']"
85,0,ihænde.Jeg,,,,,"['Bergsøes', 'Korrektøren', 'Bravo']","['Ischia', 'Danmark', 'Kjøbenhavn']",[],"['«Kjærlighedens Komedie»', '«Brand»']"
86,0,trøster,,,,,"['Bergsøes', 'Korrektøren', 'Bravo']","['Ischia', 'Danmark', 'Kjøbenhavn']",[],"['«Kjærlighedens Komedie»', '«Brand»']"
87,0,mig,,,,,"['Bergsøes', 'Korrektøren', 'Bravo']","['Ischia', 'Danmark', 'Kjøbenhavn']",[],"['«Kjærlighedens Komedie»', '«Brand»']"
88,0,imidlertid,,,,,"['Bergsøes', 'Korrektøren', 'Bravo']","['Ischia', 'Danmark', 'Kjøbenhavn']",[],"['«Kjærlighedens Komedie»', '«Brand»']"
89,0,med,,,,,"['Bergsøes', 'Korrektøren', 'Bravo']","['Ischia', 'Danmark', 'Kjøbenhavn']",[],"['«Kjærlighedens Komedie»', '«Brand»']"
90,0,at,,,,,"['Bergsøes', 'Korrektøren', 'Bravo']","['Ischia', 'Danmark', 'Kjøbenhavn']",[],"['«Kjærlighedens Komedie»', '«Brand»']"
91,0,muligens,,,,,"['Bergsøes', 'Korrektøren', 'Bravo']","['Ischia', 'Danmark', 'Kjøbenhavn']",[],"['«Kjærlighedens Komedie»', '«Brand»']"
92,0,andre,,,,,"['Bergsøes', 'Korrektøren', 'Bravo']","['Ischia', 'Danmark', 'Kjøbenhavn']",[],"['«Kjærlighedens Komedie»', '«Brand»']"
93,0,Grunde,,,,,"['Bergsøes', 'Korrektøren', 'Bravo']","['Ischia', 'Danmark', 'Kjøbenhavn']",[],"['«Kjærlighedens Komedie»', '«Brand»']"
94,0,kan,,,,,"['Bergsøes', 'Korrektøren', 'Bravo']","['Ischia', 'Danmark', 'Kjøbenhavn']",[],"['«Kjærlighedens Komedie»', '«Brand»']"
95,0,have,,,,,"['Bergsøes', 'Korrektøren', 'Bravo']","['Ischia', 'Danmark', 'Kjøbenhavn']",[],"['«Kjærlighedens Komedie»', '«Brand»']"
96,0,forsinket,,,,,"['Bergsøes', 'Korrektøren', 'Bravo']","['Ischia', 'Danmark', 'Kjøbenhavn']",[],"['«Kjærlighedens Komedie»', '«Brand»']"
97,0,Bogens,,,,,"['Bergsøes', 'Korrektøren', 'Bravo']","['Ischia', 'Danmark', 'Kjøbenhavn']",[],"['«Kjærlighedens Komedie»', '«Brand»']"
98,0,"Udkomst,",,,,,"['Bergsøes', 'Korrektøren', 'Bravo']","['Ischia', 'Danmark', 'Kjøbenhavn']",[],"['«Kjærlighedens Komedie»', '«Brand»']"
99,0,og,,,,,"['Bergsøes', 'Korrektøren', 'Bravo']","['Ischia', 'Danmark', 'Kjøbenhavn']",[],"['«Kjærlighedens Komedie»', '«Brand»']"
100,0,tænker,,,,,"['Bergsøes', 'Korrektøren', 'Bravo']","['Ischia', 'Danmark', 'Kjøbenhavn']",[],"['«Kjærlighedens Komedie»', '«Brand»']"
101,0,da,,,,,"['Bergsøes', 'Korrektøren', 'Bravo']","['Ischia', 'Danmark', 'Kjøbenhavn']",[],"['«Kjærlighedens Komedie»', '«Brand»']"
102,0,nærmest,,,,,"['Bergsøes', 'Korrektøren', 'Bravo']","['Ischia', 'Danmark', 'Kjøbenhavn']",[],"['«Kjærlighedens Komedie»', '«Brand»']"
103,0,paa,,,,,"['Bergsøes', 'Korrektøren', 'Bravo']","['Ischia', 'Danmark', 'Kjøbenhavn']",[],"['«Kjærlighedens Komedie»', '«Brand»']"
104,0,den,,,,,"['Bergsøes', 'Korrektøren', 'Bravo']","['Ischia', 'Danmark', 'Kjøbenhavn']",[],"['«Kjærlighedens Komedie»', '«Brand»']"
105,0,svævende,,,,,"['Bergsøes', 'Korrektøren', 'Bravo']","['Ischia', 'Danmark', 'Kjøbenhavn']",[],"['«Kjærlighedens Komedie»', '«Brand»']"
106,0,politiske,,,,,"['Bergsøes', 'Korrektøren', 'Bravo']","['Ischia', 'Danmark', 'Kjøbenhavn']",[],"['«Kjærlighedens Komedie»', '«Brand»']"
107,0,Uvisshedstillstand,,,,,"['Bergsøes', 'Korrektøren', 'Bravo']","['Ischia', 'Danmark', 'Kjøbenhavn']",[],"['«Kjærlighedens Komedie»', '«Brand»']"
108,0,"hjemme,",,,,,"['Bergsøes', 'Korrektøren', 'Bravo']","['Ischia', 'Danmark', 'Kjøbenhavn']",[],"['«Kjærlighedens Komedie»', '«Brand»']"
109,0,under,,,,,"['Bergsøes', 'Korrektøren', 'Bravo']","['Ischia', 'Danmark', 'Kjøbenhavn']",[],"['«Kjærlighedens Komedie»', '«Brand»']"
110,0,hvilken,,,,,"['Bergsøes', 'Korrektøren', 'Bravo']","['Ischia', 'Danmark', 'Kjøbenhavn']",[],"['«Kjærlighedens Komedie»', '«Brand»']"
111,0,rimeligvis,,,,,"['Bergsøes', 'Korrektøren', 'Bravo']","['Ischia', 'Danmark', 'Kjøbenhavn']",[],"['«Kjærlighedens Komedie»', '«Brand»']"
112,0,literære,,,,,"['Bergsøes', 'Korrektøren', 'Bravo']","['Ischia', 'Danmark', 'Kjøbenhavn']",[],"['«Kjærlighedens Komedie»', '«Brand»']"
113,0,Anliggender,,,,,"['Bergsøes', 'Korrektøren', 'Bravo']","['Ischia', 'Danmark', 'Kjøbenhavn']",[],"['«Kjærlighedens Komedie»', '«Brand»']"
114,0,mindre,,,,,"['Bergsøes', 'Korrektøren', 'Bravo']","['Ischia', 'Danmark', 'Kjøbenhavn']",[],"['«Kjærlighedens Komedie»', '«Brand»']"
115,0,"paaagtes,",,,,,"['Bergsøes', 'Korrektøren', 'Bravo']","['Ischia', 'Danmark', 'Kjøbenhavn']",[],"['«Kjærlighedens Komedie»', '«Brand»']"
116,0,eller,,,,,"['Bergsøes', 'Korrektøren', 'Bravo']","['Ischia', 'Danmark', 'Kjøbenhavn']",[],"['«Kjærlighedens Komedie»', '«Brand»']"
117,0,ogsaa,,,,,"['Bergsøes', 'Korrektøren', 'Bravo']","['Ischia', 'Danmark', 'Kjøbenhavn']",[],"['«Kjærlighedens Komedie»', '«Brand»']"
118,0,tænker,,,,,"['Bergsøes', 'Korrektøren', 'Bravo']","['Ischia', 'Danmark', 'Kjøbenhavn']",[],"['«Kjærlighedens Komedie»', '«Brand»']"
119,0,"jeg,",,,,,"['Bergsøes', 'Korrektøren', 'Bravo']","['Ischia', 'Danmark', 'Kjøbenhavn']",[],"['«Kjærlighedens Komedie»', '«Brand»']"
120,0,at,,,,,"['Bergsøes', 'Korrektøren', 'Bravo']","['Ischia', 'Danmark', 'Kjøbenhavn']",[],"['«Kjærlighedens Komedie»', '«Brand»']"
121,0,"De,",,,,,"['Bergsøes', 'Korrektøren', 'Bravo']","['Ischia', 'Danmark', 'Kjøbenhavn']",[],"['«Kjærlighedens Komedie»', '«Brand»']"
122,0,for,,,,,"['Bergsøes', 'Korrektøren', 'Bravo']","['Ischia', 'Danmark', 'Kjøbenhavn']",[],"['«Kjærlighedens Komedie»', '«Brand»']"
123,0,ikke,,,,,"['Bergsøes', 'Korrektøren', 'Bravo']","['Ischia', 'Danmark', 'Kjøbenhavn']",[],"['«Kjærlighedens Komedie»', '«Brand»']"
124,0,at,,,,,"['Bergsøes', 'Korrektøren', 'Bravo']","['Ischia', 'Danmark', 'Kjøbenhavn']",[],"['«Kjærlighedens Komedie»', '«Brand»']"
125,0,splitte,,,,,"['Bergsøes', 'Korrektøren', 'Bravo']","['Ischia', 'Danmark', 'Kjøbenhavn']",[],"['«Kjærlighedens Komedie»', '«Brand»']"
126,0,Publikums,,,,,"['Bergsøes', 'Korrektøren', 'Bravo']","['Ischia', 'Danmark', 'Kjøbenhavn']",[],"['«Kjærlighedens Komedie»', '«Brand»']"
127,0,"Interesse,",,,,,"['Bergsøes', 'Korrektøren', 'Bravo']","['Ischia', 'Danmark', 'Kjøbenhavn']",[],"['«Kjærlighedens Komedie»', '«Brand»']"
128,0,ikke,,,,,"['Bergsøes', 'Korrektøren', 'Bravo']","['Ischia', 'Danmark', 'Kjøbenhavn']",[],"['«Kjærlighedens Komedie»', '«Brand»']"
129,0,har,,,,,"['Bergsøes', 'Korrektøren', 'Bravo']","['Ischia', 'Danmark', 'Kjøbenhavn']",[],"['«Kjærlighedens Komedie»', '«Brand»']"
130,0,villet,,,,,"['Bergsøes', 'Korrektøren', 'Bravo']","['Ischia', 'Danmark', 'Kjøbenhavn']",[],"['«Kjærlighedens Komedie»', '«Brand»']"
131,0,udgive,,,,,"['Bergsøes', 'Korrektøren', 'Bravo']","['Ischia', 'Danmark', 'Kjøbenhavn']",[],"['«Kjærlighedens Komedie»', '«Brand»']"
132,0,min,,,,,"['Bergsøes', 'Korrektøren', 'Bravo']","['Ischia', 'Danmark', 'Kjøbenhavn']",[],"['«Kjærlighedens Komedie»', '«Brand»']"
133,0,Komedie,,,,,"['Bergsøes', 'Korrektøren', 'Bravo']","['Ischia', 'Danmark', 'Kjøbenhavn']",[],"['«Kjærlighedens Komedie»', '«Brand»']"
134,0,paa,,,,,"['Bergsøes', 'Korrektøren', 'Bravo']","['Ischia', 'Danmark', 'Kjøbenhavn']",[],"['«Kjærlighedens Komedie»', '«Brand»']"
135,0,samme,,,,,"['Bergsøes', 'Korrektøren', 'Bravo']","['Ischia', 'Danmark', 'Kjøbenhavn']",[],"['«Kjærlighedens Komedie»', '«Brand»']"
136,0,Tid,,,,,"['Bergsøes', 'Korrektøren', 'Bravo']","['Ischia', 'Danmark', 'Kjøbenhavn']",[],"['«Kjærlighedens Komedie»', '«Brand»']"
137,0,som,,,,,"['Bergsøes', 'Korrektøren', 'Bravo']","['Ischia', 'Danmark', 'Kjøbenhavn']",[],"['«Kjærlighedens Komedie»', '«Brand»']"
138,0,Bergsøes,,,,,"['Bergsøes', 'Korrektøren', 'Bravo']","['Ischia', 'Danmark', 'Kjøbenhavn']",[],"['«Kjærlighedens Komedie»', '«Brand»']"
139,0,"Digte,",,,,,"['Bergsøes', 'Korrektøren', 'Bravo']","['Ischia', 'Danmark', 'Kjøbenhavn']",[],"['«Kjærlighedens Komedie»', '«Brand»']"
140,0,og,,,,,"['Bergsøes', 'Korrektøren', 'Bravo']","['Ischia', 'Danmark', 'Kjøbenhavn']",[],"['«Kjærlighedens Komedie»', '«Brand»']"
141,0,hvis,,,,,"['Bergsøes', 'Korrektøren', 'Bravo']","['Ischia', 'Danmark', 'Kjøbenhavn']",[],"['«Kjærlighedens Komedie»', '«Brand»']"
142,0,saa,,,,,"['Bergsøes', 'Korrektøren', 'Bravo']","['Ischia', 'Danmark', 'Kjøbenhavn']",[],"['«Kjærlighedens Komedie»', '«Brand»']"
143,0,"er,",,,,,"['Bergsøes', 'Korrektøren', 'Bravo']","['Ischia', 'Danmark', 'Kjøbenhavn']",[],"['«Kjærlighedens Komedie»', '«Brand»']"
144,0,maa,,,,,"['Bergsøes', 'Korrektøren', 'Bravo']","['Ischia', 'Danmark', 'Kjøbenhavn']",[],"['«Kjærlighedens Komedie»', '«Brand»']"
145,0,jeg,,,,,"['Bergsøes', 'Korrektøren', 'Bravo']","['Ischia', 'Danmark', 'Kjøbenhavn']",[],"['«Kjærlighedens Komedie»', '«Brand»']"
146,0,ganske,,,,,"['Bergsøes', 'Korrektøren', 'Bravo']","['Ischia', 'Danmark', 'Kjøbenhavn']",[],"['«Kjærlighedens Komedie»', '«Brand»']"
147,0,tilltræde,,,,,"['Bergsøes', 'Korrektøren', 'Bravo']","['Ischia', 'Danmark', 'Kjøbenhavn']",[],"['«Kjærlighedens Komedie»', '«Brand»']"
148,0,Deres,,,,,"['Bergsøes', 'Korrektøren', 'Bravo']","['Ischia', 'Danmark', 'Kjøbenhavn']",[],"['«Kjærlighedens Komedie»', '«Brand»']"
149,0,Mening;,,,,,"['Bergsøes', 'Korrektøren', 'Bravo']","['Ischia', 'Danmark', 'Kjøbenhavn']",[],"['«Kjærlighedens Komedie»', '«Brand»']"
150,0,thi,,,,,"['Bergsøes', 'Korrektøren', 'Bravo']","['Ischia', 'Danmark', 'Kjøbenhavn']",[],"['«Kjærlighedens Komedie»', '«Brand»']"
151,0,det,,,,,"['Bergsøes', 'Korrektøren', 'Bravo']","['Ischia', 'Danmark', 'Kjøbenhavn']",[],"['«Kjærlighedens Komedie»', '«Brand»']"
152,0,er,,,,,"['Bergsøes', 'Korrektøren', 'Bravo']","['Ischia', 'Danmark', 'Kjøbenhavn']",[],"['«Kjærlighedens Komedie»', '«Brand»']"
153,0,ganske,,,,,"['Bergsøes', 'Korrektøren', 'Bravo']","['Ischia', 'Danmark', 'Kjøbenhavn']",[],"['«Kjærlighedens Komedie»', '«Brand»']"
154,0,visst,,,,,"['Bergsøes', 'Korrektøren', 'Bravo']","['Ischia', 'Danmark', 'Kjøbenhavn']",[],"['«Kjærlighedens Komedie»', '«Brand»']"
155,0,rigtigt,,,,,"['Bergsøes', 'Korrektøren', 'Bravo']","['Ischia', 'Danmark', 'Kjøbenhavn']",[],"['«Kjærlighedens Komedie»', '«Brand»']"
156,0,at,,,,,"['Bergsøes', 'Korrektøren', 'Bravo']","['Ischia', 'Danmark', 'Kjøbenhavn']",[],"['«Kjærlighedens Komedie»', '«Brand»']"
157,0,lade,,,,,"['Bergsøes', 'Korrektøren', 'Bravo']","['Ischia', 'Danmark', 'Kjøbenhavn']",[],"['«Kjærlighedens Komedie»', '«Brand»']"
158,0,en,,,,,"['Bergsøes', 'Korrektøren', 'Bravo']","['Ischia', 'Danmark', 'Kjøbenhavn']",[],"['«Kjærlighedens Komedie»', '«Brand»']"
159,0,literær,,,,,"['Bergsøes', 'Korrektøren', 'Bravo']","['Ischia', 'Danmark', 'Kjøbenhavn']",[],"['«Kjærlighedens Komedie»', '«Brand»']"
160,0,Nyhed,,,,,"['Bergsøes', 'Korrektøren', 'Bravo']","['Ischia', 'Danmark', 'Kjøbenhavn']",[],"['«Kjærlighedens Komedie»', '«Brand»']"
161,0,staa,,,,,"['Bergsøes', 'Korrektøren', 'Bravo']","['Ischia', 'Danmark', 'Kjøbenhavn']",[],"['«Kjærlighedens Komedie»', '«Brand»']"
162,0,saa,,,,,"['Bergsøes', 'Korrektøren', 'Bravo']","['Ischia', 'Danmark', 'Kjøbenhavn']",[],"['«Kjærlighedens Komedie»', '«Brand»']"
163,0,isoleret,,,,,"['Bergsøes', 'Korrektøren', 'Bravo']","['Ischia', 'Danmark', 'Kjøbenhavn']",[],"['«Kjærlighedens Komedie»', '«Brand»']"
164,0,som,,,,,"['Bergsøes', 'Korrektøren', 'Bravo']","['Ischia', 'Danmark', 'Kjøbenhavn']",[],"['«Kjærlighedens Komedie»', '«Brand»']"
165,0,muligt.Skulde,,,,,"['Bergsøes', 'Korrektøren', 'Bravo']","['Ischia', 'Danmark', 'Kjøbenhavn']",[],"['«Kjærlighedens Komedie»', '«Brand»']"
166,0,det,,,,,"['Bergsøes', 'Korrektøren', 'Bravo']","['Ischia', 'Danmark', 'Kjøbenhavn']",[],"['«Kjærlighedens Komedie»', '«Brand»']"
167,0,alligevel,,,,,"['Bergsøes', 'Korrektøren', 'Bravo']","['Ischia', 'Danmark', 'Kjøbenhavn']",[],"['«Kjærlighedens Komedie»', '«Brand»']"
168,0,have,,,,,"['Bergsøes', 'Korrektøren', 'Bravo']","['Ischia', 'Danmark', 'Kjøbenhavn']",[],"['«Kjærlighedens Komedie»', '«Brand»']"
169,0,truffet,,,,,"['Bergsøes', 'Korrektøren', 'Bravo']","['Ischia', 'Danmark', 'Kjøbenhavn']",[],"['«Kjærlighedens Komedie»', '«Brand»']"
170,0,sig,,,,,"['Bergsøes', 'Korrektøren', 'Bravo']","['Ischia', 'Danmark', 'Kjøbenhavn']",[],"['«Kjærlighedens Komedie»', '«Brand»']"
171,0,saa,,,,,"['Bergsøes', 'Korrektøren', 'Bravo']","['Ischia', 'Danmark', 'Kjøbenhavn']",[],"['«Kjærlighedens Komedie»', '«Brand»']"
172,0,uheldigt,,,,,"['Bergsøes', 'Korrektøren', 'Bravo']","['Ischia', 'Danmark', 'Kjøbenhavn']",[],"['«Kjærlighedens Komedie»', '«Brand»']"
173,0,at,,,,,"['Bergsøes', 'Korrektøren', 'Bravo']","['Ischia', 'Danmark', 'Kjøbenhavn']",[],"['«Kjærlighedens Komedie»', '«Brand»']"
174,0,mit,,,,,"['Bergsøes', 'Korrektøren', 'Bravo']","['Ischia', 'Danmark', 'Kjøbenhavn']",[],"['«Kjærlighedens Komedie»', '«Brand»']"
175,0,Brev,,,,,"['Bergsøes', 'Korrektøren', 'Bravo']","['Ischia', 'Danmark', 'Kjøbenhavn']",[],"['«Kjærlighedens Komedie»', '«Brand»']"
176,0,er,,,,,"['Bergsøes', 'Korrektøren', 'Bravo']","['Ischia', 'Danmark', 'Kjøbenhavn']",[],"['«Kjærlighedens Komedie»', '«Brand»']"
177,0,"bortkommet,",,,,,"['Bergsøes', 'Korrektøren', 'Bravo']","['Ischia', 'Danmark', 'Kjøbenhavn']",[],"['«Kjærlighedens Komedie»', '«Brand»']"
178,0,saa,,,,,"['Bergsøes', 'Korrektøren', 'Bravo']","['Ischia', 'Danmark', 'Kjøbenhavn']",[],"['«Kjærlighedens Komedie»', '«Brand»']"
179,0,var,,,,,"['Bergsøes', 'Korrektøren', 'Bravo']","['Ischia', 'Danmark', 'Kjøbenhavn']",[],"['«Kjærlighedens Komedie»', '«Brand»']"
180,0,dets,,,,,"['Bergsøes', 'Korrektøren', 'Bravo']","['Ischia', 'Danmark', 'Kjøbenhavn']",[],"['«Kjærlighedens Komedie»', '«Brand»']"
181,0,væsentligste,,,,,"['Bergsøes', 'Korrektøren', 'Bravo']","['Ischia', 'Danmark', 'Kjøbenhavn']",[],"['«Kjærlighedens Komedie»', '«Brand»']"
182,0,Indhold,,,,,"['Bergsøes', 'Korrektøren', 'Bravo']","['Ischia', 'Danmark', 'Kjøbenhavn']",[],"['«Kjærlighedens Komedie»', '«Brand»']"
183,0,følgende:,,,,,"['Bergsøes', 'Korrektøren', 'Bravo']","['Ischia', 'Danmark', 'Kjøbenhavn']",[],"['«Kjærlighedens Komedie»', '«Brand»']"
184,0,Bogen,,,,,"['Bergsøes', 'Korrektøren', 'Bravo']","['Ischia', 'Danmark', 'Kjøbenhavn']",[],"['«Kjærlighedens Komedie»', '«Brand»']"
185,0,ønskes,,,,,"['Bergsøes', 'Korrektøren', 'Bravo']","['Ischia', 'Danmark', 'Kjøbenhavn']",[],"['«Kjærlighedens Komedie»', '«Brand»']"
186,0,trykt,,,,,"['Bergsøes', 'Korrektøren', 'Bravo']","['Ischia', 'Danmark', 'Kjøbenhavn']",[],"['«Kjærlighedens Komedie»', '«Brand»']"
187,0,med,,,,,"['Bergsøes', 'Korrektøren', 'Bravo']","['Ischia', 'Danmark', 'Kjøbenhavn']",[],"['«Kjærlighedens Komedie»', '«Brand»']"
188,0,samme,,,,,"['Bergsøes', 'Korrektøren', 'Bravo']","['Ischia', 'Danmark', 'Kjøbenhavn']",[],"['«Kjærlighedens Komedie»', '«Brand»']"
189,0,"Rettskrivning,",,,,,"['Bergsøes', 'Korrektøren', 'Bravo']","['Ischia', 'Danmark', 'Kjøbenhavn']",[],"['«Kjærlighedens Komedie»', '«Brand»']"
190,0,som,,,,,"['Bergsøes', 'Korrektøren', 'Bravo']","['Ischia', 'Danmark', 'Kjøbenhavn']",[],"['«Kjærlighedens Komedie»', '«Brand»']"
191,0,«Brand».,,,,,"['Bergsøes', 'Korrektøren', 'Bravo']","['Ischia', 'Danmark', 'Kjøbenhavn']",[],"['«Kjærlighedens Komedie»', '«Brand»']"
192,0,Hvad,,,,,"['Bergsøes', 'Korrektøren', 'Bravo']","['Ischia', 'Danmark', 'Kjøbenhavn']",[],"['«Kjærlighedens Komedie»', '«Brand»']"
193,0,der,,,,,"['Bergsøes', 'Korrektøren', 'Bravo']","['Ischia', 'Danmark', 'Kjøbenhavn']",[],"['«Kjærlighedens Komedie»', '«Brand»']"
194,0,i,,,,,"['Bergsøes', 'Korrektøren', 'Bravo']","['Ischia', 'Danmark', 'Kjøbenhavn']",[],"['«Kjærlighedens Komedie»', '«Brand»']"
195,0,saa,,,,,"['Bergsøes', 'Korrektøren', 'Bravo']","['Ischia', 'Danmark', 'Kjøbenhavn']",[],"['«Kjærlighedens Komedie»', '«Brand»']"
196,0,Henseende,,,,,"['Bergsøes', 'Korrektøren', 'Bravo']","['Ischia', 'Danmark', 'Kjøbenhavn']",[],"['«Kjærlighedens Komedie»', '«Brand»']"
197,0,kan,,,,,"['Bergsøes', 'Korrektøren', 'Bravo']","['Ischia', 'Danmark', 'Kjøbenhavn']",[],"['«Kjærlighedens Komedie»', '«Brand»']"
198,0,være,,,,,"['Bergsøes', 'Korrektøren', 'Bravo']","['Ischia', 'Danmark', 'Kjøbenhavn']",[],"['«Kjærlighedens Komedie»', '«Brand»']"
199,0,undgaaet,,,,,"['Bergsøes', 'Korrektøren', 'Bravo']","['Ischia', 'Danmark', 'Kjøbenhavn']",[],"['«Kjærlighedens Komedie»', '«Brand»']"
200,0,min,,,,,"['Bergsøes', 'Korrektøren', 'Bravo']","['Ischia', 'Danmark', 'Kjøbenhavn']",[],"['«Kjærlighedens Komedie»', '«Brand»']"
201,0,"Oppmærksomhed,",,,,,"['Bergsøes', 'Korrektøren', 'Bravo']","['Ischia', 'Danmark', 'Kjøbenhavn']",[],"['«Kjærlighedens Komedie»', '«Brand»']"
202,0,bedes,,,,,"['Bergsøes', 'Korrektøren', 'Bravo']","['Ischia', 'Danmark', 'Kjøbenhavn']",[],"['«Kjærlighedens Komedie»', '«Brand»']"
203,0,derfor,,,,,"['Bergsøes', 'Korrektøren', 'Bravo']","['Ischia', 'Danmark', 'Kjøbenhavn']",[],"['«Kjærlighedens Komedie»', '«Brand»']"
204,0,rettet,,,,,"['Bergsøes', 'Korrektøren', 'Bravo']","['Ischia', 'Danmark', 'Kjøbenhavn']",[],"['«Kjærlighedens Komedie»', '«Brand»']"
205,0,af,,,,,"['Bergsøes', 'Korrektøren', 'Bravo']","['Ischia', 'Danmark', 'Kjøbenhavn']",[],"['«Kjærlighedens Komedie»', '«Brand»']"
206,0,Korrektøren.,,,,,"['Bergsøes', 'Korrektøren', 'Bravo']","['Ischia', 'Danmark', 'Kjøbenhavn']",[],"['«Kjærlighedens Komedie»', '«Brand»']"
207,0,Det,,,,,"['Bergsøes', 'Korrektøren', 'Bravo']","['Ischia', 'Danmark', 'Kjøbenhavn']",[],"['«Kjærlighedens Komedie»', '«Brand»']"
208,0,af,,,,,"['Bergsøes', 'Korrektøren', 'Bravo']","['Ischia', 'Danmark', 'Kjøbenhavn']",[],"['«Kjærlighedens Komedie»', '«Brand»']"
209,0,Dem,,,,,"['Bergsøes', 'Korrektøren', 'Bravo']","['Ischia', 'Danmark', 'Kjøbenhavn']",[],"['«Kjærlighedens Komedie»', '«Brand»']"
210,0,nævnte,,,,,"['Bergsøes', 'Korrektøren', 'Bravo']","['Ischia', 'Danmark', 'Kjøbenhavn']",[],"['«Kjærlighedens Komedie»', '«Brand»']"
211,0,Ord,,,,,"['Bergsøes', 'Korrektøren', 'Bravo']","['Ischia', 'Danmark', 'Kjøbenhavn']",[],"['«Kjærlighedens Komedie»', '«Brand»']"
212,0,i,,,,,"['Bergsøes', 'Korrektøren', 'Bravo']","['Ischia', 'Danmark', 'Kjøbenhavn']",[],"['«Kjærlighedens Komedie»', '«Brand»']"
213,0,Fortalen,,,,,"['Bergsøes', 'Korrektøren', 'Bravo']","['Ischia', 'Danmark', 'Kjøbenhavn']",[],"['«Kjærlighedens Komedie»', '«Brand»']"
214,0,er,,,,,"['Bergsøes', 'Korrektøren', 'Bravo']","['Ischia', 'Danmark', 'Kjøbenhavn']",[],"['«Kjærlighedens Komedie»', '«Brand»']"
215,0,en,,,,,"['Bergsøes', 'Korrektøren', 'Bravo']","['Ischia', 'Danmark', 'Kjøbenhavn']",[],"['«Kjærlighedens Komedie»', '«Brand»']"
216,0,Fejlskrift,,,,,"['Bergsøes', 'Korrektøren', 'Bravo']","['Ischia', 'Danmark', 'Kjøbenhavn']",[],"['«Kjærlighedens Komedie»', '«Brand»']"
217,0,fra,,,,,"['Bergsøes', 'Korrektøren', 'Bravo']","['Ischia', 'Danmark', 'Kjøbenhavn']",[],"['«Kjærlighedens Komedie»', '«Brand»']"
218,0,min,,,,,"['Bergsøes', 'Korrektøren', 'Bravo']","['Ischia', 'Danmark', 'Kjøbenhavn']",[],"['«Kjærlighedens Komedie»', '«Brand»']"
219,0,Side,,,,,"['Bergsøes', 'Korrektøren', 'Bravo']","['Ischia', 'Danmark', 'Kjøbenhavn']",[],"['«Kjærlighedens Komedie»', '«Brand»']"
220,0,og,,,,,"['Bergsøes', 'Korrektøren', 'Bravo']","['Ischia', 'Danmark', 'Kjøbenhavn']",[],"['«Kjærlighedens Komedie»', '«Brand»']"
221,0,skal,,,,,"['Bergsøes', 'Korrektøren', 'Bravo']","['Ischia', 'Danmark', 'Kjøbenhavn']",[],"['«Kjærlighedens Komedie»', '«Brand»']"
222,0,ganske,,,,,"['Bergsøes', 'Korrektøren', 'Bravo']","['Ischia', 'Danmark', 'Kjøbenhavn']",[],"['«Kjærlighedens Komedie»', '«Brand»']"
223,0,rigtig,,,,,"['Bergsøes', 'Korrektøren', 'Bravo']","['Ischia', 'Danmark', 'Kjøbenhavn']",[],"['«Kjærlighedens Komedie»', '«Brand»']"
224,0,hede,,,,,"['Bergsøes', 'Korrektøren', 'Bravo']","['Ischia', 'Danmark', 'Kjøbenhavn']",[],"['«Kjærlighedens Komedie»', '«Brand»']"
225,0,«tillægge»;,,,,,"['Bergsøes', 'Korrektøren', 'Bravo']","['Ischia', 'Danmark', 'Kjøbenhavn']",[],"['«Kjærlighedens Komedie»', '«Brand»']"
226,0,konsekvent,,,,,"['Bergsøes', 'Korrektøren', 'Bravo']","['Ischia', 'Danmark', 'Kjøbenhavn']",[],"['«Kjærlighedens Komedie»', '«Brand»']"
227,0,skulde,,,,,"['Bergsøes', 'Korrektøren', 'Bravo']","['Ischia', 'Danmark', 'Kjøbenhavn']",[],"['«Kjærlighedens Komedie»', '«Brand»']"
228,0,Ordet,,,,,"['Bergsøes', 'Korrektøren', 'Bravo']","['Ischia', 'Danmark', 'Kjøbenhavn']",[],"['«Kjærlighedens Komedie»', '«Brand»']"
229,0,rigtignok,,,,,"['Bergsøes', 'Korrektøren', 'Bravo']","['Ischia', 'Danmark', 'Kjøbenhavn']",[],"['«Kjærlighedens Komedie»', '«Brand»']"
230,0,have,,,,,"['Bergsøes', 'Korrektøren', 'Bravo']","['Ischia', 'Danmark', 'Kjøbenhavn']",[],"['«Kjærlighedens Komedie»', '«Brand»']"
231,0,havt,,,,,"['Bergsøes', 'Korrektøren', 'Bravo']","['Ischia', 'Danmark', 'Kjøbenhavn']",[],"['«Kjærlighedens Komedie»', '«Brand»']"
232,0,et,,,,,"['Bergsøes', 'Korrektøren', 'Bravo']","['Ischia', 'Danmark', 'Kjøbenhavn']",[],"['«Kjærlighedens Komedie»', '«Brand»']"
233,0,tredje,,,,,"['Bergsøes', 'Korrektøren', 'Bravo']","['Ischia', 'Danmark', 'Kjøbenhavn']",[],"['«Kjærlighedens Komedie»', '«Brand»']"
234,0,"l,",,,,,"['Bergsøes', 'Korrektøren', 'Bravo']","['Ischia', 'Danmark', 'Kjøbenhavn']",[],"['«Kjærlighedens Komedie»', '«Brand»']"
235,0,men,,,,,"['Bergsøes', 'Korrektøren', 'Bravo']","['Ischia', 'Danmark', 'Kjøbenhavn']",[],"['«Kjærlighedens Komedie»', '«Brand»']"
236,0,det,,,,,"['Bergsøes', 'Korrektøren', 'Bravo']","['Ischia', 'Danmark', 'Kjøbenhavn']",[],"['«Kjærlighedens Komedie»', '«Brand»']"
237,0,faar,,,,,"['Bergsøes', 'Korrektøren', 'Bravo']","['Ischia', 'Danmark', 'Kjøbenhavn']",[],"['«Kjærlighedens Komedie»', '«Brand»']"
238,0,være,,,,,"['Bergsøes', 'Korrektøren', 'Bravo']","['Ischia', 'Danmark', 'Kjøbenhavn']",[],"['«Kjærlighedens Komedie»', '«Brand»']"
239,0,nok,,,,,"['Bergsøes', 'Korrektøren', 'Bravo']","['Ischia', 'Danmark', 'Kjøbenhavn']",[],"['«Kjærlighedens Komedie»', '«Brand»']"
240,0,med,,,,,"['Bergsøes', 'Korrektøren', 'Bravo']","['Ischia', 'Danmark', 'Kjøbenhavn']",[],"['«Kjærlighedens Komedie»', '«Brand»']"
241,0,de,,,,,"['Bergsøes', 'Korrektøren', 'Bravo']","['Ischia', 'Danmark', 'Kjøbenhavn']",[],"['«Kjærlighedens Komedie»', '«Brand»']"
242,0,to.,,,,,"['Bergsøes', 'Korrektøren', 'Bravo']","['Ischia', 'Danmark', 'Kjøbenhavn']",[],"['«Kjærlighedens Komedie»', '«Brand»']"
243,0,–,,,,,"['Bergsøes', 'Korrektøren', 'Bravo']","['Ischia', 'Danmark', 'Kjøbenhavn']",[],"['«Kjærlighedens Komedie»', '«Brand»']"
244,0,Endelig,,,,,"['Bergsøes', 'Korrektøren', 'Bravo']","['Ischia', 'Danmark', 'Kjøbenhavn']",[],"['«Kjærlighedens Komedie»', '«Brand»']"
245,0,tog,,,,,"['Bergsøes', 'Korrektøren', 'Bravo']","['Ischia', 'Danmark', 'Kjøbenhavn']",[],"['«Kjærlighedens Komedie»', '«Brand»']"
246,0,jeg,,,,,"['Bergsøes', 'Korrektøren', 'Bravo']","['Ischia', 'Danmark', 'Kjøbenhavn']",[],"['«Kjærlighedens Komedie»', '«Brand»']"
247,0,mig,,,,,"['Bergsøes', 'Korrektøren', 'Bravo']","['Ischia', 'Danmark', 'Kjøbenhavn']",[],"['«Kjærlighedens Komedie»', '«Brand»']"
248,0,den,,,,,"['Bergsøes', 'Korrektøren', 'Bravo']","['Ischia', 'Danmark', 'Kjøbenhavn']",[],"['«Kjærlighedens Komedie»', '«Brand»']"
249,0,Frihed,,,,,"['Bergsøes', 'Korrektøren', 'Bravo']","['Ischia', 'Danmark', 'Kjøbenhavn']",[],"['«Kjærlighedens Komedie»', '«Brand»']"
250,0,at,,,,,"['Bergsøes', 'Korrektøren', 'Bravo']","['Ischia', 'Danmark', 'Kjøbenhavn']",[],"['«Kjærlighedens Komedie»', '«Brand»']"
251,0,anmode,,,,,"['Bergsøes', 'Korrektøren', 'Bravo']","['Ischia', 'Danmark', 'Kjøbenhavn']",[],"['«Kjærlighedens Komedie»', '«Brand»']"
252,0,Dem,,,,,"['Bergsøes', 'Korrektøren', 'Bravo']","['Ischia', 'Danmark', 'Kjøbenhavn']",[],"['«Kjærlighedens Komedie»', '«Brand»']"
253,0,om,,,,,"['Bergsøes', 'Korrektøren', 'Bravo']","['Ischia', 'Danmark', 'Kjøbenhavn']",[],"['«Kjærlighedens Komedie»', '«Brand»']"
254,0,godhedsfuldt,,,,,"['Bergsøes', 'Korrektøren', 'Bravo']","['Ischia', 'Danmark', 'Kjøbenhavn']",[],"['«Kjærlighedens Komedie»', '«Brand»']"
255,0,at,,,,,"['Bergsøes', 'Korrektøren', 'Bravo']","['Ischia', 'Danmark', 'Kjøbenhavn']",[],"['«Kjærlighedens Komedie»', '«Brand»']"
256,0,sende,,,,,"['Bergsøes', 'Korrektøren', 'Bravo']","['Ischia', 'Danmark', 'Kjøbenhavn']",[],"['«Kjærlighedens Komedie»', '«Brand»']"
257,0,mig,,,,,"['Bergsøes', 'Korrektøren', 'Bravo']","['Ischia', 'Danmark', 'Kjøbenhavn']",[],"['«Kjærlighedens Komedie»', '«Brand»']"
258,0,en,,,,,"['Bergsøes', 'Korrektøren', 'Bravo']","['Ischia', 'Danmark', 'Kjøbenhavn']",[],"['«Kjærlighedens Komedie»', '«Brand»']"
259,0,Vexel,,,,,"['Bergsøes', 'Korrektøren', 'Bravo']","['Ischia', 'Danmark', 'Kjøbenhavn']",[],"['«Kjærlighedens Komedie»', '«Brand»']"
260,0,paa,,,,,"['Bergsøes', 'Korrektøren', 'Bravo']","['Ischia', 'Danmark', 'Kjøbenhavn']",[],"['«Kjærlighedens Komedie»', '«Brand»']"
261,0,Paris,,,,,"['Bergsøes', 'Korrektøren', 'Bravo']","['Ischia', 'Danmark', 'Kjøbenhavn']",[],"['«Kjærlighedens Komedie»', '«Brand»']"
262,0,for,,,,,"['Bergsøes', 'Korrektøren', 'Bravo']","['Ischia', 'Danmark', 'Kjøbenhavn']",[],"['«Kjærlighedens Komedie»', '«Brand»']"
263,0,Honoraret,,,,,"['Bergsøes', 'Korrektøren', 'Bravo']","['Ischia', 'Danmark', 'Kjøbenhavn']",[],"['«Kjærlighedens Komedie»', '«Brand»']"
264,0,saasnart,,,,,"['Bergsøes', 'Korrektøren', 'Bravo']","['Ischia', 'Danmark', 'Kjøbenhavn']",[],"['«Kjærlighedens Komedie»', '«Brand»']"
265,0,Bogen,,,,,"['Bergsøes', 'Korrektøren', 'Bravo']","['Ischia', 'Danmark', 'Kjøbenhavn']",[],"['«Kjærlighedens Komedie»', '«Brand»']"
266,0,var,,,,,"['Bergsøes', 'Korrektøren', 'Bravo']","['Ischia', 'Danmark', 'Kjøbenhavn']",[],"['«Kjærlighedens Komedie»', '«Brand»']"
267,0,"udkommet,",,,,,"['Bergsøes', 'Korrektøren', 'Bravo']","['Ischia', 'Danmark', 'Kjøbenhavn']",[],"['«Kjærlighedens Komedie»', '«Brand»']"
268,0,da,,,,,"['Bergsøes', 'Korrektøren', 'Bravo']","['Ischia', 'Danmark', 'Kjøbenhavn']",[],"['«Kjærlighedens Komedie»', '«Brand»']"
269,0,det,,,,,"['Bergsøes', 'Korrektøren', 'Bravo']","['Ischia', 'Danmark', 'Kjøbenhavn']",[],"['«Kjærlighedens Komedie»', '«Brand»']"
270,0,er,,,,,"['Bergsøes', 'Korrektøren', 'Bravo']","['Ischia', 'Danmark', 'Kjøbenhavn']",[],"['«Kjærlighedens Komedie»', '«Brand»']"
271,0,min,,,,,"['Bergsøes', 'Korrektøren', 'Bravo']","['Ischia', 'Danmark', 'Kjøbenhavn']",[],"['«Kjærlighedens Komedie»', '«Brand»']"
272,0,Agt,,,,,"['Bergsøes', 'Korrektøren', 'Bravo']","['Ischia', 'Danmark', 'Kjøbenhavn']",[],"['«Kjærlighedens Komedie»', '«Brand»']"
273,0,i,,,,,"['Bergsøes', 'Korrektøren', 'Bravo']","['Ischia', 'Danmark', 'Kjøbenhavn']",[],"['«Kjærlighedens Komedie»', '«Brand»']"
274,0,Midten,,,,,"['Bergsøes', 'Korrektøren', 'Bravo']","['Ischia', 'Danmark', 'Kjøbenhavn']",[],"['«Kjærlighedens Komedie»', '«Brand»']"
275,0,af,,,,,"['Bergsøes', 'Korrektøren', 'Bravo']","['Ischia', 'Danmark', 'Kjøbenhavn']",[],"['«Kjærlighedens Komedie»', '«Brand»']"
276,0,denne,,,,,"['Bergsøes', 'Korrektøren', 'Bravo']","['Ischia', 'Danmark', 'Kjøbenhavn']",[],"['«Kjærlighedens Komedie»', '«Brand»']"
277,0,Maaned,,,,,"['Bergsøes', 'Korrektøren', 'Bravo']","['Ischia', 'Danmark', 'Kjøbenhavn']",[],"['«Kjærlighedens Komedie»', '«Brand»']"
278,0,at,,,,,"['Bergsøes', 'Korrektøren', 'Bravo']","['Ischia', 'Danmark', 'Kjøbenhavn']",[],"['«Kjærlighedens Komedie»', '«Brand»']"
279,0,rejse,,,,,"['Bergsøes', 'Korrektøren', 'Bravo']","['Ischia', 'Danmark', 'Kjøbenhavn']",[],"['«Kjærlighedens Komedie»', '«Brand»']"
280,0,till,,,,,"['Bergsøes', 'Korrektøren', 'Bravo']","['Ischia', 'Danmark', 'Kjøbenhavn']",[],"['«Kjærlighedens Komedie»', '«Brand»']"
281,0,"Ischia,",,,,,"['Bergsøes', 'Korrektøren', 'Bravo']","['Ischia', 'Danmark', 'Kjøbenhavn']",[],"['«Kjærlighedens Komedie»', '«Brand»']"
282,0,for,,,,,"['Bergsøes', 'Korrektøren', 'Bravo']","['Ischia', 'Danmark', 'Kjøbenhavn']",[],"['«Kjærlighedens Komedie»', '«Brand»']"
283,0,at,,,,,"['Bergsøes', 'Korrektøren', 'Bravo']","['Ischia', 'Danmark', 'Kjøbenhavn']",[],"['«Kjærlighedens Komedie»', '«Brand»']"
284,0,tillbringe,,,,,"['Bergsøes', 'Korrektøren', 'Bravo']","['Ischia', 'Danmark', 'Kjøbenhavn']",[],"['«Kjærlighedens Komedie»', '«Brand»']"
285,0,Sommeren,,,,,"['Bergsøes', 'Korrektøren', 'Bravo']","['Ischia', 'Danmark', 'Kjøbenhavn']",[],"['«Kjærlighedens Komedie»', '«Brand»']"
286,0,der,,,,,"['Bergsøes', 'Korrektøren', 'Bravo']","['Ischia', 'Danmark', 'Kjøbenhavn']",[],"['«Kjærlighedens Komedie»', '«Brand»']"
287,0,og,,,,,"['Bergsøes', 'Korrektøren', 'Bravo']","['Ischia', 'Danmark', 'Kjøbenhavn']",[],"['«Kjærlighedens Komedie»', '«Brand»']"
288,0,fuldføre,,,,,"['Bergsøes', 'Korrektøren', 'Bravo']","['Ischia', 'Danmark', 'Kjøbenhavn']",[],"['«Kjærlighedens Komedie»', '«Brand»']"
289,0,mit,,,,,"['Bergsøes', 'Korrektøren', 'Bravo']","['Ischia', 'Danmark', 'Kjøbenhavn']",[],"['«Kjærlighedens Komedie»', '«Brand»']"
290,0,nye,,,,,"['Bergsøes', 'Korrektøren', 'Bravo']","['Ischia', 'Danmark', 'Kjøbenhavn']",[],"['«Kjærlighedens Komedie»', '«Brand»']"
291,0,"Digt,",,,,,"['Bergsøes', 'Korrektøren', 'Bravo']","['Ischia', 'Danmark', 'Kjøbenhavn']",[],"['«Kjærlighedens Komedie»', '«Brand»']"
292,0,hvoraf,,,,,"['Bergsøes', 'Korrektøren', 'Bravo']","['Ischia', 'Danmark', 'Kjøbenhavn']",[],"['«Kjærlighedens Komedie»', '«Brand»']"
293,0,nu,,,,,"['Bergsøes', 'Korrektøren', 'Bravo']","['Ischia', 'Danmark', 'Kjøbenhavn']",[],"['«Kjærlighedens Komedie»', '«Brand»']"
294,0,to,,,,,"['Bergsøes', 'Korrektøren', 'Bravo']","['Ischia', 'Danmark', 'Kjøbenhavn']",[],"['«Kjærlighedens Komedie»', '«Brand»']"
295,0,Akter,,,,,"['Bergsøes', 'Korrektøren', 'Bravo']","['Ischia', 'Danmark', 'Kjøbenhavn']",[],"['«Kjærlighedens Komedie»', '«Brand»']"
296,0,er,,,,,"['Bergsøes', 'Korrektøren', 'Bravo']","['Ischia', 'Danmark', 'Kjøbenhavn']",[],"['«Kjærlighedens Komedie»', '«Brand»']"
297,0,færdige,,,,,"['Bergsøes', 'Korrektøren', 'Bravo']","['Ischia', 'Danmark', 'Kjøbenhavn']",[],"['«Kjærlighedens Komedie»', '«Brand»']"
298,0,og,,,,,"['Bergsøes', 'Korrektøren', 'Bravo']","['Ischia', 'Danmark', 'Kjøbenhavn']",[],"['«Kjærlighedens Komedie»', '«Brand»']"
299,0,Planen,,,,,"['Bergsøes', 'Korrektøren', 'Bravo']","['Ischia', 'Danmark', 'Kjøbenhavn']",[],"['«Kjærlighedens Komedie»', '«Brand»']"
300,0,till,,,,,"['Bergsøes', 'Korrektøren', 'Bravo']","['Ischia', 'Danmark', 'Kjøbenhavn']",[],"['«Kjærlighedens Komedie»', '«Brand»']"
301,0,det,,,,,"['Bergsøes', 'Korrektøren', 'Bravo']","['Ischia', 'Danmark', 'Kjøbenhavn']",[],"['«Kjærlighedens Komedie»', '«Brand»']"
302,0,øvrige,,,,,"['Bergsøes', 'Korrektøren', 'Bravo']","['Ischia', 'Danmark', 'Kjøbenhavn']",[],"['«Kjærlighedens Komedie»', '«Brand»']"
303,0,fuldstændig,,,,,"['Bergsøes', 'Korrektøren', 'Bravo']","['Ischia', 'Danmark', 'Kjøbenhavn']",[],"['«Kjærlighedens Komedie»', '«Brand»']"
304,0,klarnet,,,,,"['Bergsøes', 'Korrektøren', 'Bravo']","['Ischia', 'Danmark', 'Kjøbenhavn']",[],"['«Kjærlighedens Komedie»', '«Brand»']"
305,0,og,,,,,"['Bergsøes', 'Korrektøren', 'Bravo']","['Ischia', 'Danmark', 'Kjøbenhavn']",[],"['«Kjærlighedens Komedie»', '«Brand»']"
306,0,udarbejdet.,,,,,"['Bergsøes', 'Korrektøren', 'Bravo']","['Ischia', 'Danmark', 'Kjøbenhavn']",[],"['«Kjærlighedens Komedie»', '«Brand»']"
307,0,Her,,,,,"['Bergsøes', 'Korrektøren', 'Bravo']","['Ischia', 'Danmark', 'Kjøbenhavn']",[],"['«Kjærlighedens Komedie»', '«Brand»']"
308,0,i,,,,,"['Bergsøes', 'Korrektøren', 'Bravo']","['Ischia', 'Danmark', 'Kjøbenhavn']",[],"['«Kjærlighedens Komedie»', '«Brand»']"
309,0,Rom,,,,,"['Bergsøes', 'Korrektøren', 'Bravo']","['Ischia', 'Danmark', 'Kjøbenhavn']",[],"['«Kjærlighedens Komedie»', '«Brand»']"
310,0,kommer,,,,,"['Bergsøes', 'Korrektøren', 'Bravo']","['Ischia', 'Danmark', 'Kjøbenhavn']",[],"['«Kjærlighedens Komedie»', '«Brand»']"
311,0,jeg,,,,,"['Bergsøes', 'Korrektøren', 'Bravo']","['Ischia', 'Danmark', 'Kjøbenhavn']",[],"['«Kjærlighedens Komedie»', '«Brand»']"
312,0,neppe,,,,,"['Bergsøes', 'Korrektøren', 'Bravo']","['Ischia', 'Danmark', 'Kjøbenhavn']",[],"['«Kjærlighedens Komedie»', '«Brand»']"
313,0,till,,,,,"['Bergsøes', 'Korrektøren', 'Bravo']","['Ischia', 'Danmark', 'Kjøbenhavn']",[],"['«Kjærlighedens Komedie»', '«Brand»']"
314,0,at,,,,,"['Bergsøes', 'Korrektøren', 'Bravo']","['Ischia', 'Danmark', 'Kjøbenhavn']",[],"['«Kjærlighedens Komedie»', '«Brand»']"
315,0,skrive,,,,,"['Bergsøes', 'Korrektøren', 'Bravo']","['Ischia', 'Danmark', 'Kjøbenhavn']",[],"['«Kjærlighedens Komedie»', '«Brand»']"
316,0,mere,,,,,"['Bergsøes', 'Korrektøren', 'Bravo']","['Ischia', 'Danmark', 'Kjøbenhavn']",[],"['«Kjærlighedens Komedie»', '«Brand»']"
317,0,derpaa;,,,,,"['Bergsøes', 'Korrektøren', 'Bravo']","['Ischia', 'Danmark', 'Kjøbenhavn']",[],"['«Kjærlighedens Komedie»', '«Brand»']"
318,0,thi,,,,,"['Bergsøes', 'Korrektøren', 'Bravo']","['Ischia', 'Danmark', 'Kjøbenhavn']",[],"['«Kjærlighedens Komedie»', '«Brand»']"
319,0,jeg,,,,,"['Bergsøes', 'Korrektøren', 'Bravo']","['Ischia', 'Danmark', 'Kjøbenhavn']",[],"['«Kjærlighedens Komedie»', '«Brand»']"
320,0,føler,,,,,"['Bergsøes', 'Korrektøren', 'Bravo']","['Ischia', 'Danmark', 'Kjøbenhavn']",[],"['«Kjærlighedens Komedie»', '«Brand»']"
321,0,Rejseuroligheden,,,,,"['Bergsøes', 'Korrektøren', 'Bravo']","['Ischia', 'Danmark', 'Kjøbenhavn']",[],"['«Kjærlighedens Komedie»', '«Brand»']"
322,0,i,,,,,"['Bergsøes', 'Korrektøren', 'Bravo']","['Ischia', 'Danmark', 'Kjøbenhavn']",[],"['«Kjærlighedens Komedie»', '«Brand»']"
323,0,Blodet,,,,,"['Bergsøes', 'Korrektøren', 'Bravo']","['Ischia', 'Danmark', 'Kjøbenhavn']",[],"['«Kjærlighedens Komedie»', '«Brand»']"
324,0,og,,,,,"['Bergsøes', 'Korrektøren', 'Bravo']","['Ischia', 'Danmark', 'Kjøbenhavn']",[],"['«Kjærlighedens Komedie»', '«Brand»']"
325,0,endmere,,,,,"['Bergsøes', 'Korrektøren', 'Bravo']","['Ischia', 'Danmark', 'Kjøbenhavn']",[],"['«Kjærlighedens Komedie»', '«Brand»']"
326,0,Trangen,,,,,"['Bergsøes', 'Korrektøren', 'Bravo']","['Ischia', 'Danmark', 'Kjøbenhavn']",[],"['«Kjærlighedens Komedie»', '«Brand»']"
327,0,till,,,,,"['Bergsøes', 'Korrektøren', 'Bravo']","['Ischia', 'Danmark', 'Kjøbenhavn']",[],"['«Kjærlighedens Komedie»', '«Brand»']"
328,0,en,,,,,"['Bergsøes', 'Korrektøren', 'Bravo']","['Ischia', 'Danmark', 'Kjøbenhavn']",[],"['«Kjærlighedens Komedie»', '«Brand»']"
329,0,større,,,,,"['Bergsøes', 'Korrektøren', 'Bravo']","['Ischia', 'Danmark', 'Kjøbenhavn']",[],"['«Kjærlighedens Komedie»', '«Brand»']"
330,0,Ensomhed.Jeg,,,,,"['Bergsøes', 'Korrektøren', 'Bravo']","['Ischia', 'Danmark', 'Kjøbenhavn']",[],"['«Kjærlighedens Komedie»', '«Brand»']"
331,0,haaber,,,,,"['Bergsøes', 'Korrektøren', 'Bravo']","['Ischia', 'Danmark', 'Kjøbenhavn']",[],"['«Kjærlighedens Komedie»', '«Brand»']"
332,0,at,,,,,"['Bergsøes', 'Korrektøren', 'Bravo']","['Ischia', 'Danmark', 'Kjøbenhavn']",[],"['«Kjærlighedens Komedie»', '«Brand»']"
333,0,høre,,,,,"['Bergsøes', 'Korrektøren', 'Bravo']","['Ischia', 'Danmark', 'Kjøbenhavn']",[],"['«Kjærlighedens Komedie»', '«Brand»']"
334,0,fra,,,,,"['Bergsøes', 'Korrektøren', 'Bravo']","['Ischia', 'Danmark', 'Kjøbenhavn']",[],"['«Kjærlighedens Komedie»', '«Brand»']"
335,0,Dem,,,,,"['Bergsøes', 'Korrektøren', 'Bravo']","['Ischia', 'Danmark', 'Kjøbenhavn']",[],"['«Kjærlighedens Komedie»', '«Brand»']"
336,0,før,,,,,"['Bergsøes', 'Korrektøren', 'Bravo']","['Ischia', 'Danmark', 'Kjøbenhavn']",[],"['«Kjærlighedens Komedie»', '«Brand»']"
337,0,min,,,,,"['Bergsøes', 'Korrektøren', 'Bravo']","['Ischia', 'Danmark', 'Kjøbenhavn']",[],"['«Kjærlighedens Komedie»', '«Brand»']"
338,0,Afrejse,,,,,"['Bergsøes', 'Korrektøren', 'Bravo']","['Ischia', 'Danmark', 'Kjøbenhavn']",[],"['«Kjærlighedens Komedie»', '«Brand»']"
339,0,og,,,,,"['Bergsøes', 'Korrektøren', 'Bravo']","['Ischia', 'Danmark', 'Kjøbenhavn']",[],"['«Kjærlighedens Komedie»', '«Brand»']"
340,0,beder,,,,,"['Bergsøes', 'Korrektøren', 'Bravo']","['Ischia', 'Danmark', 'Kjøbenhavn']",[],"['«Kjærlighedens Komedie»', '«Brand»']"
341,0,Dem,,,,,"['Bergsøes', 'Korrektøren', 'Bravo']","['Ischia', 'Danmark', 'Kjøbenhavn']",[],"['«Kjærlighedens Komedie»', '«Brand»']"
342,0,ogsaa,,,,,"['Bergsøes', 'Korrektøren', 'Bravo']","['Ischia', 'Danmark', 'Kjøbenhavn']",[],"['«Kjærlighedens Komedie»', '«Brand»']"
343,0,efter,,,,,"['Bergsøes', 'Korrektøren', 'Bravo']","['Ischia', 'Danmark', 'Kjøbenhavn']",[],"['«Kjærlighedens Komedie»', '«Brand»']"
344,0,den,,,,,"['Bergsøes', 'Korrektøren', 'Bravo']","['Ischia', 'Danmark', 'Kjøbenhavn']",[],"['«Kjærlighedens Komedie»', '«Brand»']"
345,0,Tid,,,,,"['Bergsøes', 'Korrektøren', 'Bravo']","['Ischia', 'Danmark', 'Kjøbenhavn']",[],"['«Kjærlighedens Komedie»', '«Brand»']"
346,0,at,,,,,"['Bergsøes', 'Korrektøren', 'Bravo']","['Ischia', 'Danmark', 'Kjøbenhavn']",[],"['«Kjærlighedens Komedie»', '«Brand»']"
347,0,adressere,,,,,"['Bergsøes', 'Korrektøren', 'Bravo']","['Ischia', 'Danmark', 'Kjøbenhavn']",[],"['«Kjærlighedens Komedie»', '«Brand»']"
348,0,Deres,,,,,"['Bergsøes', 'Korrektøren', 'Bravo']","['Ischia', 'Danmark', 'Kjøbenhavn']",[],"['«Kjærlighedens Komedie»', '«Brand»']"
349,0,Breve,,,,,"['Bergsøes', 'Korrektøren', 'Bravo']","['Ischia', 'Danmark', 'Kjøbenhavn']",[],"['«Kjærlighedens Komedie»', '«Brand»']"
350,0,till,,,,,"['Bergsøes', 'Korrektøren', 'Bravo']","['Ischia', 'Danmark', 'Kjøbenhavn']",[],"['«Kjærlighedens Komedie»', '«Brand»']"
351,0,"Bravo,",,,,,"['Bergsøes', 'Korrektøren', 'Bravo']","['Ischia', 'Danmark', 'Kjøbenhavn']",[],"['«Kjærlighedens Komedie»', '«Brand»']"
352,0,som,,,,,"['Bergsøes', 'Korrektøren', 'Bravo']","['Ischia', 'Danmark', 'Kjøbenhavn']",[],"['«Kjærlighedens Komedie»', '«Brand»']"
353,0,da,,,,,"['Bergsøes', 'Korrektøren', 'Bravo']","['Ischia', 'Danmark', 'Kjøbenhavn']",[],"['«Kjærlighedens Komedie»', '«Brand»']"
354,0,vil,,,,,"['Bergsøes', 'Korrektøren', 'Bravo']","['Ischia', 'Danmark', 'Kjøbenhavn']",[],"['«Kjærlighedens Komedie»', '«Brand»']"
355,0,sørge,,,,,"['Bergsøes', 'Korrektøren', 'Bravo']","['Ischia', 'Danmark', 'Kjøbenhavn']",[],"['«Kjærlighedens Komedie»', '«Brand»']"
356,0,for,,,,,"['Bergsøes', 'Korrektøren', 'Bravo']","['Ischia', 'Danmark', 'Kjøbenhavn']",[],"['«Kjærlighedens Komedie»', '«Brand»']"
357,0,at,,,,,"['Bergsøes', 'Korrektøren', 'Bravo']","['Ischia', 'Danmark', 'Kjøbenhavn']",[],"['«Kjærlighedens Komedie»', '«Brand»']"
358,0,skaffe,,,,,"['Bergsøes', 'Korrektøren', 'Bravo']","['Ischia', 'Danmark', 'Kjøbenhavn']",[],"['«Kjærlighedens Komedie»', '«Brand»']"
359,0,mig,,,,,"['Bergsøes', 'Korrektøren', 'Bravo']","['Ischia', 'Danmark', 'Kjøbenhavn']",[],"['«Kjærlighedens Komedie»', '«Brand»']"
360,0,dem,,,,,"['Bergsøes', 'Korrektøren', 'Bravo']","['Ischia', 'Danmark', 'Kjøbenhavn']",[],"['«Kjærlighedens Komedie»', '«Brand»']"
361,0,ihænde,,,,,"['Bergsøes', 'Korrektøren', 'Bravo']","['Ischia', 'Danmark', 'Kjøbenhavn']",[],"['«Kjærlighedens Komedie»', '«Brand»']"
362,0,paa,,,,,"['Bergsøes', 'Korrektøren', 'Bravo']","['Ischia', 'Danmark', 'Kjøbenhavn']",[],"['«Kjærlighedens Komedie»', '«Brand»']"
363,0,bedste,,,,,"['Bergsøes', 'Korrektøren', 'Bravo']","['Ischia', 'Danmark', 'Kjøbenhavn']",[],"['«Kjærlighedens Komedie»', '«Brand»']"
364,0,Maade.,,,,,"['Bergsøes', 'Korrektøren', 'Bravo']","['Ischia', 'Danmark', 'Kjøbenhavn']",[],"['«Kjærlighedens Komedie»', '«Brand»']"
365,0,Naar,,,,,"['Bergsøes', 'Korrektøren', 'Bravo']","['Ischia', 'Danmark', 'Kjøbenhavn']",[],"['«Kjærlighedens Komedie»', '«Brand»']"
366,0,tre,,,,,"['Bergsøes', 'Korrektøren', 'Bravo']","['Ischia', 'Danmark', 'Kjøbenhavn']",[],"['«Kjærlighedens Komedie»', '«Brand»']"
367,0,Akter,,,,,"['Bergsøes', 'Korrektøren', 'Bravo']","['Ischia', 'Danmark', 'Kjøbenhavn']",[],"['«Kjærlighedens Komedie»', '«Brand»']"
368,0,af,,,,,"['Bergsøes', 'Korrektøren', 'Bravo']","['Ischia', 'Danmark', 'Kjøbenhavn']",[],"['«Kjærlighedens Komedie»', '«Brand»']"
369,0,Digtet,,,,,"['Bergsøes', 'Korrektøren', 'Bravo']","['Ischia', 'Danmark', 'Kjøbenhavn']",[],"['«Kjærlighedens Komedie»', '«Brand»']"
370,0,er,,,,,"['Bergsøes', 'Korrektøren', 'Bravo']","['Ischia', 'Danmark', 'Kjøbenhavn']",[],"['«Kjærlighedens Komedie»', '«Brand»']"
371,0,færdige,,,,,"['Bergsøes', 'Korrektøren', 'Bravo']","['Ischia', 'Danmark', 'Kjøbenhavn']",[],"['«Kjærlighedens Komedie»', '«Brand»']"
372,0,og,,,,,"['Bergsøes', 'Korrektøren', 'Bravo']","['Ischia', 'Danmark', 'Kjøbenhavn']",[],"['«Kjærlighedens Komedie»', '«Brand»']"
373,0,"renskrevne,",,,,,"['Bergsøes', 'Korrektøren', 'Bravo']","['Ischia', 'Danmark', 'Kjøbenhavn']",[],"['«Kjærlighedens Komedie»', '«Brand»']"
374,0,skal,,,,,"['Bergsøes', 'Korrektøren', 'Bravo']","['Ischia', 'Danmark', 'Kjøbenhavn']",[],"['«Kjærlighedens Komedie»', '«Brand»']"
375,0,jeg,,,,,"['Bergsøes', 'Korrektøren', 'Bravo']","['Ischia', 'Danmark', 'Kjøbenhavn']",[],"['«Kjærlighedens Komedie»', '«Brand»']"
376,0,sende,,,,,"['Bergsøes', 'Korrektøren', 'Bravo']","['Ischia', 'Danmark', 'Kjøbenhavn']",[],"['«Kjærlighedens Komedie»', '«Brand»']"
377,0,Dem,,,,,"['Bergsøes', 'Korrektøren', 'Bravo']","['Ischia', 'Danmark', 'Kjøbenhavn']",[],"['«Kjærlighedens Komedie»', '«Brand»']"
378,0,disse;,,,,,"['Bergsøes', 'Korrektøren', 'Bravo']","['Ischia', 'Danmark', 'Kjøbenhavn']",[],"['«Kjærlighedens Komedie»', '«Brand»']"
379,0,de,,,,,"['Bergsøes', 'Korrektøren', 'Bravo']","['Ischia', 'Danmark', 'Kjøbenhavn']",[],"['«Kjærlighedens Komedie»', '«Brand»']"
380,0,to,,,,,"['Bergsøes', 'Korrektøren', 'Bravo']","['Ischia', 'Danmark', 'Kjøbenhavn']",[],"['«Kjærlighedens Komedie»', '«Brand»']"
381,0,sidste,,,,,"['Bergsøes', 'Korrektøren', 'Bravo']","['Ischia', 'Danmark', 'Kjøbenhavn']",[],"['«Kjærlighedens Komedie»', '«Brand»']"
382,0,skal,,,,,"['Bergsøes', 'Korrektøren', 'Bravo']","['Ischia', 'Danmark', 'Kjøbenhavn']",[],"['«Kjærlighedens Komedie»', '«Brand»']"
383,0,forhaabentlig,,,,,"['Bergsøes', 'Korrektøren', 'Bravo']","['Ischia', 'Danmark', 'Kjøbenhavn']",[],"['«Kjærlighedens Komedie»', '«Brand»']"
384,0,ikke,,,,,"['Bergsøes', 'Korrektøren', 'Bravo']","['Ischia', 'Danmark', 'Kjøbenhavn']",[],"['«Kjærlighedens Komedie»', '«Brand»']"
385,0,længe,,,,,"['Bergsøes', 'Korrektøren', 'Bravo']","['Ischia', 'Danmark', 'Kjøbenhavn']",[],"['«Kjærlighedens Komedie»', '«Brand»']"
386,0,lade,,,,,"['Bergsøes', 'Korrektøren', 'Bravo']","['Ischia', 'Danmark', 'Kjøbenhavn']",[],"['«Kjærlighedens Komedie»', '«Brand»']"
387,0,vente,,,,,"['Bergsøes', 'Korrektøren', 'Bravo']","['Ischia', 'Danmark', 'Kjøbenhavn']",[],"['«Kjærlighedens Komedie»', '«Brand»']"
388,0,paa,,,,,"['Bergsøes', 'Korrektøren', 'Bravo']","['Ischia', 'Danmark', 'Kjøbenhavn']",[],"['«Kjærlighedens Komedie»', '«Brand»']"
389,0,"sig.Bergsøe,",,,,,"['Bergsøes', 'Korrektøren', 'Bravo']","['Ischia', 'Danmark', 'Kjøbenhavn']",[],"['«Kjærlighedens Komedie»', '«Brand»']"
390,0,som,,,,,"['Bergsøes', 'Korrektøren', 'Bravo']","['Ischia', 'Danmark', 'Kjøbenhavn']",[],"['«Kjærlighedens Komedie»', '«Brand»']"
391,0,var,,,,,"['Bergsøes', 'Korrektøren', 'Bravo']","['Ischia', 'Danmark', 'Kjøbenhavn']",[],"['«Kjærlighedens Komedie»', '«Brand»']"
392,0,afgaaet,,,,,"['Bergsøes', 'Korrektøren', 'Bravo']","['Ischia', 'Danmark', 'Kjøbenhavn']",[],"['«Kjærlighedens Komedie»', '«Brand»']"
393,0,till,,,,,"['Bergsøes', 'Korrektøren', 'Bravo']","['Ischia', 'Danmark', 'Kjøbenhavn']",[],"['«Kjærlighedens Komedie»', '«Brand»']"
394,0,"Ischia,",,,,,"['Bergsøes', 'Korrektøren', 'Bravo']","['Ischia', 'Danmark', 'Kjøbenhavn']",[],"['«Kjærlighedens Komedie»', '«Brand»']"
395,0,vendte,,,,,"['Bergsøes', 'Korrektøren', 'Bravo']","['Ischia', 'Danmark', 'Kjøbenhavn']",[],"['«Kjærlighedens Komedie»', '«Brand»']"
396,0,igjen,,,,,"['Bergsøes', 'Korrektøren', 'Bravo']","['Ischia', 'Danmark', 'Kjøbenhavn']",[],"['«Kjærlighedens Komedie»', '«Brand»']"
397,0,tillbage,,,,,"['Bergsøes', 'Korrektøren', 'Bravo']","['Ischia', 'Danmark', 'Kjøbenhavn']",[],"['«Kjærlighedens Komedie»', '«Brand»']"
398,0,till,,,,,"['Bergsøes', 'Korrektøren', 'Bravo']","['Ischia', 'Danmark', 'Kjøbenhavn']",[],"['«Kjærlighedens Komedie»', '«Brand»']"
399,0,Rom,,,,,"['Bergsøes', 'Korrektøren', 'Bravo']","['Ischia', 'Danmark', 'Kjøbenhavn']",[],"['«Kjærlighedens Komedie»', '«Brand»']"
400,0,for,,,,,"['Bergsøes', 'Korrektøren', 'Bravo']","['Ischia', 'Danmark', 'Kjøbenhavn']",[],"['«Kjærlighedens Komedie»', '«Brand»']"
401,0,at,,,,,"['Bergsøes', 'Korrektøren', 'Bravo']","['Ischia', 'Danmark', 'Kjøbenhavn']",[],"['«Kjærlighedens Komedie»', '«Brand»']"
402,0,modtage,,,,,"['Bergsøes', 'Korrektøren', 'Bravo']","['Ischia', 'Danmark', 'Kjøbenhavn']",[],"['«Kjærlighedens Komedie»', '«Brand»']"
403,0,sine,,,,,"['Bergsøes', 'Korrektøren', 'Bravo']","['Ischia', 'Danmark', 'Kjøbenhavn']",[],"['«Kjærlighedens Komedie»', '«Brand»']"
404,0,Søskende,,,,,"['Bergsøes', 'Korrektøren', 'Bravo']","['Ischia', 'Danmark', 'Kjøbenhavn']",[],"['«Kjærlighedens Komedie»', '«Brand»']"
405,0,og,,,,,"['Bergsøes', 'Korrektøren', 'Bravo']","['Ischia', 'Danmark', 'Kjøbenhavn']",[],"['«Kjærlighedens Komedie»', '«Brand»']"
406,0,rejste,,,,,"['Bergsøes', 'Korrektøren', 'Bravo']","['Ischia', 'Danmark', 'Kjøbenhavn']",[],"['«Kjærlighedens Komedie»', '«Brand»']"
407,0,med,,,,,"['Bergsøes', 'Korrektøren', 'Bravo']","['Ischia', 'Danmark', 'Kjøbenhavn']",[],"['«Kjærlighedens Komedie»', '«Brand»']"
408,0,dem,,,,,"['Bergsøes', 'Korrektøren', 'Bravo']","['Ischia', 'Danmark', 'Kjøbenhavn']",[],"['«Kjærlighedens Komedie»', '«Brand»']"
409,0,paany,,,,,"['Bergsøes', 'Korrektøren', 'Bravo']","['Ischia', 'Danmark', 'Kjøbenhavn']",[],"['«Kjærlighedens Komedie»', '«Brand»']"
410,0,derned,,,,,"['Bergsøes', 'Korrektøren', 'Bravo']","['Ischia', 'Danmark', 'Kjøbenhavn']",[],"['«Kjærlighedens Komedie»', '«Brand»']"
411,0,igaar.Sagerne,,,,,"['Bergsøes', 'Korrektøren', 'Bravo']","['Ischia', 'Danmark', 'Kjøbenhavn']",[],"['«Kjærlighedens Komedie»', '«Brand»']"
412,0,i,,,,,"['Bergsøes', 'Korrektøren', 'Bravo']","['Ischia', 'Danmark', 'Kjøbenhavn']",[],"['«Kjærlighedens Komedie»', '«Brand»']"
413,0,Danmark,,,,,"['Bergsøes', 'Korrektøren', 'Bravo']","['Ischia', 'Danmark', 'Kjøbenhavn']",[],"['«Kjærlighedens Komedie»', '«Brand»']"
414,0,volder,,,,,"['Bergsøes', 'Korrektøren', 'Bravo']","['Ischia', 'Danmark', 'Kjøbenhavn']",[],"['«Kjærlighedens Komedie»', '«Brand»']"
415,0,mig,,,,,"['Bergsøes', 'Korrektøren', 'Bravo']","['Ischia', 'Danmark', 'Kjøbenhavn']",[],"['«Kjærlighedens Komedie»', '«Brand»']"
416,0,baade,,,,,"['Bergsøes', 'Korrektøren', 'Bravo']","['Ischia', 'Danmark', 'Kjøbenhavn']",[],"['«Kjærlighedens Komedie»', '«Brand»']"
417,0,Bekymringer,,,,,"['Bergsøes', 'Korrektøren', 'Bravo']","['Ischia', 'Danmark', 'Kjøbenhavn']",[],"['«Kjærlighedens Komedie»', '«Brand»']"
418,0,og,,,,,"['Bergsøes', 'Korrektøren', 'Bravo']","['Ischia', 'Danmark', 'Kjøbenhavn']",[],"['«Kjærlighedens Komedie»', '«Brand»']"
419,0,Haab.,,,,,"['Bergsøes', 'Korrektøren', 'Bravo']","['Ischia', 'Danmark', 'Kjøbenhavn']",[],"['«Kjærlighedens Komedie»', '«Brand»']"
420,0,Gid,,,,,"['Bergsøes', 'Korrektøren', 'Bravo']","['Ischia', 'Danmark', 'Kjøbenhavn']",[],"['«Kjærlighedens Komedie»', '«Brand»']"
421,0,alt,,,,,"['Bergsøes', 'Korrektøren', 'Bravo']","['Ischia', 'Danmark', 'Kjøbenhavn']",[],"['«Kjærlighedens Komedie»', '«Brand»']"
422,0,maa,,,,,"['Bergsøes', 'Korrektøren', 'Bravo']","['Ischia', 'Danmark', 'Kjøbenhavn']",[],"['«Kjærlighedens Komedie»', '«Brand»']"
423,0,vende,,,,,"['Bergsøes', 'Korrektøren', 'Bravo']","['Ischia', 'Danmark', 'Kjøbenhavn']",[],"['«Kjærlighedens Komedie»', '«Brand»']"
424,0,sig,,,,,"['Bergsøes', 'Korrektøren', 'Bravo']","['Ischia', 'Danmark', 'Kjøbenhavn']",[],"['«Kjærlighedens Komedie»', '«Brand»']"
425,0,till,,,,,"['Bergsøes', 'Korrektøren', 'Bravo']","['Ischia', 'Danmark', 'Kjøbenhavn']",[],"['«Kjærlighedens Komedie»', '«Brand»']"
426,0,det,,,,,"['Bergsøes', 'Korrektøren', 'Bravo']","['Ischia', 'Danmark', 'Kjøbenhavn']",[],"['«Kjærlighedens Komedie»', '«Brand»']"
427,0,bedste!For,,,,,"['Bergsøes', 'Korrektøren', 'Bravo']","['Ischia', 'Danmark', 'Kjøbenhavn']",[],"['«Kjærlighedens Komedie»', '«Brand»']"
428,0,en,,,,,"['Bergsøes', 'Korrektøren', 'Bravo']","['Ischia', 'Danmark', 'Kjøbenhavn']",[],"['«Kjærlighedens Komedie»', '«Brand»']"
429,0,Sikkerheds,,,,,"['Bergsøes', 'Korrektøren', 'Bravo']","['Ischia', 'Danmark', 'Kjøbenhavn']",[],"['«Kjærlighedens Komedie»', '«Brand»']"
430,0,Skyld,,,,,"['Bergsøes', 'Korrektøren', 'Bravo']","['Ischia', 'Danmark', 'Kjøbenhavn']",[],"['«Kjærlighedens Komedie»', '«Brand»']"
431,0,gjentager,,,,,"['Bergsøes', 'Korrektøren', 'Bravo']","['Ischia', 'Danmark', 'Kjøbenhavn']",[],"['«Kjærlighedens Komedie»', '«Brand»']"
432,0,jeg,,,,,"['Bergsøes', 'Korrektøren', 'Bravo']","['Ischia', 'Danmark', 'Kjøbenhavn']",[],"['«Kjærlighedens Komedie»', '«Brand»']"
433,0,min,,,,,"['Bergsøes', 'Korrektøren', 'Bravo']","['Ischia', 'Danmark', 'Kjøbenhavn']",[],"['«Kjærlighedens Komedie»', '«Brand»']"
434,0,hjerteligste,,,,,"['Bergsøes', 'Korrektøren', 'Bravo']","['Ischia', 'Danmark', 'Kjøbenhavn']",[],"['«Kjærlighedens Komedie»', '«Brand»']"
435,0,Takk,,,,,"['Bergsøes', 'Korrektøren', 'Bravo']","['Ischia', 'Danmark', 'Kjøbenhavn']",[],"['«Kjærlighedens Komedie»', '«Brand»']"
436,0,for,,,,,"['Bergsøes', 'Korrektøren', 'Bravo']","['Ischia', 'Danmark', 'Kjøbenhavn']",[],"['«Kjærlighedens Komedie»', '«Brand»']"
437,0,de,,,,,"['Bergsøes', 'Korrektøren', 'Bravo']","['Ischia', 'Danmark', 'Kjøbenhavn']",[],"['«Kjærlighedens Komedie»', '«Brand»']"
438,0,modtagne,,,,,"['Bergsøes', 'Korrektøren', 'Bravo']","['Ischia', 'Danmark', 'Kjøbenhavn']",[],"['«Kjærlighedens Komedie»', '«Brand»']"
439,0,pragtfulde,,,,,"['Bergsøes', 'Korrektøren', 'Bravo']","['Ischia', 'Danmark', 'Kjøbenhavn']",[],"['«Kjærlighedens Komedie»', '«Brand»']"
440,0,Exemplarer,,,,,"['Bergsøes', 'Korrektøren', 'Bravo']","['Ischia', 'Danmark', 'Kjøbenhavn']",[],"['«Kjærlighedens Komedie»', '«Brand»']"
441,0,af,,,,,"['Bergsøes', 'Korrektøren', 'Bravo']","['Ischia', 'Danmark', 'Kjøbenhavn']",[],"['«Kjærlighedens Komedie»', '«Brand»']"
442,0,«Vintergrønt»,,,,,"['Bergsøes', 'Korrektøren', 'Bravo']","['Ischia', 'Danmark', 'Kjøbenhavn']",[],"['«Kjærlighedens Komedie»', '«Brand»']"
443,0,og,,,,,"['Bergsøes', 'Korrektøren', 'Bravo']","['Ischia', 'Danmark', 'Kjøbenhavn']",[],"['«Kjærlighedens Komedie»', '«Brand»']"
444,0,"«Brand»,",,,,,"['Bergsøes', 'Korrektøren', 'Bravo']","['Ischia', 'Danmark', 'Kjøbenhavn']",[],"['«Kjærlighedens Komedie»', '«Brand»']"
445,0,men,,,,,"['Bergsøes', 'Korrektøren', 'Bravo']","['Ischia', 'Danmark', 'Kjøbenhavn']",[],"['«Kjærlighedens Komedie»', '«Brand»']"
446,0,vil,,,,,"['Bergsøes', 'Korrektøren', 'Bravo']","['Ischia', 'Danmark', 'Kjøbenhavn']",[],"['«Kjærlighedens Komedie»', '«Brand»']"
447,0,dog,,,,,"['Bergsøes', 'Korrektøren', 'Bravo']","['Ischia', 'Danmark', 'Kjøbenhavn']",[],"['«Kjærlighedens Komedie»', '«Brand»']"
448,0,i,,,,,"['Bergsøes', 'Korrektøren', 'Bravo']","['Ischia', 'Danmark', 'Kjøbenhavn']",[],"['«Kjærlighedens Komedie»', '«Brand»']"
449,0,det,,,,,"['Bergsøes', 'Korrektøren', 'Bravo']","['Ischia', 'Danmark', 'Kjøbenhavn']",[],"['«Kjærlighedens Komedie»', '«Brand»']"
450,0,længste,,,,,"['Bergsøes', 'Korrektøren', 'Bravo']","['Ischia', 'Danmark', 'Kjøbenhavn']",[],"['«Kjærlighedens Komedie»', '«Brand»']"
451,0,haabe,,,,,"['Bergsøes', 'Korrektøren', 'Bravo']","['Ischia', 'Danmark', 'Kjøbenhavn']",[],"['«Kjærlighedens Komedie»', '«Brand»']"
452,0,at,,,,,"['Bergsøes', 'Korrektøren', 'Bravo']","['Ischia', 'Danmark', 'Kjøbenhavn']",[],"['«Kjærlighedens Komedie»', '«Brand»']"
453,0,min,,,,,"['Bergsøes', 'Korrektøren', 'Bravo']","['Ischia', 'Danmark', 'Kjøbenhavn']",[],"['«Kjærlighedens Komedie»', '«Brand»']"
454,0,Skrivelse,,,,,"['Bergsøes', 'Korrektøren', 'Bravo']","['Ischia', 'Danmark', 'Kjøbenhavn']",[],"['«Kjærlighedens Komedie»', '«Brand»']"
455,0,velbeholden,,,,,"['Bergsøes', 'Korrektøren', 'Bravo']","['Ischia', 'Danmark', 'Kjøbenhavn']",[],"['«Kjærlighedens Komedie»', '«Brand»']"
456,0,er,,,,,"['Bergsøes', 'Korrektøren', 'Bravo']","['Ischia', 'Danmark', 'Kjøbenhavn']",[],"['«Kjærlighedens Komedie»', '«Brand»']"
457,0,kommen,,,,,"['Bergsøes', 'Korrektøren', 'Bravo']","['Ischia', 'Danmark', 'Kjøbenhavn']",[],"['«Kjærlighedens Komedie»', '«Brand»']"
458,0,till,,,,,"['Bergsøes', 'Korrektøren', 'Bravo']","['Ischia', 'Danmark', 'Kjøbenhavn']",[],"['«Kjærlighedens Komedie»', '«Brand»']"
459,0,Kjøbenhavn,,,,,"['Bergsøes', 'Korrektøren', 'Bravo']","['Ischia', 'Danmark', 'Kjøbenhavn']",[],"['«Kjærlighedens Komedie»', '«Brand»']"
460,0,og,,,,,"['Bergsøes', 'Korrektøren', 'Bravo']","['Ischia', 'Danmark', 'Kjøbenhavn']",[],"['«Kjærlighedens Komedie»', '«Brand»']"
461,0,at,,,,,"['Bergsøes', 'Korrektøren', 'Bravo']","['Ischia', 'Danmark', 'Kjøbenhavn']",[],"['«Kjærlighedens Komedie»', '«Brand»']"
462,0,Udsættelsen,,,,,"['Bergsøes', 'Korrektøren', 'Bravo']","['Ischia', 'Danmark', 'Kjøbenhavn']",[],"['«Kjærlighedens Komedie»', '«Brand»']"
463,0,saaledes,,,,,"['Bergsøes', 'Korrektøren', 'Bravo']","['Ischia', 'Danmark', 'Kjøbenhavn']",[],"['«Kjærlighedens Komedie»', '«Brand»']"
464,0,grunder,,,,,"['Bergsøes', 'Korrektøren', 'Bravo']","['Ischia', 'Danmark', 'Kjøbenhavn']",[],"['«Kjærlighedens Komedie»', '«Brand»']"
465,0,sig,,,,,"['Bergsøes', 'Korrektøren', 'Bravo']","['Ischia', 'Danmark', 'Kjøbenhavn']",[],"['«Kjærlighedens Komedie»', '«Brand»']"
466,0,paa,,,,,"['Bergsøes', 'Korrektøren', 'Bravo']","['Ischia', 'Danmark', 'Kjøbenhavn']",[],"['«Kjærlighedens Komedie»', '«Brand»']"
467,0,Deres,,,,,"['Bergsøes', 'Korrektøren', 'Bravo']","['Ischia', 'Danmark', 'Kjøbenhavn']",[],"['«Kjærlighedens Komedie»', '«Brand»']"
468,0,egen,,,,,"['Bergsøes', 'Korrektøren', 'Bravo']","['Ischia', 'Danmark', 'Kjøbenhavn']",[],"['«Kjærlighedens Komedie»', '«Brand»']"
469,0,frivillige,,,,,"['Bergsøes', 'Korrektøren', 'Bravo']","['Ischia', 'Danmark', 'Kjøbenhavn']",[],"['«Kjærlighedens Komedie»', '«Brand»']"
470,0,Besluttning.Med,,,,,"['Bergsøes', 'Korrektøren', 'Bravo']","['Ischia', 'Danmark', 'Kjøbenhavn']",[],"['«Kjærlighedens Komedie»', '«Brand»']"
471,0,de,,,,,"['Bergsøes', 'Korrektøren', 'Bravo']","['Ischia', 'Danmark', 'Kjøbenhavn']",[],"['«Kjærlighedens Komedie»', '«Brand»']"
472,0,bedste,,,,,"['Bergsøes', 'Korrektøren', 'Bravo']","['Ischia', 'Danmark', 'Kjøbenhavn']",[],"['«Kjærlighedens Komedie»', '«Brand»']"
473,0,Hilsener,,,,,"['Bergsøes', 'Korrektøren', 'Bravo']","['Ischia', 'Danmark', 'Kjøbenhavn']",[],"['«Kjærlighedens Komedie»', '«Brand»']"
474,0,og,,,,,"['Bergsøes', 'Korrektøren', 'Bravo']","['Ischia', 'Danmark', 'Kjøbenhavn']",[],"['«Kjærlighedens Komedie»', '«Brand»']"
475,0,Ønsker,,,,,"['Bergsøes', 'Korrektøren', 'Bravo']","['Ischia', 'Danmark', 'Kjøbenhavn']",[],"['«Kjærlighedens Komedie»', '«Brand»']"
476,0,tegner,,,,,"['Bergsøes', 'Korrektøren', 'Bravo']","['Ischia', 'Danmark', 'Kjøbenhavn']",[],"['«Kjærlighedens Komedie»', '«Brand»']"
477,0,jeg,,,,,"['Bergsøes', 'Korrektøren', 'Bravo']","['Ischia', 'Danmark', 'Kjøbenhavn']",[],"['«Kjærlighedens Komedie»', '«Brand»']"
478,0,mig,,,,,"['Bergsøes', 'Korrektøren', 'Bravo']","['Ischia', 'Danmark', 'Kjøbenhavn']",[],"['«Kjærlighedens Komedie»', '«Brand»']"
