,,0,human_annotation,who,dacy_medium,spacy_trf,person,place,org,work
0,0,Herved,,,,,[],[],[],['«Catilina»']
1,0,beder,,,,,[],[],[],['«Catilina»']
2,0,jeg,,,,,[],[],[],['«Catilina»']
3,0,Dem,,,,,[],[],[],['«Catilina»']
4,0,venligst,,,,,[],[],[],['«Catilina»']
5,0,modtage,,,,,[],[],[],['«Catilina»']
6,0,medfølgende,,,,,[],[],[],['«Catilina»']
7,0,exemplar,,,,,[],[],[],['«Catilina»']
8,0,af,,,,,[],[],[],['«Catilina»']
9,0,«Catilina»,,,,,[],[],[],['«Catilina»']
10,0,i,,,,,[],[],[],['«Catilina»']
11,0,ny,,,,,[],[],[],['«Catilina»']
12,0,"udgave,",,,,,[],[],[],['«Catilina»']
13,0,med,,,,,[],[],[],['«Catilina»']
14,0,hvis,,,,,[],[],[],['«Catilina»']
15,0,offentliggørelse,,,,,[],[],[],['«Catilina»']
16,0,jeg,,,,,[],[],[],['«Catilina»']
17,0,førstkommende,,,,,[],[],[],['«Catilina»']
18,0,20de,,,,,[],[],[],['«Catilina»']
19,0,"Marts,",,,,,[],[],[],['«Catilina»']
20,0,min,,,,,[],[],[],['«Catilina»']
21,0,"fødselsdag,",,,,,[],[],[],['«Catilina»']
22,0,fejrer,,,,,[],[],[],['«Catilina»']
23,0,mit,,,,,[],[],[],['«Catilina»']
24,0,25-årige,,,,,[],[],[],['«Catilina»']
25,0,forfatterjubileæum.,,,,,[],[],[],['«Catilina»']
