,,0,human_annotation,who,dacy_medium,spacy_trf,person,place,org,work
0,0,At,,,,,"['Julian', 'Gregor', 'Cæsarios', 'Hegel', 'Eunapios', 'Holberg', 'Jensen']",['Cæsaræa'],[],"['Det arbejde, jeg nu udgiver']"
1,0,"jeg,",,,,,"['Julian', 'Gregor', 'Cæsarios', 'Hegel', 'Eunapios', 'Holberg', 'Jensen']",['Cæsaræa'],[],"['Det arbejde, jeg nu udgiver']"
2,0,ved,,,,,"['Julian', 'Gregor', 'Cæsarios', 'Hegel', 'Eunapios', 'Holberg', 'Jensen']",['Cæsaræa'],[],"['Det arbejde, jeg nu udgiver']"
3,0,at,,,,,"['Julian', 'Gregor', 'Cæsarios', 'Hegel', 'Eunapios', 'Holberg', 'Jensen']",['Cæsaræa'],[],"['Det arbejde, jeg nu udgiver']"
4,0,henvende,,,,,"['Julian', 'Gregor', 'Cæsarios', 'Hegel', 'Eunapios', 'Holberg', 'Jensen']",['Cæsaræa'],[],"['Det arbejde, jeg nu udgiver']"
5,0,mig,,,,,"['Julian', 'Gregor', 'Cæsarios', 'Hegel', 'Eunapios', 'Holberg', 'Jensen']",['Cæsaræa'],[],"['Det arbejde, jeg nu udgiver']"
6,0,til,,,,,"['Julian', 'Gregor', 'Cæsarios', 'Hegel', 'Eunapios', 'Holberg', 'Jensen']",['Cæsaræa'],[],"['Det arbejde, jeg nu udgiver']"
7,0,"Dig,",,,,,"['Julian', 'Gregor', 'Cæsarios', 'Hegel', 'Eunapios', 'Holberg', 'Jensen']",['Cæsaræa'],[],"['Det arbejde, jeg nu udgiver']"
8,0,henvendte,,,,,"['Julian', 'Gregor', 'Cæsarios', 'Hegel', 'Eunapios', 'Holberg', 'Jensen']",['Cæsaræa'],[],"['Det arbejde, jeg nu udgiver']"
9,0,mig,,,,,"['Julian', 'Gregor', 'Cæsarios', 'Hegel', 'Eunapios', 'Holberg', 'Jensen']",['Cæsaræa'],[],"['Det arbejde, jeg nu udgiver']"
10,0,til,,,,,"['Julian', 'Gregor', 'Cæsarios', 'Hegel', 'Eunapios', 'Holberg', 'Jensen']",['Cæsaræa'],[],"['Det arbejde, jeg nu udgiver']"
11,0,den,,,,,"['Julian', 'Gregor', 'Cæsarios', 'Hegel', 'Eunapios', 'Holberg', 'Jensen']",['Cæsaræa'],[],"['Det arbejde, jeg nu udgiver']"
12,0,"rette,",,,,,"['Julian', 'Gregor', 'Cæsarios', 'Hegel', 'Eunapios', 'Holberg', 'Jensen']",['Cæsaræa'],[],"['Det arbejde, jeg nu udgiver']"
13,0,var,,,,,"['Julian', 'Gregor', 'Cæsarios', 'Hegel', 'Eunapios', 'Holberg', 'Jensen']",['Cæsaræa'],[],"['Det arbejde, jeg nu udgiver']"
14,0,jeg,,,,,"['Julian', 'Gregor', 'Cæsarios', 'Hegel', 'Eunapios', 'Holberg', 'Jensen']",['Cæsaræa'],[],"['Det arbejde, jeg nu udgiver']"
15,0,på,,,,,"['Julian', 'Gregor', 'Cæsarios', 'Hegel', 'Eunapios', 'Holberg', 'Jensen']",['Cæsaræa'],[],"['Det arbejde, jeg nu udgiver']"
16,0,forhånd,,,,,"['Julian', 'Gregor', 'Cæsarios', 'Hegel', 'Eunapios', 'Holberg', 'Jensen']",['Cæsaræa'],[],"['Det arbejde, jeg nu udgiver']"
17,0,viss,,,,,"['Julian', 'Gregor', 'Cæsarios', 'Hegel', 'Eunapios', 'Holberg', 'Jensen']",['Cæsaræa'],[],"['Det arbejde, jeg nu udgiver']"
18,0,på.,,,,,"['Julian', 'Gregor', 'Cæsarios', 'Hegel', 'Eunapios', 'Holberg', 'Jensen']",['Cæsaræa'],[],"['Det arbejde, jeg nu udgiver']"
19,0,Fuld,,,,,"['Julian', 'Gregor', 'Cæsarios', 'Hegel', 'Eunapios', 'Holberg', 'Jensen']",['Cæsaræa'],[],"['Det arbejde, jeg nu udgiver']"
20,0,bekræftelse,,,,,"['Julian', 'Gregor', 'Cæsarios', 'Hegel', 'Eunapios', 'Holberg', 'Jensen']",['Cæsaræa'],[],"['Det arbejde, jeg nu udgiver']"
21,0,her,,,,,"['Julian', 'Gregor', 'Cæsarios', 'Hegel', 'Eunapios', 'Holberg', 'Jensen']",['Cæsaræa'],[],"['Det arbejde, jeg nu udgiver']"
22,0,på,,,,,"['Julian', 'Gregor', 'Cæsarios', 'Hegel', 'Eunapios', 'Holberg', 'Jensen']",['Cæsaræa'],[],"['Det arbejde, jeg nu udgiver']"
23,0,fik,,,,,"['Julian', 'Gregor', 'Cæsarios', 'Hegel', 'Eunapios', 'Holberg', 'Jensen']",['Cæsaræa'],[],"['Det arbejde, jeg nu udgiver']"
24,0,jeg,,,,,"['Julian', 'Gregor', 'Cæsarios', 'Hegel', 'Eunapios', 'Holberg', 'Jensen']",['Cæsaræa'],[],"['Det arbejde, jeg nu udgiver']"
25,0,da,,,,,"['Julian', 'Gregor', 'Cæsarios', 'Hegel', 'Eunapios', 'Holberg', 'Jensen']",['Cæsaræa'],[],"['Det arbejde, jeg nu udgiver']"
26,0,også,,,,,"['Julian', 'Gregor', 'Cæsarios', 'Hegel', 'Eunapios', 'Holberg', 'Jensen']",['Cæsaræa'],[],"['Det arbejde, jeg nu udgiver']"
27,0,ved,,,,,"['Julian', 'Gregor', 'Cæsarios', 'Hegel', 'Eunapios', 'Holberg', 'Jensen']",['Cæsaræa'],[],"['Det arbejde, jeg nu udgiver']"
28,0,den,,,,,"['Julian', 'Gregor', 'Cæsarios', 'Hegel', 'Eunapios', 'Holberg', 'Jensen']",['Cæsaræa'],[],"['Det arbejde, jeg nu udgiver']"
29,0,hurtighed,,,,,"['Julian', 'Gregor', 'Cæsarios', 'Hegel', 'Eunapios', 'Holberg', 'Jensen']",['Cæsaræa'],[],"['Det arbejde, jeg nu udgiver']"
30,0,og,,,,,"['Julian', 'Gregor', 'Cæsarios', 'Hegel', 'Eunapios', 'Holberg', 'Jensen']",['Cæsaræa'],[],"['Det arbejde, jeg nu udgiver']"
31,0,"udførlighed,",,,,,"['Julian', 'Gregor', 'Cæsarios', 'Hegel', 'Eunapios', 'Holberg', 'Jensen']",['Cæsaræa'],[],"['Det arbejde, jeg nu udgiver']"
32,0,hvormed,,,,,"['Julian', 'Gregor', 'Cæsarios', 'Hegel', 'Eunapios', 'Holberg', 'Jensen']",['Cæsaræa'],[],"['Det arbejde, jeg nu udgiver']"
33,0,Du,,,,,"['Julian', 'Gregor', 'Cæsarios', 'Hegel', 'Eunapios', 'Holberg', 'Jensen']",['Cæsaræa'],[],"['Det arbejde, jeg nu udgiver']"
34,0,var,,,,,"['Julian', 'Gregor', 'Cæsarios', 'Hegel', 'Eunapios', 'Holberg', 'Jensen']",['Cæsaræa'],[],"['Det arbejde, jeg nu udgiver']"
35,0,så,,,,,"['Julian', 'Gregor', 'Cæsarios', 'Hegel', 'Eunapios', 'Holberg', 'Jensen']",['Cæsaræa'],[],"['Det arbejde, jeg nu udgiver']"
36,0,god,,,,,"['Julian', 'Gregor', 'Cæsarios', 'Hegel', 'Eunapios', 'Holberg', 'Jensen']",['Cæsaræa'],[],"['Det arbejde, jeg nu udgiver']"
37,0,at,,,,,"['Julian', 'Gregor', 'Cæsarios', 'Hegel', 'Eunapios', 'Holberg', 'Jensen']",['Cæsaræa'],[],"['Det arbejde, jeg nu udgiver']"
38,0,besvare,,,,,"['Julian', 'Gregor', 'Cæsarios', 'Hegel', 'Eunapios', 'Holberg', 'Jensen']",['Cæsaræa'],[],"['Det arbejde, jeg nu udgiver']"
39,0,mit,,,,,"['Julian', 'Gregor', 'Cæsarios', 'Hegel', 'Eunapios', 'Holberg', 'Jensen']",['Cæsaræa'],[],"['Det arbejde, jeg nu udgiver']"
40,0,brev.Jeg,,,,,"['Julian', 'Gregor', 'Cæsarios', 'Hegel', 'Eunapios', 'Holberg', 'Jensen']",['Cæsaræa'],[],"['Det arbejde, jeg nu udgiver']"
41,0,selv,,,,,"['Julian', 'Gregor', 'Cæsarios', 'Hegel', 'Eunapios', 'Holberg', 'Jensen']",['Cæsaræa'],[],"['Det arbejde, jeg nu udgiver']"
42,0,var,,,,,"['Julian', 'Gregor', 'Cæsarios', 'Hegel', 'Eunapios', 'Holberg', 'Jensen']",['Cæsaræa'],[],"['Det arbejde, jeg nu udgiver']"
43,0,derimod,,,,,"['Julian', 'Gregor', 'Cæsarios', 'Hegel', 'Eunapios', 'Holberg', 'Jensen']",['Cæsaræa'],[],"['Det arbejde, jeg nu udgiver']"
44,0,forrige,,,,,"['Julian', 'Gregor', 'Cæsarios', 'Hegel', 'Eunapios', 'Holberg', 'Jensen']",['Cæsaræa'],[],"['Det arbejde, jeg nu udgiver']"
45,0,gang,,,,,"['Julian', 'Gregor', 'Cæsarios', 'Hegel', 'Eunapios', 'Holberg', 'Jensen']",['Cæsaræa'],[],"['Det arbejde, jeg nu udgiver']"
46,0,ikke,,,,,"['Julian', 'Gregor', 'Cæsarios', 'Hegel', 'Eunapios', 'Holberg', 'Jensen']",['Cæsaræa'],[],"['Det arbejde, jeg nu udgiver']"
47,0,ganske,,,,,"['Julian', 'Gregor', 'Cæsarios', 'Hegel', 'Eunapios', 'Holberg', 'Jensen']",['Cæsaræa'],[],"['Det arbejde, jeg nu udgiver']"
48,0,udførlig;,,,,,"['Julian', 'Gregor', 'Cæsarios', 'Hegel', 'Eunapios', 'Holberg', 'Jensen']",['Cæsaræa'],[],"['Det arbejde, jeg nu udgiver']"
49,0,jeg,,,,,"['Julian', 'Gregor', 'Cæsarios', 'Hegel', 'Eunapios', 'Holberg', 'Jensen']",['Cæsaræa'],[],"['Det arbejde, jeg nu udgiver']"
50,0,glemte,,,,,"['Julian', 'Gregor', 'Cæsarios', 'Hegel', 'Eunapios', 'Holberg', 'Jensen']",['Cæsaræa'],[],"['Det arbejde, jeg nu udgiver']"
51,0,at,,,,,"['Julian', 'Gregor', 'Cæsarios', 'Hegel', 'Eunapios', 'Holberg', 'Jensen']",['Cæsaræa'],[],"['Det arbejde, jeg nu udgiver']"
52,0,bemærke,,,,,"['Julian', 'Gregor', 'Cæsarios', 'Hegel', 'Eunapios', 'Holberg', 'Jensen']",['Cæsaræa'],[],"['Det arbejde, jeg nu udgiver']"
53,0,noget,,,,,"['Julian', 'Gregor', 'Cæsarios', 'Hegel', 'Eunapios', 'Holberg', 'Jensen']",['Cæsaræa'],[],"['Det arbejde, jeg nu udgiver']"
54,0,"væsentligt,",,,,,"['Julian', 'Gregor', 'Cæsarios', 'Hegel', 'Eunapios', 'Holberg', 'Jensen']",['Cæsaræa'],[],"['Det arbejde, jeg nu udgiver']"
55,0,"nemlig,",,,,,"['Julian', 'Gregor', 'Cæsarios', 'Hegel', 'Eunapios', 'Holberg', 'Jensen']",['Cæsaræa'],[],"['Det arbejde, jeg nu udgiver']"
56,0,at,,,,,"['Julian', 'Gregor', 'Cæsarios', 'Hegel', 'Eunapios', 'Holberg', 'Jensen']",['Cæsaræa'],[],"['Det arbejde, jeg nu udgiver']"
57,0,jeg,,,,,"['Julian', 'Gregor', 'Cæsarios', 'Hegel', 'Eunapios', 'Holberg', 'Jensen']",['Cæsaræa'],[],"['Det arbejde, jeg nu udgiver']"
58,0,nok,,,,,"['Julian', 'Gregor', 'Cæsarios', 'Hegel', 'Eunapios', 'Holberg', 'Jensen']",['Cæsaræa'],[],"['Det arbejde, jeg nu udgiver']"
59,0,gerne,,,,,"['Julian', 'Gregor', 'Cæsarios', 'Hegel', 'Eunapios', 'Holberg', 'Jensen']",['Cæsaræa'],[],"['Det arbejde, jeg nu udgiver']"
60,0,vilde,,,,,"['Julian', 'Gregor', 'Cæsarios', 'Hegel', 'Eunapios', 'Holberg', 'Jensen']",['Cæsaræa'],[],"['Det arbejde, jeg nu udgiver']"
61,0,vide,,,,,"['Julian', 'Gregor', 'Cæsarios', 'Hegel', 'Eunapios', 'Holberg', 'Jensen']",['Cæsaræa'],[],"['Det arbejde, jeg nu udgiver']"
62,0,den,,,,,"['Julian', 'Gregor', 'Cæsarios', 'Hegel', 'Eunapios', 'Holberg', 'Jensen']",['Cæsaræa'],[],"['Det arbejde, jeg nu udgiver']"
63,0,rette,,,,,"['Julian', 'Gregor', 'Cæsarios', 'Hegel', 'Eunapios', 'Holberg', 'Jensen']",['Cæsaræa'],[],"['Det arbejde, jeg nu udgiver']"
64,0,græske,,,,,"['Julian', 'Gregor', 'Cæsarios', 'Hegel', 'Eunapios', 'Holberg', 'Jensen']",['Cæsaræa'],[],"['Det arbejde, jeg nu udgiver']"
65,0,"skrivemåde,",,,,,"['Julian', 'Gregor', 'Cæsarios', 'Hegel', 'Eunapios', 'Holberg', 'Jensen']",['Cæsaræa'],[],"['Det arbejde, jeg nu udgiver']"
66,0,"men,",,,,,"['Julian', 'Gregor', 'Cæsarios', 'Hegel', 'Eunapios', 'Holberg', 'Jensen']",['Cæsaræa'],[],"['Det arbejde, jeg nu udgiver']"
67,0,vel,,,,,"['Julian', 'Gregor', 'Cæsarios', 'Hegel', 'Eunapios', 'Holberg', 'Jensen']",['Cæsaræa'],[],"['Det arbejde, jeg nu udgiver']"
68,0,at,,,,,"['Julian', 'Gregor', 'Cæsarios', 'Hegel', 'Eunapios', 'Holberg', 'Jensen']",['Cæsaræa'],[],"['Det arbejde, jeg nu udgiver']"
69,0,"mærke,",,,,,"['Julian', 'Gregor', 'Cæsarios', 'Hegel', 'Eunapios', 'Holberg', 'Jensen']",['Cæsaræa'],[],"['Det arbejde, jeg nu udgiver']"
70,0,ikke,,,,,"['Julian', 'Gregor', 'Cæsarios', 'Hegel', 'Eunapios', 'Holberg', 'Jensen']",['Cæsaræa'],[],"['Det arbejde, jeg nu udgiver']"
71,0,for,,,,,"['Julian', 'Gregor', 'Cæsarios', 'Hegel', 'Eunapios', 'Holberg', 'Jensen']",['Cæsaræa'],[],"['Det arbejde, jeg nu udgiver']"
72,0,at,,,,,"['Julian', 'Gregor', 'Cæsarios', 'Hegel', 'Eunapios', 'Holberg', 'Jensen']",['Cæsaræa'],[],"['Det arbejde, jeg nu udgiver']"
73,0,bruge,,,,,"['Julian', 'Gregor', 'Cæsarios', 'Hegel', 'Eunapios', 'Holberg', 'Jensen']",['Cæsaræa'],[],"['Det arbejde, jeg nu udgiver']"
74,0,den,,,,,"['Julian', 'Gregor', 'Cæsarios', 'Hegel', 'Eunapios', 'Holberg', 'Jensen']",['Cæsaræa'],[],"['Det arbejde, jeg nu udgiver']"
75,0,i,,,,,"['Julian', 'Gregor', 'Cæsarios', 'Hegel', 'Eunapios', 'Holberg', 'Jensen']",['Cæsaræa'],[],"['Det arbejde, jeg nu udgiver']"
76,0,dens,,,,,"['Julian', 'Gregor', 'Cæsarios', 'Hegel', 'Eunapios', 'Holberg', 'Jensen']",['Cæsaræa'],[],"['Det arbejde, jeg nu udgiver']"
77,0,fulde,,,,,"['Julian', 'Gregor', 'Cæsarios', 'Hegel', 'Eunapios', 'Holberg', 'Jensen']",['Cæsaræa'],[],"['Det arbejde, jeg nu udgiver']"
78,0,"renhed,",,,,,"['Julian', 'Gregor', 'Cæsarios', 'Hegel', 'Eunapios', 'Holberg', 'Jensen']",['Cæsaræa'],[],"['Det arbejde, jeg nu udgiver']"
79,0,men,,,,,"['Julian', 'Gregor', 'Cæsarios', 'Hegel', 'Eunapios', 'Holberg', 'Jensen']",['Cæsaræa'],[],"['Det arbejde, jeg nu udgiver']"
80,0,for,,,,,"['Julian', 'Gregor', 'Cæsarios', 'Hegel', 'Eunapios', 'Holberg', 'Jensen']",['Cæsaræa'],[],"['Det arbejde, jeg nu udgiver']"
81,0,at,,,,,"['Julian', 'Gregor', 'Cæsarios', 'Hegel', 'Eunapios', 'Holberg', 'Jensen']",['Cæsaræa'],[],"['Det arbejde, jeg nu udgiver']"
82,0,kunne,,,,,"['Julian', 'Gregor', 'Cæsarios', 'Hegel', 'Eunapios', 'Holberg', 'Jensen']",['Cæsaræa'],[],"['Det arbejde, jeg nu udgiver']"
83,0,"afgøre,",,,,,"['Julian', 'Gregor', 'Cæsarios', 'Hegel', 'Eunapios', 'Holberg', 'Jensen']",['Cæsaræa'],[],"['Det arbejde, jeg nu udgiver']"
84,0,hvor,,,,,"['Julian', 'Gregor', 'Cæsarios', 'Hegel', 'Eunapios', 'Holberg', 'Jensen']",['Cæsaræa'],[],"['Det arbejde, jeg nu udgiver']"
85,0,langt,,,,,"['Julian', 'Gregor', 'Cæsarios', 'Hegel', 'Eunapios', 'Holberg', 'Jensen']",['Cæsaræa'],[],"['Det arbejde, jeg nu udgiver']"
86,0,jeg,,,,,"['Julian', 'Gregor', 'Cæsarios', 'Hegel', 'Eunapios', 'Holberg', 'Jensen']",['Cæsaræa'],[],"['Det arbejde, jeg nu udgiver']"
87,0,med,,,,,"['Julian', 'Gregor', 'Cæsarios', 'Hegel', 'Eunapios', 'Holberg', 'Jensen']",['Cæsaræa'],[],"['Det arbejde, jeg nu udgiver']"
88,0,berettigelse,,,,,"['Julian', 'Gregor', 'Cæsarios', 'Hegel', 'Eunapios', 'Holberg', 'Jensen']",['Cæsaræa'],[],"['Det arbejde, jeg nu udgiver']"
89,0,tør,,,,,"['Julian', 'Gregor', 'Cæsarios', 'Hegel', 'Eunapios', 'Holberg', 'Jensen']",['Cæsaræa'],[],"['Det arbejde, jeg nu udgiver']"
90,0,gå,,,,,"['Julian', 'Gregor', 'Cæsarios', 'Hegel', 'Eunapios', 'Holberg', 'Jensen']",['Cæsaræa'],[],"['Det arbejde, jeg nu udgiver']"
91,0,i,,,,,"['Julian', 'Gregor', 'Cæsarios', 'Hegel', 'Eunapios', 'Holberg', 'Jensen']",['Cæsaræa'],[],"['Det arbejde, jeg nu udgiver']"
92,0,at,,,,,"['Julian', 'Gregor', 'Cæsarios', 'Hegel', 'Eunapios', 'Holberg', 'Jensen']",['Cæsaræa'],[],"['Det arbejde, jeg nu udgiver']"
93,0,skandinavisere,,,,,"['Julian', 'Gregor', 'Cæsarios', 'Hegel', 'Eunapios', 'Holberg', 'Jensen']",['Cæsaræa'],[],"['Det arbejde, jeg nu udgiver']"
94,0,de,,,,,"['Julian', 'Gregor', 'Cæsarios', 'Hegel', 'Eunapios', 'Holberg', 'Jensen']",['Cæsaræa'],[],"['Det arbejde, jeg nu udgiver']"
95,0,græske,,,,,"['Julian', 'Gregor', 'Cæsarios', 'Hegel', 'Eunapios', 'Holberg', 'Jensen']",['Cæsaræa'],[],"['Det arbejde, jeg nu udgiver']"
96,0,navne.,,,,,"['Julian', 'Gregor', 'Cæsarios', 'Hegel', 'Eunapios', 'Holberg', 'Jensen']",['Cæsaræa'],[],"['Det arbejde, jeg nu udgiver']"
97,0,–,,,,,"['Julian', 'Gregor', 'Cæsarios', 'Hegel', 'Eunapios', 'Holberg', 'Jensen']",['Cæsaræa'],[],"['Det arbejde, jeg nu udgiver']"
98,0,Jeg,,,,,"['Julian', 'Gregor', 'Cæsarios', 'Hegel', 'Eunapios', 'Holberg', 'Jensen']",['Cæsaræa'],[],"['Det arbejde, jeg nu udgiver']"
99,0,stræber,,,,,"['Julian', 'Gregor', 'Cæsarios', 'Hegel', 'Eunapios', 'Holberg', 'Jensen']",['Cæsaræa'],[],"['Det arbejde, jeg nu udgiver']"
100,0,nemlig,,,,,"['Julian', 'Gregor', 'Cæsarios', 'Hegel', 'Eunapios', 'Holberg', 'Jensen']",['Cæsaræa'],[],"['Det arbejde, jeg nu udgiver']"
101,0,efter,,,,,"['Julian', 'Gregor', 'Cæsarios', 'Hegel', 'Eunapios', 'Holberg', 'Jensen']",['Cæsaræa'],[],"['Det arbejde, jeg nu udgiver']"
102,0,en,,,,,"['Julian', 'Gregor', 'Cæsarios', 'Hegel', 'Eunapios', 'Holberg', 'Jensen']",['Cæsaræa'],[],"['Det arbejde, jeg nu udgiver']"
103,0,viss,,,,,"['Julian', 'Gregor', 'Cæsarios', 'Hegel', 'Eunapios', 'Holberg', 'Jensen']",['Cæsaræa'],[],"['Det arbejde, jeg nu udgiver']"
104,0,konformitet,,,,,"['Julian', 'Gregor', 'Cæsarios', 'Hegel', 'Eunapios', 'Holberg', 'Jensen']",['Cæsaræa'],[],"['Det arbejde, jeg nu udgiver']"
105,0,og,,,,,"['Julian', 'Gregor', 'Cæsarios', 'Hegel', 'Eunapios', 'Holberg', 'Jensen']",['Cæsaræa'],[],"['Det arbejde, jeg nu udgiver']"
106,0,vil,,,,,"['Julian', 'Gregor', 'Cæsarios', 'Hegel', 'Eunapios', 'Holberg', 'Jensen']",['Cæsaræa'],[],"['Det arbejde, jeg nu udgiver']"
107,0,nødig,,,,,"['Julian', 'Gregor', 'Cæsarios', 'Hegel', 'Eunapios', 'Holberg', 'Jensen']",['Cæsaræa'],[],"['Det arbejde, jeg nu udgiver']"
108,0,at,,,,,"['Julian', 'Gregor', 'Cæsarios', 'Hegel', 'Eunapios', 'Holberg', 'Jensen']",['Cæsaræa'],[],"['Det arbejde, jeg nu udgiver']"
109,0,de,,,,,"['Julian', 'Gregor', 'Cæsarios', 'Hegel', 'Eunapios', 'Holberg', 'Jensen']",['Cæsaræa'],[],"['Det arbejde, jeg nu udgiver']"
110,0,mange,,,,,"['Julian', 'Gregor', 'Cæsarios', 'Hegel', 'Eunapios', 'Holberg', 'Jensen']",['Cæsaræa'],[],"['Det arbejde, jeg nu udgiver']"
111,0,navne,,,,,"['Julian', 'Gregor', 'Cæsarios', 'Hegel', 'Eunapios', 'Holberg', 'Jensen']",['Cæsaræa'],[],"['Det arbejde, jeg nu udgiver']"
112,0,skal,,,,,"['Julian', 'Gregor', 'Cæsarios', 'Hegel', 'Eunapios', 'Holberg', 'Jensen']",['Cæsaræa'],[],"['Det arbejde, jeg nu udgiver']"
113,0,stikke,,,,,"['Julian', 'Gregor', 'Cæsarios', 'Hegel', 'Eunapios', 'Holberg', 'Jensen']",['Cæsaræa'],[],"['Det arbejde, jeg nu udgiver']"
114,0,af,,,,,"['Julian', 'Gregor', 'Cæsarios', 'Hegel', 'Eunapios', 'Holberg', 'Jensen']",['Cæsaræa'],[],"['Det arbejde, jeg nu udgiver']"
115,0,imod,,,,,"['Julian', 'Gregor', 'Cæsarios', 'Hegel', 'Eunapios', 'Holberg', 'Jensen']",['Cæsaræa'],[],"['Det arbejde, jeg nu udgiver']"
116,0,hinanden,,,,,"['Julian', 'Gregor', 'Cæsarios', 'Hegel', 'Eunapios', 'Holberg', 'Jensen']",['Cæsaræa'],[],"['Det arbejde, jeg nu udgiver']"
117,0,indbyrdes.,,,,,"['Julian', 'Gregor', 'Cæsarios', 'Hegel', 'Eunapios', 'Holberg', 'Jensen']",['Cæsaræa'],[],"['Det arbejde, jeg nu udgiver']"
118,0,Da,,,,,"['Julian', 'Gregor', 'Cæsarios', 'Hegel', 'Eunapios', 'Holberg', 'Jensen']",['Cæsaræa'],[],"['Det arbejde, jeg nu udgiver']"
119,0,jeg,,,,,"['Julian', 'Gregor', 'Cæsarios', 'Hegel', 'Eunapios', 'Holberg', 'Jensen']",['Cæsaræa'],[],"['Det arbejde, jeg nu udgiver']"
120,0,nu,,,,,"['Julian', 'Gregor', 'Cæsarios', 'Hegel', 'Eunapios', 'Holberg', 'Jensen']",['Cæsaræa'],[],"['Det arbejde, jeg nu udgiver']"
121,0,benytter,,,,,"['Julian', 'Gregor', 'Cæsarios', 'Hegel', 'Eunapios', 'Holberg', 'Jensen']",['Cæsaræa'],[],"['Det arbejde, jeg nu udgiver']"
122,0,de,,,,,"['Julian', 'Gregor', 'Cæsarios', 'Hegel', 'Eunapios', 'Holberg', 'Jensen']",['Cæsaræa'],[],"['Det arbejde, jeg nu udgiver']"
123,0,"forkortede,",,,,,"['Julian', 'Gregor', 'Cæsarios', 'Hegel', 'Eunapios', 'Holberg', 'Jensen']",['Cæsaræa'],[],"['Det arbejde, jeg nu udgiver']"
124,0,hos,,,,,"['Julian', 'Gregor', 'Cæsarios', 'Hegel', 'Eunapios', 'Holberg', 'Jensen']",['Cæsaræa'],[],"['Det arbejde, jeg nu udgiver']"
125,0,os,,,,,"['Julian', 'Gregor', 'Cæsarios', 'Hegel', 'Eunapios', 'Holberg', 'Jensen']",['Cæsaræa'],[],"['Det arbejde, jeg nu udgiver']"
126,0,naturaliserede,,,,,"['Julian', 'Gregor', 'Cæsarios', 'Hegel', 'Eunapios', 'Holberg', 'Jensen']",['Cæsaræa'],[],"['Det arbejde, jeg nu udgiver']"
127,0,"former,",,,,,"['Julian', 'Gregor', 'Cæsarios', 'Hegel', 'Eunapios', 'Holberg', 'Jensen']",['Cæsaræa'],[],"['Det arbejde, jeg nu udgiver']"
128,0,"Julian,",,,,,"['Julian', 'Gregor', 'Cæsarios', 'Hegel', 'Eunapios', 'Holberg', 'Jensen']",['Cæsaræa'],[],"['Det arbejde, jeg nu udgiver']"
129,0,"Gregor,",,,,,"['Julian', 'Gregor', 'Cæsarios', 'Hegel', 'Eunapios', 'Holberg', 'Jensen']",['Cæsaræa'],[],"['Det arbejde, jeg nu udgiver']"
130,0,o.,,,,,"['Julian', 'Gregor', 'Cæsarios', 'Hegel', 'Eunapios', 'Holberg', 'Jensen']",['Cæsaræa'],[],"['Det arbejde, jeg nu udgiver']"
131,0,s.,,,,,"['Julian', 'Gregor', 'Cæsarios', 'Hegel', 'Eunapios', 'Holberg', 'Jensen']",['Cæsaræa'],[],"['Det arbejde, jeg nu udgiver']"
132,0,v.,,,,,"['Julian', 'Gregor', 'Cæsarios', 'Hegel', 'Eunapios', 'Holberg', 'Jensen']",['Cæsaræa'],[],"['Det arbejde, jeg nu udgiver']"
133,0,så,,,,,"['Julian', 'Gregor', 'Cæsarios', 'Hegel', 'Eunapios', 'Holberg', 'Jensen']",['Cæsaræa'],[],"['Det arbejde, jeg nu udgiver']"
134,0,kan,,,,,"['Julian', 'Gregor', 'Cæsarios', 'Hegel', 'Eunapios', 'Holberg', 'Jensen']",['Cæsaræa'],[],"['Det arbejde, jeg nu udgiver']"
135,0,jeg,,,,,"['Julian', 'Gregor', 'Cæsarios', 'Hegel', 'Eunapios', 'Holberg', 'Jensen']",['Cæsaræa'],[],"['Det arbejde, jeg nu udgiver']"
136,0,ikke,,,,,"['Julian', 'Gregor', 'Cæsarios', 'Hegel', 'Eunapios', 'Holberg', 'Jensen']",['Cæsaræa'],[],"['Det arbejde, jeg nu udgiver']"
137,0,skrive,,,,,"['Julian', 'Gregor', 'Cæsarios', 'Hegel', 'Eunapios', 'Holberg', 'Jensen']",['Cæsaræa'],[],"['Det arbejde, jeg nu udgiver']"
138,0,rent,,,,,"['Julian', 'Gregor', 'Cæsarios', 'Hegel', 'Eunapios', 'Holberg', 'Jensen']",['Cæsaræa'],[],"['Det arbejde, jeg nu udgiver']"
139,0,græsk,,,,,"['Julian', 'Gregor', 'Cæsarios', 'Hegel', 'Eunapios', 'Holberg', 'Jensen']",['Cæsaræa'],[],"['Det arbejde, jeg nu udgiver']"
140,0,Basileios.,,,,,"['Julian', 'Gregor', 'Cæsarios', 'Hegel', 'Eunapios', 'Holberg', 'Jensen']",['Cæsaræa'],[],"['Det arbejde, jeg nu udgiver']"
141,0,Da,,,,,"['Julian', 'Gregor', 'Cæsarios', 'Hegel', 'Eunapios', 'Holberg', 'Jensen']",['Cæsaræa'],[],"['Det arbejde, jeg nu udgiver']"
142,0,nu,,,,,"['Julian', 'Gregor', 'Cæsarios', 'Hegel', 'Eunapios', 'Holberg', 'Jensen']",['Cæsaræa'],[],"['Det arbejde, jeg nu udgiver']"
143,0,Romerne,,,,,"['Julian', 'Gregor', 'Cæsarios', 'Hegel', 'Eunapios', 'Holberg', 'Jensen']",['Cæsaræa'],[],"['Det arbejde, jeg nu udgiver']"
144,0,har,,,,,"['Julian', 'Gregor', 'Cæsarios', 'Hegel', 'Eunapios', 'Holberg', 'Jensen']",['Cæsaræa'],[],"['Det arbejde, jeg nu udgiver']"
145,0,gjort,,,,,"['Julian', 'Gregor', 'Cæsarios', 'Hegel', 'Eunapios', 'Holberg', 'Jensen']",['Cæsaræa'],[],"['Det arbejde, jeg nu udgiver']"
146,0,dette,,,,,"['Julian', 'Gregor', 'Cæsarios', 'Hegel', 'Eunapios', 'Holberg', 'Jensen']",['Cæsaræa'],[],"['Det arbejde, jeg nu udgiver']"
147,0,navn,,,,,"['Julian', 'Gregor', 'Cæsarios', 'Hegel', 'Eunapios', 'Holberg', 'Jensen']",['Cæsaræa'],[],"['Det arbejde, jeg nu udgiver']"
148,0,til,,,,,"['Julian', 'Gregor', 'Cæsarios', 'Hegel', 'Eunapios', 'Holberg', 'Jensen']",['Cæsaræa'],[],"['Det arbejde, jeg nu udgiver']"
149,0,"Basilius,",,,,,"['Julian', 'Gregor', 'Cæsarios', 'Hegel', 'Eunapios', 'Holberg', 'Jensen']",['Cæsaræa'],[],"['Det arbejde, jeg nu udgiver']"
150,0,–,,,,,"['Julian', 'Gregor', 'Cæsarios', 'Hegel', 'Eunapios', 'Holberg', 'Jensen']",['Cæsaræa'],[],"['Det arbejde, jeg nu udgiver']"
151,0,kan,,,,,"['Julian', 'Gregor', 'Cæsarios', 'Hegel', 'Eunapios', 'Holberg', 'Jensen']",['Cæsaræa'],[],"['Det arbejde, jeg nu udgiver']"
152,0,jeg,,,,,"['Julian', 'Gregor', 'Cæsarios', 'Hegel', 'Eunapios', 'Holberg', 'Jensen']",['Cæsaræa'],[],"['Det arbejde, jeg nu udgiver']"
153,0,så,,,,,"['Julian', 'Gregor', 'Cæsarios', 'Hegel', 'Eunapios', 'Holberg', 'Jensen']",['Cæsaræa'],[],"['Det arbejde, jeg nu udgiver']"
154,0,ikke,,,,,"['Julian', 'Gregor', 'Cæsarios', 'Hegel', 'Eunapios', 'Holberg', 'Jensen']",['Cæsaræa'],[],"['Det arbejde, jeg nu udgiver']"
155,0,gøre,,,,,"['Julian', 'Gregor', 'Cæsarios', 'Hegel', 'Eunapios', 'Holberg', 'Jensen']",['Cæsaræa'],[],"['Det arbejde, jeg nu udgiver']"
156,0,det,,,,,"['Julian', 'Gregor', 'Cæsarios', 'Hegel', 'Eunapios', 'Holberg', 'Jensen']",['Cæsaræa'],[],"['Det arbejde, jeg nu udgiver']"
157,0,til,,,,,"['Julian', 'Gregor', 'Cæsarios', 'Hegel', 'Eunapios', 'Holberg', 'Jensen']",['Cæsaræa'],[],"['Det arbejde, jeg nu udgiver']"
158,0,Basilios?,,,,,"['Julian', 'Gregor', 'Cæsarios', 'Hegel', 'Eunapios', 'Holberg', 'Jensen']",['Cæsaræa'],[],"['Det arbejde, jeg nu udgiver']"
159,0,Dette,,,,,"['Julian', 'Gregor', 'Cæsarios', 'Hegel', 'Eunapios', 'Holberg', 'Jensen']",['Cæsaræa'],[],"['Det arbejde, jeg nu udgiver']"
160,0,vilde,,,,,"['Julian', 'Gregor', 'Cæsarios', 'Hegel', 'Eunapios', 'Holberg', 'Jensen']",['Cæsaræa'],[],"['Det arbejde, jeg nu udgiver']"
161,0,være,,,,,"['Julian', 'Gregor', 'Cæsarios', 'Hegel', 'Eunapios', 'Holberg', 'Jensen']",['Cæsaræa'],[],"['Det arbejde, jeg nu udgiver']"
162,0,mig,,,,,"['Julian', 'Gregor', 'Cæsarios', 'Hegel', 'Eunapios', 'Holberg', 'Jensen']",['Cæsaræa'],[],"['Det arbejde, jeg nu udgiver']"
163,0,så,,,,,"['Julian', 'Gregor', 'Cæsarios', 'Hegel', 'Eunapios', 'Holberg', 'Jensen']",['Cæsaræa'],[],"['Det arbejde, jeg nu udgiver']"
164,0,meget,,,,,"['Julian', 'Gregor', 'Cæsarios', 'Hegel', 'Eunapios', 'Holberg', 'Jensen']",['Cæsaræa'],[],"['Det arbejde, jeg nu udgiver']"
165,0,mere,,,,,"['Julian', 'Gregor', 'Cæsarios', 'Hegel', 'Eunapios', 'Holberg', 'Jensen']",['Cæsaræa'],[],"['Det arbejde, jeg nu udgiver']"
166,0,"ønskeligt,",,,,,"['Julian', 'Gregor', 'Cæsarios', 'Hegel', 'Eunapios', 'Holberg', 'Jensen']",['Cæsaræa'],[],"['Det arbejde, jeg nu udgiver']"
167,0,som,,,,,"['Julian', 'Gregor', 'Cæsarios', 'Hegel', 'Eunapios', 'Holberg', 'Jensen']",['Cæsaræa'],[],"['Det arbejde, jeg nu udgiver']"
168,0,navnet,,,,,"['Julian', 'Gregor', 'Cæsarios', 'Hegel', 'Eunapios', 'Holberg', 'Jensen']",['Cæsaræa'],[],"['Det arbejde, jeg nu udgiver']"
169,0,(i,,,,,"['Julian', 'Gregor', 'Cæsarios', 'Hegel', 'Eunapios', 'Holberg', 'Jensen']",['Cæsaræa'],[],"['Det arbejde, jeg nu udgiver']"
170,0,mit,,,,,"['Julian', 'Gregor', 'Cæsarios', 'Hegel', 'Eunapios', 'Holberg', 'Jensen']",['Cæsaræa'],[],"['Det arbejde, jeg nu udgiver']"
171,0,stykke),,,,,"['Julian', 'Gregor', 'Cæsarios', 'Hegel', 'Eunapios', 'Holberg', 'Jensen']",['Cæsaræa'],[],"['Det arbejde, jeg nu udgiver']"
172,0,stadigt,,,,,"['Julian', 'Gregor', 'Cæsarios', 'Hegel', 'Eunapios', 'Holberg', 'Jensen']",['Cæsaræa'],[],"['Det arbejde, jeg nu udgiver']"
173,0,nævnes,,,,,"['Julian', 'Gregor', 'Cæsarios', 'Hegel', 'Eunapios', 'Holberg', 'Jensen']",['Cæsaræa'],[],"['Det arbejde, jeg nu udgiver']"
174,0,sammen,,,,,"['Julian', 'Gregor', 'Cæsarios', 'Hegel', 'Eunapios', 'Holberg', 'Jensen']",['Cæsaræa'],[],"['Det arbejde, jeg nu udgiver']"
175,0,med,,,,,"['Julian', 'Gregor', 'Cæsarios', 'Hegel', 'Eunapios', 'Holberg', 'Jensen']",['Cæsaræa'],[],"['Det arbejde, jeg nu udgiver']"
176,0,mandens,,,,,"['Julian', 'Gregor', 'Cæsarios', 'Hegel', 'Eunapios', 'Holberg', 'Jensen']",['Cæsaræa'],[],"['Det arbejde, jeg nu udgiver']"
177,0,fødested:,,,,,"['Julian', 'Gregor', 'Cæsarios', 'Hegel', 'Eunapios', 'Holberg', 'Jensen']",['Cæsaræa'],[],"['Det arbejde, jeg nu udgiver']"
178,0,"Cæsaræa,",,,,,"['Julian', 'Gregor', 'Cæsarios', 'Hegel', 'Eunapios', 'Holberg', 'Jensen']",['Cæsaræa'],[],"['Det arbejde, jeg nu udgiver']"
179,0,og,,,,,"['Julian', 'Gregor', 'Cæsarios', 'Hegel', 'Eunapios', 'Holberg', 'Jensen']",['Cæsaræa'],[],"['Det arbejde, jeg nu udgiver']"
180,0,dette,,,,,"['Julian', 'Gregor', 'Cæsarios', 'Hegel', 'Eunapios', 'Holberg', 'Jensen']",['Cæsaræa'],[],"['Det arbejde, jeg nu udgiver']"
181,0,ords,,,,,"['Julian', 'Gregor', 'Cæsarios', 'Hegel', 'Eunapios', 'Holberg', 'Jensen']",['Cæsaræa'],[],"['Det arbejde, jeg nu udgiver']"
182,0,skrivemåde,,,,,"['Julian', 'Gregor', 'Cæsarios', 'Hegel', 'Eunapios', 'Holberg', 'Jensen']",['Cæsaræa'],[],"['Det arbejde, jeg nu udgiver']"
183,0,tør,,,,,"['Julian', 'Gregor', 'Cæsarios', 'Hegel', 'Eunapios', 'Holberg', 'Jensen']",['Cæsaræa'],[],"['Det arbejde, jeg nu udgiver']"
184,0,jeg,,,,,"['Julian', 'Gregor', 'Cæsarios', 'Hegel', 'Eunapios', 'Holberg', 'Jensen']",['Cæsaræa'],[],"['Det arbejde, jeg nu udgiver']"
185,0,igen,,,,,"['Julian', 'Gregor', 'Cæsarios', 'Hegel', 'Eunapios', 'Holberg', 'Jensen']",['Cæsaræa'],[],"['Det arbejde, jeg nu udgiver']"
186,0,ikke,,,,,"['Julian', 'Gregor', 'Cæsarios', 'Hegel', 'Eunapios', 'Holberg', 'Jensen']",['Cæsaræa'],[],"['Det arbejde, jeg nu udgiver']"
187,0,røre,,,,,"['Julian', 'Gregor', 'Cæsarios', 'Hegel', 'Eunapios', 'Holberg', 'Jensen']",['Cæsaræa'],[],"['Det arbejde, jeg nu udgiver']"
188,0,ved,,,,,"['Julian', 'Gregor', 'Cæsarios', 'Hegel', 'Eunapios', 'Holberg', 'Jensen']",['Cæsaræa'],[],"['Det arbejde, jeg nu udgiver']"
189,0,af,,,,,"['Julian', 'Gregor', 'Cæsarios', 'Hegel', 'Eunapios', 'Holberg', 'Jensen']",['Cæsaræa'],[],"['Det arbejde, jeg nu udgiver']"
190,0,den,,,,,"['Julian', 'Gregor', 'Cæsarios', 'Hegel', 'Eunapios', 'Holberg', 'Jensen']",['Cæsaræa'],[],"['Det arbejde, jeg nu udgiver']"
191,0,grund,,,,,"['Julian', 'Gregor', 'Cæsarios', 'Hegel', 'Eunapios', 'Holberg', 'Jensen']",['Cæsaræa'],[],"['Det arbejde, jeg nu udgiver']"
192,0,at,,,,,"['Julian', 'Gregor', 'Cæsarios', 'Hegel', 'Eunapios', 'Holberg', 'Jensen']",['Cæsaræa'],[],"['Det arbejde, jeg nu udgiver']"
193,0,den,,,,,"['Julian', 'Gregor', 'Cæsarios', 'Hegel', 'Eunapios', 'Holberg', 'Jensen']",['Cæsaræa'],[],"['Det arbejde, jeg nu udgiver']"
194,0,romerske,,,,,"['Julian', 'Gregor', 'Cæsarios', 'Hegel', 'Eunapios', 'Holberg', 'Jensen']",['Cæsaræa'],[],"['Det arbejde, jeg nu udgiver']"
195,0,titel,,,,,"['Julian', 'Gregor', 'Cæsarios', 'Hegel', 'Eunapios', 'Holberg', 'Jensen']",['Cæsaræa'],[],"['Det arbejde, jeg nu udgiver']"
196,0,Cæsar,,,,,"['Julian', 'Gregor', 'Cæsarios', 'Hegel', 'Eunapios', 'Holberg', 'Jensen']",['Cæsaræa'],[],"['Det arbejde, jeg nu udgiver']"
197,0,så,,,,,"['Julian', 'Gregor', 'Cæsarios', 'Hegel', 'Eunapios', 'Holberg', 'Jensen']",['Cæsaræa'],[],"['Det arbejde, jeg nu udgiver']"
198,0,ofte,,,,,"['Julian', 'Gregor', 'Cæsarios', 'Hegel', 'Eunapios', 'Holberg', 'Jensen']",['Cæsaræa'],[],"['Det arbejde, jeg nu udgiver']"
199,0,forekommer,,,,,"['Julian', 'Gregor', 'Cæsarios', 'Hegel', 'Eunapios', 'Holberg', 'Jensen']",['Cæsaræa'],[],"['Det arbejde, jeg nu udgiver']"
200,0,i,,,,,"['Julian', 'Gregor', 'Cæsarios', 'Hegel', 'Eunapios', 'Holberg', 'Jensen']",['Cæsaræa'],[],"['Det arbejde, jeg nu udgiver']"
201,0,"bogen.Heraf,",,,,,"['Julian', 'Gregor', 'Cæsarios', 'Hegel', 'Eunapios', 'Holberg', 'Jensen']",['Cæsaræa'],[],"['Det arbejde, jeg nu udgiver']"
202,0,kære,,,,,"['Julian', 'Gregor', 'Cæsarios', 'Hegel', 'Eunapios', 'Holberg', 'Jensen']",['Cæsaræa'],[],"['Det arbejde, jeg nu udgiver']"
203,0,"ven,",,,,,"['Julian', 'Gregor', 'Cæsarios', 'Hegel', 'Eunapios', 'Holberg', 'Jensen']",['Cæsaræa'],[],"['Det arbejde, jeg nu udgiver']"
204,0,vil,,,,,"['Julian', 'Gregor', 'Cæsarios', 'Hegel', 'Eunapios', 'Holberg', 'Jensen']",['Cæsaræa'],[],"['Det arbejde, jeg nu udgiver']"
205,0,Du,,,,,"['Julian', 'Gregor', 'Cæsarios', 'Hegel', 'Eunapios', 'Holberg', 'Jensen']",['Cæsaræa'],[],"['Det arbejde, jeg nu udgiver']"
206,0,have,,,,,"['Julian', 'Gregor', 'Cæsarios', 'Hegel', 'Eunapios', 'Holberg', 'Jensen']",['Cæsaræa'],[],"['Det arbejde, jeg nu udgiver']"
207,0,klargjort,,,,,"['Julian', 'Gregor', 'Cæsarios', 'Hegel', 'Eunapios', 'Holberg', 'Jensen']",['Cæsaræa'],[],"['Det arbejde, jeg nu udgiver']"
208,0,Dig,,,,,"['Julian', 'Gregor', 'Cæsarios', 'Hegel', 'Eunapios', 'Holberg', 'Jensen']",['Cæsaræa'],[],"['Det arbejde, jeg nu udgiver']"
209,0,mit,,,,,"['Julian', 'Gregor', 'Cæsarios', 'Hegel', 'Eunapios', 'Holberg', 'Jensen']",['Cæsaræa'],[],"['Det arbejde, jeg nu udgiver']"
210,0,"synspunkt,",,,,,"['Julian', 'Gregor', 'Cæsarios', 'Hegel', 'Eunapios', 'Holberg', 'Jensen']",['Cæsaræa'],[],"['Det arbejde, jeg nu udgiver']"
211,0,hvilket,,,,,"['Julian', 'Gregor', 'Cæsarios', 'Hegel', 'Eunapios', 'Holberg', 'Jensen']",['Cæsaræa'],[],"['Det arbejde, jeg nu udgiver']"
212,0,ikke,,,,,"['Julian', 'Gregor', 'Cæsarios', 'Hegel', 'Eunapios', 'Holberg', 'Jensen']",['Cæsaræa'],[],"['Det arbejde, jeg nu udgiver']"
213,0,er,,,,,"['Julian', 'Gregor', 'Cæsarios', 'Hegel', 'Eunapios', 'Holberg', 'Jensen']",['Cæsaræa'],[],"['Det arbejde, jeg nu udgiver']"
214,0,noget,,,,,"['Julian', 'Gregor', 'Cæsarios', 'Hegel', 'Eunapios', 'Holberg', 'Jensen']",['Cæsaræa'],[],"['Det arbejde, jeg nu udgiver']"
215,0,"filologisk,",,,,,"['Julian', 'Gregor', 'Cæsarios', 'Hegel', 'Eunapios', 'Holberg', 'Jensen']",['Cæsaræa'],[],"['Det arbejde, jeg nu udgiver']"
216,0,"men,",,,,,"['Julian', 'Gregor', 'Cæsarios', 'Hegel', 'Eunapios', 'Holberg', 'Jensen']",['Cæsaræa'],[],"['Det arbejde, jeg nu udgiver']"
217,0,som,,,,,"['Julian', 'Gregor', 'Cæsarios', 'Hegel', 'Eunapios', 'Holberg', 'Jensen']",['Cæsaræa'],[],"['Det arbejde, jeg nu udgiver']"
218,0,jeg,,,,,"['Julian', 'Gregor', 'Cæsarios', 'Hegel', 'Eunapios', 'Holberg', 'Jensen']",['Cæsaræa'],[],"['Det arbejde, jeg nu udgiver']"
219,0,"tror,",,,,,"['Julian', 'Gregor', 'Cæsarios', 'Hegel', 'Eunapios', 'Holberg', 'Jensen']",['Cæsaræa'],[],"['Det arbejde, jeg nu udgiver']"
220,0,et,,,,,"['Julian', 'Gregor', 'Cæsarios', 'Hegel', 'Eunapios', 'Holberg', 'Jensen']",['Cæsaræa'],[],"['Det arbejde, jeg nu udgiver']"
221,0,for,,,,,"['Julian', 'Gregor', 'Cæsarios', 'Hegel', 'Eunapios', 'Holberg', 'Jensen']",['Cæsaræa'],[],"['Det arbejde, jeg nu udgiver']"
222,0,mig,,,,,"['Julian', 'Gregor', 'Cæsarios', 'Hegel', 'Eunapios', 'Holberg', 'Jensen']",['Cæsaræa'],[],"['Det arbejde, jeg nu udgiver']"
223,0,berettiget.,,,,,"['Julian', 'Gregor', 'Cæsarios', 'Hegel', 'Eunapios', 'Holberg', 'Jensen']",['Cæsaræa'],[],"['Det arbejde, jeg nu udgiver']"
224,0,Hvad,,,,,"['Julian', 'Gregor', 'Cæsarios', 'Hegel', 'Eunapios', 'Holberg', 'Jensen']",['Cæsaræa'],[],"['Det arbejde, jeg nu udgiver']"
225,0,"jeg,",,,,,"['Julian', 'Gregor', 'Cæsarios', 'Hegel', 'Eunapios', 'Holberg', 'Jensen']",['Cæsaræa'],[],"['Det arbejde, jeg nu udgiver']"
226,0,som,,,,,"['Julian', 'Gregor', 'Cæsarios', 'Hegel', 'Eunapios', 'Holberg', 'Jensen']",['Cæsaræa'],[],"['Det arbejde, jeg nu udgiver']"
227,0,altfor,,,,,"['Julian', 'Gregor', 'Cæsarios', 'Hegel', 'Eunapios', 'Holberg', 'Jensen']",['Cæsaræa'],[],"['Det arbejde, jeg nu udgiver']"
228,0,"fremmed,",,,,,"['Julian', 'Gregor', 'Cæsarios', 'Hegel', 'Eunapios', 'Holberg', 'Jensen']",['Cæsaræa'],[],"['Det arbejde, jeg nu udgiver']"
229,0,ønsker,,,,,"['Julian', 'Gregor', 'Cæsarios', 'Hegel', 'Eunapios', 'Holberg', 'Jensen']",['Cæsaræa'],[],"['Det arbejde, jeg nu udgiver']"
230,0,at,,,,,"['Julian', 'Gregor', 'Cæsarios', 'Hegel', 'Eunapios', 'Holberg', 'Jensen']",['Cæsaræa'],[],"['Det arbejde, jeg nu udgiver']"
231,0,undgå,,,,,"['Julian', 'Gregor', 'Cæsarios', 'Hegel', 'Eunapios', 'Holberg', 'Jensen']",['Cæsaræa'],[],"['Det arbejde, jeg nu udgiver']"
232,0,er,,,,,"['Julian', 'Gregor', 'Cæsarios', 'Hegel', 'Eunapios', 'Holberg', 'Jensen']",['Cæsaræa'],[],"['Det arbejde, jeg nu udgiver']"
233,0,de,,,,,"['Julian', 'Gregor', 'Cæsarios', 'Hegel', 'Eunapios', 'Holberg', 'Jensen']",['Cæsaræa'],[],"['Det arbejde, jeg nu udgiver']"
234,0,græske,,,,,"['Julian', 'Gregor', 'Cæsarios', 'Hegel', 'Eunapios', 'Holberg', 'Jensen']",['Cæsaræa'],[],"['Det arbejde, jeg nu udgiver']"
235,0,"tvelyde,",,,,,"['Julian', 'Gregor', 'Cæsarios', 'Hegel', 'Eunapios', 'Holberg', 'Jensen']",['Cæsaræa'],[],"['Det arbejde, jeg nu udgiver']"
236,0,"ai,",,,,,"['Julian', 'Gregor', 'Cæsarios', 'Hegel', 'Eunapios', 'Holberg', 'Jensen']",['Cæsaræa'],[],"['Det arbejde, jeg nu udgiver']"
237,0,ei,,,,,"['Julian', 'Gregor', 'Cæsarios', 'Hegel', 'Eunapios', 'Holberg', 'Jensen']",['Cæsaræa'],[],"['Det arbejde, jeg nu udgiver']"
238,0,og,,,,,"['Julian', 'Gregor', 'Cæsarios', 'Hegel', 'Eunapios', 'Holberg', 'Jensen']",['Cæsaræa'],[],"['Det arbejde, jeg nu udgiver']"
239,0,oi.,,,,,"['Julian', 'Gregor', 'Cæsarios', 'Hegel', 'Eunapios', 'Holberg', 'Jensen']",['Cæsaræa'],[],"['Det arbejde, jeg nu udgiver']"
240,0,Jeg,,,,,"['Julian', 'Gregor', 'Cæsarios', 'Hegel', 'Eunapios', 'Holberg', 'Jensen']",['Cæsaræa'],[],"['Det arbejde, jeg nu udgiver']"
241,0,vil,,,,,"['Julian', 'Gregor', 'Cæsarios', 'Hegel', 'Eunapios', 'Holberg', 'Jensen']",['Cæsaræa'],[],"['Det arbejde, jeg nu udgiver']"
242,0,således,,,,,"['Julian', 'Gregor', 'Cæsarios', 'Hegel', 'Eunapios', 'Holberg', 'Jensen']",['Cæsaræa'],[],"['Det arbejde, jeg nu udgiver']"
243,0,gerne,,,,,"['Julian', 'Gregor', 'Cæsarios', 'Hegel', 'Eunapios', 'Holberg', 'Jensen']",['Cæsaræa'],[],"['Det arbejde, jeg nu udgiver']"
244,0,skrive,,,,,"['Julian', 'Gregor', 'Cæsarios', 'Hegel', 'Eunapios', 'Holberg', 'Jensen']",['Cæsaræa'],[],"['Det arbejde, jeg nu udgiver']"
245,0,"Ædesios,",,,,,"['Julian', 'Gregor', 'Cæsarios', 'Hegel', 'Eunapios', 'Holberg', 'Jensen']",['Cæsaræa'],[],"['Det arbejde, jeg nu udgiver']"
246,0,"Basilios,",,,,,"['Julian', 'Gregor', 'Cæsarios', 'Hegel', 'Eunapios', 'Holberg', 'Jensen']",['Cæsaræa'],[],"['Det arbejde, jeg nu udgiver']"
247,0,Ødipos.Endvidere:,,,,,"['Julian', 'Gregor', 'Cæsarios', 'Hegel', 'Eunapios', 'Holberg', 'Jensen']",['Cæsaræa'],[],"['Det arbejde, jeg nu udgiver']"
248,0,Kan,,,,,"['Julian', 'Gregor', 'Cæsarios', 'Hegel', 'Eunapios', 'Holberg', 'Jensen']",['Cæsaræa'],[],"['Det arbejde, jeg nu udgiver']"
249,0,jeg,,,,,"['Julian', 'Gregor', 'Cæsarios', 'Hegel', 'Eunapios', 'Holberg', 'Jensen']",['Cæsaræa'],[],"['Det arbejde, jeg nu udgiver']"
250,0,skrive,,,,,"['Julian', 'Gregor', 'Cæsarios', 'Hegel', 'Eunapios', 'Holberg', 'Jensen']",['Cæsaræa'],[],"['Det arbejde, jeg nu udgiver']"
251,0,"Cæsarios,",,,,,"['Julian', 'Gregor', 'Cæsarios', 'Hegel', 'Eunapios', 'Holberg', 'Jensen']",['Cæsaræa'],[],"['Det arbejde, jeg nu udgiver']"
252,0,eller,,,,,"['Julian', 'Gregor', 'Cæsarios', 'Hegel', 'Eunapios', 'Holberg', 'Jensen']",['Cæsaræa'],[],"['Det arbejde, jeg nu udgiver']"
253,0,hed,,,,,"['Julian', 'Gregor', 'Cæsarios', 'Hegel', 'Eunapios', 'Holberg', 'Jensen']",['Cæsaræa'],[],"['Det arbejde, jeg nu udgiver']"
254,0,manden,,,,,"['Julian', 'Gregor', 'Cæsarios', 'Hegel', 'Eunapios', 'Holberg', 'Jensen']",['Cæsaræa'],[],"['Det arbejde, jeg nu udgiver']"
255,0,(en,,,,,"['Julian', 'Gregor', 'Cæsarios', 'Hegel', 'Eunapios', 'Holberg', 'Jensen']",['Cæsaræa'],[],"['Det arbejde, jeg nu udgiver']"
256,0,broder,,,,,"['Julian', 'Gregor', 'Cæsarios', 'Hegel', 'Eunapios', 'Holberg', 'Jensen']",['Cæsaræa'],[],"['Det arbejde, jeg nu udgiver']"
257,0,af,,,,,"['Julian', 'Gregor', 'Cæsarios', 'Hegel', 'Eunapios', 'Holberg', 'Jensen']",['Cæsaræa'],[],"['Det arbejde, jeg nu udgiver']"
258,0,Gregor,,,,,"['Julian', 'Gregor', 'Cæsarios', 'Hegel', 'Eunapios', 'Holberg', 'Jensen']",['Cæsaræa'],[],"['Det arbejde, jeg nu udgiver']"
259,0,af,,,,,"['Julian', 'Gregor', 'Cæsarios', 'Hegel', 'Eunapios', 'Holberg', 'Jensen']",['Cæsaræa'],[],"['Det arbejde, jeg nu udgiver']"
260,0,Nazianz),,,,,"['Julian', 'Gregor', 'Cæsarios', 'Hegel', 'Eunapios', 'Holberg', 'Jensen']",['Cæsaræa'],[],"['Det arbejde, jeg nu udgiver']"
261,0,Cæsarion?,,,,,"['Julian', 'Gregor', 'Cæsarios', 'Hegel', 'Eunapios', 'Holberg', 'Jensen']",['Cæsaræa'],[],"['Det arbejde, jeg nu udgiver']"
262,0,Bogstavet,,,,,"['Julian', 'Gregor', 'Cæsarios', 'Hegel', 'Eunapios', 'Holberg', 'Jensen']",['Cæsaræa'],[],"['Det arbejde, jeg nu udgiver']"
263,0,Ci,,,,,"['Julian', 'Gregor', 'Cæsarios', 'Hegel', 'Eunapios', 'Holberg', 'Jensen']",['Cæsaræa'],[],"['Det arbejde, jeg nu udgiver']"
264,0,nysnævnte,,,,,"['Julian', 'Gregor', 'Cæsarios', 'Hegel', 'Eunapios', 'Holberg', 'Jensen']",['Cæsaræa'],[],"['Det arbejde, jeg nu udgiver']"
265,0,navn.,,,,,"['Julian', 'Gregor', 'Cæsarios', 'Hegel', 'Eunapios', 'Holberg', 'Jensen']",['Cæsaræa'],[],"['Det arbejde, jeg nu udgiver']"
266,0,tør,,,,,"['Julian', 'Gregor', 'Cæsarios', 'Hegel', 'Eunapios', 'Holberg', 'Jensen']",['Cæsaræa'],[],"['Det arbejde, jeg nu udgiver']"
267,0,jeg,,,,,"['Julian', 'Gregor', 'Cæsarios', 'Hegel', 'Eunapios', 'Holberg', 'Jensen']",['Cæsaræa'],[],"['Det arbejde, jeg nu udgiver']"
268,0,af,,,,,"['Julian', 'Gregor', 'Cæsarios', 'Hegel', 'Eunapios', 'Holberg', 'Jensen']",['Cæsaræa'],[],"['Det arbejde, jeg nu udgiver']"
269,0,ovenstående,,,,,"['Julian', 'Gregor', 'Cæsarios', 'Hegel', 'Eunapios', 'Holberg', 'Jensen']",['Cæsaræa'],[],"['Det arbejde, jeg nu udgiver']"
270,0,grund,,,,,"['Julian', 'Gregor', 'Cæsarios', 'Hegel', 'Eunapios', 'Holberg', 'Jensen']",['Cæsaræa'],[],"['Det arbejde, jeg nu udgiver']"
271,0,ikke,,,,,"['Julian', 'Gregor', 'Cæsarios', 'Hegel', 'Eunapios', 'Holberg', 'Jensen']",['Cæsaræa'],[],"['Det arbejde, jeg nu udgiver']"
272,0,ombytte,,,,,"['Julian', 'Gregor', 'Cæsarios', 'Hegel', 'Eunapios', 'Holberg', 'Jensen']",['Cæsaræa'],[],"['Det arbejde, jeg nu udgiver']"
273,0,med,,,,,"['Julian', 'Gregor', 'Cæsarios', 'Hegel', 'Eunapios', 'Holberg', 'Jensen']",['Cæsaræa'],[],"['Det arbejde, jeg nu udgiver']"
274,0,K.,,,,,"['Julian', 'Gregor', 'Cæsarios', 'Hegel', 'Eunapios', 'Holberg', 'Jensen']",['Cæsaræa'],[],"['Det arbejde, jeg nu udgiver']"
275,0,(naturligvis!),,,,,"['Julian', 'Gregor', 'Cæsarios', 'Hegel', 'Eunapios', 'Holberg', 'Jensen']",['Cæsaræa'],[],"['Det arbejde, jeg nu udgiver']"
276,0,–,,,,,"['Julian', 'Gregor', 'Cæsarios', 'Hegel', 'Eunapios', 'Holberg', 'Jensen']",['Cæsaræa'],[],"['Det arbejde, jeg nu udgiver']"
277,0,Tør,,,,,"['Julian', 'Gregor', 'Cæsarios', 'Hegel', 'Eunapios', 'Holberg', 'Jensen']",['Cæsaræa'],[],"['Det arbejde, jeg nu udgiver']"
278,0,jeg,,,,,"['Julian', 'Gregor', 'Cæsarios', 'Hegel', 'Eunapios', 'Holberg', 'Jensen']",['Cæsaræa'],[],"['Det arbejde, jeg nu udgiver']"
279,0,skrive:,,,,,"['Julian', 'Gregor', 'Cæsarios', 'Hegel', 'Eunapios', 'Holberg', 'Jensen']",['Cæsaræa'],[],"['Det arbejde, jeg nu udgiver']"
280,0,kejser,,,,,"['Julian', 'Gregor', 'Cæsarios', 'Hegel', 'Eunapios', 'Holberg', 'Jensen']",['Cæsaræa'],[],"['Det arbejde, jeg nu udgiver']"
281,0,Konstanzios?,,,,,"['Julian', 'Gregor', 'Cæsarios', 'Hegel', 'Eunapios', 'Holberg', 'Jensen']",['Cæsaræa'],[],"['Det arbejde, jeg nu udgiver']"
282,0,Hed,,,,,"['Julian', 'Gregor', 'Cæsarios', 'Hegel', 'Eunapios', 'Holberg', 'Jensen']",['Cæsaræa'],[],"['Det arbejde, jeg nu udgiver']"
283,0,byen:,,,,,"['Julian', 'Gregor', 'Cæsarios', 'Hegel', 'Eunapios', 'Holberg', 'Jensen']",['Cæsaræa'],[],"['Det arbejde, jeg nu udgiver']"
284,0,Pergamon?,,,,,"['Julian', 'Gregor', 'Cæsarios', 'Hegel', 'Eunapios', 'Holberg', 'Jensen']",['Cæsaræa'],[],"['Det arbejde, jeg nu udgiver']"
285,0,Hed,,,,,"['Julian', 'Gregor', 'Cæsarios', 'Hegel', 'Eunapios', 'Holberg', 'Jensen']",['Cæsaræa'],[],"['Det arbejde, jeg nu udgiver']"
286,0,hundestjernen:,,,,,"['Julian', 'Gregor', 'Cæsarios', 'Hegel', 'Eunapios', 'Holberg', 'Jensen']",['Cæsaræa'],[],"['Det arbejde, jeg nu udgiver']"
287,0,Sirios?,,,,,"['Julian', 'Gregor', 'Cæsarios', 'Hegel', 'Eunapios', 'Holberg', 'Jensen']",['Cæsaræa'],[],"['Det arbejde, jeg nu udgiver']"
288,0,Er,,,,,"['Julian', 'Gregor', 'Cæsarios', 'Hegel', 'Eunapios', 'Holberg', 'Jensen']",['Cæsaræa'],[],"['Det arbejde, jeg nu udgiver']"
289,0,Hilarion,,,,,"['Julian', 'Gregor', 'Cæsarios', 'Hegel', 'Eunapios', 'Holberg', 'Jensen']",['Cæsaræa'],[],"['Det arbejde, jeg nu udgiver']"
290,0,rigtig,,,,,"['Julian', 'Gregor', 'Cæsarios', 'Hegel', 'Eunapios', 'Holberg', 'Jensen']",['Cæsaræa'],[],"['Det arbejde, jeg nu udgiver']"
291,0,græsk,,,,,"['Julian', 'Gregor', 'Cæsarios', 'Hegel', 'Eunapios', 'Holberg', 'Jensen']",['Cæsaræa'],[],"['Det arbejde, jeg nu udgiver']"
292,0,form?Skulde,,,,,"['Julian', 'Gregor', 'Cæsarios', 'Hegel', 'Eunapios', 'Holberg', 'Jensen']",['Cæsaræa'],[],"['Det arbejde, jeg nu udgiver']"
293,0,der,,,,,"['Julian', 'Gregor', 'Cæsarios', 'Hegel', 'Eunapios', 'Holberg', 'Jensen']",['Cæsaræa'],[],"['Det arbejde, jeg nu udgiver']"
294,0,i,,,,,"['Julian', 'Gregor', 'Cæsarios', 'Hegel', 'Eunapios', 'Holberg', 'Jensen']",['Cæsaræa'],[],"['Det arbejde, jeg nu udgiver']"
295,0,ovenstående,,,,,"['Julian', 'Gregor', 'Cæsarios', 'Hegel', 'Eunapios', 'Holberg', 'Jensen']",['Cæsaræa'],[],"['Det arbejde, jeg nu udgiver']"
296,0,være,,,,,"['Julian', 'Gregor', 'Cæsarios', 'Hegel', 'Eunapios', 'Holberg', 'Jensen']",['Cæsaræa'],[],"['Det arbejde, jeg nu udgiver']"
297,0,noget,,,,,"['Julian', 'Gregor', 'Cæsarios', 'Hegel', 'Eunapios', 'Holberg', 'Jensen']",['Cæsaræa'],[],"['Det arbejde, jeg nu udgiver']"
298,0,altfor,,,,,"['Julian', 'Gregor', 'Cæsarios', 'Hegel', 'Eunapios', 'Holberg', 'Jensen']",['Cæsaræa'],[],"['Det arbejde, jeg nu udgiver']"
299,0,vanvittigt,,,,,"['Julian', 'Gregor', 'Cæsarios', 'Hegel', 'Eunapios', 'Holberg', 'Jensen']",['Cæsaræa'],[],"['Det arbejde, jeg nu udgiver']"
300,0,"barbari,",,,,,"['Julian', 'Gregor', 'Cæsarios', 'Hegel', 'Eunapios', 'Holberg', 'Jensen']",['Cæsaræa'],[],"['Det arbejde, jeg nu udgiver']"
301,0,så,,,,,"['Julian', 'Gregor', 'Cæsarios', 'Hegel', 'Eunapios', 'Holberg', 'Jensen']",['Cæsaræa'],[],"['Det arbejde, jeg nu udgiver']"
302,0,vis,,,,,"['Julian', 'Gregor', 'Cæsarios', 'Hegel', 'Eunapios', 'Holberg', 'Jensen']",['Cæsaræa'],[],"['Det arbejde, jeg nu udgiver']"
303,0,mig,,,,,"['Julian', 'Gregor', 'Cæsarios', 'Hegel', 'Eunapios', 'Holberg', 'Jensen']",['Cæsaræa'],[],"['Det arbejde, jeg nu udgiver']"
304,0,den,,,,,"['Julian', 'Gregor', 'Cæsarios', 'Hegel', 'Eunapios', 'Holberg', 'Jensen']",['Cæsaræa'],[],"['Det arbejde, jeg nu udgiver']"
305,0,store,,,,,"['Julian', 'Gregor', 'Cæsarios', 'Hegel', 'Eunapios', 'Holberg', 'Jensen']",['Cæsaræa'],[],"['Det arbejde, jeg nu udgiver']"
306,0,tjeneste,,,,,"['Julian', 'Gregor', 'Cæsarios', 'Hegel', 'Eunapios', 'Holberg', 'Jensen']",['Cæsaræa'],[],"['Det arbejde, jeg nu udgiver']"
307,0,at,,,,,"['Julian', 'Gregor', 'Cæsarios', 'Hegel', 'Eunapios', 'Holberg', 'Jensen']",['Cæsaræa'],[],"['Det arbejde, jeg nu udgiver']"
308,0,sende,,,,,"['Julian', 'Gregor', 'Cæsarios', 'Hegel', 'Eunapios', 'Holberg', 'Jensen']",['Cæsaræa'],[],"['Det arbejde, jeg nu udgiver']"
309,0,Hegel,,,,,"['Julian', 'Gregor', 'Cæsarios', 'Hegel', 'Eunapios', 'Holberg', 'Jensen']",['Cæsaræa'],[],"['Det arbejde, jeg nu udgiver']"
310,0,de,,,,,"['Julian', 'Gregor', 'Cæsarios', 'Hegel', 'Eunapios', 'Holberg', 'Jensen']",['Cæsaræa'],[],"['Det arbejde, jeg nu udgiver']"
311,0,fornødne,,,,,"['Julian', 'Gregor', 'Cæsarios', 'Hegel', 'Eunapios', 'Holberg', 'Jensen']",['Cæsaræa'],[],"['Det arbejde, jeg nu udgiver']"
312,0,rettelser;,,,,,"['Julian', 'Gregor', 'Cæsarios', 'Hegel', 'Eunapios', 'Holberg', 'Jensen']",['Cæsaræa'],[],"['Det arbejde, jeg nu udgiver']"
313,0,men,,,,,"['Julian', 'Gregor', 'Cæsarios', 'Hegel', 'Eunapios', 'Holberg', 'Jensen']",['Cæsaræa'],[],"['Det arbejde, jeg nu udgiver']"
314,0,vær,,,,,"['Julian', 'Gregor', 'Cæsarios', 'Hegel', 'Eunapios', 'Holberg', 'Jensen']",['Cæsaræa'],[],"['Det arbejde, jeg nu udgiver']"
315,0,sparsom,,,,,"['Julian', 'Gregor', 'Cæsarios', 'Hegel', 'Eunapios', 'Holberg', 'Jensen']",['Cæsaræa'],[],"['Det arbejde, jeg nu udgiver']"
316,0,dermed;,,,,,"['Julian', 'Gregor', 'Cæsarios', 'Hegel', 'Eunapios', 'Holberg', 'Jensen']",['Cæsaræa'],[],"['Det arbejde, jeg nu udgiver']"
317,0,thi,,,,,"['Julian', 'Gregor', 'Cæsarios', 'Hegel', 'Eunapios', 'Holberg', 'Jensen']",['Cæsaræa'],[],"['Det arbejde, jeg nu udgiver']"
318,0,principet,,,,,"['Julian', 'Gregor', 'Cæsarios', 'Hegel', 'Eunapios', 'Holberg', 'Jensen']",['Cæsaræa'],[],"['Det arbejde, jeg nu udgiver']"
319,0,er,,,,,"['Julian', 'Gregor', 'Cæsarios', 'Hegel', 'Eunapios', 'Holberg', 'Jensen']",['Cæsaræa'],[],"['Det arbejde, jeg nu udgiver']"
320,0,det,,,,,"['Julian', 'Gregor', 'Cæsarios', 'Hegel', 'Eunapios', 'Holberg', 'Jensen']",['Cæsaræa'],[],"['Det arbejde, jeg nu udgiver']"
321,0,mig,,,,,"['Julian', 'Gregor', 'Cæsarios', 'Hegel', 'Eunapios', 'Holberg', 'Jensen']",['Cæsaræa'],[],"['Det arbejde, jeg nu udgiver']"
322,0,meget,,,,,"['Julian', 'Gregor', 'Cæsarios', 'Hegel', 'Eunapios', 'Holberg', 'Jensen']",['Cæsaræa'],[],"['Det arbejde, jeg nu udgiver']"
323,0,magtpåliggende,,,,,"['Julian', 'Gregor', 'Cæsarios', 'Hegel', 'Eunapios', 'Holberg', 'Jensen']",['Cæsaræa'],[],"['Det arbejde, jeg nu udgiver']"
324,0,at,,,,,"['Julian', 'Gregor', 'Cæsarios', 'Hegel', 'Eunapios', 'Holberg', 'Jensen']",['Cæsaræa'],[],"['Det arbejde, jeg nu udgiver']"
325,0,holde,,,,,"['Julian', 'Gregor', 'Cæsarios', 'Hegel', 'Eunapios', 'Holberg', 'Jensen']",['Cæsaræa'],[],"['Det arbejde, jeg nu udgiver']"
326,0,"fast,",,,,,"['Julian', 'Gregor', 'Cæsarios', 'Hegel', 'Eunapios', 'Holberg', 'Jensen']",['Cæsaræa'],[],"['Det arbejde, jeg nu udgiver']"
327,0,såfremt,,,,,"['Julian', 'Gregor', 'Cæsarios', 'Hegel', 'Eunapios', 'Holberg', 'Jensen']",['Cæsaræa'],[],"['Det arbejde, jeg nu udgiver']"
328,0,det,,,,,"['Julian', 'Gregor', 'Cæsarios', 'Hegel', 'Eunapios', 'Holberg', 'Jensen']",['Cæsaræa'],[],"['Det arbejde, jeg nu udgiver']"
329,0,på,,,,,"['Julian', 'Gregor', 'Cæsarios', 'Hegel', 'Eunapios', 'Holberg', 'Jensen']",['Cæsaræa'],[],"['Det arbejde, jeg nu udgiver']"
330,0,nogen,,,,,"['Julian', 'Gregor', 'Cæsarios', 'Hegel', 'Eunapios', 'Holberg', 'Jensen']",['Cæsaræa'],[],"['Det arbejde, jeg nu udgiver']"
331,0,måde,,,,,"['Julian', 'Gregor', 'Cæsarios', 'Hegel', 'Eunapios', 'Holberg', 'Jensen']",['Cæsaræa'],[],"['Det arbejde, jeg nu udgiver']"
332,0,ved,,,,,"['Julian', 'Gregor', 'Cæsarios', 'Hegel', 'Eunapios', 'Holberg', 'Jensen']",['Cæsaræa'],[],"['Det arbejde, jeg nu udgiver']"
333,0,subtile,,,,,"['Julian', 'Gregor', 'Cæsarios', 'Hegel', 'Eunapios', 'Holberg', 'Jensen']",['Cæsaræa'],[],"['Det arbejde, jeg nu udgiver']"
334,0,argumenter,,,,,"['Julian', 'Gregor', 'Cæsarios', 'Hegel', 'Eunapios', 'Holberg', 'Jensen']",['Cæsaræa'],[],"['Det arbejde, jeg nu udgiver']"
335,0,kan,,,,,"['Julian', 'Gregor', 'Cæsarios', 'Hegel', 'Eunapios', 'Holberg', 'Jensen']",['Cæsaræa'],[],"['Det arbejde, jeg nu udgiver']"
336,0,forsvares.Eunapios,,,,,"['Julian', 'Gregor', 'Cæsarios', 'Hegel', 'Eunapios', 'Holberg', 'Jensen']",['Cæsaræa'],[],"['Det arbejde, jeg nu udgiver']"
337,0,har,,,,,"['Julian', 'Gregor', 'Cæsarios', 'Hegel', 'Eunapios', 'Holberg', 'Jensen']",['Cæsaræa'],[],"['Det arbejde, jeg nu udgiver']"
338,0,altså,,,,,"['Julian', 'Gregor', 'Cæsarios', 'Hegel', 'Eunapios', 'Holberg', 'Jensen']",['Cæsaræa'],[],"['Det arbejde, jeg nu udgiver']"
339,0,dog,,,,,"['Julian', 'Gregor', 'Cæsarios', 'Hegel', 'Eunapios', 'Holberg', 'Jensen']",['Cæsaræa'],[],"['Det arbejde, jeg nu udgiver']"
340,0,skrevet,,,,,"['Julian', 'Gregor', 'Cæsarios', 'Hegel', 'Eunapios', 'Holberg', 'Jensen']",['Cæsaræa'],[],"['Det arbejde, jeg nu udgiver']"
341,0,sin,,,,,"['Julian', 'Gregor', 'Cæsarios', 'Hegel', 'Eunapios', 'Holberg', 'Jensen']",['Cæsaræa'],[],"['Det arbejde, jeg nu udgiver']"
342,0,bog,,,,,"['Julian', 'Gregor', 'Cæsarios', 'Hegel', 'Eunapios', 'Holberg', 'Jensen']",['Cæsaræa'],[],"['Det arbejde, jeg nu udgiver']"
343,0,på,,,,,"['Julian', 'Gregor', 'Cæsarios', 'Hegel', 'Eunapios', 'Holberg', 'Jensen']",['Cæsaræa'],[],"['Det arbejde, jeg nu udgiver']"
344,0,latin;,,,,,"['Julian', 'Gregor', 'Cæsarios', 'Hegel', 'Eunapios', 'Holberg', 'Jensen']",['Cæsaræa'],[],"['Det arbejde, jeg nu udgiver']"
345,0,min,,,,,"['Julian', 'Gregor', 'Cæsarios', 'Hegel', 'Eunapios', 'Holberg', 'Jensen']",['Cæsaræa'],[],"['Det arbejde, jeg nu udgiver']"
346,0,boghandler,,,,,"['Julian', 'Gregor', 'Cæsarios', 'Hegel', 'Eunapios', 'Holberg', 'Jensen']",['Cæsaræa'],[],"['Det arbejde, jeg nu udgiver']"
347,0,her,,,,,"['Julian', 'Gregor', 'Cæsarios', 'Hegel', 'Eunapios', 'Holberg', 'Jensen']",['Cæsaræa'],[],"['Det arbejde, jeg nu udgiver']"
348,0,forsikrede,,,,,"['Julian', 'Gregor', 'Cæsarios', 'Hegel', 'Eunapios', 'Holberg', 'Jensen']",['Cæsaræa'],[],"['Det arbejde, jeg nu udgiver']"
349,0,mig,,,,,"['Julian', 'Gregor', 'Cæsarios', 'Hegel', 'Eunapios', 'Holberg', 'Jensen']",['Cæsaræa'],[],"['Det arbejde, jeg nu udgiver']"
350,0,at,,,,,"['Julian', 'Gregor', 'Cæsarios', 'Hegel', 'Eunapios', 'Holberg', 'Jensen']",['Cæsaræa'],[],"['Det arbejde, jeg nu udgiver']"
351,0,den,,,,,"['Julian', 'Gregor', 'Cæsarios', 'Hegel', 'Eunapios', 'Holberg', 'Jensen']",['Cæsaræa'],[],"['Det arbejde, jeg nu udgiver']"
352,0,var,,,,,"['Julian', 'Gregor', 'Cæsarios', 'Hegel', 'Eunapios', 'Holberg', 'Jensen']",['Cæsaræa'],[],"['Det arbejde, jeg nu udgiver']"
353,0,på,,,,,"['Julian', 'Gregor', 'Cæsarios', 'Hegel', 'Eunapios', 'Holberg', 'Jensen']",['Cæsaræa'],[],"['Det arbejde, jeg nu udgiver']"
354,0,græsk.,,,,,"['Julian', 'Gregor', 'Cæsarios', 'Hegel', 'Eunapios', 'Holberg', 'Jensen']",['Cæsaræa'],[],"['Det arbejde, jeg nu udgiver']"
355,0,Det,,,,,"['Julian', 'Gregor', 'Cæsarios', 'Hegel', 'Eunapios', 'Holberg', 'Jensen']",['Cæsaræa'],[],"['Det arbejde, jeg nu udgiver']"
356,0,glæder,,,,,"['Julian', 'Gregor', 'Cæsarios', 'Hegel', 'Eunapios', 'Holberg', 'Jensen']",['Cæsaræa'],[],"['Det arbejde, jeg nu udgiver']"
357,0,mig,,,,,"['Julian', 'Gregor', 'Cæsarios', 'Hegel', 'Eunapios', 'Holberg', 'Jensen']",['Cæsaræa'],[],"['Det arbejde, jeg nu udgiver']"
358,0,at,,,,,"['Julian', 'Gregor', 'Cæsarios', 'Hegel', 'Eunapios', 'Holberg', 'Jensen']",['Cæsaræa'],[],"['Det arbejde, jeg nu udgiver']"
359,0,se,,,,,"['Julian', 'Gregor', 'Cæsarios', 'Hegel', 'Eunapios', 'Holberg', 'Jensen']",['Cæsaræa'],[],"['Det arbejde, jeg nu udgiver']"
360,0,at,,,,,"['Julian', 'Gregor', 'Cæsarios', 'Hegel', 'Eunapios', 'Holberg', 'Jensen']",['Cæsaræa'],[],"['Det arbejde, jeg nu udgiver']"
361,0,biografien,,,,,"['Julian', 'Gregor', 'Cæsarios', 'Hegel', 'Eunapios', 'Holberg', 'Jensen']",['Cæsaræa'],[],"['Det arbejde, jeg nu udgiver']"
362,0,intet,,,,,"['Julian', 'Gregor', 'Cæsarios', 'Hegel', 'Eunapios', 'Holberg', 'Jensen']",['Cæsaræa'],[],"['Det arbejde, jeg nu udgiver']"
363,0,"indeholder,",,,,,"['Julian', 'Gregor', 'Cæsarios', 'Hegel', 'Eunapios', 'Holberg', 'Jensen']",['Cæsaræa'],[],"['Det arbejde, jeg nu udgiver']"
364,0,som,,,,,"['Julian', 'Gregor', 'Cæsarios', 'Hegel', 'Eunapios', 'Holberg', 'Jensen']",['Cæsaræa'],[],"['Det arbejde, jeg nu udgiver']"
365,0,står,,,,,"['Julian', 'Gregor', 'Cæsarios', 'Hegel', 'Eunapios', 'Holberg', 'Jensen']",['Cæsaræa'],[],"['Det arbejde, jeg nu udgiver']"
366,0,i,,,,,"['Julian', 'Gregor', 'Cæsarios', 'Hegel', 'Eunapios', 'Holberg', 'Jensen']",['Cæsaræa'],[],"['Det arbejde, jeg nu udgiver']"
367,0,strid,,,,,"['Julian', 'Gregor', 'Cæsarios', 'Hegel', 'Eunapios', 'Holberg', 'Jensen']",['Cæsaræa'],[],"['Det arbejde, jeg nu udgiver']"
368,0,med,,,,,"['Julian', 'Gregor', 'Cæsarios', 'Hegel', 'Eunapios', 'Holberg', 'Jensen']",['Cæsaræa'],[],"['Det arbejde, jeg nu udgiver']"
369,0,hvad,,,,,"['Julian', 'Gregor', 'Cæsarios', 'Hegel', 'Eunapios', 'Holberg', 'Jensen']",['Cæsaræa'],[],"['Det arbejde, jeg nu udgiver']"
370,0,jeg,,,,,"['Julian', 'Gregor', 'Cæsarios', 'Hegel', 'Eunapios', 'Holberg', 'Jensen']",['Cæsaræa'],[],"['Det arbejde, jeg nu udgiver']"
371,0,forud,,,,,"['Julian', 'Gregor', 'Cæsarios', 'Hegel', 'Eunapios', 'Holberg', 'Jensen']",['Cæsaræa'],[],"['Det arbejde, jeg nu udgiver']"
372,0,kendte,,,,,"['Julian', 'Gregor', 'Cæsarios', 'Hegel', 'Eunapios', 'Holberg', 'Jensen']",['Cæsaræa'],[],"['Det arbejde, jeg nu udgiver']"
373,0,og,,,,,"['Julian', 'Gregor', 'Cæsarios', 'Hegel', 'Eunapios', 'Holberg', 'Jensen']",['Cæsaræa'],[],"['Det arbejde, jeg nu udgiver']"
374,0,havde,,,,,"['Julian', 'Gregor', 'Cæsarios', 'Hegel', 'Eunapios', 'Holberg', 'Jensen']",['Cæsaræa'],[],"['Det arbejde, jeg nu udgiver']"
375,0,benyttet.Det,,,,,"['Julian', 'Gregor', 'Cæsarios', 'Hegel', 'Eunapios', 'Holberg', 'Jensen']",['Cæsaræa'],[],"['Det arbejde, jeg nu udgiver']"
376,0,"arbejde,",,,,,"['Julian', 'Gregor', 'Cæsarios', 'Hegel', 'Eunapios', 'Holberg', 'Jensen']",['Cæsaræa'],[],"['Det arbejde, jeg nu udgiver']"
377,0,jeg,,,,,"['Julian', 'Gregor', 'Cæsarios', 'Hegel', 'Eunapios', 'Holberg', 'Jensen']",['Cæsaræa'],[],"['Det arbejde, jeg nu udgiver']"
378,0,nu,,,,,"['Julian', 'Gregor', 'Cæsarios', 'Hegel', 'Eunapios', 'Holberg', 'Jensen']",['Cæsaræa'],[],"['Det arbejde, jeg nu udgiver']"
379,0,"udgiver,",,,,,"['Julian', 'Gregor', 'Cæsarios', 'Hegel', 'Eunapios', 'Holberg', 'Jensen']",['Cæsaræa'],[],"['Det arbejde, jeg nu udgiver']"
380,0,blir,,,,,"['Julian', 'Gregor', 'Cæsarios', 'Hegel', 'Eunapios', 'Holberg', 'Jensen']",['Cæsaræa'],[],"['Det arbejde, jeg nu udgiver']"
381,0,mit,,,,,"['Julian', 'Gregor', 'Cæsarios', 'Hegel', 'Eunapios', 'Holberg', 'Jensen']",['Cæsaræa'],[],"['Det arbejde, jeg nu udgiver']"
382,0,hovedværk.,,,,,"['Julian', 'Gregor', 'Cæsarios', 'Hegel', 'Eunapios', 'Holberg', 'Jensen']",['Cæsaræa'],[],"['Det arbejde, jeg nu udgiver']"
383,0,Det,,,,,"['Julian', 'Gregor', 'Cæsarios', 'Hegel', 'Eunapios', 'Holberg', 'Jensen']",['Cæsaræa'],[],"['Det arbejde, jeg nu udgiver']"
384,0,fører,,,,,"['Julian', 'Gregor', 'Cæsarios', 'Hegel', 'Eunapios', 'Holberg', 'Jensen']",['Cæsaræa'],[],"['Det arbejde, jeg nu udgiver']"
385,0,titelen:,,,,,"['Julian', 'Gregor', 'Cæsarios', 'Hegel', 'Eunapios', 'Holberg', 'Jensen']",['Cæsaræa'],[],"['Det arbejde, jeg nu udgiver']"
386,0,«Kejser,,,,,"['Julian', 'Gregor', 'Cæsarios', 'Hegel', 'Eunapios', 'Holberg', 'Jensen']",['Cæsaræa'],[],"['Det arbejde, jeg nu udgiver']"
387,0,og,,,,,"['Julian', 'Gregor', 'Cæsarios', 'Hegel', 'Eunapios', 'Holberg', 'Jensen']",['Cæsaræa'],[],"['Det arbejde, jeg nu udgiver']"
388,0,"Galilæer»,",,,,,"['Julian', 'Gregor', 'Cæsarios', 'Hegel', 'Eunapios', 'Holberg', 'Jensen']",['Cæsaræa'],[],"['Det arbejde, jeg nu udgiver']"
389,0,og,,,,,"['Julian', 'Gregor', 'Cæsarios', 'Hegel', 'Eunapios', 'Holberg', 'Jensen']",['Cæsaræa'],[],"['Det arbejde, jeg nu udgiver']"
390,0,indeholder,,,,,"['Julian', 'Gregor', 'Cæsarios', 'Hegel', 'Eunapios', 'Holberg', 'Jensen']",['Cæsaræa'],[],"['Det arbejde, jeg nu udgiver']"
391,0,1.),,,,,"['Julian', 'Gregor', 'Cæsarios', 'Hegel', 'Eunapios', 'Holberg', 'Jensen']",['Cæsaræa'],[],"['Det arbejde, jeg nu udgiver']"
392,0,«Cæsars,,,,,"['Julian', 'Gregor', 'Cæsarios', 'Hegel', 'Eunapios', 'Holberg', 'Jensen']",['Cæsaræa'],[],"['Det arbejde, jeg nu udgiver']"
393,0,"frafald»,",,,,,"['Julian', 'Gregor', 'Cæsarios', 'Hegel', 'Eunapios', 'Holberg', 'Jensen']",['Cæsaræa'],[],"['Det arbejde, jeg nu udgiver']"
394,0,2.),,,,,"['Julian', 'Gregor', 'Cæsarios', 'Hegel', 'Eunapios', 'Holberg', 'Jensen']",['Cæsaræa'],[],"['Det arbejde, jeg nu udgiver']"
395,0,«Kejser,,,,,"['Julian', 'Gregor', 'Cæsarios', 'Hegel', 'Eunapios', 'Holberg', 'Jensen']",['Cæsaræa'],[],"['Det arbejde, jeg nu udgiver']"
396,0,Julian».,,,,,"['Julian', 'Gregor', 'Cæsarios', 'Hegel', 'Eunapios', 'Holberg', 'Jensen']",['Cæsaræa'],[],"['Det arbejde, jeg nu udgiver']"
397,0,Hvert,,,,,"['Julian', 'Gregor', 'Cæsarios', 'Hegel', 'Eunapios', 'Holberg', 'Jensen']",['Cæsaræa'],[],"['Det arbejde, jeg nu udgiver']"
398,0,af,,,,,"['Julian', 'Gregor', 'Cæsarios', 'Hegel', 'Eunapios', 'Holberg', 'Jensen']",['Cæsaræa'],[],"['Det arbejde, jeg nu udgiver']"
399,0,disse,,,,,"['Julian', 'Gregor', 'Cæsarios', 'Hegel', 'Eunapios', 'Holberg', 'Jensen']",['Cæsaræa'],[],"['Det arbejde, jeg nu udgiver']"
400,0,er,,,,,"['Julian', 'Gregor', 'Cæsarios', 'Hegel', 'Eunapios', 'Holberg', 'Jensen']",['Cæsaræa'],[],"['Det arbejde, jeg nu udgiver']"
401,0,et,,,,,"['Julian', 'Gregor', 'Cæsarios', 'Hegel', 'Eunapios', 'Holberg', 'Jensen']",['Cæsaræa'],[],"['Det arbejde, jeg nu udgiver']"
402,0,stort,,,,,"['Julian', 'Gregor', 'Cæsarios', 'Hegel', 'Eunapios', 'Holberg', 'Jensen']",['Cæsaræa'],[],"['Det arbejde, jeg nu udgiver']"
403,0,drama,,,,,"['Julian', 'Gregor', 'Cæsarios', 'Hegel', 'Eunapios', 'Holberg', 'Jensen']",['Cæsaræa'],[],"['Det arbejde, jeg nu udgiver']"
404,0,i,,,,,"['Julian', 'Gregor', 'Cæsarios', 'Hegel', 'Eunapios', 'Holberg', 'Jensen']",['Cæsaræa'],[],"['Det arbejde, jeg nu udgiver']"
405,0,fem,,,,,"['Julian', 'Gregor', 'Cæsarios', 'Hegel', 'Eunapios', 'Holberg', 'Jensen']",['Cæsaræa'],[],"['Det arbejde, jeg nu udgiver']"
406,0,akter.,,,,,"['Julian', 'Gregor', 'Cæsarios', 'Hegel', 'Eunapios', 'Holberg', 'Jensen']",['Cæsaræa'],[],"['Det arbejde, jeg nu udgiver']"
407,0,Stykket,,,,,"['Julian', 'Gregor', 'Cæsarios', 'Hegel', 'Eunapios', 'Holberg', 'Jensen']",['Cæsaræa'],[],"['Det arbejde, jeg nu udgiver']"
408,0,behandler,,,,,"['Julian', 'Gregor', 'Cæsarios', 'Hegel', 'Eunapios', 'Holberg', 'Jensen']",['Cæsaræa'],[],"['Det arbejde, jeg nu udgiver']"
409,0,en,,,,,"['Julian', 'Gregor', 'Cæsarios', 'Hegel', 'Eunapios', 'Holberg', 'Jensen']",['Cæsaræa'],[],"['Det arbejde, jeg nu udgiver']"
410,0,brydning,,,,,"['Julian', 'Gregor', 'Cæsarios', 'Hegel', 'Eunapios', 'Holberg', 'Jensen']",['Cæsaræa'],[],"['Det arbejde, jeg nu udgiver']"
411,0,mellem,,,,,"['Julian', 'Gregor', 'Cæsarios', 'Hegel', 'Eunapios', 'Holberg', 'Jensen']",['Cæsaræa'],[],"['Det arbejde, jeg nu udgiver']"
412,0,to,,,,,"['Julian', 'Gregor', 'Cæsarios', 'Hegel', 'Eunapios', 'Holberg', 'Jensen']",['Cæsaræa'],[],"['Det arbejde, jeg nu udgiver']"
413,0,uforsonlige,,,,,"['Julian', 'Gregor', 'Cæsarios', 'Hegel', 'Eunapios', 'Holberg', 'Jensen']",['Cæsaræa'],[],"['Det arbejde, jeg nu udgiver']"
414,0,magter,,,,,"['Julian', 'Gregor', 'Cæsarios', 'Hegel', 'Eunapios', 'Holberg', 'Jensen']",['Cæsaræa'],[],"['Det arbejde, jeg nu udgiver']"
415,0,i,,,,,"['Julian', 'Gregor', 'Cæsarios', 'Hegel', 'Eunapios', 'Holberg', 'Jensen']",['Cæsaræa'],[],"['Det arbejde, jeg nu udgiver']"
416,0,"verdenslivet,",,,,,"['Julian', 'Gregor', 'Cæsarios', 'Hegel', 'Eunapios', 'Holberg', 'Jensen']",['Cæsaræa'],[],"['Det arbejde, jeg nu udgiver']"
417,0,som,,,,,"['Julian', 'Gregor', 'Cæsarios', 'Hegel', 'Eunapios', 'Holberg', 'Jensen']",['Cæsaræa'],[],"['Det arbejde, jeg nu udgiver']"
418,0,til,,,,,"['Julian', 'Gregor', 'Cæsarios', 'Hegel', 'Eunapios', 'Holberg', 'Jensen']",['Cæsaræa'],[],"['Det arbejde, jeg nu udgiver']"
419,0,alle,,,,,"['Julian', 'Gregor', 'Cæsarios', 'Hegel', 'Eunapios', 'Holberg', 'Jensen']",['Cæsaræa'],[],"['Det arbejde, jeg nu udgiver']"
420,0,tider,,,,,"['Julian', 'Gregor', 'Cæsarios', 'Hegel', 'Eunapios', 'Holberg', 'Jensen']",['Cæsaræa'],[],"['Det arbejde, jeg nu udgiver']"
421,0,vil,,,,,"['Julian', 'Gregor', 'Cæsarios', 'Hegel', 'Eunapios', 'Holberg', 'Jensen']",['Cæsaræa'],[],"['Det arbejde, jeg nu udgiver']"
422,0,gentage,,,,,"['Julian', 'Gregor', 'Cæsarios', 'Hegel', 'Eunapios', 'Holberg', 'Jensen']",['Cæsaræa'],[],"['Det arbejde, jeg nu udgiver']"
423,0,"sig,",,,,,"['Julian', 'Gregor', 'Cæsarios', 'Hegel', 'Eunapios', 'Holberg', 'Jensen']",['Cæsaræa'],[],"['Det arbejde, jeg nu udgiver']"
424,0,og,,,,,"['Julian', 'Gregor', 'Cæsarios', 'Hegel', 'Eunapios', 'Holberg', 'Jensen']",['Cæsaræa'],[],"['Det arbejde, jeg nu udgiver']"
425,0,på,,,,,"['Julian', 'Gregor', 'Cæsarios', 'Hegel', 'Eunapios', 'Holberg', 'Jensen']",['Cæsaræa'],[],"['Det arbejde, jeg nu udgiver']"
426,0,grund,,,,,"['Julian', 'Gregor', 'Cæsarios', 'Hegel', 'Eunapios', 'Holberg', 'Jensen']",['Cæsaræa'],[],"['Det arbejde, jeg nu udgiver']"
427,0,af,,,,,"['Julian', 'Gregor', 'Cæsarios', 'Hegel', 'Eunapios', 'Holberg', 'Jensen']",['Cæsaræa'],[],"['Det arbejde, jeg nu udgiver']"
428,0,denne,,,,,"['Julian', 'Gregor', 'Cæsarios', 'Hegel', 'Eunapios', 'Holberg', 'Jensen']",['Cæsaræa'],[],"['Det arbejde, jeg nu udgiver']"
429,0,universalitet,,,,,"['Julian', 'Gregor', 'Cæsarios', 'Hegel', 'Eunapios', 'Holberg', 'Jensen']",['Cæsaræa'],[],"['Det arbejde, jeg nu udgiver']"
430,0,kalder,,,,,"['Julian', 'Gregor', 'Cæsarios', 'Hegel', 'Eunapios', 'Holberg', 'Jensen']",['Cæsaræa'],[],"['Det arbejde, jeg nu udgiver']"
431,0,jeg,,,,,"['Julian', 'Gregor', 'Cæsarios', 'Hegel', 'Eunapios', 'Holberg', 'Jensen']",['Cæsaræa'],[],"['Det arbejde, jeg nu udgiver']"
432,0,bogen,,,,,"['Julian', 'Gregor', 'Cæsarios', 'Hegel', 'Eunapios', 'Holberg', 'Jensen']",['Cæsaræa'],[],"['Det arbejde, jeg nu udgiver']"
433,0,«et,,,,,"['Julian', 'Gregor', 'Cæsarios', 'Hegel', 'Eunapios', 'Holberg', 'Jensen']",['Cæsaræa'],[],"['Det arbejde, jeg nu udgiver']"
434,0,verdenshistorisk,,,,,"['Julian', 'Gregor', 'Cæsarios', 'Hegel', 'Eunapios', 'Holberg', 'Jensen']",['Cæsaræa'],[],"['Det arbejde, jeg nu udgiver']"
435,0,skuespil».,,,,,"['Julian', 'Gregor', 'Cæsarios', 'Hegel', 'Eunapios', 'Holberg', 'Jensen']",['Cæsaræa'],[],"['Det arbejde, jeg nu udgiver']"
436,0,Forresten,,,,,"['Julian', 'Gregor', 'Cæsarios', 'Hegel', 'Eunapios', 'Holberg', 'Jensen']",['Cæsaræa'],[],"['Det arbejde, jeg nu udgiver']"
437,0,findes,,,,,"['Julian', 'Gregor', 'Cæsarios', 'Hegel', 'Eunapios', 'Holberg', 'Jensen']",['Cæsaræa'],[],"['Det arbejde, jeg nu udgiver']"
438,0,der,,,,,"['Julian', 'Gregor', 'Cæsarios', 'Hegel', 'Eunapios', 'Holberg', 'Jensen']",['Cæsaræa'],[],"['Det arbejde, jeg nu udgiver']"
439,0,i,,,,,"['Julian', 'Gregor', 'Cæsarios', 'Hegel', 'Eunapios', 'Holberg', 'Jensen']",['Cæsaræa'],[],"['Det arbejde, jeg nu udgiver']"
440,0,karakteren,,,,,"['Julian', 'Gregor', 'Cæsarios', 'Hegel', 'Eunapios', 'Holberg', 'Jensen']",['Cæsaræa'],[],"['Det arbejde, jeg nu udgiver']"
441,0,"Julian,",,,,,"['Julian', 'Gregor', 'Cæsarios', 'Hegel', 'Eunapios', 'Holberg', 'Jensen']",['Cæsaræa'],[],"['Det arbejde, jeg nu udgiver']"
442,0,ligesom,,,,,"['Julian', 'Gregor', 'Cæsarios', 'Hegel', 'Eunapios', 'Holberg', 'Jensen']",['Cæsaræa'],[],"['Det arbejde, jeg nu udgiver']"
443,0,i,,,,,"['Julian', 'Gregor', 'Cæsarios', 'Hegel', 'Eunapios', 'Holberg', 'Jensen']",['Cæsaræa'],[],"['Det arbejde, jeg nu udgiver']"
444,0,det,,,,,"['Julian', 'Gregor', 'Cæsarios', 'Hegel', 'Eunapios', 'Holberg', 'Jensen']",['Cæsaræa'],[],"['Det arbejde, jeg nu udgiver']"
445,0,meste,,,,,"['Julian', 'Gregor', 'Cæsarios', 'Hegel', 'Eunapios', 'Holberg', 'Jensen']",['Cæsaræa'],[],"['Det arbejde, jeg nu udgiver']"
446,0,af,,,,,"['Julian', 'Gregor', 'Cæsarios', 'Hegel', 'Eunapios', 'Holberg', 'Jensen']",['Cæsaræa'],[],"['Det arbejde, jeg nu udgiver']"
447,0,hvad,,,,,"['Julian', 'Gregor', 'Cæsarios', 'Hegel', 'Eunapios', 'Holberg', 'Jensen']",['Cæsaræa'],[],"['Det arbejde, jeg nu udgiver']"
448,0,jeg,,,,,"['Julian', 'Gregor', 'Cæsarios', 'Hegel', 'Eunapios', 'Holberg', 'Jensen']",['Cæsaræa'],[],"['Det arbejde, jeg nu udgiver']"
449,0,i,,,,,"['Julian', 'Gregor', 'Cæsarios', 'Hegel', 'Eunapios', 'Holberg', 'Jensen']",['Cæsaræa'],[],"['Det arbejde, jeg nu udgiver']"
450,0,de,,,,,"['Julian', 'Gregor', 'Cæsarios', 'Hegel', 'Eunapios', 'Holberg', 'Jensen']",['Cæsaræa'],[],"['Det arbejde, jeg nu udgiver']"
451,0,modnere,,,,,"['Julian', 'Gregor', 'Cæsarios', 'Hegel', 'Eunapios', 'Holberg', 'Jensen']",['Cæsaræa'],[],"['Det arbejde, jeg nu udgiver']"
452,0,år,,,,,"['Julian', 'Gregor', 'Cæsarios', 'Hegel', 'Eunapios', 'Holberg', 'Jensen']",['Cæsaræa'],[],"['Det arbejde, jeg nu udgiver']"
453,0,har,,,,,"['Julian', 'Gregor', 'Cæsarios', 'Hegel', 'Eunapios', 'Holberg', 'Jensen']",['Cæsaræa'],[],"['Det arbejde, jeg nu udgiver']"
454,0,"skrevet,",,,,,"['Julian', 'Gregor', 'Cæsarios', 'Hegel', 'Eunapios', 'Holberg', 'Jensen']",['Cæsaræa'],[],"['Det arbejde, jeg nu udgiver']"
455,0,mere,,,,,"['Julian', 'Gregor', 'Cæsarios', 'Hegel', 'Eunapios', 'Holberg', 'Jensen']",['Cæsaræa'],[],"['Det arbejde, jeg nu udgiver']"
456,0,åndeligt,,,,,"['Julian', 'Gregor', 'Cæsarios', 'Hegel', 'Eunapios', 'Holberg', 'Jensen']",['Cæsaræa'],[],"['Det arbejde, jeg nu udgiver']"
457,0,"gennemlevet,",,,,,"['Julian', 'Gregor', 'Cæsarios', 'Hegel', 'Eunapios', 'Holberg', 'Jensen']",['Cæsaræa'],[],"['Det arbejde, jeg nu udgiver']"
458,0,end,,,,,"['Julian', 'Gregor', 'Cæsarios', 'Hegel', 'Eunapios', 'Holberg', 'Jensen']",['Cæsaræa'],[],"['Det arbejde, jeg nu udgiver']"
459,0,jeg,,,,,"['Julian', 'Gregor', 'Cæsarios', 'Hegel', 'Eunapios', 'Holberg', 'Jensen']",['Cæsaræa'],[],"['Det arbejde, jeg nu udgiver']"
460,0,gider,,,,,"['Julian', 'Gregor', 'Cæsarios', 'Hegel', 'Eunapios', 'Holberg', 'Jensen']",['Cæsaræa'],[],"['Det arbejde, jeg nu udgiver']"
461,0,gøre,,,,,"['Julian', 'Gregor', 'Cæsarios', 'Hegel', 'Eunapios', 'Holberg', 'Jensen']",['Cæsaræa'],[],"['Det arbejde, jeg nu udgiver']"
462,0,publikum,,,,,"['Julian', 'Gregor', 'Cæsarios', 'Hegel', 'Eunapios', 'Holberg', 'Jensen']",['Cæsaræa'],[],"['Det arbejde, jeg nu udgiver']"
463,0,rede,,,,,"['Julian', 'Gregor', 'Cæsarios', 'Hegel', 'Eunapios', 'Holberg', 'Jensen']",['Cæsaræa'],[],"['Det arbejde, jeg nu udgiver']"
464,0,for.,,,,,"['Julian', 'Gregor', 'Cæsarios', 'Hegel', 'Eunapios', 'Holberg', 'Jensen']",['Cæsaræa'],[],"['Det arbejde, jeg nu udgiver']"
465,0,Men,,,,,"['Julian', 'Gregor', 'Cæsarios', 'Hegel', 'Eunapios', 'Holberg', 'Jensen']",['Cæsaræa'],[],"['Det arbejde, jeg nu udgiver']"
466,0,det,,,,,"['Julian', 'Gregor', 'Cæsarios', 'Hegel', 'Eunapios', 'Holberg', 'Jensen']",['Cæsaræa'],[],"['Det arbejde, jeg nu udgiver']"
467,0,er,,,,,"['Julian', 'Gregor', 'Cæsarios', 'Hegel', 'Eunapios', 'Holberg', 'Jensen']",['Cæsaræa'],[],"['Det arbejde, jeg nu udgiver']"
468,0,på,,,,,"['Julian', 'Gregor', 'Cæsarios', 'Hegel', 'Eunapios', 'Holberg', 'Jensen']",['Cæsaræa'],[],"['Det arbejde, jeg nu udgiver']"
469,0,samme,,,,,"['Julian', 'Gregor', 'Cæsarios', 'Hegel', 'Eunapios', 'Holberg', 'Jensen']",['Cæsaræa'],[],"['Det arbejde, jeg nu udgiver']"
470,0,tid,,,,,"['Julian', 'Gregor', 'Cæsarios', 'Hegel', 'Eunapios', 'Holberg', 'Jensen']",['Cæsaræa'],[],"['Det arbejde, jeg nu udgiver']"
471,0,"hel,",,,,,"['Julian', 'Gregor', 'Cæsarios', 'Hegel', 'Eunapios', 'Holberg', 'Jensen']",['Cæsaræa'],[],"['Det arbejde, jeg nu udgiver']"
472,0,fuld,,,,,"['Julian', 'Gregor', 'Cæsarios', 'Hegel', 'Eunapios', 'Holberg', 'Jensen']",['Cæsaræa'],[],"['Det arbejde, jeg nu udgiver']"
473,0,realistisk,,,,,"['Julian', 'Gregor', 'Cæsarios', 'Hegel', 'Eunapios', 'Holberg', 'Jensen']",['Cæsaræa'],[],"['Det arbejde, jeg nu udgiver']"
474,0,digtning;,,,,,"['Julian', 'Gregor', 'Cæsarios', 'Hegel', 'Eunapios', 'Holberg', 'Jensen']",['Cæsaræa'],[],"['Det arbejde, jeg nu udgiver']"
475,0,jeg,,,,,"['Julian', 'Gregor', 'Cæsarios', 'Hegel', 'Eunapios', 'Holberg', 'Jensen']",['Cæsaræa'],[],"['Det arbejde, jeg nu udgiver']"
476,0,har,,,,,"['Julian', 'Gregor', 'Cæsarios', 'Hegel', 'Eunapios', 'Holberg', 'Jensen']",['Cæsaræa'],[],"['Det arbejde, jeg nu udgiver']"
477,0,set,,,,,"['Julian', 'Gregor', 'Cæsarios', 'Hegel', 'Eunapios', 'Holberg', 'Jensen']",['Cæsaræa'],[],"['Det arbejde, jeg nu udgiver']"
478,0,skikkelserne,,,,,"['Julian', 'Gregor', 'Cæsarios', 'Hegel', 'Eunapios', 'Holberg', 'Jensen']",['Cæsaræa'],[],"['Det arbejde, jeg nu udgiver']"
479,0,for,,,,,"['Julian', 'Gregor', 'Cæsarios', 'Hegel', 'Eunapios', 'Holberg', 'Jensen']",['Cæsaræa'],[],"['Det arbejde, jeg nu udgiver']"
480,0,mine,,,,,"['Julian', 'Gregor', 'Cæsarios', 'Hegel', 'Eunapios', 'Holberg', 'Jensen']",['Cæsaræa'],[],"['Det arbejde, jeg nu udgiver']"
481,0,øjne,,,,,"['Julian', 'Gregor', 'Cæsarios', 'Hegel', 'Eunapios', 'Holberg', 'Jensen']",['Cæsaræa'],[],"['Det arbejde, jeg nu udgiver']"
482,0,i,,,,,"['Julian', 'Gregor', 'Cæsarios', 'Hegel', 'Eunapios', 'Holberg', 'Jensen']",['Cæsaræa'],[],"['Det arbejde, jeg nu udgiver']"
483,0,tidens,,,,,"['Julian', 'Gregor', 'Cæsarios', 'Hegel', 'Eunapios', 'Holberg', 'Jensen']",['Cæsaræa'],[],"['Det arbejde, jeg nu udgiver']"
484,0,"lys,",,,,,"['Julian', 'Gregor', 'Cæsarios', 'Hegel', 'Eunapios', 'Holberg', 'Jensen']",['Cæsaræa'],[],"['Det arbejde, jeg nu udgiver']"
485,0,–,,,,,"['Julian', 'Gregor', 'Cæsarios', 'Hegel', 'Eunapios', 'Holberg', 'Jensen']",['Cæsaræa'],[],"['Det arbejde, jeg nu udgiver']"
486,0,og,,,,,"['Julian', 'Gregor', 'Cæsarios', 'Hegel', 'Eunapios', 'Holberg', 'Jensen']",['Cæsaræa'],[],"['Det arbejde, jeg nu udgiver']"
487,0,vil,,,,,"['Julian', 'Gregor', 'Cæsarios', 'Hegel', 'Eunapios', 'Holberg', 'Jensen']",['Cæsaræa'],[],"['Det arbejde, jeg nu udgiver']"
488,0,håbe,,,,,"['Julian', 'Gregor', 'Cæsarios', 'Hegel', 'Eunapios', 'Holberg', 'Jensen']",['Cæsaræa'],[],"['Det arbejde, jeg nu udgiver']"
489,0,at,,,,,"['Julian', 'Gregor', 'Cæsarios', 'Hegel', 'Eunapios', 'Holberg', 'Jensen']",['Cæsaræa'],[],"['Det arbejde, jeg nu udgiver']"
490,0,læserne,,,,,"['Julian', 'Gregor', 'Cæsarios', 'Hegel', 'Eunapios', 'Holberg', 'Jensen']",['Cæsaræa'],[],"['Det arbejde, jeg nu udgiver']"
491,0,gør,,,,,"['Julian', 'Gregor', 'Cæsarios', 'Hegel', 'Eunapios', 'Holberg', 'Jensen']",['Cæsaræa'],[],"['Det arbejde, jeg nu udgiver']"
492,0,det,,,,,"['Julian', 'Gregor', 'Cæsarios', 'Hegel', 'Eunapios', 'Holberg', 'Jensen']",['Cæsaræa'],[],"['Det arbejde, jeg nu udgiver']"
493,0,samme.,,,,,"['Julian', 'Gregor', 'Cæsarios', 'Hegel', 'Eunapios', 'Holberg', 'Jensen']",['Cæsaræa'],[],"['Det arbejde, jeg nu udgiver']"
494,0,–Hjertelig,,,,,"['Julian', 'Gregor', 'Cæsarios', 'Hegel', 'Eunapios', 'Holberg', 'Jensen']",['Cæsaræa'],[],"['Det arbejde, jeg nu udgiver']"
495,0,tak,,,,,"['Julian', 'Gregor', 'Cæsarios', 'Hegel', 'Eunapios', 'Holberg', 'Jensen']",['Cæsaræa'],[],"['Det arbejde, jeg nu udgiver']"
496,0,for,,,,,"['Julian', 'Gregor', 'Cæsarios', 'Hegel', 'Eunapios', 'Holberg', 'Jensen']",['Cæsaræa'],[],"['Det arbejde, jeg nu udgiver']"
497,0,det,,,,,"['Julian', 'Gregor', 'Cæsarios', 'Hegel', 'Eunapios', 'Holberg', 'Jensen']",['Cæsaræa'],[],"['Det arbejde, jeg nu udgiver']"
498,0,tilsendte,,,,,"['Julian', 'Gregor', 'Cæsarios', 'Hegel', 'Eunapios', 'Holberg', 'Jensen']",['Cæsaræa'],[],"['Det arbejde, jeg nu udgiver']"
499,0,om,,,,,"['Julian', 'Gregor', 'Cæsarios', 'Hegel', 'Eunapios', 'Holberg', 'Jensen']",['Cæsaræa'],[],"['Det arbejde, jeg nu udgiver']"
500,0,Holberg!,,,,,"['Julian', 'Gregor', 'Cæsarios', 'Hegel', 'Eunapios', 'Holberg', 'Jensen']",['Cæsaræa'],[],"['Det arbejde, jeg nu udgiver']"
501,0,Det,,,,,"['Julian', 'Gregor', 'Cæsarios', 'Hegel', 'Eunapios', 'Holberg', 'Jensen']",['Cæsaræa'],[],"['Det arbejde, jeg nu udgiver']"
502,0,har,,,,,"['Julian', 'Gregor', 'Cæsarios', 'Hegel', 'Eunapios', 'Holberg', 'Jensen']",['Cæsaræa'],[],"['Det arbejde, jeg nu udgiver']"
503,0,været,,,,,"['Julian', 'Gregor', 'Cæsarios', 'Hegel', 'Eunapios', 'Holberg', 'Jensen']",['Cæsaræa'],[],"['Det arbejde, jeg nu udgiver']"
504,0,os,,,,,"['Julian', 'Gregor', 'Cæsarios', 'Hegel', 'Eunapios', 'Holberg', 'Jensen']",['Cæsaræa'],[],"['Det arbejde, jeg nu udgiver']"
505,0,en,,,,,"['Julian', 'Gregor', 'Cæsarios', 'Hegel', 'Eunapios', 'Holberg', 'Jensen']",['Cæsaræa'],[],"['Det arbejde, jeg nu udgiver']"
506,0,fest,,,,,"['Julian', 'Gregor', 'Cæsarios', 'Hegel', 'Eunapios', 'Holberg', 'Jensen']",['Cæsaræa'],[],"['Det arbejde, jeg nu udgiver']"
507,0,at,,,,,"['Julian', 'Gregor', 'Cæsarios', 'Hegel', 'Eunapios', 'Holberg', 'Jensen']",['Cæsaræa'],[],"['Det arbejde, jeg nu udgiver']"
508,0,læse,,,,,"['Julian', 'Gregor', 'Cæsarios', 'Hegel', 'Eunapios', 'Holberg', 'Jensen']",['Cæsaræa'],[],"['Det arbejde, jeg nu udgiver']"
509,0,denne,,,,,"['Julian', 'Gregor', 'Cæsarios', 'Hegel', 'Eunapios', 'Holberg', 'Jensen']",['Cæsaræa'],[],"['Det arbejde, jeg nu udgiver']"
510,0,lille,,,,,"['Julian', 'Gregor', 'Cæsarios', 'Hegel', 'Eunapios', 'Holberg', 'Jensen']",['Cæsaræa'],[],"['Det arbejde, jeg nu udgiver']"
511,0,"bog,",,,,,"['Julian', 'Gregor', 'Cæsarios', 'Hegel', 'Eunapios', 'Holberg', 'Jensen']",['Cæsaræa'],[],"['Det arbejde, jeg nu udgiver']"
512,0,og,,,,,"['Julian', 'Gregor', 'Cæsarios', 'Hegel', 'Eunapios', 'Holberg', 'Jensen']",['Cæsaræa'],[],"['Det arbejde, jeg nu udgiver']"
513,0,vi,,,,,"['Julian', 'Gregor', 'Cæsarios', 'Hegel', 'Eunapios', 'Holberg', 'Jensen']",['Cæsaræa'],[],"['Det arbejde, jeg nu udgiver']"
514,0,vil,,,,,"['Julian', 'Gregor', 'Cæsarios', 'Hegel', 'Eunapios', 'Holberg', 'Jensen']",['Cæsaræa'],[],"['Det arbejde, jeg nu udgiver']"
515,0,endnu,,,,,"['Julian', 'Gregor', 'Cæsarios', 'Hegel', 'Eunapios', 'Holberg', 'Jensen']",['Cæsaræa'],[],"['Det arbejde, jeg nu udgiver']"
516,0,mangen,,,,,"['Julian', 'Gregor', 'Cæsarios', 'Hegel', 'Eunapios', 'Holberg', 'Jensen']",['Cæsaræa'],[],"['Det arbejde, jeg nu udgiver']"
517,0,god,,,,,"['Julian', 'Gregor', 'Cæsarios', 'Hegel', 'Eunapios', 'Holberg', 'Jensen']",['Cæsaræa'],[],"['Det arbejde, jeg nu udgiver']"
518,0,gang,,,,,"['Julian', 'Gregor', 'Cæsarios', 'Hegel', 'Eunapios', 'Holberg', 'Jensen']",['Cæsaræa'],[],"['Det arbejde, jeg nu udgiver']"
519,0,kunne,,,,,"['Julian', 'Gregor', 'Cæsarios', 'Hegel', 'Eunapios', 'Holberg', 'Jensen']",['Cæsaræa'],[],"['Det arbejde, jeg nu udgiver']"
520,0,begynde,,,,,"['Julian', 'Gregor', 'Cæsarios', 'Hegel', 'Eunapios', 'Holberg', 'Jensen']",['Cæsaræa'],[],"['Det arbejde, jeg nu udgiver']"
521,0,den,,,,,"['Julian', 'Gregor', 'Cæsarios', 'Hegel', 'Eunapios', 'Holberg', 'Jensen']",['Cæsaræa'],[],"['Det arbejde, jeg nu udgiver']"
522,0,forfra.,,,,,"['Julian', 'Gregor', 'Cæsarios', 'Hegel', 'Eunapios', 'Holberg', 'Jensen']",['Cæsaræa'],[],"['Det arbejde, jeg nu udgiver']"
523,0,At,,,,,"['Julian', 'Gregor', 'Cæsarios', 'Hegel', 'Eunapios', 'Holberg', 'Jensen']",['Cæsaræa'],[],"['Det arbejde, jeg nu udgiver']"
524,0,vi,,,,,"['Julian', 'Gregor', 'Cæsarios', 'Hegel', 'Eunapios', 'Holberg', 'Jensen']",['Cæsaræa'],[],"['Det arbejde, jeg nu udgiver']"
525,0,med,,,,,"['Julian', 'Gregor', 'Cæsarios', 'Hegel', 'Eunapios', 'Holberg', 'Jensen']",['Cæsaræa'],[],"['Det arbejde, jeg nu udgiver']"
526,0,en,,,,,"['Julian', 'Gregor', 'Cæsarios', 'Hegel', 'Eunapios', 'Holberg', 'Jensen']",['Cæsaræa'],[],"['Det arbejde, jeg nu udgiver']"
527,0,lignende,,,,,"['Julian', 'Gregor', 'Cæsarios', 'Hegel', 'Eunapios', 'Holberg', 'Jensen']",['Cæsaræa'],[],"['Det arbejde, jeg nu udgiver']"
528,0,lyst,,,,,"['Julian', 'Gregor', 'Cæsarios', 'Hegel', 'Eunapios', 'Holberg', 'Jensen']",['Cæsaræa'],[],"['Det arbejde, jeg nu udgiver']"
529,0,og,,,,,"['Julian', 'Gregor', 'Cæsarios', 'Hegel', 'Eunapios', 'Holberg', 'Jensen']",['Cæsaræa'],[],"['Det arbejde, jeg nu udgiver']"
530,0,glæde,,,,,"['Julian', 'Gregor', 'Cæsarios', 'Hegel', 'Eunapios', 'Holberg', 'Jensen']",['Cæsaræa'],[],"['Det arbejde, jeg nu udgiver']"
531,0,har,,,,,"['Julian', 'Gregor', 'Cæsarios', 'Hegel', 'Eunapios', 'Holberg', 'Jensen']",['Cæsaræa'],[],"['Det arbejde, jeg nu udgiver']"
532,0,læst,,,,,"['Julian', 'Gregor', 'Cæsarios', 'Hegel', 'Eunapios', 'Holberg', 'Jensen']",['Cæsaræa'],[],"['Det arbejde, jeg nu udgiver']"
533,0,dine,,,,,"['Julian', 'Gregor', 'Cæsarios', 'Hegel', 'Eunapios', 'Holberg', 'Jensen']",['Cæsaræa'],[],"['Det arbejde, jeg nu udgiver']"
534,0,forskellige,,,,,"['Julian', 'Gregor', 'Cæsarios', 'Hegel', 'Eunapios', 'Holberg', 'Jensen']",['Cæsaræa'],[],"['Det arbejde, jeg nu udgiver']"
535,0,arbejder,,,,,"['Julian', 'Gregor', 'Cæsarios', 'Hegel', 'Eunapios', 'Holberg', 'Jensen']",['Cæsaræa'],[],"['Det arbejde, jeg nu udgiver']"
536,0,i,,,,,"['Julian', 'Gregor', 'Cæsarios', 'Hegel', 'Eunapios', 'Holberg', 'Jensen']",['Cæsaræa'],[],"['Det arbejde, jeg nu udgiver']"
537,0,Morgenbladet,,,,,"['Julian', 'Gregor', 'Cæsarios', 'Hegel', 'Eunapios', 'Holberg', 'Jensen']",['Cæsaræa'],[],"['Det arbejde, jeg nu udgiver']"
538,0,behøver,,,,,"['Julian', 'Gregor', 'Cæsarios', 'Hegel', 'Eunapios', 'Holberg', 'Jensen']",['Cæsaræa'],[],"['Det arbejde, jeg nu udgiver']"
539,0,jeg,,,,,"['Julian', 'Gregor', 'Cæsarios', 'Hegel', 'Eunapios', 'Holberg', 'Jensen']",['Cæsaræa'],[],"['Det arbejde, jeg nu udgiver']"
540,0,ikke,,,,,"['Julian', 'Gregor', 'Cæsarios', 'Hegel', 'Eunapios', 'Holberg', 'Jensen']",['Cæsaræa'],[],"['Det arbejde, jeg nu udgiver']"
541,0,at,,,,,"['Julian', 'Gregor', 'Cæsarios', 'Hegel', 'Eunapios', 'Holberg', 'Jensen']",['Cæsaræa'],[],"['Det arbejde, jeg nu udgiver']"
542,0,forsikre,,,,,"['Julian', 'Gregor', 'Cæsarios', 'Hegel', 'Eunapios', 'Holberg', 'Jensen']",['Cæsaræa'],[],"['Det arbejde, jeg nu udgiver']"
543,0,Dig,,,,,"['Julian', 'Gregor', 'Cæsarios', 'Hegel', 'Eunapios', 'Holberg', 'Jensen']",['Cæsaræa'],[],"['Det arbejde, jeg nu udgiver']"
544,0,om.,,,,,"['Julian', 'Gregor', 'Cæsarios', 'Hegel', 'Eunapios', 'Holberg', 'Jensen']",['Cæsaræa'],[],"['Det arbejde, jeg nu udgiver']"
545,0,Min,,,,,"['Julian', 'Gregor', 'Cæsarios', 'Hegel', 'Eunapios', 'Holberg', 'Jensen']",['Cæsaræa'],[],"['Det arbejde, jeg nu udgiver']"
546,0,tak,,,,,"['Julian', 'Gregor', 'Cæsarios', 'Hegel', 'Eunapios', 'Holberg', 'Jensen']",['Cæsaræa'],[],"['Det arbejde, jeg nu udgiver']"
547,0,for,,,,,"['Julian', 'Gregor', 'Cæsarios', 'Hegel', 'Eunapios', 'Holberg', 'Jensen']",['Cæsaræa'],[],"['Det arbejde, jeg nu udgiver']"
548,0,hjælpen,,,,,"['Julian', 'Gregor', 'Cæsarios', 'Hegel', 'Eunapios', 'Holberg', 'Jensen']",['Cæsaræa'],[],"['Det arbejde, jeg nu udgiver']"
549,0,imod,,,,,"['Julian', 'Gregor', 'Cæsarios', 'Hegel', 'Eunapios', 'Holberg', 'Jensen']",['Cæsaræa'],[],"['Det arbejde, jeg nu udgiver']"
550,0,Jensen,,,,,"['Julian', 'Gregor', 'Cæsarios', 'Hegel', 'Eunapios', 'Holberg', 'Jensen']",['Cæsaræa'],[],"['Det arbejde, jeg nu udgiver']"
551,0,håber,,,,,"['Julian', 'Gregor', 'Cæsarios', 'Hegel', 'Eunapios', 'Holberg', 'Jensen']",['Cæsaræa'],[],"['Det arbejde, jeg nu udgiver']"
552,0,jeg,,,,,"['Julian', 'Gregor', 'Cæsarios', 'Hegel', 'Eunapios', 'Holberg', 'Jensen']",['Cæsaræa'],[],"['Det arbejde, jeg nu udgiver']"
553,0,fremkom,,,,,"['Julian', 'Gregor', 'Cæsarios', 'Hegel', 'Eunapios', 'Holberg', 'Jensen']",['Cæsaræa'],[],"['Det arbejde, jeg nu udgiver']"
554,0,gennem,,,,,"['Julian', 'Gregor', 'Cæsarios', 'Hegel', 'Eunapios', 'Holberg', 'Jensen']",['Cæsaræa'],[],"['Det arbejde, jeg nu udgiver']"
555,0,en,,,,,"['Julian', 'Gregor', 'Cæsarios', 'Hegel', 'Eunapios', 'Holberg', 'Jensen']",['Cæsaræa'],[],"['Det arbejde, jeg nu udgiver']"
556,0,tredjemand.Jeg,,,,,"['Julian', 'Gregor', 'Cæsarios', 'Hegel', 'Eunapios', 'Holberg', 'Jensen']",['Cæsaræa'],[],"['Det arbejde, jeg nu udgiver']"
557,0,sidder,,,,,"['Julian', 'Gregor', 'Cæsarios', 'Hegel', 'Eunapios', 'Holberg', 'Jensen']",['Cæsaræa'],[],"['Det arbejde, jeg nu udgiver']"
558,0,og,,,,,"['Julian', 'Gregor', 'Cæsarios', 'Hegel', 'Eunapios', 'Holberg', 'Jensen']",['Cæsaræa'],[],"['Det arbejde, jeg nu udgiver']"
559,0,skriver,,,,,"['Julian', 'Gregor', 'Cæsarios', 'Hegel', 'Eunapios', 'Holberg', 'Jensen']",['Cæsaræa'],[],"['Det arbejde, jeg nu udgiver']"
560,0,dette,,,,,"['Julian', 'Gregor', 'Cæsarios', 'Hegel', 'Eunapios', 'Holberg', 'Jensen']",['Cæsaræa'],[],"['Det arbejde, jeg nu udgiver']"
561,0,sent,,,,,"['Julian', 'Gregor', 'Cæsarios', 'Hegel', 'Eunapios', 'Holberg', 'Jensen']",['Cæsaræa'],[],"['Det arbejde, jeg nu udgiver']"
562,0,på,,,,,"['Julian', 'Gregor', 'Cæsarios', 'Hegel', 'Eunapios', 'Holberg', 'Jensen']",['Cæsaræa'],[],"['Det arbejde, jeg nu udgiver']"
563,0,aftenen;,,,,,"['Julian', 'Gregor', 'Cæsarios', 'Hegel', 'Eunapios', 'Holberg', 'Jensen']",['Cæsaræa'],[],"['Det arbejde, jeg nu udgiver']"
564,0,thi,,,,,"['Julian', 'Gregor', 'Cæsarios', 'Hegel', 'Eunapios', 'Holberg', 'Jensen']",['Cæsaræa'],[],"['Det arbejde, jeg nu udgiver']"
565,0,min,,,,,"['Julian', 'Gregor', 'Cæsarios', 'Hegel', 'Eunapios', 'Holberg', 'Jensen']",['Cæsaræa'],[],"['Det arbejde, jeg nu udgiver']"
566,0,hele,,,,,"['Julian', 'Gregor', 'Cæsarios', 'Hegel', 'Eunapios', 'Holberg', 'Jensen']",['Cæsaræa'],[],"['Det arbejde, jeg nu udgiver']"
567,0,dag,,,,,"['Julian', 'Gregor', 'Cæsarios', 'Hegel', 'Eunapios', 'Holberg', 'Jensen']",['Cæsaræa'],[],"['Det arbejde, jeg nu udgiver']"
568,0,er,,,,,"['Julian', 'Gregor', 'Cæsarios', 'Hegel', 'Eunapios', 'Holberg', 'Jensen']",['Cæsaræa'],[],"['Det arbejde, jeg nu udgiver']"
569,0,optagen,,,,,"['Julian', 'Gregor', 'Cæsarios', 'Hegel', 'Eunapios', 'Holberg', 'Jensen']",['Cæsaræa'],[],"['Det arbejde, jeg nu udgiver']"
570,0,af,,,,,"['Julian', 'Gregor', 'Cæsarios', 'Hegel', 'Eunapios', 'Holberg', 'Jensen']",['Cæsaræa'],[],"['Det arbejde, jeg nu udgiver']"
571,0,renskriverarbejde.,,,,,"['Julian', 'Gregor', 'Cæsarios', 'Hegel', 'Eunapios', 'Holberg', 'Jensen']",['Cæsaræa'],[],"['Det arbejde, jeg nu udgiver']"
572,0,–,,,,,"['Julian', 'Gregor', 'Cæsarios', 'Hegel', 'Eunapios', 'Holberg', 'Jensen']",['Cæsaræa'],[],"['Det arbejde, jeg nu udgiver']"
573,0,Lev,,,,,"['Julian', 'Gregor', 'Cæsarios', 'Hegel', 'Eunapios', 'Holberg', 'Jensen']",['Cæsaræa'],[],"['Det arbejde, jeg nu udgiver']"
574,0,vel!,,,,,"['Julian', 'Gregor', 'Cæsarios', 'Hegel', 'Eunapios', 'Holberg', 'Jensen']",['Cæsaræa'],[],"['Det arbejde, jeg nu udgiver']"
575,0,Jeg,,,,,"['Julian', 'Gregor', 'Cæsarios', 'Hegel', 'Eunapios', 'Holberg', 'Jensen']",['Cæsaræa'],[],"['Det arbejde, jeg nu udgiver']"
576,0,skal,,,,,"['Julian', 'Gregor', 'Cæsarios', 'Hegel', 'Eunapios', 'Holberg', 'Jensen']",['Cæsaræa'],[],"['Det arbejde, jeg nu udgiver']"
577,0,aldrig,,,,,"['Julian', 'Gregor', 'Cæsarios', 'Hegel', 'Eunapios', 'Holberg', 'Jensen']",['Cæsaræa'],[],"['Det arbejde, jeg nu udgiver']"
578,0,glemme,,,,,"['Julian', 'Gregor', 'Cæsarios', 'Hegel', 'Eunapios', 'Holberg', 'Jensen']",['Cæsaræa'],[],"['Det arbejde, jeg nu udgiver']"
579,0,den,,,,,"['Julian', 'Gregor', 'Cæsarios', 'Hegel', 'Eunapios', 'Holberg', 'Jensen']",['Cæsaræa'],[],"['Det arbejde, jeg nu udgiver']"
580,0,"beredvillighed,",,,,,"['Julian', 'Gregor', 'Cæsarios', 'Hegel', 'Eunapios', 'Holberg', 'Jensen']",['Cæsaræa'],[],"['Det arbejde, jeg nu udgiver']"
581,0,hvormed,,,,,"['Julian', 'Gregor', 'Cæsarios', 'Hegel', 'Eunapios', 'Holberg', 'Jensen']",['Cæsaræa'],[],"['Det arbejde, jeg nu udgiver']"
582,0,Du,,,,,"['Julian', 'Gregor', 'Cæsarios', 'Hegel', 'Eunapios', 'Holberg', 'Jensen']",['Cæsaræa'],[],"['Det arbejde, jeg nu udgiver']"
583,0,i,,,,,"['Julian', 'Gregor', 'Cæsarios', 'Hegel', 'Eunapios', 'Holberg', 'Jensen']",['Cæsaræa'],[],"['Det arbejde, jeg nu udgiver']"
584,0,denne,,,,,"['Julian', 'Gregor', 'Cæsarios', 'Hegel', 'Eunapios', 'Holberg', 'Jensen']",['Cæsaræa'],[],"['Det arbejde, jeg nu udgiver']"
585,0,sag,,,,,"['Julian', 'Gregor', 'Cæsarios', 'Hegel', 'Eunapios', 'Holberg', 'Jensen']",['Cæsaræa'],[],"['Det arbejde, jeg nu udgiver']"
586,0,har,,,,,"['Julian', 'Gregor', 'Cæsarios', 'Hegel', 'Eunapios', 'Holberg', 'Jensen']",['Cæsaræa'],[],"['Det arbejde, jeg nu udgiver']"
587,0,villet,,,,,"['Julian', 'Gregor', 'Cæsarios', 'Hegel', 'Eunapios', 'Holberg', 'Jensen']",['Cæsaræa'],[],"['Det arbejde, jeg nu udgiver']"
588,0,hjælpe,,,,,"['Julian', 'Gregor', 'Cæsarios', 'Hegel', 'Eunapios', 'Holberg', 'Jensen']",['Cæsaræa'],[],"['Det arbejde, jeg nu udgiver']"
589,0,mig.,,,,,"['Julian', 'Gregor', 'Cæsarios', 'Hegel', 'Eunapios', 'Holberg', 'Jensen']",['Cæsaræa'],[],"['Det arbejde, jeg nu udgiver']"
