,,0,human_annotation,who,dacy_medium,spacy_trf,person,place,org,work
0,0,Modtag,,,,,"['Söderman', 'Baron Warburg', 'Din ärede frue']","['Köbenhavn', 'Berlin', 'Dresden', 'Elben']",[],['«De unges forbund»']
1,0,min,,,,,"['Söderman', 'Baron Warburg', 'Din ärede frue']","['Köbenhavn', 'Berlin', 'Dresden', 'Elben']",[],['«De unges forbund»']
2,0,hjerteligste,,,,,"['Söderman', 'Baron Warburg', 'Din ärede frue']","['Köbenhavn', 'Berlin', 'Dresden', 'Elben']",[],['«De unges forbund»']
3,0,takk,,,,,"['Söderman', 'Baron Warburg', 'Din ärede frue']","['Köbenhavn', 'Berlin', 'Dresden', 'Elben']",[],['«De unges forbund»']
4,0,fordi,,,,,"['Söderman', 'Baron Warburg', 'Din ärede frue']","['Köbenhavn', 'Berlin', 'Dresden', 'Elben']",[],['«De unges forbund»']
5,0,Du,,,,,"['Söderman', 'Baron Warburg', 'Din ärede frue']","['Köbenhavn', 'Berlin', 'Dresden', 'Elben']",[],['«De unges forbund»']
6,0,så,,,,,"['Söderman', 'Baron Warburg', 'Din ärede frue']","['Köbenhavn', 'Berlin', 'Dresden', 'Elben']",[],['«De unges forbund»']
7,0,venligt,,,,,"['Söderman', 'Baron Warburg', 'Din ärede frue']","['Köbenhavn', 'Berlin', 'Dresden', 'Elben']",[],['«De unges forbund»']
8,0,underrettede,,,,,"['Söderman', 'Baron Warburg', 'Din ärede frue']","['Köbenhavn', 'Berlin', 'Dresden', 'Elben']",[],['«De unges forbund»']
9,0,mig,,,,,"['Söderman', 'Baron Warburg', 'Din ärede frue']","['Köbenhavn', 'Berlin', 'Dresden', 'Elben']",[],['«De unges forbund»']
10,0,om,,,,,"['Söderman', 'Baron Warburg', 'Din ärede frue']","['Köbenhavn', 'Berlin', 'Dresden', 'Elben']",[],['«De unges forbund»']
11,0,oppförelsen,,,,,"['Söderman', 'Baron Warburg', 'Din ärede frue']","['Köbenhavn', 'Berlin', 'Dresden', 'Elben']",[],['«De unges forbund»']
12,0,af,,,,,"['Söderman', 'Baron Warburg', 'Din ärede frue']","['Köbenhavn', 'Berlin', 'Dresden', 'Elben']",[],['«De unges forbund»']
13,0,«De,,,,,"['Söderman', 'Baron Warburg', 'Din ärede frue']","['Köbenhavn', 'Berlin', 'Dresden', 'Elben']",[],['«De unges forbund»']
14,0,unges,,,,,"['Söderman', 'Baron Warburg', 'Din ärede frue']","['Köbenhavn', 'Berlin', 'Dresden', 'Elben']",[],['«De unges forbund»']
15,0,forbund».,,,,,"['Söderman', 'Baron Warburg', 'Din ärede frue']","['Köbenhavn', 'Berlin', 'Dresden', 'Elben']",[],['«De unges forbund»']
16,0,Du,,,,,"['Söderman', 'Baron Warburg', 'Din ärede frue']","['Köbenhavn', 'Berlin', 'Dresden', 'Elben']",[],['«De unges forbund»']
17,0,var,,,,,"['Söderman', 'Baron Warburg', 'Din ärede frue']","['Köbenhavn', 'Berlin', 'Dresden', 'Elben']",[],['«De unges forbund»']
18,0,en,,,,,"['Söderman', 'Baron Warburg', 'Din ärede frue']","['Köbenhavn', 'Berlin', 'Dresden', 'Elben']",[],['«De unges forbund»']
19,0,af,,,,,"['Söderman', 'Baron Warburg', 'Din ärede frue']","['Köbenhavn', 'Berlin', 'Dresden', 'Elben']",[],['«De unges forbund»']
20,0,de,,,,,"['Söderman', 'Baron Warburg', 'Din ärede frue']","['Köbenhavn', 'Berlin', 'Dresden', 'Elben']",[],['«De unges forbund»']
21,0,"förste,",,,,,"['Söderman', 'Baron Warburg', 'Din ärede frue']","['Köbenhavn', 'Berlin', 'Dresden', 'Elben']",[],['«De unges forbund»']
22,0,fra,,,,,"['Söderman', 'Baron Warburg', 'Din ärede frue']","['Köbenhavn', 'Berlin', 'Dresden', 'Elben']",[],['«De unges forbund»']
23,0,hvem,,,,,"['Söderman', 'Baron Warburg', 'Din ärede frue']","['Köbenhavn', 'Berlin', 'Dresden', 'Elben']",[],['«De unges forbund»']
24,0,underrettningen,,,,,"['Söderman', 'Baron Warburg', 'Din ärede frue']","['Köbenhavn', 'Berlin', 'Dresden', 'Elben']",[],['«De unges forbund»']
25,0,"kom,",,,,,"['Söderman', 'Baron Warburg', 'Din ärede frue']","['Köbenhavn', 'Berlin', 'Dresden', 'Elben']",[],['«De unges forbund»']
26,0,og,,,,,"['Söderman', 'Baron Warburg', 'Din ärede frue']","['Köbenhavn', 'Berlin', 'Dresden', 'Elben']",[],['«De unges forbund»']
27,0,både,,,,,"['Söderman', 'Baron Warburg', 'Din ärede frue']","['Köbenhavn', 'Berlin', 'Dresden', 'Elben']",[],['«De unges forbund»']
28,0,derfor,,,,,"['Söderman', 'Baron Warburg', 'Din ärede frue']","['Köbenhavn', 'Berlin', 'Dresden', 'Elben']",[],['«De unges forbund»']
29,0,og,,,,,"['Söderman', 'Baron Warburg', 'Din ärede frue']","['Köbenhavn', 'Berlin', 'Dresden', 'Elben']",[],['«De unges forbund»']
30,0,fordi,,,,,"['Söderman', 'Baron Warburg', 'Din ärede frue']","['Köbenhavn', 'Berlin', 'Dresden', 'Elben']",[],['«De unges forbund»']
31,0,Du,,,,,"['Söderman', 'Baron Warburg', 'Din ärede frue']","['Köbenhavn', 'Berlin', 'Dresden', 'Elben']",[],['«De unges forbund»']
32,0,jo,,,,,"['Söderman', 'Baron Warburg', 'Din ärede frue']","['Köbenhavn', 'Berlin', 'Dresden', 'Elben']",[],['«De unges forbund»']
33,0,som,,,,,"['Söderman', 'Baron Warburg', 'Din ärede frue']","['Köbenhavn', 'Berlin', 'Dresden', 'Elben']",[],['«De unges forbund»']
34,0,fagmand,,,,,"['Söderman', 'Baron Warburg', 'Din ärede frue']","['Köbenhavn', 'Berlin', 'Dresden', 'Elben']",[],['«De unges forbund»']
35,0,bedst,,,,,"['Söderman', 'Baron Warburg', 'Din ärede frue']","['Köbenhavn', 'Berlin', 'Dresden', 'Elben']",[],['«De unges forbund»']
36,0,formår,,,,,"['Söderman', 'Baron Warburg', 'Din ärede frue']","['Köbenhavn', 'Berlin', 'Dresden', 'Elben']",[],['«De unges forbund»']
37,0,at,,,,,"['Söderman', 'Baron Warburg', 'Din ärede frue']","['Köbenhavn', 'Berlin', 'Dresden', 'Elben']",[],['«De unges forbund»']
38,0,dömme,,,,,"['Söderman', 'Baron Warburg', 'Din ärede frue']","['Köbenhavn', 'Berlin', 'Dresden', 'Elben']",[],['«De unges forbund»']
39,0,i,,,,,"['Söderman', 'Baron Warburg', 'Din ärede frue']","['Köbenhavn', 'Berlin', 'Dresden', 'Elben']",[],['«De unges forbund»']
40,0,"sagen,",,,,,"['Söderman', 'Baron Warburg', 'Din ärede frue']","['Köbenhavn', 'Berlin', 'Dresden', 'Elben']",[],['«De unges forbund»']
41,0,var,,,,,"['Söderman', 'Baron Warburg', 'Din ärede frue']","['Köbenhavn', 'Berlin', 'Dresden', 'Elben']",[],['«De unges forbund»']
42,0,meddelelsen,,,,,"['Söderman', 'Baron Warburg', 'Din ärede frue']","['Köbenhavn', 'Berlin', 'Dresden', 'Elben']",[],['«De unges forbund»']
43,0,mig,,,,,"['Söderman', 'Baron Warburg', 'Din ärede frue']","['Köbenhavn', 'Berlin', 'Dresden', 'Elben']",[],['«De unges forbund»']
44,0,dobbelt,,,,,"['Söderman', 'Baron Warburg', 'Din ärede frue']","['Köbenhavn', 'Berlin', 'Dresden', 'Elben']",[],['«De unges forbund»']
45,0,kärkommen.,,,,,"['Söderman', 'Baron Warburg', 'Din ärede frue']","['Köbenhavn', 'Berlin', 'Dresden', 'Elben']",[],['«De unges forbund»']
46,0,Sidenefter,,,,,"['Söderman', 'Baron Warburg', 'Din ärede frue']","['Köbenhavn', 'Berlin', 'Dresden', 'Elben']",[],['«De unges forbund»']
47,0,har,,,,,"['Söderman', 'Baron Warburg', 'Din ärede frue']","['Köbenhavn', 'Berlin', 'Dresden', 'Elben']",[],['«De unges forbund»']
48,0,jeg,,,,,"['Söderman', 'Baron Warburg', 'Din ärede frue']","['Köbenhavn', 'Berlin', 'Dresden', 'Elben']",[],['«De unges forbund»']
49,0,fåt,,,,,"['Söderman', 'Baron Warburg', 'Din ärede frue']","['Köbenhavn', 'Berlin', 'Dresden', 'Elben']",[],['«De unges forbund»']
50,0,tillsendt,,,,,"['Söderman', 'Baron Warburg', 'Din ärede frue']","['Köbenhavn', 'Berlin', 'Dresden', 'Elben']",[],['«De unges forbund»']
51,0,så,,,,,"['Söderman', 'Baron Warburg', 'Din ärede frue']","['Köbenhavn', 'Berlin', 'Dresden', 'Elben']",[],['«De unges forbund»']
52,0,mange,,,,,"['Söderman', 'Baron Warburg', 'Din ärede frue']","['Köbenhavn', 'Berlin', 'Dresden', 'Elben']",[],['«De unges forbund»']
53,0,tidninger,,,,,"['Söderman', 'Baron Warburg', 'Din ärede frue']","['Köbenhavn', 'Berlin', 'Dresden', 'Elben']",[],['«De unges forbund»']
54,0,og,,,,,"['Söderman', 'Baron Warburg', 'Din ärede frue']","['Köbenhavn', 'Berlin', 'Dresden', 'Elben']",[],['«De unges forbund»']
55,0,breve,,,,,"['Söderman', 'Baron Warburg', 'Din ärede frue']","['Köbenhavn', 'Berlin', 'Dresden', 'Elben']",[],['«De unges forbund»']
56,0,fra,,,,,"['Söderman', 'Baron Warburg', 'Din ärede frue']","['Köbenhavn', 'Berlin', 'Dresden', 'Elben']",[],['«De unges forbund»']
57,0,"Köbenhavn,",,,,,"['Söderman', 'Baron Warburg', 'Din ärede frue']","['Köbenhavn', 'Berlin', 'Dresden', 'Elben']",[],['«De unges forbund»']
58,0,at,,,,,"['Söderman', 'Baron Warburg', 'Din ärede frue']","['Köbenhavn', 'Berlin', 'Dresden', 'Elben']",[],['«De unges forbund»']
59,0,jeg,,,,,"['Söderman', 'Baron Warburg', 'Din ärede frue']","['Köbenhavn', 'Berlin', 'Dresden', 'Elben']",[],['«De unges forbund»']
60,0,snart,,,,,"['Söderman', 'Baron Warburg', 'Din ärede frue']","['Köbenhavn', 'Berlin', 'Dresden', 'Elben']",[],['«De unges forbund»']
61,0,ikke,,,,,"['Söderman', 'Baron Warburg', 'Din ärede frue']","['Köbenhavn', 'Berlin', 'Dresden', 'Elben']",[],['«De unges forbund»']
62,0,ved,,,,,"['Söderman', 'Baron Warburg', 'Din ärede frue']","['Köbenhavn', 'Berlin', 'Dresden', 'Elben']",[],['«De unges forbund»']
63,0,hvorledes,,,,,"['Söderman', 'Baron Warburg', 'Din ärede frue']","['Köbenhavn', 'Berlin', 'Dresden', 'Elben']",[],['«De unges forbund»']
64,0,jeg,,,,,"['Söderman', 'Baron Warburg', 'Din ärede frue']","['Köbenhavn', 'Berlin', 'Dresden', 'Elben']",[],['«De unges forbund»']
65,0,skal,,,,,"['Söderman', 'Baron Warburg', 'Din ärede frue']","['Köbenhavn', 'Berlin', 'Dresden', 'Elben']",[],['«De unges forbund»']
66,0,vinde,,,,,"['Söderman', 'Baron Warburg', 'Din ärede frue']","['Köbenhavn', 'Berlin', 'Dresden', 'Elben']",[],['«De unges forbund»']
67,0,tid,,,,,"['Söderman', 'Baron Warburg', 'Din ärede frue']","['Köbenhavn', 'Berlin', 'Dresden', 'Elben']",[],['«De unges forbund»']
68,0,till,,,,,"['Söderman', 'Baron Warburg', 'Din ärede frue']","['Köbenhavn', 'Berlin', 'Dresden', 'Elben']",[],['«De unges forbund»']
69,0,at,,,,,"['Söderman', 'Baron Warburg', 'Din ärede frue']","['Köbenhavn', 'Berlin', 'Dresden', 'Elben']",[],['«De unges forbund»']
70,0,läse,,,,,"['Söderman', 'Baron Warburg', 'Din ärede frue']","['Köbenhavn', 'Berlin', 'Dresden', 'Elben']",[],['«De unges forbund»']
71,0,og,,,,,"['Söderman', 'Baron Warburg', 'Din ärede frue']","['Köbenhavn', 'Berlin', 'Dresden', 'Elben']",[],['«De unges forbund»']
72,0,besvare,,,,,"['Söderman', 'Baron Warburg', 'Din ärede frue']","['Köbenhavn', 'Berlin', 'Dresden', 'Elben']",[],['«De unges forbund»']
73,0,altsammen.Söderman,,,,,"['Söderman', 'Baron Warburg', 'Din ärede frue']","['Köbenhavn', 'Berlin', 'Dresden', 'Elben']",[],['«De unges forbund»']
74,0,var,,,,,"['Söderman', 'Baron Warburg', 'Din ärede frue']","['Köbenhavn', 'Berlin', 'Dresden', 'Elben']",[],['«De unges forbund»']
75,0,ved,,,,,"['Söderman', 'Baron Warburg', 'Din ärede frue']","['Köbenhavn', 'Berlin', 'Dresden', 'Elben']",[],['«De unges forbund»']
76,0,god,,,,,"['Söderman', 'Baron Warburg', 'Din ärede frue']","['Köbenhavn', 'Berlin', 'Dresden', 'Elben']",[],['«De unges forbund»']
77,0,helbred,,,,,"['Söderman', 'Baron Warburg', 'Din ärede frue']","['Köbenhavn', 'Berlin', 'Dresden', 'Elben']",[],['«De unges forbund»']
78,0,da,,,,,"['Söderman', 'Baron Warburg', 'Din ärede frue']","['Köbenhavn', 'Berlin', 'Dresden', 'Elben']",[],['«De unges forbund»']
79,0,han,,,,,"['Söderman', 'Baron Warburg', 'Din ärede frue']","['Köbenhavn', 'Berlin', 'Dresden', 'Elben']",[],['«De unges forbund»']
80,0,rejste,,,,,"['Söderman', 'Baron Warburg', 'Din ärede frue']","['Köbenhavn', 'Berlin', 'Dresden', 'Elben']",[],['«De unges forbund»']
81,0,herfra;,,,,,"['Söderman', 'Baron Warburg', 'Din ärede frue']","['Köbenhavn', 'Berlin', 'Dresden', 'Elben']",[],['«De unges forbund»']
82,0,rimeligvis,,,,,"['Söderman', 'Baron Warburg', 'Din ärede frue']","['Köbenhavn', 'Berlin', 'Dresden', 'Elben']",[],['«De unges forbund»']
83,0,er,,,,,"['Söderman', 'Baron Warburg', 'Din ärede frue']","['Köbenhavn', 'Berlin', 'Dresden', 'Elben']",[],['«De unges forbund»']
84,0,han,,,,,"['Söderman', 'Baron Warburg', 'Din ärede frue']","['Köbenhavn', 'Berlin', 'Dresden', 'Elben']",[],['«De unges forbund»']
85,0,nu,,,,,"['Söderman', 'Baron Warburg', 'Din ärede frue']","['Köbenhavn', 'Berlin', 'Dresden', 'Elben']",[],['«De unges forbund»']
86,0,i,,,,,"['Söderman', 'Baron Warburg', 'Din ärede frue']","['Köbenhavn', 'Berlin', 'Dresden', 'Elben']",[],['«De unges forbund»']
87,0,Berlin.,,,,,"['Söderman', 'Baron Warburg', 'Din ärede frue']","['Köbenhavn', 'Berlin', 'Dresden', 'Elben']",[],['«De unges forbund»']
88,0,Her,,,,,"['Söderman', 'Baron Warburg', 'Din ärede frue']","['Köbenhavn', 'Berlin', 'Dresden', 'Elben']",[],['«De unges forbund»']
89,0,i,,,,,"['Söderman', 'Baron Warburg', 'Din ärede frue']","['Köbenhavn', 'Berlin', 'Dresden', 'Elben']",[],['«De unges forbund»']
90,0,Dresden,,,,,"['Söderman', 'Baron Warburg', 'Din ärede frue']","['Köbenhavn', 'Berlin', 'Dresden', 'Elben']",[],['«De unges forbund»']
91,0,har,,,,,"['Söderman', 'Baron Warburg', 'Din ärede frue']","['Köbenhavn', 'Berlin', 'Dresden', 'Elben']",[],['«De unges forbund»']
92,0,vi,,,,,"['Söderman', 'Baron Warburg', 'Din ärede frue']","['Köbenhavn', 'Berlin', 'Dresden', 'Elben']",[],['«De unges forbund»']
93,0,havt,,,,,"['Söderman', 'Baron Warburg', 'Din ärede frue']","['Köbenhavn', 'Berlin', 'Dresden', 'Elben']",[],['«De unges forbund»']
94,0,en,,,,,"['Söderman', 'Baron Warburg', 'Din ärede frue']","['Köbenhavn', 'Berlin', 'Dresden', 'Elben']",[],['«De unges forbund»']
95,0,fuldständig,,,,,"['Söderman', 'Baron Warburg', 'Din ärede frue']","['Köbenhavn', 'Berlin', 'Dresden', 'Elben']",[],['«De unges forbund»']
96,0,nordisk,,,,,"['Söderman', 'Baron Warburg', 'Din ärede frue']","['Köbenhavn', 'Berlin', 'Dresden', 'Elben']",[],['«De unges forbund»']
97,0,vinter,,,,,"['Söderman', 'Baron Warburg', 'Din ärede frue']","['Köbenhavn', 'Berlin', 'Dresden', 'Elben']",[],['«De unges forbund»']
98,0,med,,,,,"['Söderman', 'Baron Warburg', 'Din ärede frue']","['Köbenhavn', 'Berlin', 'Dresden', 'Elben']",[],['«De unges forbund»']
99,0,forfärdelig,,,,,"['Söderman', 'Baron Warburg', 'Din ärede frue']","['Köbenhavn', 'Berlin', 'Dresden', 'Elben']",[],['«De unges forbund»']
100,0,kulde.,,,,,"['Söderman', 'Baron Warburg', 'Din ärede frue']","['Köbenhavn', 'Berlin', 'Dresden', 'Elben']",[],['«De unges forbund»']
101,0,Elben,,,,,"['Söderman', 'Baron Warburg', 'Din ärede frue']","['Köbenhavn', 'Berlin', 'Dresden', 'Elben']",[],['«De unges forbund»']
102,0,er,,,,,"['Söderman', 'Baron Warburg', 'Din ärede frue']","['Köbenhavn', 'Berlin', 'Dresden', 'Elben']",[],['«De unges forbund»']
103,0,nästen,,,,,"['Söderman', 'Baron Warburg', 'Din ärede frue']","['Köbenhavn', 'Berlin', 'Dresden', 'Elben']",[],['«De unges forbund»']
104,0,bundfrossen;,,,,,"['Söderman', 'Baron Warburg', 'Din ärede frue']","['Köbenhavn', 'Berlin', 'Dresden', 'Elben']",[],['«De unges forbund»']
105,0,men,,,,,"['Söderman', 'Baron Warburg', 'Din ärede frue']","['Köbenhavn', 'Berlin', 'Dresden', 'Elben']",[],['«De unges forbund»']
106,0,nu,,,,,"['Söderman', 'Baron Warburg', 'Din ärede frue']","['Köbenhavn', 'Berlin', 'Dresden', 'Elben']",[],['«De unges forbund»']
107,0,begynder,,,,,"['Söderman', 'Baron Warburg', 'Din ärede frue']","['Köbenhavn', 'Berlin', 'Dresden', 'Elben']",[],['«De unges forbund»']
108,0,våren,,,,,"['Söderman', 'Baron Warburg', 'Din ärede frue']","['Köbenhavn', 'Berlin', 'Dresden', 'Elben']",[],['«De unges forbund»']
109,0,at,,,,,"['Söderman', 'Baron Warburg', 'Din ärede frue']","['Köbenhavn', 'Berlin', 'Dresden', 'Elben']",[],['«De unges forbund»']
110,0,komme,,,,,"['Söderman', 'Baron Warburg', 'Din ärede frue']","['Köbenhavn', 'Berlin', 'Dresden', 'Elben']",[],['«De unges forbund»']
111,0,med,,,,,"['Söderman', 'Baron Warburg', 'Din ärede frue']","['Köbenhavn', 'Berlin', 'Dresden', 'Elben']",[],['«De unges forbund»']
112,0,raske,,,,,"['Söderman', 'Baron Warburg', 'Din ärede frue']","['Köbenhavn', 'Berlin', 'Dresden', 'Elben']",[],['«De unges forbund»']
113,0,skridt.,,,,,"['Söderman', 'Baron Warburg', 'Din ärede frue']","['Köbenhavn', 'Berlin', 'Dresden', 'Elben']",[],['«De unges forbund»']
114,0,I,,,,,"['Söderman', 'Baron Warburg', 'Din ärede frue']","['Köbenhavn', 'Berlin', 'Dresden', 'Elben']",[],['«De unges forbund»']
115,0,teaterverdenen,,,,,"['Söderman', 'Baron Warburg', 'Din ärede frue']","['Köbenhavn', 'Berlin', 'Dresden', 'Elben']",[],['«De unges forbund»']
116,0,er,,,,,"['Söderman', 'Baron Warburg', 'Din ärede frue']","['Köbenhavn', 'Berlin', 'Dresden', 'Elben']",[],['«De unges forbund»']
117,0,her,,,,,"['Söderman', 'Baron Warburg', 'Din ärede frue']","['Köbenhavn', 'Berlin', 'Dresden', 'Elben']",[],['«De unges forbund»']
118,0,ingenting,,,,,"['Söderman', 'Baron Warburg', 'Din ärede frue']","['Köbenhavn', 'Berlin', 'Dresden', 'Elben']",[],['«De unges forbund»']
119,0,af,,,,,"['Söderman', 'Baron Warburg', 'Din ärede frue']","['Köbenhavn', 'Berlin', 'Dresden', 'Elben']",[],['«De unges forbund»']
120,0,vigtighed,,,,,"['Söderman', 'Baron Warburg', 'Din ärede frue']","['Köbenhavn', 'Berlin', 'Dresden', 'Elben']",[],['«De unges forbund»']
121,0,passeret.,,,,,"['Söderman', 'Baron Warburg', 'Din ärede frue']","['Köbenhavn', 'Berlin', 'Dresden', 'Elben']",[],['«De unges forbund»']
122,0,Et,,,,,"['Söderman', 'Baron Warburg', 'Din ärede frue']","['Köbenhavn', 'Berlin', 'Dresden', 'Elben']",[],['«De unges forbund»']
123,0,nyt,,,,,"['Söderman', 'Baron Warburg', 'Din ärede frue']","['Köbenhavn', 'Berlin', 'Dresden', 'Elben']",[],['«De unges forbund»']
124,0,lystspil,,,,,"['Söderman', 'Baron Warburg', 'Din ärede frue']","['Köbenhavn', 'Berlin', 'Dresden', 'Elben']",[],['«De unges forbund»']
125,0,af,,,,,"['Söderman', 'Baron Warburg', 'Din ärede frue']","['Köbenhavn', 'Berlin', 'Dresden', 'Elben']",[],['«De unges forbund»']
126,0,Baron,,,,,"['Söderman', 'Baron Warburg', 'Din ärede frue']","['Köbenhavn', 'Berlin', 'Dresden', 'Elben']",[],['«De unges forbund»']
127,0,Warburg,,,,,"['Söderman', 'Baron Warburg', 'Din ärede frue']","['Köbenhavn', 'Berlin', 'Dresden', 'Elben']",[],['«De unges forbund»']
128,0,har,,,,,"['Söderman', 'Baron Warburg', 'Din ärede frue']","['Köbenhavn', 'Berlin', 'Dresden', 'Elben']",[],['«De unges forbund»']
129,0,väret,,,,,"['Söderman', 'Baron Warburg', 'Din ärede frue']","['Köbenhavn', 'Berlin', 'Dresden', 'Elben']",[],['«De unges forbund»']
130,0,spillet,,,,,"['Söderman', 'Baron Warburg', 'Din ärede frue']","['Köbenhavn', 'Berlin', 'Dresden', 'Elben']",[],['«De unges forbund»']
131,0,en,,,,,"['Söderman', 'Baron Warburg', 'Din ärede frue']","['Köbenhavn', 'Berlin', 'Dresden', 'Elben']",[],['«De unges forbund»']
132,0,gang;,,,,,"['Söderman', 'Baron Warburg', 'Din ärede frue']","['Köbenhavn', 'Berlin', 'Dresden', 'Elben']",[],['«De unges forbund»']
133,0,det,,,,,"['Söderman', 'Baron Warburg', 'Din ärede frue']","['Köbenhavn', 'Berlin', 'Dresden', 'Elben']",[],['«De unges forbund»']
134,0,var,,,,,"['Söderman', 'Baron Warburg', 'Din ärede frue']","['Köbenhavn', 'Berlin', 'Dresden', 'Elben']",[],['«De unges forbund»']
135,0,forfärdelig,,,,,"['Söderman', 'Baron Warburg', 'Din ärede frue']","['Köbenhavn', 'Berlin', 'Dresden', 'Elben']",[],['«De unges forbund»']
136,0,"slett,",,,,,"['Söderman', 'Baron Warburg', 'Din ärede frue']","['Köbenhavn', 'Berlin', 'Dresden', 'Elben']",[],['«De unges forbund»']
137,0,blev,,,,,"['Söderman', 'Baron Warburg', 'Din ärede frue']","['Köbenhavn', 'Berlin', 'Dresden', 'Elben']",[],['«De unges forbund»']
138,0,udhysset,,,,,"['Söderman', 'Baron Warburg', 'Din ärede frue']","['Köbenhavn', 'Berlin', 'Dresden', 'Elben']",[],['«De unges forbund»']
139,0,og,,,,,"['Söderman', 'Baron Warburg', 'Din ärede frue']","['Köbenhavn', 'Berlin', 'Dresden', 'Elben']",[],['«De unges forbund»']
140,0,"henlagt,",,,,,"['Söderman', 'Baron Warburg', 'Din ärede frue']","['Köbenhavn', 'Berlin', 'Dresden', 'Elben']",[],['«De unges forbund»']
141,0,hvad,,,,,"['Söderman', 'Baron Warburg', 'Din ärede frue']","['Köbenhavn', 'Berlin', 'Dresden', 'Elben']",[],['«De unges forbund»']
142,0,det,,,,,"['Söderman', 'Baron Warburg', 'Din ärede frue']","['Köbenhavn', 'Berlin', 'Dresden', 'Elben']",[],['«De unges forbund»']
143,0,også,,,,,"['Söderman', 'Baron Warburg', 'Din ärede frue']","['Köbenhavn', 'Berlin', 'Dresden', 'Elben']",[],['«De unges forbund»']
144,0,ärligt,,,,,"['Söderman', 'Baron Warburg', 'Din ärede frue']","['Köbenhavn', 'Berlin', 'Dresden', 'Elben']",[],['«De unges forbund»']
145,0,fortjente.Nu,,,,,"['Söderman', 'Baron Warburg', 'Din ärede frue']","['Köbenhavn', 'Berlin', 'Dresden', 'Elben']",[],['«De unges forbund»']
146,0,vil,,,,,"['Söderman', 'Baron Warburg', 'Din ärede frue']","['Köbenhavn', 'Berlin', 'Dresden', 'Elben']",[],['«De unges forbund»']
147,0,jeg,,,,,"['Söderman', 'Baron Warburg', 'Din ärede frue']","['Köbenhavn', 'Berlin', 'Dresden', 'Elben']",[],['«De unges forbund»']
148,0,önske,,,,,"['Söderman', 'Baron Warburg', 'Din ärede frue']","['Köbenhavn', 'Berlin', 'Dresden', 'Elben']",[],['«De unges forbund»']
149,0,Dig,,,,,"['Söderman', 'Baron Warburg', 'Din ärede frue']","['Köbenhavn', 'Berlin', 'Dresden', 'Elben']",[],['«De unges forbund»']
150,0,en,,,,,"['Söderman', 'Baron Warburg', 'Din ärede frue']","['Köbenhavn', 'Berlin', 'Dresden', 'Elben']",[],['«De unges forbund»']
151,0,lykkelig,,,,,"['Söderman', 'Baron Warburg', 'Din ärede frue']","['Köbenhavn', 'Berlin', 'Dresden', 'Elben']",[],['«De unges forbund»']
152,0,hjemrejse,,,,,"['Söderman', 'Baron Warburg', 'Din ärede frue']","['Köbenhavn', 'Berlin', 'Dresden', 'Elben']",[],['«De unges forbund»']
153,0,till,,,,,"['Söderman', 'Baron Warburg', 'Din ärede frue']","['Köbenhavn', 'Berlin', 'Dresden', 'Elben']",[],['«De unges forbund»']
154,0,Stockholm.,,,,,"['Söderman', 'Baron Warburg', 'Din ärede frue']","['Köbenhavn', 'Berlin', 'Dresden', 'Elben']",[],['«De unges forbund»']
155,0,Hvorvidt,,,,,"['Söderman', 'Baron Warburg', 'Din ärede frue']","['Köbenhavn', 'Berlin', 'Dresden', 'Elben']",[],['«De unges forbund»']
156,0,vi,,,,,"['Söderman', 'Baron Warburg', 'Din ärede frue']","['Köbenhavn', 'Berlin', 'Dresden', 'Elben']",[],['«De unges forbund»']
157,0,träffes,,,,,"['Söderman', 'Baron Warburg', 'Din ärede frue']","['Köbenhavn', 'Berlin', 'Dresden', 'Elben']",[],['«De unges forbund»']
158,0,der,,,,,"['Söderman', 'Baron Warburg', 'Din ärede frue']","['Köbenhavn', 'Berlin', 'Dresden', 'Elben']",[],['«De unges forbund»']
159,0,till,,,,,"['Söderman', 'Baron Warburg', 'Din ärede frue']","['Köbenhavn', 'Berlin', 'Dresden', 'Elben']",[],['«De unges forbund»']
160,0,sommeren,,,,,"['Söderman', 'Baron Warburg', 'Din ärede frue']","['Köbenhavn', 'Berlin', 'Dresden', 'Elben']",[],['«De unges forbund»']
161,0,ved,,,,,"['Söderman', 'Baron Warburg', 'Din ärede frue']","['Köbenhavn', 'Berlin', 'Dresden', 'Elben']",[],['«De unges forbund»']
162,0,jeg,,,,,"['Söderman', 'Baron Warburg', 'Din ärede frue']","['Köbenhavn', 'Berlin', 'Dresden', 'Elben']",[],['«De unges forbund»']
163,0,endnu,,,,,"['Söderman', 'Baron Warburg', 'Din ärede frue']","['Köbenhavn', 'Berlin', 'Dresden', 'Elben']",[],['«De unges forbund»']
164,0,ikke;,,,,,"['Söderman', 'Baron Warburg', 'Din ärede frue']","['Köbenhavn', 'Berlin', 'Dresden', 'Elben']",[],['«De unges forbund»']
165,0,mit,,,,,"['Söderman', 'Baron Warburg', 'Din ärede frue']","['Köbenhavn', 'Berlin', 'Dresden', 'Elben']",[],['«De unges forbund»']
166,0,sidste,,,,,"['Söderman', 'Baron Warburg', 'Din ärede frue']","['Köbenhavn', 'Berlin', 'Dresden', 'Elben']",[],['«De unges forbund»']
167,0,opphold,,,,,"['Söderman', 'Baron Warburg', 'Din ärede frue']","['Köbenhavn', 'Berlin', 'Dresden', 'Elben']",[],['«De unges forbund»']
168,0,der,,,,,"['Söderman', 'Baron Warburg', 'Din ärede frue']","['Köbenhavn', 'Berlin', 'Dresden', 'Elben']",[],['«De unges forbund»']
169,0,var,,,,,"['Söderman', 'Baron Warburg', 'Din ärede frue']","['Köbenhavn', 'Berlin', 'Dresden', 'Elben']",[],['«De unges forbund»']
170,0,så,,,,,"['Söderman', 'Baron Warburg', 'Din ärede frue']","['Köbenhavn', 'Berlin', 'Dresden', 'Elben']",[],['«De unges forbund»']
171,0,skjönt,,,,,"['Söderman', 'Baron Warburg', 'Din ärede frue']","['Köbenhavn', 'Berlin', 'Dresden', 'Elben']",[],['«De unges forbund»']
172,0,og,,,,,"['Söderman', 'Baron Warburg', 'Din ärede frue']","['Köbenhavn', 'Berlin', 'Dresden', 'Elben']",[],['«De unges forbund»']
173,0,herrligt,,,,,"['Söderman', 'Baron Warburg', 'Din ärede frue']","['Köbenhavn', 'Berlin', 'Dresden', 'Elben']",[],['«De unges forbund»']
174,0,at,,,,,"['Söderman', 'Baron Warburg', 'Din ärede frue']","['Köbenhavn', 'Berlin', 'Dresden', 'Elben']",[],['«De unges forbund»']
175,0,jeg,,,,,"['Söderman', 'Baron Warburg', 'Din ärede frue']","['Köbenhavn', 'Berlin', 'Dresden', 'Elben']",[],['«De unges forbund»']
176,0,nästen,,,,,"['Söderman', 'Baron Warburg', 'Din ärede frue']","['Köbenhavn', 'Berlin', 'Dresden', 'Elben']",[],['«De unges forbund»']
177,0,er,,,,,"['Söderman', 'Baron Warburg', 'Din ärede frue']","['Köbenhavn', 'Berlin', 'Dresden', 'Elben']",[],['«De unges forbund»']
178,0,rädd,,,,,"['Söderman', 'Baron Warburg', 'Din ärede frue']","['Köbenhavn', 'Berlin', 'Dresden', 'Elben']",[],['«De unges forbund»']
179,0,ved,,,,,"['Söderman', 'Baron Warburg', 'Din ärede frue']","['Köbenhavn', 'Berlin', 'Dresden', 'Elben']",[],['«De unges forbund»']
180,0,tanken,,,,,"['Söderman', 'Baron Warburg', 'Din ärede frue']","['Köbenhavn', 'Berlin', 'Dresden', 'Elben']",[],['«De unges forbund»']
181,0,om,,,,,"['Söderman', 'Baron Warburg', 'Din ärede frue']","['Köbenhavn', 'Berlin', 'Dresden', 'Elben']",[],['«De unges forbund»']
182,0,at,,,,,"['Söderman', 'Baron Warburg', 'Din ärede frue']","['Köbenhavn', 'Berlin', 'Dresden', 'Elben']",[],['«De unges forbund»']
183,0,skulle,,,,,"['Söderman', 'Baron Warburg', 'Din ärede frue']","['Köbenhavn', 'Berlin', 'Dresden', 'Elben']",[],['«De unges forbund»']
184,0,gentage,,,,,"['Söderman', 'Baron Warburg', 'Din ärede frue']","['Köbenhavn', 'Berlin', 'Dresden', 'Elben']",[],['«De unges forbund»']
185,0,det.Din,,,,,"['Söderman', 'Baron Warburg', 'Din ärede frue']","['Köbenhavn', 'Berlin', 'Dresden', 'Elben']",[],['«De unges forbund»']
186,0,ärede,,,,,"['Söderman', 'Baron Warburg', 'Din ärede frue']","['Köbenhavn', 'Berlin', 'Dresden', 'Elben']",[],['«De unges forbund»']
187,0,frue,,,,,"['Söderman', 'Baron Warburg', 'Din ärede frue']","['Köbenhavn', 'Berlin', 'Dresden', 'Elben']",[],['«De unges forbund»']
188,0,må,,,,,"['Söderman', 'Baron Warburg', 'Din ärede frue']","['Köbenhavn', 'Berlin', 'Dresden', 'Elben']",[],['«De unges forbund»']
189,0,Du,,,,,"['Söderman', 'Baron Warburg', 'Din ärede frue']","['Köbenhavn', 'Berlin', 'Dresden', 'Elben']",[],['«De unges forbund»']
190,0,hilse,,,,,"['Söderman', 'Baron Warburg', 'Din ärede frue']","['Köbenhavn', 'Berlin', 'Dresden', 'Elben']",[],['«De unges forbund»']
191,0,tusende,,,,,"['Söderman', 'Baron Warburg', 'Din ärede frue']","['Köbenhavn', 'Berlin', 'Dresden', 'Elben']",[],['«De unges forbund»']
192,0,gange,,,,,"['Söderman', 'Baron Warburg', 'Din ärede frue']","['Köbenhavn', 'Berlin', 'Dresden', 'Elben']",[],['«De unges forbund»']
193,0,fra,,,,,"['Söderman', 'Baron Warburg', 'Din ärede frue']","['Köbenhavn', 'Berlin', 'Dresden', 'Elben']",[],['«De unges forbund»']
194,0,os,,,,,"['Söderman', 'Baron Warburg', 'Din ärede frue']","['Köbenhavn', 'Berlin', 'Dresden', 'Elben']",[],['«De unges forbund»']
195,0,alle;,,,,,"['Söderman', 'Baron Warburg', 'Din ärede frue']","['Köbenhavn', 'Berlin', 'Dresden', 'Elben']",[],['«De unges forbund»']
196,0,din,,,,,"['Söderman', 'Baron Warburg', 'Din ärede frue']","['Köbenhavn', 'Berlin', 'Dresden', 'Elben']",[],['«De unges forbund»']
197,0,hjemmevärende,,,,,"['Söderman', 'Baron Warburg', 'Din ärede frue']","['Köbenhavn', 'Berlin', 'Dresden', 'Elben']",[],['«De unges forbund»']
198,0,familje,,,,,"['Söderman', 'Baron Warburg', 'Din ärede frue']","['Köbenhavn', 'Berlin', 'Dresden', 'Elben']",[],['«De unges forbund»']
199,0,ligeså;,,,,,"['Söderman', 'Baron Warburg', 'Din ärede frue']","['Köbenhavn', 'Berlin', 'Dresden', 'Elben']",[],['«De unges forbund»']
200,0,takk,,,,,"['Söderman', 'Baron Warburg', 'Din ärede frue']","['Köbenhavn', 'Berlin', 'Dresden', 'Elben']",[],['«De unges forbund»']
201,0,for,,,,,"['Söderman', 'Baron Warburg', 'Din ärede frue']","['Köbenhavn', 'Berlin', 'Dresden', 'Elben']",[],['«De unges forbund»']
202,0,al,,,,,"['Söderman', 'Baron Warburg', 'Din ärede frue']","['Köbenhavn', 'Berlin', 'Dresden', 'Elben']",[],['«De unges forbund»']
203,0,eders,,,,,"['Söderman', 'Baron Warburg', 'Din ärede frue']","['Köbenhavn', 'Berlin', 'Dresden', 'Elben']",[],['«De unges forbund»']
204,0,venlighed,,,,,"['Söderman', 'Baron Warburg', 'Din ärede frue']","['Köbenhavn', 'Berlin', 'Dresden', 'Elben']",[],['«De unges forbund»']
205,0,mod,,,,,"['Söderman', 'Baron Warburg', 'Din ärede frue']","['Köbenhavn', 'Berlin', 'Dresden', 'Elben']",[],['«De unges forbund»']
206,0,mig,,,,,"['Söderman', 'Baron Warburg', 'Din ärede frue']","['Köbenhavn', 'Berlin', 'Dresden', 'Elben']",[],['«De unges forbund»']
207,0,"deroppe,",,,,,"['Söderman', 'Baron Warburg', 'Din ärede frue']","['Köbenhavn', 'Berlin', 'Dresden', 'Elben']",[],['«De unges forbund»']
208,0,og,,,,,"['Söderman', 'Baron Warburg', 'Din ärede frue']","['Köbenhavn', 'Berlin', 'Dresden', 'Elben']",[],['«De unges forbund»']
209,0,glem,,,,,"['Söderman', 'Baron Warburg', 'Din ärede frue']","['Köbenhavn', 'Berlin', 'Dresden', 'Elben']",[],['«De unges forbund»']
210,0,ikke,,,,,"['Söderman', 'Baron Warburg', 'Din ärede frue']","['Köbenhavn', 'Berlin', 'Dresden', 'Elben']",[],['«De unges forbund»']
