,,0,human_annotation,who,dacy_medium,spacy_trf,person,place,org,work
0,0,Kun,,,,,"['frøken Wilhelmine Holmboe', 'din hustru', 'lille pige']","['Stockholm', 'Dresden']",[],[]
1,0,et,,,,,"['frøken Wilhelmine Holmboe', 'din hustru', 'lille pige']","['Stockholm', 'Dresden']",[],[]
2,0,par,,,,,"['frøken Wilhelmine Holmboe', 'din hustru', 'lille pige']","['Stockholm', 'Dresden']",[],[]
3,0,ord,,,,,"['frøken Wilhelmine Holmboe', 'din hustru', 'lille pige']","['Stockholm', 'Dresden']",[],[]
4,0,i,,,,,"['frøken Wilhelmine Holmboe', 'din hustru', 'lille pige']","['Stockholm', 'Dresden']",[],[]
5,0,al,,,,,"['frøken Wilhelmine Holmboe', 'din hustru', 'lille pige']","['Stockholm', 'Dresden']",[],[]
6,0,hast!,,,,,"['frøken Wilhelmine Holmboe', 'din hustru', 'lille pige']","['Stockholm', 'Dresden']",[],[]
7,0,Overbringerinden,,,,,"['frøken Wilhelmine Holmboe', 'din hustru', 'lille pige']","['Stockholm', 'Dresden']",[],[]
8,0,af,,,,,"['frøken Wilhelmine Holmboe', 'din hustru', 'lille pige']","['Stockholm', 'Dresden']",[],[]
9,0,dette,,,,,"['frøken Wilhelmine Holmboe', 'din hustru', 'lille pige']","['Stockholm', 'Dresden']",[],[]
10,0,er,,,,,"['frøken Wilhelmine Holmboe', 'din hustru', 'lille pige']","['Stockholm', 'Dresden']",[],[]
11,0,vor,,,,,"['frøken Wilhelmine Holmboe', 'din hustru', 'lille pige']","['Stockholm', 'Dresden']",[],[]
12,0,"landsmandinde,",,,,,"['frøken Wilhelmine Holmboe', 'din hustru', 'lille pige']","['Stockholm', 'Dresden']",[],[]
13,0,sangerinden,,,,,"['frøken Wilhelmine Holmboe', 'din hustru', 'lille pige']","['Stockholm', 'Dresden']",[],[]
14,0,frøken,,,,,"['frøken Wilhelmine Holmboe', 'din hustru', 'lille pige']","['Stockholm', 'Dresden']",[],[]
15,0,Wilhelmine,,,,,"['frøken Wilhelmine Holmboe', 'din hustru', 'lille pige']","['Stockholm', 'Dresden']",[],[]
16,0,"Holmboe,",,,,,"['frøken Wilhelmine Holmboe', 'din hustru', 'lille pige']","['Stockholm', 'Dresden']",[],[]
17,0,for,,,,,"['frøken Wilhelmine Holmboe', 'din hustru', 'lille pige']","['Stockholm', 'Dresden']",[],[]
18,0,hvem,,,,,"['frøken Wilhelmine Holmboe', 'din hustru', 'lille pige']","['Stockholm', 'Dresden']",[],[]
19,0,jeg,,,,,"['frøken Wilhelmine Holmboe', 'din hustru', 'lille pige']","['Stockholm', 'Dresden']",[],[]
20,0,levende,,,,,"['frøken Wilhelmine Holmboe', 'din hustru', 'lille pige']","['Stockholm', 'Dresden']",[],[]
21,0,interesserer,,,,,"['frøken Wilhelmine Holmboe', 'din hustru', 'lille pige']","['Stockholm', 'Dresden']",[],[]
22,0,mig.,,,,,"['frøken Wilhelmine Holmboe', 'din hustru', 'lille pige']","['Stockholm', 'Dresden']",[],[]
23,0,Gør,,,,,"['frøken Wilhelmine Holmboe', 'din hustru', 'lille pige']","['Stockholm', 'Dresden']",[],[]
24,0,Du,,,,,"['frøken Wilhelmine Holmboe', 'din hustru', 'lille pige']","['Stockholm', 'Dresden']",[],[]
25,0,ligeså!,,,,,"['frøken Wilhelmine Holmboe', 'din hustru', 'lille pige']","['Stockholm', 'Dresden']",[],[]
26,0,Hun,,,,,"['frøken Wilhelmine Holmboe', 'din hustru', 'lille pige']","['Stockholm', 'Dresden']",[],[]
27,0,tænker,,,,,"['frøken Wilhelmine Holmboe', 'din hustru', 'lille pige']","['Stockholm', 'Dresden']",[],[]
28,0,at,,,,,"['frøken Wilhelmine Holmboe', 'din hustru', 'lille pige']","['Stockholm', 'Dresden']",[],[]
29,0,give,,,,,"['frøken Wilhelmine Holmboe', 'din hustru', 'lille pige']","['Stockholm', 'Dresden']",[],[]
30,0,en,,,,,"['frøken Wilhelmine Holmboe', 'din hustru', 'lille pige']","['Stockholm', 'Dresden']",[],[]
31,0,koncert,,,,,"['frøken Wilhelmine Holmboe', 'din hustru', 'lille pige']","['Stockholm', 'Dresden']",[],[]
32,0,i,,,,,"['frøken Wilhelmine Holmboe', 'din hustru', 'lille pige']","['Stockholm', 'Dresden']",[],[]
33,0,Stockholm.,,,,,"['frøken Wilhelmine Holmboe', 'din hustru', 'lille pige']","['Stockholm', 'Dresden']",[],[]
34,0,Til,,,,,"['frøken Wilhelmine Holmboe', 'din hustru', 'lille pige']","['Stockholm', 'Dresden']",[],[]
35,0,Dig,,,,,"['frøken Wilhelmine Holmboe', 'din hustru', 'lille pige']","['Stockholm', 'Dresden']",[],[]
36,0,kommer,,,,,"['frøken Wilhelmine Holmboe', 'din hustru', 'lille pige']","['Stockholm', 'Dresden']",[],[]
37,0,hun,,,,,"['frøken Wilhelmine Holmboe', 'din hustru', 'lille pige']","['Stockholm', 'Dresden']",[],[]
38,0,for,,,,,"['frøken Wilhelmine Holmboe', 'din hustru', 'lille pige']","['Stockholm', 'Dresden']",[],[]
39,0,at,,,,,"['frøken Wilhelmine Holmboe', 'din hustru', 'lille pige']","['Stockholm', 'Dresden']",[],[]
40,0,anbefales,,,,,"['frøken Wilhelmine Holmboe', 'din hustru', 'lille pige']","['Stockholm', 'Dresden']",[],[]
41,0,til,,,,,"['frøken Wilhelmine Holmboe', 'din hustru', 'lille pige']","['Stockholm', 'Dresden']",[],[]
42,0,de,,,,,"['frøken Wilhelmine Holmboe', 'din hustru', 'lille pige']","['Stockholm', 'Dresden']",[],[]
43,0,"personer,",,,,,"['frøken Wilhelmine Holmboe', 'din hustru', 'lille pige']","['Stockholm', 'Dresden']",[],[]
44,0,som,,,,,"['frøken Wilhelmine Holmboe', 'din hustru', 'lille pige']","['Stockholm', 'Dresden']",[],[]
45,0,kan,,,,,"['frøken Wilhelmine Holmboe', 'din hustru', 'lille pige']","['Stockholm', 'Dresden']",[],[]
46,0,være,,,,,"['frøken Wilhelmine Holmboe', 'din hustru', 'lille pige']","['Stockholm', 'Dresden']",[],[]
47,0,hende,,,,,"['frøken Wilhelmine Holmboe', 'din hustru', 'lille pige']","['Stockholm', 'Dresden']",[],[]
48,0,bedst,,,,,"['frøken Wilhelmine Holmboe', 'din hustru', 'lille pige']","['Stockholm', 'Dresden']",[],[]
49,0,til,,,,,"['frøken Wilhelmine Holmboe', 'din hustru', 'lille pige']","['Stockholm', 'Dresden']",[],[]
50,0,nytte.,,,,,"['frøken Wilhelmine Holmboe', 'din hustru', 'lille pige']","['Stockholm', 'Dresden']",[],[]
51,0,Jeg,,,,,"['frøken Wilhelmine Holmboe', 'din hustru', 'lille pige']","['Stockholm', 'Dresden']",[],[]
52,0,selv,,,,,"['frøken Wilhelmine Holmboe', 'din hustru', 'lille pige']","['Stockholm', 'Dresden']",[],[]
53,0,kender,,,,,"['frøken Wilhelmine Holmboe', 'din hustru', 'lille pige']","['Stockholm', 'Dresden']",[],[]
54,0,ikke,,,,,"['frøken Wilhelmine Holmboe', 'din hustru', 'lille pige']","['Stockholm', 'Dresden']",[],[]
55,0,de,,,,,"['frøken Wilhelmine Holmboe', 'din hustru', 'lille pige']","['Stockholm', 'Dresden']",[],[]
56,0,i,,,,,"['frøken Wilhelmine Holmboe', 'din hustru', 'lille pige']","['Stockholm', 'Dresden']",[],[]
57,0,musikalsk,,,,,"['frøken Wilhelmine Holmboe', 'din hustru', 'lille pige']","['Stockholm', 'Dresden']",[],[]
58,0,henseende,,,,,"['frøken Wilhelmine Holmboe', 'din hustru', 'lille pige']","['Stockholm', 'Dresden']",[],[]
59,0,toneangivende,,,,,"['frøken Wilhelmine Holmboe', 'din hustru', 'lille pige']","['Stockholm', 'Dresden']",[],[]
60,0,hos,,,,,"['frøken Wilhelmine Holmboe', 'din hustru', 'lille pige']","['Stockholm', 'Dresden']",[],[]
61,0,eder.,,,,,"['frøken Wilhelmine Holmboe', 'din hustru', 'lille pige']","['Stockholm', 'Dresden']",[],[]
62,0,Resten,,,,,"['frøken Wilhelmine Holmboe', 'din hustru', 'lille pige']","['Stockholm', 'Dresden']",[],[]
63,0,vil,,,,,"['frøken Wilhelmine Holmboe', 'din hustru', 'lille pige']","['Stockholm', 'Dresden']",[],[]
64,0,hun,,,,,"['frøken Wilhelmine Holmboe', 'din hustru', 'lille pige']","['Stockholm', 'Dresden']",[],[]
65,0,selv,,,,,"['frøken Wilhelmine Holmboe', 'din hustru', 'lille pige']","['Stockholm', 'Dresden']",[],[]
66,0,sige,,,,,"['frøken Wilhelmine Holmboe', 'din hustru', 'lille pige']","['Stockholm', 'Dresden']",[],[]
67,0,Dig.Af,,,,,"['frøken Wilhelmine Holmboe', 'din hustru', 'lille pige']","['Stockholm', 'Dresden']",[],[]
68,0,aviserne,,,,,"['frøken Wilhelmine Holmboe', 'din hustru', 'lille pige']","['Stockholm', 'Dresden']",[],[]
69,0,ser,,,,,"['frøken Wilhelmine Holmboe', 'din hustru', 'lille pige']","['Stockholm', 'Dresden']",[],[]
70,0,jeg,,,,,"['frøken Wilhelmine Holmboe', 'din hustru', 'lille pige']","['Stockholm', 'Dresden']",[],[]
71,0,at,,,,,"['frøken Wilhelmine Holmboe', 'din hustru', 'lille pige']","['Stockholm', 'Dresden']",[],[]
72,0,din,,,,,"['frøken Wilhelmine Holmboe', 'din hustru', 'lille pige']","['Stockholm', 'Dresden']",[],[]
73,0,villa,,,,,"['frøken Wilhelmine Holmboe', 'din hustru', 'lille pige']","['Stockholm', 'Dresden']",[],[]
74,0,nærmer,,,,,"['frøken Wilhelmine Holmboe', 'din hustru', 'lille pige']","['Stockholm', 'Dresden']",[],[]
75,0,sig,,,,,"['frøken Wilhelmine Holmboe', 'din hustru', 'lille pige']","['Stockholm', 'Dresden']",[],[]
76,0,sin,,,,,"['frøken Wilhelmine Holmboe', 'din hustru', 'lille pige']","['Stockholm', 'Dresden']",[],[]
77,0,fuldførelse.,,,,,"['frøken Wilhelmine Holmboe', 'din hustru', 'lille pige']","['Stockholm', 'Dresden']",[],[]
78,0,Umuligt,,,,,"['frøken Wilhelmine Holmboe', 'din hustru', 'lille pige']","['Stockholm', 'Dresden']",[],[]
79,0,var,,,,,"['frøken Wilhelmine Holmboe', 'din hustru', 'lille pige']","['Stockholm', 'Dresden']",[],[]
80,0,det,,,,,"['frøken Wilhelmine Holmboe', 'din hustru', 'lille pige']","['Stockholm', 'Dresden']",[],[]
81,0,ikke,,,,,"['frøken Wilhelmine Holmboe', 'din hustru', 'lille pige']","['Stockholm', 'Dresden']",[],[]
82,0,at,,,,,"['frøken Wilhelmine Holmboe', 'din hustru', 'lille pige']","['Stockholm', 'Dresden']",[],[]
83,0,Du,,,,,"['frøken Wilhelmine Holmboe', 'din hustru', 'lille pige']","['Stockholm', 'Dresden']",[],[]
84,0,til,,,,,"['frøken Wilhelmine Holmboe', 'din hustru', 'lille pige']","['Stockholm', 'Dresden']",[],[]
85,0,næste,,,,,"['frøken Wilhelmine Holmboe', 'din hustru', 'lille pige']","['Stockholm', 'Dresden']",[],[]
86,0,år,,,,,"['frøken Wilhelmine Holmboe', 'din hustru', 'lille pige']","['Stockholm', 'Dresden']",[],[]
87,0,får,,,,,"['frøken Wilhelmine Holmboe', 'din hustru', 'lille pige']","['Stockholm', 'Dresden']",[],[]
88,0,se,,,,,"['frøken Wilhelmine Holmboe', 'din hustru', 'lille pige']","['Stockholm', 'Dresden']",[],[]
89,0,mig,,,,,"['frøken Wilhelmine Holmboe', 'din hustru', 'lille pige']","['Stockholm', 'Dresden']",[],[]
90,0,træde,,,,,"['frøken Wilhelmine Holmboe', 'din hustru', 'lille pige']","['Stockholm', 'Dresden']",[],[]
91,0,ind,,,,,"['frøken Wilhelmine Holmboe', 'din hustru', 'lille pige']","['Stockholm', 'Dresden']",[],[]
92,0,til,,,,,"['frøken Wilhelmine Holmboe', 'din hustru', 'lille pige']","['Stockholm', 'Dresden']",[],[]
93,0,Dig.,,,,,"['frøken Wilhelmine Holmboe', 'din hustru', 'lille pige']","['Stockholm', 'Dresden']",[],[]
94,0,For,,,,,"['frøken Wilhelmine Holmboe', 'din hustru', 'lille pige']","['Stockholm', 'Dresden']",[],[]
95,0,dennegang,,,,,"['frøken Wilhelmine Holmboe', 'din hustru', 'lille pige']","['Stockholm', 'Dresden']",[],[]
96,0,indskrænker,,,,,"['frøken Wilhelmine Holmboe', 'din hustru', 'lille pige']","['Stockholm', 'Dresden']",[],[]
97,0,min,,,,,"['frøken Wilhelmine Holmboe', 'din hustru', 'lille pige']","['Stockholm', 'Dresden']",[],[]
98,0,udflugt,,,,,"['frøken Wilhelmine Holmboe', 'din hustru', 'lille pige']","['Stockholm', 'Dresden']",[],[]
99,0,sig,,,,,"['frøken Wilhelmine Holmboe', 'din hustru', 'lille pige']","['Stockholm', 'Dresden']",[],[]
100,0,alene,,,,,"['frøken Wilhelmine Holmboe', 'din hustru', 'lille pige']","['Stockholm', 'Dresden']",[],[]
101,0,til,,,,,"['frøken Wilhelmine Holmboe', 'din hustru', 'lille pige']","['Stockholm', 'Dresden']",[],[]
102,0,"Norge,",,,,,"['frøken Wilhelmine Holmboe', 'din hustru', 'lille pige']","['Stockholm', 'Dresden']",[],[]
103,0,hvor,,,,,"['frøken Wilhelmine Holmboe', 'din hustru', 'lille pige']","['Stockholm', 'Dresden']",[],[]
104,0,jeg,,,,,"['frøken Wilhelmine Holmboe', 'din hustru', 'lille pige']","['Stockholm', 'Dresden']",[],[]
105,0,nu,,,,,"['frøken Wilhelmine Holmboe', 'din hustru', 'lille pige']","['Stockholm', 'Dresden']",[],[]
106,0,i,,,,,"['frøken Wilhelmine Holmboe', 'din hustru', 'lille pige']","['Stockholm', 'Dresden']",[],[]
107,0,to,,,,,"['frøken Wilhelmine Holmboe', 'din hustru', 'lille pige']","['Stockholm', 'Dresden']",[],[]
108,0,måneder,,,,,"['frøken Wilhelmine Holmboe', 'din hustru', 'lille pige']","['Stockholm', 'Dresden']",[],[]
109,0,har,,,,,"['frøken Wilhelmine Holmboe', 'din hustru', 'lille pige']","['Stockholm', 'Dresden']",[],[]
110,0,levet,,,,,"['frøken Wilhelmine Holmboe', 'din hustru', 'lille pige']","['Stockholm', 'Dresden']",[],[]
111,0,i,,,,,"['frøken Wilhelmine Holmboe', 'din hustru', 'lille pige']","['Stockholm', 'Dresden']",[],[]
112,0,en,,,,,"['frøken Wilhelmine Holmboe', 'din hustru', 'lille pige']","['Stockholm', 'Dresden']",[],[]
113,0,uafbrudt,,,,,"['frøken Wilhelmine Holmboe', 'din hustru', 'lille pige']","['Stockholm', 'Dresden']",[],[]
114,0,række,,,,,"['frøken Wilhelmine Holmboe', 'din hustru', 'lille pige']","['Stockholm', 'Dresden']",[],[]
115,0,af,,,,,"['frøken Wilhelmine Holmboe', 'din hustru', 'lille pige']","['Stockholm', 'Dresden']",[],[]
116,0,selskaber.,,,,,"['frøken Wilhelmine Holmboe', 'din hustru', 'lille pige']","['Stockholm', 'Dresden']",[],[]
117,0,Om,,,,,"['frøken Wilhelmine Holmboe', 'din hustru', 'lille pige']","['Stockholm', 'Dresden']",[],[]
118,0,nogle,,,,,"['frøken Wilhelmine Holmboe', 'din hustru', 'lille pige']","['Stockholm', 'Dresden']",[],[]
119,0,dage,,,,,"['frøken Wilhelmine Holmboe', 'din hustru', 'lille pige']","['Stockholm', 'Dresden']",[],[]
120,0,rejser,,,,,"['frøken Wilhelmine Holmboe', 'din hustru', 'lille pige']","['Stockholm', 'Dresden']",[],[]
121,0,vi,,,,,"['frøken Wilhelmine Holmboe', 'din hustru', 'lille pige']","['Stockholm', 'Dresden']",[],[]
122,0,tilbage,,,,,"['frøken Wilhelmine Holmboe', 'din hustru', 'lille pige']","['Stockholm', 'Dresden']",[],[]
123,0,til,,,,,"['frøken Wilhelmine Holmboe', 'din hustru', 'lille pige']","['Stockholm', 'Dresden']",[],[]
124,0,Dresden.Med,,,,,"['frøken Wilhelmine Holmboe', 'din hustru', 'lille pige']","['Stockholm', 'Dresden']",[],[]
125,0,de,,,,,"['frøken Wilhelmine Holmboe', 'din hustru', 'lille pige']","['Stockholm', 'Dresden']",[],[]
126,0,hjerteligste,,,,,"['frøken Wilhelmine Holmboe', 'din hustru', 'lille pige']","['Stockholm', 'Dresden']",[],[]
127,0,hilsener,,,,,"['frøken Wilhelmine Holmboe', 'din hustru', 'lille pige']","['Stockholm', 'Dresden']",[],[]
128,0,fra,,,,,"['frøken Wilhelmine Holmboe', 'din hustru', 'lille pige']","['Stockholm', 'Dresden']",[],[]
129,0,os,,,,,"['frøken Wilhelmine Holmboe', 'din hustru', 'lille pige']","['Stockholm', 'Dresden']",[],[]
130,0,alle,,,,,"['frøken Wilhelmine Holmboe', 'din hustru', 'lille pige']","['Stockholm', 'Dresden']",[],[]
131,0,til,,,,,"['frøken Wilhelmine Holmboe', 'din hustru', 'lille pige']","['Stockholm', 'Dresden']",[],[]
132,0,Dig,,,,,"['frøken Wilhelmine Holmboe', 'din hustru', 'lille pige']","['Stockholm', 'Dresden']",[],[]
133,0,"selv,",,,,,"['frøken Wilhelmine Holmboe', 'din hustru', 'lille pige']","['Stockholm', 'Dresden']",[],[]
134,0,din,,,,,"['frøken Wilhelmine Holmboe', 'din hustru', 'lille pige']","['Stockholm', 'Dresden']",[],[]
135,0,hustru,,,,,"['frøken Wilhelmine Holmboe', 'din hustru', 'lille pige']","['Stockholm', 'Dresden']",[],[]
136,0,og,,,,,"['frøken Wilhelmine Holmboe', 'din hustru', 'lille pige']","['Stockholm', 'Dresden']",[],[]
137,0,din,,,,,"['frøken Wilhelmine Holmboe', 'din hustru', 'lille pige']","['Stockholm', 'Dresden']",[],[]
138,0,lille,,,,,"['frøken Wilhelmine Holmboe', 'din hustru', 'lille pige']","['Stockholm', 'Dresden']",[],[]
139,0,pige,,,,,"['frøken Wilhelmine Holmboe', 'din hustru', 'lille pige']","['Stockholm', 'Dresden']",[],[]
140,0,tegner,,,,,"['frøken Wilhelmine Holmboe', 'din hustru', 'lille pige']","['Stockholm', 'Dresden']",[],[]
141,0,jeg,,,,,"['frøken Wilhelmine Holmboe', 'din hustru', 'lille pige']","['Stockholm', 'Dresden']",[],[]
142,0,mig,,,,,"['frøken Wilhelmine Holmboe', 'din hustru', 'lille pige']","['Stockholm', 'Dresden']",[],[]
