,,0,human_annotation,who,dacy_medium,spacy_trf,person,place,org,work
0,0,Som,,,,,['herr v: Piloty'],"['München', 'München']",[],[]
1,0,svar,,,,,['herr v: Piloty'],"['München', 'München']",[],[]
2,0,på,,,,,['herr v: Piloty'],"['München', 'München']",[],[]
3,0,Deres,,,,,['herr v: Piloty'],"['München', 'München']",[],[]
4,0,meget,,,,,['herr v: Piloty'],"['München', 'München']",[],[]
5,0,ærede,,,,,['herr v: Piloty'],"['München', 'München']",[],[]
6,0,skrivelse,,,,,['herr v: Piloty'],"['München', 'München']",[],[]
7,0,skal,,,,,['herr v: Piloty'],"['München', 'München']",[],[]
8,0,jeg,,,,,['herr v: Piloty'],"['München', 'München']",[],[]
9,0,tillade,,,,,['herr v: Piloty'],"['München', 'München']",[],[]
10,0,mig,,,,,['herr v: Piloty'],"['München', 'München']",[],[]
11,0,i,,,,,['herr v: Piloty'],"['München', 'München']",[],[]
12,0,al,,,,,['herr v: Piloty'],"['München', 'München']",[],[]
13,0,korthed,,,,,['herr v: Piloty'],"['München', 'München']",[],[]
14,0,foreløbig,,,,,['herr v: Piloty'],"['München', 'München']",[],[]
15,0,at,,,,,['herr v: Piloty'],"['München', 'München']",[],[]
16,0,meddele,,,,,['herr v: Piloty'],"['München', 'München']",[],[]
17,0,følgende:Det,,,,,['herr v: Piloty'],"['München', 'München']",[],[]
18,0,vil,,,,,['herr v: Piloty'],"['München', 'München']",[],[]
19,0,være,,,,,['herr v: Piloty'],"['München', 'München']",[],[]
20,0,mig,,,,,['herr v: Piloty'],"['München', 'München']",[],[]
21,0,særdeles,,,,,['herr v: Piloty'],"['München', 'München']",[],[]
22,0,behageligt,,,,,['herr v: Piloty'],"['München', 'München']",[],[]
23,0,i,,,,,['herr v: Piloty'],"['München', 'München']",[],[]
24,0,det,,,,,['herr v: Piloty'],"['München', 'München']",[],[]
25,0,omskrevne,,,,,['herr v: Piloty'],"['München', 'München']",[],[]
26,0,anliggende,,,,,['herr v: Piloty'],"['München', 'München']",[],[]
27,0,at,,,,,['herr v: Piloty'],"['München', 'München']",[],[]
28,0,kunne,,,,,['herr v: Piloty'],"['München', 'München']",[],[]
29,0,være,,,,,['herr v: Piloty'],"['München', 'München']",[],[]
30,0,kunstforeningen,,,,,['herr v: Piloty'],"['München', 'München']",[],[]
31,0,til,,,,,['herr v: Piloty'],"['München', 'München']",[],[]
32,0,nogen,,,,,['herr v: Piloty'],"['München', 'München']",[],[]
33,0,tjeneste.,,,,,['herr v: Piloty'],"['München', 'München']",[],[]
34,0,At,,,,,['herr v: Piloty'],"['München', 'München']",[],[]
35,0,jeg,,,,,['herr v: Piloty'],"['München', 'München']",[],[]
36,0,endnu,,,,,['herr v: Piloty'],"['München', 'München']",[],[]
37,0,ikke,,,,,['herr v: Piloty'],"['München', 'München']",[],[]
38,0,har,,,,,['herr v: Piloty'],"['München', 'München']",[],[]
39,0,henvendt,,,,,['herr v: Piloty'],"['München', 'München']",[],[]
40,0,mig,,,,,['herr v: Piloty'],"['München', 'München']",[],[]
41,0,til,,,,,['herr v: Piloty'],"['München', 'München']",[],[]
42,0,herr,,,,,['herr v: Piloty'],"['München', 'München']",[],[]
43,0,v:,,,,,['herr v: Piloty'],"['München', 'München']",[],[]
44,0,Piloty,,,,,['herr v: Piloty'],"['München', 'München']",[],[]
45,0,hidrører,,,,,['herr v: Piloty'],"['München', 'München']",[],[]
46,0,fra,,,,,['herr v: Piloty'],"['München', 'München']",[],[]
47,0,den,,,,,['herr v: Piloty'],"['München', 'München']",[],[]
48,0,omstændighed,,,,,['herr v: Piloty'],"['München', 'München']",[],[]
49,0,at,,,,,['herr v: Piloty'],"['München', 'München']",[],[]
50,0,det,,,,,['herr v: Piloty'],"['München', 'München']",[],[]
51,0,er,,,,,['herr v: Piloty'],"['München', 'München']",[],[]
52,0,min,,,,,['herr v: Piloty'],"['München', 'München']",[],[]
53,0,agt,,,,,['herr v: Piloty'],"['München', 'München']",[],[]
54,0,fra,,,,,['herr v: Piloty'],"['München', 'München']",[],[]
55,0,midten,,,,,['herr v: Piloty'],"['München', 'München']",[],[]
56,0,af,,,,,['herr v: Piloty'],"['München', 'München']",[],[]
57,0,April,,,,,['herr v: Piloty'],"['München', 'München']",[],[]
58,0,måned,,,,,['herr v: Piloty'],"['München', 'München']",[],[]
59,0,at,,,,,['herr v: Piloty'],"['München', 'München']",[],[]
60,0,forlægge,,,,,['herr v: Piloty'],"['München', 'München']",[],[]
61,0,min,,,,,['herr v: Piloty'],"['München', 'München']",[],[]
62,0,bopæl,,,,,['herr v: Piloty'],"['München', 'München']",[],[]
63,0,til,,,,,['herr v: Piloty'],"['München', 'München']",[],[]
64,0,"München,",,,,,['herr v: Piloty'],"['München', 'München']",[],[]
65,0,hvor,,,,,['herr v: Piloty'],"['München', 'München']",[],[]
66,0,jeg,,,,,['herr v: Piloty'],"['München', 'München']",[],[]
67,0,altså,,,,,['herr v: Piloty'],"['München', 'München']",[],[]
68,0,vil,,,,,['herr v: Piloty'],"['München', 'München']",[],[]
69,0,få,,,,,['herr v: Piloty'],"['München', 'München']",[],[]
70,0,anledning,,,,,['herr v: Piloty'],"['München', 'München']",[],[]
71,0,til,,,,,['herr v: Piloty'],"['München', 'München']",[],[]
72,0,personlig,,,,,['herr v: Piloty'],"['München', 'München']",[],[]
73,0,at,,,,,['herr v: Piloty'],"['München', 'München']",[],[]
74,0,kunne,,,,,['herr v: Piloty'],"['München', 'München']",[],[]
75,0,røgte,,,,,['herr v: Piloty'],"['München', 'München']",[],[]
76,0,det,,,,,['herr v: Piloty'],"['München', 'München']",[],[]
77,0,mig,,,,,['herr v: Piloty'],"['München', 'München']",[],[]
78,0,overdragne,,,,,['herr v: Piloty'],"['München', 'München']",[],[]
79,0,"hverv,",,,,,['herr v: Piloty'],"['München', 'München']",[],[]
80,0,og,,,,,['herr v: Piloty'],"['München', 'München']",[],[]
81,0,De,,,,,['herr v: Piloty'],"['München', 'München']",[],[]
82,0,er,,,,,['herr v: Piloty'],"['München', 'München']",[],[]
83,0,visst,,,,,['herr v: Piloty'],"['München', 'München']",[],[]
84,0,enig,,,,,['herr v: Piloty'],"['München', 'München']",[],[]
85,0,med,,,,,['herr v: Piloty'],"['München', 'München']",[],[]
86,0,mig,,,,,['herr v: Piloty'],"['München', 'München']",[],[]
87,0,i,,,,,['herr v: Piloty'],"['München', 'München']",[],[]
88,0,den,,,,,['herr v: Piloty'],"['München', 'München']",[],[]
89,0,betragtning,,,,,['herr v: Piloty'],"['München', 'München']",[],[]
90,0,at,,,,,['herr v: Piloty'],"['München', 'München']",[],[]
91,0,man,,,,,['herr v: Piloty'],"['München', 'München']",[],[]
92,0,i,,,,,['herr v: Piloty'],"['München', 'München']",[],[]
93,0,deslige,,,,,['herr v: Piloty'],"['München', 'München']",[],[]
94,0,sager,,,,,['herr v: Piloty'],"['München', 'München']",[],[]
95,0,udretter,,,,,['herr v: Piloty'],"['München', 'München']",[],[]
96,0,mere,,,,,['herr v: Piloty'],"['München', 'München']",[],[]
97,0,ved,,,,,['herr v: Piloty'],"['München', 'München']",[],[]
98,0,mundtlig,,,,,['herr v: Piloty'],"['München', 'München']",[],[]
99,0,forhandling,,,,,['herr v: Piloty'],"['München', 'München']",[],[]
100,0,end,,,,,['herr v: Piloty'],"['München', 'München']",[],[]
101,0,gennem,,,,,['herr v: Piloty'],"['München', 'München']",[],[]
102,0,en,,,,,['herr v: Piloty'],"['München', 'München']",[],[]
103,0,brevveksling.Herr,,,,,['herr v: Piloty'],"['München', 'München']",[],[]
104,0,v:,,,,,['herr v: Piloty'],"['München', 'München']",[],[]
105,0,Piloty,,,,,['herr v: Piloty'],"['München', 'München']",[],[]
106,0,er,,,,,['herr v: Piloty'],"['München', 'München']",[],[]
107,0,nylig,,,,,['herr v: Piloty'],"['München', 'München']",[],[]
108,0,bleven,,,,,['herr v: Piloty'],"['München', 'München']",[],[]
109,0,direktør,,,,,['herr v: Piloty'],"['München', 'München']",[],[]
110,0,for,,,,,['herr v: Piloty'],"['München', 'München']",[],[]
111,0,kunstakademiet,,,,,['herr v: Piloty'],"['München', 'München']",[],[]
112,0,i,,,,,['herr v: Piloty'],"['München', 'München']",[],[]
113,0,München;,,,,,['herr v: Piloty'],"['München', 'München']",[],[]
114,0,muligt,,,,,['herr v: Piloty'],"['München', 'München']",[],[]
115,0,er,,,,,['herr v: Piloty'],"['München', 'München']",[],[]
116,0,det,,,,,['herr v: Piloty'],"['München', 'München']",[],[]
117,0,at,,,,,['herr v: Piloty'],"['München', 'München']",[],[]
118,0,denne,,,,,['herr v: Piloty'],"['München', 'München']",[],[]
119,0,nye,,,,,['herr v: Piloty'],"['München', 'München']",[],[]
120,0,"embedsstilling,",,,,,['herr v: Piloty'],"['München', 'München']",[],[]
121,0,navnlig,,,,,['herr v: Piloty'],"['München', 'München']",[],[]
122,0,i,,,,,['herr v: Piloty'],"['München', 'München']",[],[]
123,0,"begyndelsen,",,,,,['herr v: Piloty'],"['München', 'München']",[],[]
124,0,optager,,,,,['herr v: Piloty'],"['München', 'München']",[],[]
125,0,meget,,,,,['herr v: Piloty'],"['München', 'München']",[],[]
126,0,af,,,,,['herr v: Piloty'],"['München', 'München']",[],[]
127,0,hans,,,,,['herr v: Piloty'],"['München', 'München']",[],[]
128,0,tid.,,,,,['herr v: Piloty'],"['München', 'München']",[],[]
129,0,Muligt,,,,,['herr v: Piloty'],"['München', 'München']",[],[]
130,0,er,,,,,['herr v: Piloty'],"['München', 'München']",[],[]
131,0,det,,,,,['herr v: Piloty'],"['München', 'München']",[],[]
132,0,også,,,,,['herr v: Piloty'],"['München', 'München']",[],[]
133,0,at,,,,,['herr v: Piloty'],"['München', 'München']",[],[]
134,0,store,,,,,['herr v: Piloty'],"['München', 'München']",[],[]
135,0,bestillinger,,,,,['herr v: Piloty'],"['München', 'München']",[],[]
136,0,lægger,,,,,['herr v: Piloty'],"['München', 'München']",[],[]
137,0,beslag,,,,,['herr v: Piloty'],"['München', 'München']",[],[]
138,0,på,,,,,['herr v: Piloty'],"['München', 'München']",[],[]
139,0,ham.,,,,,['herr v: Piloty'],"['München', 'München']",[],[]
140,0,Alt,,,,,['herr v: Piloty'],"['München', 'München']",[],[]
141,0,dette,,,,,['herr v: Piloty'],"['München', 'München']",[],[]
142,0,får,,,,,['herr v: Piloty'],"['München', 'München']",[],[]
143,0,jeg,,,,,['herr v: Piloty'],"['München', 'München']",[],[]
144,0,naturligvis,,,,,['herr v: Piloty'],"['München', 'München']",[],[]
145,0,at,,,,,['herr v: Piloty'],"['München', 'München']",[],[]
146,0,vide,,,,,['herr v: Piloty'],"['München', 'München']",[],[]
147,0,når,,,,,['herr v: Piloty'],"['München', 'München']",[],[]
148,0,jeg,,,,,['herr v: Piloty'],"['München', 'München']",[],[]
149,0,kommer,,,,,['herr v: Piloty'],"['München', 'München']",[],[]
150,0,derned.,,,,,['herr v: Piloty'],"['München', 'München']",[],[]
151,0,At,,,,,['herr v: Piloty'],"['München', 'München']",[],[]
152,0,jeg,,,,,['herr v: Piloty'],"['München', 'München']",[],[]
153,0,straks,,,,,['herr v: Piloty'],"['München', 'München']",[],[]
154,0,opsøger,,,,,['herr v: Piloty'],"['München', 'München']",[],[]
155,0,ham,,,,,['herr v: Piloty'],"['München', 'München']",[],[]
156,0,er,,,,,['herr v: Piloty'],"['München', 'München']",[],[]
157,0,en,,,,,['herr v: Piloty'],"['München', 'München']",[],[]
158,0,"selvfølge,",,,,,['herr v: Piloty'],"['München', 'München']",[],[]
159,0,og,,,,,['herr v: Piloty'],"['München', 'München']",[],[]
160,0,ligeså,,,,,['herr v: Piloty'],"['München', 'München']",[],[]
161,0,at,,,,,['herr v: Piloty'],"['München', 'München']",[],[]
162,0,jeg,,,,,['herr v: Piloty'],"['München', 'München']",[],[]
163,0,da,,,,,['herr v: Piloty'],"['München', 'München']",[],[]
164,0,fremsætter,,,,,['herr v: Piloty'],"['München', 'München']",[],[]
165,0,mit,,,,,['herr v: Piloty'],"['München', 'München']",[],[]
166,0,andragende.,,,,,['herr v: Piloty'],"['München', 'München']",[],[]
167,0,Enten,,,,,['herr v: Piloty'],"['München', 'München']",[],[]
168,0,får,,,,,['herr v: Piloty'],"['München', 'München']",[],[]
169,0,jeg,,,,,['herr v: Piloty'],"['München', 'München']",[],[]
170,0,så,,,,,['herr v: Piloty'],"['München', 'München']",[],[]
171,0,et,,,,,['herr v: Piloty'],"['München', 'München']",[],[]
172,0,"afslag,",,,,,['herr v: Piloty'],"['München', 'München']",[],[]
173,0,eller,,,,,['herr v: Piloty'],"['München', 'München']",[],[]
174,0,han,,,,,['herr v: Piloty'],"['München', 'München']",[],[]
175,0,lover,,,,,['herr v: Piloty'],"['München', 'München']",[],[]
176,0,et,,,,,['herr v: Piloty'],"['München', 'München']",[],[]
177,0,billede,,,,,['herr v: Piloty'],"['München', 'München']",[],[]
178,0,for,,,,,['herr v: Piloty'],"['München', 'München']",[],[]
179,0,den,,,,,['herr v: Piloty'],"['München', 'München']",[],[]
180,0,fastsatte,,,,,['herr v: Piloty'],"['München', 'München']",[],[]
181,0,pris,,,,,['herr v: Piloty'],"['München', 'München']",[],[]
182,0,og,,,,,['herr v: Piloty'],"['München', 'München']",[],[]
183,0,til,,,,,['herr v: Piloty'],"['München', 'München']",[],[]
184,0,den,,,,,['herr v: Piloty'],"['München', 'München']",[],[]
185,0,bestemte,,,,,['herr v: Piloty'],"['München', 'München']",[],[]
186,0,"tid,",,,,,['herr v: Piloty'],"['München', 'München']",[],[]
187,0,–,,,,,['herr v: Piloty'],"['München', 'München']",[],[]
188,0,eller,,,,,['herr v: Piloty'],"['München', 'München']",[],[]
189,0,han,,,,,['herr v: Piloty'],"['München', 'München']",[],[]
190,0,lover,,,,,['herr v: Piloty'],"['München', 'München']",[],[]
191,0,at,,,,,['herr v: Piloty'],"['München', 'München']",[],[]
192,0,levere,,,,,['herr v: Piloty'],"['München', 'München']",[],[]
193,0,et,,,,,['herr v: Piloty'],"['München', 'München']",[],[]
194,0,sådant,,,,,['herr v: Piloty'],"['München', 'München']",[],[]
195,0,billede,,,,,['herr v: Piloty'],"['München', 'München']",[],[]
196,0,uden,,,,,['herr v: Piloty'],"['München', 'München']",[],[]
197,0,at,,,,,['herr v: Piloty'],"['München', 'München']",[],[]
198,0,kunne,,,,,['herr v: Piloty'],"['München', 'München']",[],[]
199,0,eller,,,,,['herr v: Piloty'],"['München', 'München']",[],[]
200,0,ville,,,,,['herr v: Piloty'],"['München', 'München']",[],[]
201,0,bestemme,,,,,['herr v: Piloty'],"['München', 'München']",[],[]
202,0,tiden.,,,,,['herr v: Piloty'],"['München', 'München']",[],[]
203,0,I,,,,,['herr v: Piloty'],"['München', 'München']",[],[]
204,0,sidste,,,,,['herr v: Piloty'],"['München', 'München']",[],[]
205,0,tilfælde,,,,,['herr v: Piloty'],"['München', 'München']",[],[]
206,0,køber,,,,,['herr v: Piloty'],"['München', 'München']",[],[]
207,0,jeg,,,,,['herr v: Piloty'],"['München', 'München']",[],[]
208,0,billedet,,,,,['herr v: Piloty'],"['München', 'München']",[],[]
209,0,pro,,,,,['herr v: Piloty'],"['München', 'München']",[],[]
210,0,forma,,,,,['herr v: Piloty'],"['München', 'München']",[],[]
211,0,for,,,,,['herr v: Piloty'],"['München', 'München']",[],[]
212,0,egen,,,,,['herr v: Piloty'],"['München', 'München']",[],[]
213,0,regning,,,,,['herr v: Piloty'],"['München', 'München']",[],[]
214,0,og,,,,,['herr v: Piloty'],"['München', 'München']",[],[]
215,0,vil,,,,,['herr v: Piloty'],"['München', 'München']",[],[]
216,0,med,,,,,['herr v: Piloty'],"['München', 'München']",[],[]
217,0,lethed,,,,,['herr v: Piloty'],"['München', 'München']",[],[]
218,0,kunne,,,,,['herr v: Piloty'],"['München', 'München']",[],[]
219,0,blive,,,,,['herr v: Piloty'],"['München', 'München']",[],[]
220,0,af,,,,,['herr v: Piloty'],"['München', 'München']",[],[]
221,0,med,,,,,['herr v: Piloty'],"['München', 'München']",[],[]
222,0,det,,,,,['herr v: Piloty'],"['München', 'München']",[],[]
223,0,"igen,",,,,,['herr v: Piloty'],"['München', 'München']",[],[]
224,0,såfremt,,,,,['herr v: Piloty'],"['München', 'München']",[],[]
225,0,et,,,,,['herr v: Piloty'],"['München', 'München']",[],[]
226,0,kommende,,,,,['herr v: Piloty'],"['München', 'München']",[],[]
227,0,års,,,,,['herr v: Piloty'],"['München', 'München']",[],[]
228,0,"direktion,",,,,,['herr v: Piloty'],"['München', 'München']",[],[]
229,0,mod,,,,,['herr v: Piloty'],"['München', 'München']",[],[]
230,0,"formodning,",,,,,['herr v: Piloty'],"['München', 'München']",[],[]
231,0,skulde,,,,,['herr v: Piloty'],"['München', 'München']",[],[]
232,0,være,,,,,['herr v: Piloty'],"['München', 'München']",[],[]
233,0,uvillig,,,,,['herr v: Piloty'],"['München', 'München']",[],[]
234,0,til,,,,,['herr v: Piloty'],"['München', 'München']",[],[]
235,0,at,,,,,['herr v: Piloty'],"['München', 'München']",[],[]
236,0,erhverve,,,,,['herr v: Piloty'],"['München', 'München']",[],[]
237,0,det,,,,,['herr v: Piloty'],"['München', 'München']",[],[]
238,0,for,,,,,['herr v: Piloty'],"['München', 'München']",[],[]
239,0,kunstforeningen.Mere,,,,,['herr v: Piloty'],"['München', 'München']",[],[]
240,0,kan,,,,,['herr v: Piloty'],"['München', 'München']",[],[]
241,0,jeg,,,,,['herr v: Piloty'],"['München', 'München']",[],[]
242,0,for,,,,,['herr v: Piloty'],"['München', 'München']",[],[]
243,0,øjeblikket,,,,,['herr v: Piloty'],"['München', 'München']",[],[]
244,0,ikke,,,,,['herr v: Piloty'],"['München', 'München']",[],[]
245,0,sige,,,,,['herr v: Piloty'],"['München', 'München']",[],[]
246,0,om,,,,,['herr v: Piloty'],"['München', 'München']",[],[]
247,0,sagen.,,,,,['herr v: Piloty'],"['München', 'München']",[],[]
248,0,Skulde,,,,,['herr v: Piloty'],"['München', 'München']",[],[]
249,0,De,,,,,['herr v: Piloty'],"['München', 'München']",[],[]
250,0,ønske,,,,,['herr v: Piloty'],"['München', 'München']",[],[]
251,0,noget,,,,,['herr v: Piloty'],"['München', 'München']",[],[]
252,0,ændret,,,,,['herr v: Piloty'],"['München', 'München']",[],[]
253,0,ved,,,,,['herr v: Piloty'],"['München', 'München']",[],[]
254,0,min,,,,,['herr v: Piloty'],"['München', 'München']",[],[]
255,0,påtænkte,,,,,['herr v: Piloty'],"['München', 'München']",[],[]
256,0,fremgangsmåde,,,,,['herr v: Piloty'],"['München', 'München']",[],[]
257,0,eller,,,,,['herr v: Piloty'],"['München', 'München']",[],[]
258,0,forøvrigt,,,,,['herr v: Piloty'],"['München', 'München']",[],[]
259,0,have,,,,,['herr v: Piloty'],"['München', 'München']",[],[]
260,0,noget,,,,,['herr v: Piloty'],"['München', 'München']",[],[]
261,0,at,,,,,['herr v: Piloty'],"['München', 'München']",[],[]
262,0,bemærke,,,,,['herr v: Piloty'],"['München', 'München']",[],[]
263,0,eller,,,,,['herr v: Piloty'],"['München', 'München']",[],[]
264,0,"tilføje,",,,,,['herr v: Piloty'],"['München', 'München']",[],[]
265,0,så,,,,,['herr v: Piloty'],"['München', 'München']",[],[]
266,0,vær,,,,,['herr v: Piloty'],"['München', 'München']",[],[]
267,0,af,,,,,['herr v: Piloty'],"['München', 'München']",[],[]
268,0,den,,,,,['herr v: Piloty'],"['München', 'München']",[],[]
269,0,godhed,,,,,['herr v: Piloty'],"['München', 'München']",[],[]
270,0,at,,,,,['herr v: Piloty'],"['München', 'München']",[],[]
271,0,skrive,,,,,['herr v: Piloty'],"['München', 'München']",[],[]
272,0,mig,,,,,['herr v: Piloty'],"['München', 'München']",[],[]
273,0,til.Med,,,,,['herr v: Piloty'],"['München', 'München']",[],[]
274,0,hilsen,,,,,['herr v: Piloty'],"['München', 'München']",[],[]
275,0,og,,,,,['herr v: Piloty'],"['München', 'München']",[],[]
276,0,tak,,,,,['herr v: Piloty'],"['München', 'München']",[],[]
277,0,for,,,,,['herr v: Piloty'],"['München', 'München']",[],[]
278,0,samværet,,,,,['herr v: Piloty'],"['München', 'München']",[],[]
279,0,i,,,,,['herr v: Piloty'],"['München', 'München']",[],[]
280,0,afvigte,,,,,['herr v: Piloty'],"['München', 'München']",[],[]
281,0,sommer,,,,,['herr v: Piloty'],"['München', 'München']",[],[]
282,0,tegner,,,,,['herr v: Piloty'],"['München', 'München']",[],[]
283,0,jeg,,,,,['herr v: Piloty'],"['München', 'München']",[],[]
284,0,mig,,,,,['herr v: Piloty'],"['München', 'München']",[],[]
