,,0,human_annotation,who,dacy_medium,spacy_trf,person,place,org,work
0,0,Herved,,,,,['Deres broder'],[],[],[]
1,0,sender,,,,,['Deres broder'],[],[],[]
2,0,jeg,,,,,['Deres broder'],[],[],[]
3,0,Dem,,,,,['Deres broder'],[],[],[]
4,0,da,,,,,['Deres broder'],[],[],[]
5,0,endelig,,,,,['Deres broder'],[],[],[]
6,0,et,,,,,['Deres broder'],[],[],[]
7,0,bidrag,,,,,['Deres broder'],[],[],[]
8,0,til,,,,,['Deres broder'],[],[],[]
9,0,tidsskriftet.,,,,,['Deres broder'],[],[],[]
10,0,Det,,,,,['Deres broder'],[],[],[]
11,0,oprindelig,,,,,['Deres broder'],[],[],[]
12,0,påtænkte,,,,,['Deres broder'],[],[],[]
13,0,har,,,,,['Deres broder'],[],[],[]
14,0,måttet,,,,,['Deres broder'],[],[],[]
15,0,sættes,,,,,['Deres broder'],[],[],[]
16,0,tilside,,,,,['Deres broder'],[],[],[]
17,0,for,,,,,['Deres broder'],[],[],[]
18,0,"medfølgende,",,,,,['Deres broder'],[],[],[]
19,0,der,,,,,['Deres broder'],[],[],[]
20,0,mere,,,,,['Deres broder'],[],[],[]
21,0,hænger,,,,,['Deres broder'],[],[],[]
22,0,sammen,,,,,['Deres broder'],[],[],[]
23,0,med,,,,,['Deres broder'],[],[],[]
24,0,øjeblikket.,,,,,['Deres broder'],[],[],[]
25,0,Nu,,,,,['Deres broder'],[],[],[]
26,0,skal,,,,,['Deres broder'],[],[],[]
27,0,jeg,,,,,['Deres broder'],[],[],[]
28,0,hver,,,,,['Deres broder'],[],[],[]
29,0,måned,,,,,['Deres broder'],[],[],[]
30,0,sende,,,,,['Deres broder'],[],[],[]
31,0,Dem,,,,,['Deres broder'],[],[],[]
32,0,et,,,,,['Deres broder'],[],[],[]
33,0,bidrag,,,,,['Deres broder'],[],[],[]
34,0,såfremt,,,,,['Deres broder'],[],[],[]
35,0,ikke,,,,,['Deres broder'],[],[],[]
36,0,uforudsete,,,,,['Deres broder'],[],[],[]
37,0,hindringer,,,,,['Deres broder'],[],[],[]
38,0,skulde,,,,,['Deres broder'],[],[],[]
39,0,komme,,,,,['Deres broder'],[],[],[]
40,0,ivejen.Dette,,,,,['Deres broder'],[],[],[]
41,0,i,,,,,['Deres broder'],[],[],[]
42,0,al,,,,,['Deres broder'],[],[],[]
43,0,hast,,,,,['Deres broder'],[],[],[]
44,0,for,,,,,['Deres broder'],[],[],[]
45,0,idag.,,,,,['Deres broder'],[],[],[]
46,0,Lad,,,,,['Deres broder'],[],[],[]
47,0,mig,,,,,['Deres broder'],[],[],[]
48,0,snart,,,,,['Deres broder'],[],[],[]
49,0,høre,,,,,['Deres broder'],[],[],[]
50,0,fra,,,,,['Deres broder'],[],[],[]
51,0,Dem.,,,,,['Deres broder'],[],[],[]
52,0,Hils,,,,,['Deres broder'],[],[],[]
53,0,Deres,,,,,['Deres broder'],[],[],[]
54,0,broder,,,,,['Deres broder'],[],[],[]
55,0,og,,,,,['Deres broder'],[],[],[]
56,0,lev,,,,,['Deres broder'],[],[],[]
57,0,vel!,,,,,['Deres broder'],[],[],[]
