,,0,human_annotation,who,dacy_medium,spacy_trf,person,place,org,work
0,0,I,,,,,['den norske statsminister'],[],[],[]
1,0,henhold,,,,,['den norske statsminister'],[],[],[]
2,0,til,,,,,['den norske statsminister'],[],[],[]
3,0,det,,,,,['den norske statsminister'],[],[],[]
4,0,kgl:,,,,,['den norske statsminister'],[],[],[]
5,0,ministeriums,,,,,['den norske statsminister'],[],[],[]
6,0,skrivelse,,,,,['den norske statsminister'],[],[],[]
7,0,af,,,,,['den norske statsminister'],[],[],[]
8,0,20de,,,,,['den norske statsminister'],[],[],[]
9,0,Februar,,,,,['den norske statsminister'],[],[],[]
10,0,dette,,,,,['den norske statsminister'],[],[],[]
11,0,år,,,,,['den norske statsminister'],[],[],[]
12,0,giver,,,,,['den norske statsminister'],[],[],[]
13,0,jeg,,,,,['den norske statsminister'],[],[],[]
14,0,mig,,,,,['den norske statsminister'],[],[],[]
15,0,den,,,,,['den norske statsminister'],[],[],[]
16,0,ære,,,,,['den norske statsminister'],[],[],[]
17,0,at,,,,,['den norske statsminister'],[],[],[]
18,0,"meddele,",,,,,['den norske statsminister'],[],[],[]
19,0,at,,,,,['den norske statsminister'],[],[],[]
20,0,det,,,,,['den norske statsminister'],[],[],[]
21,0,ifølge,,,,,['den norske statsminister'],[],[],[]
22,0,underretning,,,,,['den norske statsminister'],[],[],[]
23,0,fra,,,,,['den norske statsminister'],[],[],[]
24,0,den,,,,,['den norske statsminister'],[],[],[]
25,0,norske,,,,,['den norske statsminister'],[],[],[]
26,0,statsminister,,,,,['den norske statsminister'],[],[],[]
27,0,er,,,,,['den norske statsminister'],[],[],[]
28,0,bleven,,,,,['den norske statsminister'],[],[],[]
29,0,mig,,,,,['den norske statsminister'],[],[],[]
30,0,tilladt,,,,,['den norske statsminister'],[],[],[]
31,0,at,,,,,['den norske statsminister'],[],[],[]
32,0,anlægge,,,,,['den norske statsminister'],[],[],[]
33,0,den,,,,,['den norske statsminister'],[],[],[]
34,0,mig,,,,,['den norske statsminister'],[],[],[]
35,0,tildelte,,,,,['den norske statsminister'],[],[],[]
36,0,dekoration,,,,,['den norske statsminister'],[],[],[]
37,0,som,,,,,['den norske statsminister'],[],[],[]
38,0,ridder,,,,,['den norske statsminister'],[],[],[]
39,0,af,,,,,['den norske statsminister'],[],[],[]
40,0,Dannebrog.,,,,,['den norske statsminister'],[],[],[]
