,,0,human_annotation,who,dacy_medium,spacy_trf,person,place,org,work
0,0,Hjertelig,,,,,['overlærer Løkke'],"['Norge', 'Kristiania']",[],['«Catilina»']
1,0,tak,,,,,['overlærer Løkke'],"['Norge', 'Kristiania']",[],['«Catilina»']
2,0,for,,,,,['overlærer Løkke'],"['Norge', 'Kristiania']",[],['«Catilina»']
3,0,de,,,,,['overlærer Løkke'],"['Norge', 'Kristiania']",[],['«Catilina»']
4,0,venlige,,,,,['overlærer Løkke'],"['Norge', 'Kristiania']",[],['«Catilina»']
5,0,"linjer,",,,,,['overlærer Løkke'],"['Norge', 'Kristiania']",[],['«Catilina»']
6,0,som,,,,,['overlærer Løkke'],"['Norge', 'Kristiania']",[],['«Catilina»']
7,0,jeg,,,,,['overlærer Løkke'],"['Norge', 'Kristiania']",[],['«Catilina»']
8,0,den,,,,,['overlærer Løkke'],"['Norge', 'Kristiania']",[],['«Catilina»']
9,0,20de,,,,,['overlærer Løkke'],"['Norge', 'Kristiania']",[],['«Catilina»']
10,0,havde,,,,,['overlærer Løkke'],"['Norge', 'Kristiania']",[],['«Catilina»']
11,0,den,,,,,['overlærer Løkke'],"['Norge', 'Kristiania']",[],['«Catilina»']
12,0,store,,,,,['overlærer Løkke'],"['Norge', 'Kristiania']",[],['«Catilina»']
13,0,glæde,,,,,['overlærer Løkke'],"['Norge', 'Kristiania']",[],['«Catilina»']
14,0,at,,,,,['overlærer Løkke'],"['Norge', 'Kristiania']",[],['«Catilina»']
15,0,modtage,,,,,['overlærer Løkke'],"['Norge', 'Kristiania']",[],['«Catilina»']
16,0,fra,,,,,['overlærer Løkke'],"['Norge', 'Kristiania']",[],['«Catilina»']
17,0,Dem!,,,,,['overlærer Løkke'],"['Norge', 'Kristiania']",[],['«Catilina»']
18,0,Jeg,,,,,['overlærer Løkke'],"['Norge', 'Kristiania']",[],['«Catilina»']
19,0,beder,,,,,['overlærer Løkke'],"['Norge', 'Kristiania']",[],['«Catilina»']
20,0,Dem,,,,,['overlærer Løkke'],"['Norge', 'Kristiania']",[],['«Catilina»']
21,0,være,,,,,['overlærer Løkke'],"['Norge', 'Kristiania']",[],['«Catilina»']
22,0,forvisset,,,,,['overlærer Løkke'],"['Norge', 'Kristiania']",[],['«Catilina»']
23,0,om,,,,,['overlærer Løkke'],"['Norge', 'Kristiania']",[],['«Catilina»']
24,0,at,,,,,['overlærer Løkke'],"['Norge', 'Kristiania']",[],['«Catilina»']
25,0,så,,,,,['overlærer Løkke'],"['Norge', 'Kristiania']",[],['«Catilina»']
26,0,ofte,,,,,['overlærer Løkke'],"['Norge', 'Kristiania']",[],['«Catilina»']
27,0,jeg,,,,,['overlærer Løkke'],"['Norge', 'Kristiania']",[],['«Catilina»']
28,0,tænker,,,,,['overlærer Løkke'],"['Norge', 'Kristiania']",[],['«Catilina»']
29,0,på,,,,,['overlærer Løkke'],"['Norge', 'Kristiania']",[],['«Catilina»']
30,0,den,,,,,['overlærer Løkke'],"['Norge', 'Kristiania']",[],['«Catilina»']
31,0,lykkelige,,,,,['overlærer Løkke'],"['Norge', 'Kristiania']",[],['«Catilina»']
32,0,"vending,",,,,,['overlærer Løkke'],"['Norge', 'Kristiania']",[],['«Catilina»']
33,0,min,,,,,['overlærer Løkke'],"['Norge', 'Kristiania']",[],['«Catilina»']
34,0,literære,,,,,['overlærer Løkke'],"['Norge', 'Kristiania']",[],['«Catilina»']
35,0,og,,,,,['overlærer Løkke'],"['Norge', 'Kristiania']",[],['«Catilina»']
36,0,personlige,,,,,['overlærer Løkke'],"['Norge', 'Kristiania']",[],['«Catilina»']
37,0,stilling,,,,,['overlærer Løkke'],"['Norge', 'Kristiania']",[],['«Catilina»']
38,0,i,,,,,['overlærer Løkke'],"['Norge', 'Kristiania']",[],['«Catilina»']
39,0,de,,,,,['overlærer Løkke'],"['Norge', 'Kristiania']",[],['«Catilina»']
40,0,senere,,,,,['overlærer Løkke'],"['Norge', 'Kristiania']",[],['«Catilina»']
41,0,år,,,,,['overlærer Løkke'],"['Norge', 'Kristiania']",[],['«Catilina»']
42,0,har,,,,,['overlærer Løkke'],"['Norge', 'Kristiania']",[],['«Catilina»']
43,0,"taget,",,,,,['overlærer Løkke'],"['Norge', 'Kristiania']",[],['«Catilina»']
44,0,mindes,,,,,['overlærer Løkke'],"['Norge', 'Kristiania']",[],['«Catilina»']
45,0,jeg,,,,,['overlærer Løkke'],"['Norge', 'Kristiania']",[],['«Catilina»']
46,0,også,,,,,['overlærer Løkke'],"['Norge', 'Kristiania']",[],['«Catilina»']
47,0,med,,,,,['overlærer Løkke'],"['Norge', 'Kristiania']",[],['«Catilina»']
48,0,venskabelig,,,,,['overlærer Løkke'],"['Norge', 'Kristiania']",[],['«Catilina»']
49,0,erkendtlighed,,,,,['overlærer Løkke'],"['Norge', 'Kristiania']",[],['«Catilina»']
50,0,at,,,,,['overlærer Løkke'],"['Norge', 'Kristiania']",[],['«Catilina»']
51,0,dette,,,,,['overlærer Løkke'],"['Norge', 'Kristiania']",[],['«Catilina»']
52,0,omslag,,,,,['overlærer Løkke'],"['Norge', 'Kristiania']",[],['«Catilina»']
53,0,daterer,,,,,['overlærer Løkke'],"['Norge', 'Kristiania']",[],['«Catilina»']
54,0,sig,,,,,['overlærer Løkke'],"['Norge', 'Kristiania']",[],['«Catilina»']
55,0,fra,,,,,['overlærer Løkke'],"['Norge', 'Kristiania']",[],['«Catilina»']
56,0,min,,,,,['overlærer Løkke'],"['Norge', 'Kristiania']",[],['«Catilina»']
57,0,forbindelse,,,,,['overlærer Løkke'],"['Norge', 'Kristiania']",[],['«Catilina»']
58,0,med,,,,,['overlærer Løkke'],"['Norge', 'Kristiania']",[],['«Catilina»']
59,0,Dem.,,,,,['overlærer Løkke'],"['Norge', 'Kristiania']",[],['«Catilina»']
60,0,Derfor,,,,,['overlærer Løkke'],"['Norge', 'Kristiania']",[],['«Catilina»']
61,0,beder,,,,,['overlærer Løkke'],"['Norge', 'Kristiania']",[],['«Catilina»']
62,0,jeg,,,,,['overlærer Løkke'],"['Norge', 'Kristiania']",[],['«Catilina»']
63,0,Dem,,,,,['overlærer Løkke'],"['Norge', 'Kristiania']",[],['«Catilina»']
64,0,modtage,,,,,['overlærer Løkke'],"['Norge', 'Kristiania']",[],['«Catilina»']
65,0,min,,,,,['overlærer Løkke'],"['Norge', 'Kristiania']",[],['«Catilina»']
66,0,bedste,,,,,['overlærer Løkke'],"['Norge', 'Kristiania']",[],['«Catilina»']
67,0,og,,,,,['overlærer Løkke'],"['Norge', 'Kristiania']",[],['«Catilina»']
68,0,oprigtigste,,,,,['overlærer Løkke'],"['Norge', 'Kristiania']",[],['«Catilina»']
69,0,tak,,,,,['overlærer Løkke'],"['Norge', 'Kristiania']",[],['«Catilina»']
70,0,for,,,,,['overlærer Løkke'],"['Norge', 'Kristiania']",[],['«Catilina»']
71,0,alt,,,,,['overlærer Løkke'],"['Norge', 'Kristiania']",[],['«Catilina»']
72,0,godt,,,,,['overlærer Løkke'],"['Norge', 'Kristiania']",[],['«Catilina»']
73,0,i,,,,,['overlærer Løkke'],"['Norge', 'Kristiania']",[],['«Catilina»']
74,0,de,,,,,['overlærer Løkke'],"['Norge', 'Kristiania']",[],['«Catilina»']
75,0,sidstforløbne,,,,,['overlærer Løkke'],"['Norge', 'Kristiania']",[],['«Catilina»']
76,0,ni,,,,,['overlærer Løkke'],"['Norge', 'Kristiania']",[],['«Catilina»']
77,0,år!,,,,,['overlærer Løkke'],"['Norge', 'Kristiania']",[],['«Catilina»']
78,0,–Jeg,,,,,['overlærer Løkke'],"['Norge', 'Kristiania']",[],['«Catilina»']
79,0,takker,,,,,['overlærer Løkke'],"['Norge', 'Kristiania']",[],['«Catilina»']
80,0,Dem,,,,,['overlærer Løkke'],"['Norge', 'Kristiania']",[],['«Catilina»']
81,0,derhos,,,,,['overlærer Løkke'],"['Norge', 'Kristiania']",[],['«Catilina»']
82,0,for,,,,,['overlærer Løkke'],"['Norge', 'Kristiania']",[],['«Catilina»']
83,0,den,,,,,['overlærer Løkke'],"['Norge', 'Kristiania']",[],['«Catilina»']
84,0,nylig,,,,,['overlærer Løkke'],"['Norge', 'Kristiania']",[],['«Catilina»']
85,0,modtagne,,,,,['overlærer Løkke'],"['Norge', 'Kristiania']",[],['«Catilina»']
86,0,pakke,,,,,['overlærer Løkke'],"['Norge', 'Kristiania']",[],['«Catilina»']
87,0,indeholdende,,,,,['overlærer Løkke'],"['Norge', 'Kristiania']",[],['«Catilina»']
88,0,exemplarer,,,,,['overlærer Løkke'],"['Norge', 'Kristiania']",[],['«Catilina»']
89,0,af,,,,,['overlærer Løkke'],"['Norge', 'Kristiania']",[],['«Catilina»']
90,0,«Catilina»,,,,,['overlærer Løkke'],"['Norge', 'Kristiania']",[],['«Catilina»']
91,0,samt,,,,,['overlærer Løkke'],"['Norge', 'Kristiania']",[],['«Catilina»']
92,0,andre,,,,,['overlærer Løkke'],"['Norge', 'Kristiania']",[],['«Catilina»']
93,0,bøger.,,,,,['overlærer Løkke'],"['Norge', 'Kristiania']",[],['«Catilina»']
94,0,Den,,,,,['overlærer Løkke'],"['Norge', 'Kristiania']",[],['«Catilina»']
95,0,var,,,,,['overlærer Løkke'],"['Norge', 'Kristiania']",[],['«Catilina»']
96,0,bleven,,,,,['overlærer Løkke'],"['Norge', 'Kristiania']",[],['«Catilina»']
97,0,betydelig,,,,,['overlærer Løkke'],"['Norge', 'Kristiania']",[],['«Catilina»']
98,0,forsinket,,,,,['overlærer Løkke'],"['Norge', 'Kristiania']",[],['«Catilina»']
99,0,undervejs.,,,,,['overlærer Løkke'],"['Norge', 'Kristiania']",[],['«Catilina»']
100,0,Desværre,,,,,['overlærer Løkke'],"['Norge', 'Kristiania']",[],['«Catilina»']
101,0,frygter,,,,,['overlærer Løkke'],"['Norge', 'Kristiania']",[],['«Catilina»']
102,0,jeg,,,,,['overlærer Løkke'],"['Norge', 'Kristiania']",[],['«Catilina»']
103,0,for,,,,,['overlærer Løkke'],"['Norge', 'Kristiania']",[],['«Catilina»']
104,0,at,,,,,['overlærer Løkke'],"['Norge', 'Kristiania']",[],['«Catilina»']
105,0,det,,,,,['overlærer Løkke'],"['Norge', 'Kristiania']",[],['«Catilina»']
106,0,samme,,,,,['overlærer Løkke'],"['Norge', 'Kristiania']",[],['«Catilina»']
107,0,har,,,,,['overlærer Løkke'],"['Norge', 'Kristiania']",[],['«Catilina»']
108,0,været,,,,,['overlærer Løkke'],"['Norge', 'Kristiania']",[],['«Catilina»']
109,0,tilfældet,,,,,['overlærer Løkke'],"['Norge', 'Kristiania']",[],['«Catilina»']
110,0,med,,,,,['overlærer Løkke'],"['Norge', 'Kristiania']",[],['«Catilina»']
111,0,de,,,,,['overlærer Løkke'],"['Norge', 'Kristiania']",[],['«Catilina»']
112,0,"exemplarer,",,,,,['overlærer Løkke'],"['Norge', 'Kristiania']",[],['«Catilina»']
113,0,der,,,,,['overlærer Løkke'],"['Norge', 'Kristiania']",[],['«Catilina»']
114,0,skulde,,,,,['overlærer Løkke'],"['Norge', 'Kristiania']",[],['«Catilina»']
115,0,sendes,,,,,['overlærer Løkke'],"['Norge', 'Kristiania']",[],['«Catilina»']
116,0,til,,,,,['overlærer Løkke'],"['Norge', 'Kristiania']",[],['«Catilina»']
117,0,forskellige,,,,,['overlærer Løkke'],"['Norge', 'Kristiania']",[],['«Catilina»']
118,0,venner,,,,,['overlærer Løkke'],"['Norge', 'Kristiania']",[],['«Catilina»']
119,0,i,,,,,['overlærer Løkke'],"['Norge', 'Kristiania']",[],['«Catilina»']
120,0,"Norge,",,,,,['overlærer Løkke'],"['Norge', 'Kristiania']",[],['«Catilina»']
121,0,skønt,,,,,['overlærer Løkke'],"['Norge', 'Kristiania']",[],['«Catilina»']
122,0,jeg,,,,,['overlærer Løkke'],"['Norge', 'Kristiania']",[],['«Catilina»']
123,0,ikke,,,,,['overlærer Løkke'],"['Norge', 'Kristiania']",[],['«Catilina»']
124,0,begriber,,,,,['overlærer Løkke'],"['Norge', 'Kristiania']",[],['«Catilina»']
125,0,sammenhængen,,,,,['overlærer Løkke'],"['Norge', 'Kristiania']",[],['«Catilina»']
126,0,hermed;,,,,,['overlærer Løkke'],"['Norge', 'Kristiania']",[],['«Catilina»']
127,0,thi,,,,,['overlærer Løkke'],"['Norge', 'Kristiania']",[],['«Catilina»']
128,0,af,,,,,['overlærer Løkke'],"['Norge', 'Kristiania']",[],['«Catilina»']
129,0,«Morgenbladet»,,,,,['overlærer Løkke'],"['Norge', 'Kristiania']",[],['«Catilina»']
130,0,ser,,,,,['overlærer Løkke'],"['Norge', 'Kristiania']",[],['«Catilina»']
131,0,jeg,,,,,['overlærer Løkke'],"['Norge', 'Kristiania']",[],['«Catilina»']
132,0,at,,,,,['overlærer Løkke'],"['Norge', 'Kristiania']",[],['«Catilina»']
133,0,«Catilina»,,,,,['overlærer Løkke'],"['Norge', 'Kristiania']",[],['«Catilina»']
134,0,averteres,,,,,['overlærer Løkke'],"['Norge', 'Kristiania']",[],['«Catilina»']
135,0,i,,,,,['overlærer Løkke'],"['Norge', 'Kristiania']",[],['«Catilina»']
136,0,boghandelen,,,,,['overlærer Løkke'],"['Norge', 'Kristiania']",[],['«Catilina»']
137,0,i,,,,,['overlærer Løkke'],"['Norge', 'Kristiania']",[],['«Catilina»']
138,0,Kristiania,,,,,['overlærer Løkke'],"['Norge', 'Kristiania']",[],['«Catilina»']
139,0,allerede,,,,,['overlærer Løkke'],"['Norge', 'Kristiania']",[],['«Catilina»']
140,0,den,,,,,['overlærer Løkke'],"['Norge', 'Kristiania']",[],['«Catilina»']
141,0,"17de,",,,,,['overlærer Løkke'],"['Norge', 'Kristiania']",[],['«Catilina»']
142,0,medens,,,,,['overlærer Løkke'],"['Norge', 'Kristiania']",[],['«Catilina»']
143,0,det,,,,,['overlærer Løkke'],"['Norge', 'Kristiania']",[],['«Catilina»']
144,0,af,,,,,['overlærer Løkke'],"['Norge', 'Kristiania']",[],['«Catilina»']
145,0,et,,,,,['overlærer Løkke'],"['Norge', 'Kristiania']",[],['«Catilina»']
146,0,brev,,,,,['overlærer Løkke'],"['Norge', 'Kristiania']",[],['«Catilina»']
147,0,fra,,,,,['overlærer Løkke'],"['Norge', 'Kristiania']",[],['«Catilina»']
148,0,overlærer,,,,,['overlærer Løkke'],"['Norge', 'Kristiania']",[],['«Catilina»']
149,0,"Løkke,",,,,,['overlærer Løkke'],"['Norge', 'Kristiania']",[],['«Catilina»']
150,0,dateret,,,,,['overlærer Løkke'],"['Norge', 'Kristiania']",[],['«Catilina»']
151,0,"21de,",,,,,['overlærer Løkke'],"['Norge', 'Kristiania']",[],['«Catilina»']
152,0,ikke,,,,,['overlærer Løkke'],"['Norge', 'Kristiania']",[],['«Catilina»']
153,0,fremgår,,,,,['overlærer Løkke'],"['Norge', 'Kristiania']",[],['«Catilina»']
154,0,at,,,,,['overlærer Løkke'],"['Norge', 'Kristiania']",[],['«Catilina»']
155,0,han,,,,,['overlærer Løkke'],"['Norge', 'Kristiania']",[],['«Catilina»']
156,0,da,,,,,['overlærer Løkke'],"['Norge', 'Kristiania']",[],['«Catilina»']
157,0,har,,,,,['overlærer Løkke'],"['Norge', 'Kristiania']",[],['«Catilina»']
158,0,modtaget,,,,,['overlærer Løkke'],"['Norge', 'Kristiania']",[],['«Catilina»']
159,0,sit,,,,,['overlærer Løkke'],"['Norge', 'Kristiania']",[],['«Catilina»']
160,0,exemplar,,,,,['overlærer Løkke'],"['Norge', 'Kristiania']",[],['«Catilina»']
161,0,eller,,,,,['overlærer Løkke'],"['Norge', 'Kristiania']",[],['«Catilina»']
162,0,den,,,,,['overlærer Løkke'],"['Norge', 'Kristiania']",[],['«Catilina»']
163,0,billet,,,,,['overlærer Løkke'],"['Norge', 'Kristiania']",[],['«Catilina»']
164,0,fra,,,,,['overlærer Løkke'],"['Norge', 'Kristiania']",[],['«Catilina»']
165,0,"mig,",,,,,['overlærer Løkke'],"['Norge', 'Kristiania']",[],['«Catilina»']
166,0,der,,,,,['overlærer Løkke'],"['Norge', 'Kristiania']",[],['«Catilina»']
167,0,skulde,,,,,['overlærer Løkke'],"['Norge', 'Kristiania']",[],['«Catilina»']
168,0,ledsage,,,,,['overlærer Løkke'],"['Norge', 'Kristiania']",[],['«Catilina»']
169,0,samme.,,,,,['overlærer Løkke'],"['Norge', 'Kristiania']",[],['«Catilina»']
170,0,"Dog,",,,,,['overlærer Løkke'],"['Norge', 'Kristiania']",[],['«Catilina»']
171,0,nu,,,,,['overlærer Løkke'],"['Norge', 'Kristiania']",[],['«Catilina»']
172,0,er,,,,,['overlærer Løkke'],"['Norge', 'Kristiania']",[],['«Catilina»']
173,0,forhåbentlig,,,,,['overlærer Løkke'],"['Norge', 'Kristiania']",[],['«Catilina»']
174,0,alt,,,,,['overlærer Løkke'],"['Norge', 'Kristiania']",[],['«Catilina»']
175,0,i,,,,,['overlærer Løkke'],"['Norge', 'Kristiania']",[],['«Catilina»']
176,0,orden.Særdeles,,,,,['overlærer Løkke'],"['Norge', 'Kristiania']",[],['«Catilina»']
177,0,forbunden,,,,,['overlærer Løkke'],"['Norge', 'Kristiania']",[],['«Catilina»']
178,0,er,,,,,['overlærer Løkke'],"['Norge', 'Kristiania']",[],['«Catilina»']
179,0,jeg,,,,,['overlærer Løkke'],"['Norge', 'Kristiania']",[],['«Catilina»']
180,0,Dem,,,,,['overlærer Løkke'],"['Norge', 'Kristiania']",[],['«Catilina»']
181,0,for,,,,,['overlærer Løkke'],"['Norge', 'Kristiania']",[],['«Catilina»']
182,0,de,,,,,['overlærer Løkke'],"['Norge', 'Kristiania']",[],['«Catilina»']
183,0,indkøbte,,,,,['overlærer Løkke'],"['Norge', 'Kristiania']",[],['«Catilina»']
184,0,jernbaneobligationer,,,,,['overlærer Løkke'],"['Norge', 'Kristiania']",[],['«Catilina»']
185,0,ligesom,,,,,['overlærer Løkke'],"['Norge', 'Kristiania']",[],['«Catilina»']
186,0,for,,,,,['overlærer Løkke'],"['Norge', 'Kristiania']",[],['«Catilina»']
187,0,hvad,,,,,['overlærer Løkke'],"['Norge', 'Kristiania']",[],['«Catilina»']
188,0,De,,,,,['overlærer Løkke'],"['Norge', 'Kristiania']",[],['«Catilina»']
189,0,forøvrigt,,,,,['overlærer Løkke'],"['Norge', 'Kristiania']",[],['«Catilina»']
190,0,har,,,,,['overlærer Løkke'],"['Norge', 'Kristiania']",[],['«Catilina»']
191,0,havt,,,,,['overlærer Løkke'],"['Norge', 'Kristiania']",[],['«Catilina»']
192,0,den,,,,,['overlærer Løkke'],"['Norge', 'Kristiania']",[],['«Catilina»']
193,0,godhed,,,,,['overlærer Løkke'],"['Norge', 'Kristiania']",[],['«Catilina»']
194,0,at,,,,,['overlærer Løkke'],"['Norge', 'Kristiania']",[],['«Catilina»']
195,0,udlægge,,,,,['overlærer Løkke'],"['Norge', 'Kristiania']",[],['«Catilina»']
196,0,for,,,,,['overlærer Løkke'],"['Norge', 'Kristiania']",[],['«Catilina»']
197,0,mig.,,,,,['overlærer Løkke'],"['Norge', 'Kristiania']",[],['«Catilina»']
198,0,Men,,,,,['overlærer Løkke'],"['Norge', 'Kristiania']",[],['«Catilina»']
199,0,desværre,,,,,['overlærer Løkke'],"['Norge', 'Kristiania']",[],['«Catilina»']
200,0,nødes,,,,,['overlærer Løkke'],"['Norge', 'Kristiania']",[],['«Catilina»']
201,0,jeg,,,,,['overlærer Løkke'],"['Norge', 'Kristiania']",[],['«Catilina»']
202,0,endnu,,,,,['overlærer Løkke'],"['Norge', 'Kristiania']",[],['«Catilina»']
203,0,til,,,,,['overlærer Løkke'],"['Norge', 'Kristiania']",[],['«Catilina»']
204,0,at,,,,,['overlærer Løkke'],"['Norge', 'Kristiania']",[],['«Catilina»']
205,0,trække,,,,,['overlærer Løkke'],"['Norge', 'Kristiania']",[],['«Catilina»']
206,0,en,,,,,['overlærer Løkke'],"['Norge', 'Kristiania']",[],['«Catilina»']
207,0,liden,,,,,['overlærer Løkke'],"['Norge', 'Kristiania']",[],['«Catilina»']
208,0,veksel,,,,,['overlærer Løkke'],"['Norge', 'Kristiania']",[],['«Catilina»']
209,0,på,,,,,['overlærer Løkke'],"['Norge', 'Kristiania']",[],['«Catilina»']
210,0,Dem.,,,,,['overlærer Løkke'],"['Norge', 'Kristiania']",[],['«Catilina»']
211,0,Jeg,,,,,['overlærer Løkke'],"['Norge', 'Kristiania']",[],['«Catilina»']
212,0,har,,,,,['overlærer Løkke'],"['Norge', 'Kristiania']",[],['«Catilina»']
213,0,nemlig,,,,,['overlærer Løkke'],"['Norge', 'Kristiania']",[],['«Catilina»']
214,0,dennegang,,,,,['overlærer Løkke'],"['Norge', 'Kristiania']",[],['«Catilina»']
215,0,forsømt,,,,,['overlærer Løkke'],"['Norge', 'Kristiania']",[],['«Catilina»']
216,0,i,,,,,['overlærer Løkke'],"['Norge', 'Kristiania']",[],['«Catilina»']
217,0,rette,,,,,['overlærer Løkke'],"['Norge', 'Kristiania']",[],['«Catilina»']
218,0,tid,,,,,['overlærer Løkke'],"['Norge', 'Kristiania']",[],['«Catilina»']
219,0,at,,,,,['overlærer Løkke'],"['Norge', 'Kristiania']",[],['«Catilina»']
220,0,rekvirere,,,,,['overlærer Løkke'],"['Norge', 'Kristiania']",[],['«Catilina»']
221,0,penge,,,,,['overlærer Løkke'],"['Norge', 'Kristiania']",[],['«Catilina»']
222,0,fra,,,,,['overlærer Løkke'],"['Norge', 'Kristiania']",[],['«Catilina»']
223,0,Kristiania,,,,,['overlærer Løkke'],"['Norge', 'Kristiania']",[],['«Catilina»']
224,0,og,,,,,['overlærer Løkke'],"['Norge', 'Kristiania']",[],['«Catilina»']
225,0,befrygter,,,,,['overlærer Løkke'],"['Norge', 'Kristiania']",[],['«Catilina»']
226,0,nu,,,,,['overlærer Løkke'],"['Norge', 'Kristiania']",[],['«Catilina»']
227,0,at,,,,,['overlærer Løkke'],"['Norge', 'Kristiania']",[],['«Catilina»']
228,0,komme,,,,,['overlærer Løkke'],"['Norge', 'Kristiania']",[],['«Catilina»']
229,0,i,,,,,['overlærer Løkke'],"['Norge', 'Kristiania']",[],['«Catilina»']
230,0,forlegenhed,,,,,['overlærer Løkke'],"['Norge', 'Kristiania']",[],['«Catilina»']
231,0,ved,,,,,['overlærer Løkke'],"['Norge', 'Kristiania']",[],['«Catilina»']
232,0,månedens,,,,,['overlærer Løkke'],"['Norge', 'Kristiania']",[],['«Catilina»']
233,0,"udgang,",,,,,['overlærer Løkke'],"['Norge', 'Kristiania']",[],['«Catilina»']
234,0,hvorfor,,,,,['overlærer Løkke'],"['Norge', 'Kristiania']",[],['«Catilina»']
235,0,jeg,,,,,['overlærer Løkke'],"['Norge', 'Kristiania']",[],['«Catilina»']
236,0,ser,,,,,['overlærer Løkke'],"['Norge', 'Kristiania']",[],['«Catilina»']
237,0,mig,,,,,['overlærer Løkke'],"['Norge', 'Kristiania']",[],['«Catilina»']
238,0,nødsaget,,,,,['overlærer Løkke'],"['Norge', 'Kristiania']",[],['«Catilina»']
239,0,til,,,,,['overlærer Løkke'],"['Norge', 'Kristiania']",[],['«Catilina»']
240,0,at,,,,,['overlærer Løkke'],"['Norge', 'Kristiania']",[],['«Catilina»']
241,0,bede,,,,,['overlærer Løkke'],"['Norge', 'Kristiania']",[],['«Catilina»']
242,0,Dem,,,,,['overlærer Løkke'],"['Norge', 'Kristiania']",[],['«Catilina»']
243,0,vise,,,,,['overlærer Løkke'],"['Norge', 'Kristiania']",[],['«Catilina»']
244,0,mig,,,,,['overlærer Løkke'],"['Norge', 'Kristiania']",[],['«Catilina»']
245,0,den,,,,,['overlærer Løkke'],"['Norge', 'Kristiania']",[],['«Catilina»']
246,0,store,,,,,['overlærer Løkke'],"['Norge', 'Kristiania']",[],['«Catilina»']
247,0,tjeneste,,,,,['overlærer Løkke'],"['Norge', 'Kristiania']",[],['«Catilina»']
248,0,at,,,,,['overlærer Løkke'],"['Norge', 'Kristiania']",[],['«Catilina»']
249,0,sende,,,,,['overlærer Løkke'],"['Norge', 'Kristiania']",[],['«Catilina»']
250,0,mig,,,,,['overlærer Løkke'],"['Norge', 'Kristiania']",[],['«Catilina»']
251,0,75,,,,,['overlærer Løkke'],"['Norge', 'Kristiania']",[],['«Catilina»']
252,0,Thaler.Med,,,,,['overlærer Løkke'],"['Norge', 'Kristiania']",[],['«Catilina»']
253,0,de,,,,,['overlærer Løkke'],"['Norge', 'Kristiania']",[],['«Catilina»']
254,0,venligste,,,,,['overlærer Løkke'],"['Norge', 'Kristiania']",[],['«Catilina»']
255,0,hilsener,,,,,['overlærer Løkke'],"['Norge', 'Kristiania']",[],['«Catilina»']
256,0,til,,,,,['overlærer Løkke'],"['Norge', 'Kristiania']",[],['«Catilina»']
257,0,Dem,,,,,['overlærer Løkke'],"['Norge', 'Kristiania']",[],['«Catilina»']
258,0,og,,,,,['overlærer Løkke'],"['Norge', 'Kristiania']",[],['«Catilina»']
259,0,Deres,,,,,['overlærer Løkke'],"['Norge', 'Kristiania']",[],['«Catilina»']
260,0,børn,,,,,['overlærer Løkke'],"['Norge', 'Kristiania']",[],['«Catilina»']
261,0,tegner,,,,,['overlærer Løkke'],"['Norge', 'Kristiania']",[],['«Catilina»']
262,0,jeg,,,,,['overlærer Løkke'],"['Norge', 'Kristiania']",[],['«Catilina»']
263,0,mig,,,,,['overlærer Løkke'],"['Norge', 'Kristiania']",[],['«Catilina»']
