,,0,human_annotation,who,dacy_medium,spacy_trf,person,place,org,work
0,0,Min,,,,,['Oversætteren af «Kvæghandleren fra Steiermark»'],['Bergen'],['Bergens Theater'],[]
1,0,hjerteligste,,,,,['Oversætteren af «Kvæghandleren fra Steiermark»'],['Bergen'],['Bergens Theater'],[]
2,0,Taksigelse,,,,,['Oversætteren af «Kvæghandleren fra Steiermark»'],['Bergen'],['Bergens Theater'],[]
3,0,for,,,,,['Oversætteren af «Kvæghandleren fra Steiermark»'],['Bergen'],['Bergens Theater'],[]
4,0,Deres,,,,,['Oversætteren af «Kvæghandleren fra Steiermark»'],['Bergen'],['Bergens Theater'],[]
5,0,venskabelige,,,,,['Oversætteren af «Kvæghandleren fra Steiermark»'],['Bergen'],['Bergens Theater'],[]
6,0,Brev,,,,,['Oversætteren af «Kvæghandleren fra Steiermark»'],['Bergen'],['Bergens Theater'],[]
7,0,og,,,,,['Oversætteren af «Kvæghandleren fra Steiermark»'],['Bergen'],['Bergens Theater'],[]
8,0,for,,,,,['Oversætteren af «Kvæghandleren fra Steiermark»'],['Bergen'],['Bergens Theater'],[]
9,0,Deres,,,,,['Oversætteren af «Kvæghandleren fra Steiermark»'],['Bergen'],['Bergens Theater'],[]
10,0,Underretning,,,,,['Oversætteren af «Kvæghandleren fra Steiermark»'],['Bergen'],['Bergens Theater'],[]
11,0,om,,,,,['Oversætteren af «Kvæghandleren fra Steiermark»'],['Bergen'],['Bergens Theater'],[]
12,0,Ordningen,,,,,['Oversætteren af «Kvæghandleren fra Steiermark»'],['Bergen'],['Bergens Theater'],[]
13,0,af,,,,,['Oversætteren af «Kvæghandleren fra Steiermark»'],['Bergen'],['Bergens Theater'],[]
14,0,Obligationsfornyelsen;,,,,,['Oversætteren af «Kvæghandleren fra Steiermark»'],['Bergen'],['Bergens Theater'],[]
15,0,jeg,,,,,['Oversætteren af «Kvæghandleren fra Steiermark»'],['Bergen'],['Bergens Theater'],[]
16,0,svævede,,,,,['Oversætteren af «Kvæghandleren fra Steiermark»'],['Bergen'],['Bergens Theater'],[]
17,0,selv,,,,,['Oversætteren af «Kvæghandleren fra Steiermark»'],['Bergen'],['Bergens Theater'],[]
18,0,i,,,,,['Oversætteren af «Kvæghandleren fra Steiermark»'],['Bergen'],['Bergens Theater'],[]
19,0,Uro,,,,,['Oversætteren af «Kvæghandleren fra Steiermark»'],['Bergen'],['Bergens Theater'],[]
20,0,for,,,,,['Oversætteren af «Kvæghandleren fra Steiermark»'],['Bergen'],['Bergens Theater'],[]
21,0,at,,,,,['Oversætteren af «Kvæghandleren fra Steiermark»'],['Bergen'],['Bergens Theater'],[]
22,0,jeg,,,,,['Oversætteren af «Kvæghandleren fra Steiermark»'],['Bergen'],['Bergens Theater'],[]
23,0,var,,,,,['Oversætteren af «Kvæghandleren fra Steiermark»'],['Bergen'],['Bergens Theater'],[]
24,0,for,,,,,['Oversætteren af «Kvæghandleren fra Steiermark»'],['Bergen'],['Bergens Theater'],[]
25,0,seent,,,,,['Oversætteren af «Kvæghandleren fra Steiermark»'],['Bergen'],['Bergens Theater'],[]
26,0,"ude,",,,,,['Oversætteren af «Kvæghandleren fra Steiermark»'],['Bergen'],['Bergens Theater'],[]
27,0,hvilket,,,,,['Oversætteren af «Kvæghandleren fra Steiermark»'],['Bergen'],['Bergens Theater'],[]
28,0,ikke,,,,,['Oversætteren af «Kvæghandleren fra Steiermark»'],['Bergen'],['Bergens Theater'],[]
29,0,oftere,,,,,['Oversætteren af «Kvæghandleren fra Steiermark»'],['Bergen'],['Bergens Theater'],[]
30,0,skal,,,,,['Oversætteren af «Kvæghandleren fra Steiermark»'],['Bergen'],['Bergens Theater'],[]
31,0,blive,,,,,['Oversætteren af «Kvæghandleren fra Steiermark»'],['Bergen'],['Bergens Theater'],[]
32,0,Tilfældet;,,,,,['Oversætteren af «Kvæghandleren fra Steiermark»'],['Bergen'],['Bergens Theater'],[]
33,0,turde,,,,,['Oversætteren af «Kvæghandleren fra Steiermark»'],['Bergen'],['Bergens Theater'],[]
34,0,jeg,,,,,['Oversætteren af «Kvæghandleren fra Steiermark»'],['Bergen'],['Bergens Theater'],[]
35,0,for,,,,,['Oversætteren af «Kvæghandleren fra Steiermark»'],['Bergen'],['Bergens Theater'],[]
36,0,Fremtiden,,,,,['Oversætteren af «Kvæghandleren fra Steiermark»'],['Bergen'],['Bergens Theater'],[]
37,0,henvende,,,,,['Oversætteren af «Kvæghandleren fra Steiermark»'],['Bergen'],['Bergens Theater'],[]
38,0,mig,,,,,['Oversætteren af «Kvæghandleren fra Steiermark»'],['Bergen'],['Bergens Theater'],[]
39,0,direkte,,,,,['Oversætteren af «Kvæghandleren fra Steiermark»'],['Bergen'],['Bergens Theater'],[]
40,0,til,,,,,['Oversætteren af «Kvæghandleren fra Steiermark»'],['Bergen'],['Bergens Theater'],[]
41,0,"Dem,",,,,,['Oversætteren af «Kvæghandleren fra Steiermark»'],['Bergen'],['Bergens Theater'],[]
42,0,vilde,,,,,['Oversætteren af «Kvæghandleren fra Steiermark»'],['Bergen'],['Bergens Theater'],[]
43,0,jeg,,,,,['Oversætteren af «Kvæghandleren fra Steiermark»'],['Bergen'],['Bergens Theater'],[]
44,0,være,,,,,['Oversætteren af «Kvæghandleren fra Steiermark»'],['Bergen'],['Bergens Theater'],[]
45,0,Dem,,,,,['Oversætteren af «Kvæghandleren fra Steiermark»'],['Bergen'],['Bergens Theater'],[]
46,0,særdeles,,,,,['Oversætteren af «Kvæghandleren fra Steiermark»'],['Bergen'],['Bergens Theater'],[]
47,0,forbunden.,,,,,['Oversætteren af «Kvæghandleren fra Steiermark»'],['Bergen'],['Bergens Theater'],[]
48,0,Med,,,,,['Oversætteren af «Kvæghandleren fra Steiermark»'],['Bergen'],['Bergens Theater'],[]
49,0,Dampskibet,,,,,['Oversætteren af «Kvæghandleren fra Steiermark»'],['Bergen'],['Bergens Theater'],[]
50,0,tillod,,,,,['Oversætteren af «Kvæghandleren fra Steiermark»'],['Bergen'],['Bergens Theater'],[]
51,0,jeg,,,,,['Oversætteren af «Kvæghandleren fra Steiermark»'],['Bergen'],['Bergens Theater'],[]
52,0,mig,,,,,['Oversætteren af «Kvæghandleren fra Steiermark»'],['Bergen'],['Bergens Theater'],[]
53,0,at,,,,,['Oversætteren af «Kvæghandleren fra Steiermark»'],['Bergen'],['Bergens Theater'],[]
54,0,sende,,,,,['Oversætteren af «Kvæghandleren fra Steiermark»'],['Bergen'],['Bergens Theater'],[]
55,0,Dem,,,,,['Oversætteren af «Kvæghandleren fra Steiermark»'],['Bergen'],['Bergens Theater'],[]
56,0,en,,,,,['Oversætteren af «Kvæghandleren fra Steiermark»'],['Bergen'],['Bergens Theater'],[]
57,0,Pakke,,,,,['Oversætteren af «Kvæghandleren fra Steiermark»'],['Bergen'],['Bergens Theater'],[]
58,0,Musikalier,,,,,['Oversætteren af «Kvæghandleren fra Steiermark»'],['Bergen'],['Bergens Theater'],[]
59,0,m.,,,,,['Oversætteren af «Kvæghandleren fra Steiermark»'],['Bergen'],['Bergens Theater'],[]
60,0,"m,",,,,,['Oversætteren af «Kvæghandleren fra Steiermark»'],['Bergen'],['Bergens Theater'],[]
61,0,bestilte,,,,,['Oversætteren af «Kvæghandleren fra Steiermark»'],['Bergen'],['Bergens Theater'],[]
62,0,af,,,,,['Oversætteren af «Kvæghandleren fra Steiermark»'],['Bergen'],['Bergens Theater'],[]
63,0,Bergens,,,,,['Oversætteren af «Kvæghandleren fra Steiermark»'],['Bergen'],['Bergens Theater'],[]
64,0,Theater;,,,,,['Oversætteren af «Kvæghandleren fra Steiermark»'],['Bergen'],['Bergens Theater'],[]
65,0,vedlagt,,,,,['Oversætteren af «Kvæghandleren fra Steiermark»'],['Bergen'],['Bergens Theater'],[]
66,0,følge,,,,,['Oversætteren af «Kvæghandleren fra Steiermark»'],['Bergen'],['Bergens Theater'],[]
67,0,Regninger,,,,,['Oversætteren af «Kvæghandleren fra Steiermark»'],['Bergen'],['Bergens Theater'],[]
68,0,over,,,,,['Oversætteren af «Kvæghandleren fra Steiermark»'],['Bergen'],['Bergens Theater'],[]
69,0,"Udskrivningen,",,,,,['Oversætteren af «Kvæghandleren fra Steiermark»'],['Bergen'],['Bergens Theater'],[]
70,0,desuden,,,,,['Oversætteren af «Kvæghandleren fra Steiermark»'],['Bergen'],['Bergens Theater'],[]
71,0,tilkommer,,,,,['Oversætteren af «Kvæghandleren fra Steiermark»'],['Bergen'],['Bergens Theater'],[]
72,0,Oversætteren,,,,,['Oversætteren af «Kvæghandleren fra Steiermark»'],['Bergen'],['Bergens Theater'],[]
73,0,af,,,,,['Oversætteren af «Kvæghandleren fra Steiermark»'],['Bergen'],['Bergens Theater'],[]
74,0,«Kvæghandleren,,,,,['Oversætteren af «Kvæghandleren fra Steiermark»'],['Bergen'],['Bergens Theater'],[]
75,0,fra,,,,,['Oversætteren af «Kvæghandleren fra Steiermark»'],['Bergen'],['Bergens Theater'],[]
76,0,Steiermark»,,,,,['Oversætteren af «Kvæghandleren fra Steiermark»'],['Bergen'],['Bergens Theater'],[]
77,0,efter,,,,,['Oversætteren af «Kvæghandleren fra Steiermark»'],['Bergen'],['Bergens Theater'],[]
78,0,Akkord,,,,,['Oversætteren af «Kvæghandleren fra Steiermark»'],['Bergen'],['Bergens Theater'],[]
79,0,10,,,,,['Oversætteren af «Kvæghandleren fra Steiermark»'],['Bergen'],['Bergens Theater'],[]
80,0,Sp,,,,,['Oversætteren af «Kvæghandleren fra Steiermark»'],['Bergen'],['Bergens Theater'],[]
81,0,og,,,,,['Oversætteren af «Kvæghandleren fra Steiermark»'],['Bergen'],['Bergens Theater'],[]
82,0,jeg,,,,,['Oversætteren af «Kvæghandleren fra Steiermark»'],['Bergen'],['Bergens Theater'],[]
83,0,for,,,,,['Oversætteren af «Kvæghandleren fra Steiermark»'],['Bergen'],['Bergens Theater'],[]
84,0,Udlæg,,,,,['Oversætteren af «Kvæghandleren fra Steiermark»'],['Bergen'],['Bergens Theater'],[]
85,0,af,,,,,['Oversætteren af «Kvæghandleren fra Steiermark»'],['Bergen'],['Bergens Theater'],[]
86,0,Fragt,,,,,['Oversætteren af «Kvæghandleren fra Steiermark»'],['Bergen'],['Bergens Theater'],[]
87,0,30,,,,,['Oversætteren af «Kvæghandleren fra Steiermark»'],['Bergen'],['Bergens Theater'],[]
88,0,ʄ,,,,,['Oversætteren af «Kvæghandleren fra Steiermark»'],['Bergen'],['Bergens Theater'],[]
89,0,altsaa,,,,,['Oversætteren af «Kvæghandleren fra Steiermark»'],['Bergen'],['Bergens Theater'],[]
90,0,tilsammen,,,,,['Oversætteren af «Kvæghandleren fra Steiermark»'],['Bergen'],['Bergens Theater'],[]
91,0,16,,,,,['Oversætteren af «Kvæghandleren fra Steiermark»'],['Bergen'],['Bergens Theater'],[]
92,0,Spd,,,,,['Oversætteren af «Kvæghandleren fra Steiermark»'],['Bergen'],['Bergens Theater'],[]
93,0,70,,,,,['Oversætteren af «Kvæghandleren fra Steiermark»'],['Bergen'],['Bergens Theater'],[]
94,0,"ʄ,",,,,,['Oversætteren af «Kvæghandleren fra Steiermark»'],['Bergen'],['Bergens Theater'],[]
95,0,mod,,,,,['Oversætteren af «Kvæghandleren fra Steiermark»'],['Bergen'],['Bergens Theater'],[]
96,0,hvilket,,,,,['Oversætteren af «Kvæghandleren fra Steiermark»'],['Bergen'],['Bergens Theater'],[]
97,0,Beløb,,,,,['Oversætteren af «Kvæghandleren fra Steiermark»'],['Bergen'],['Bergens Theater'],[]
98,0,jeg,,,,,['Oversætteren af «Kvæghandleren fra Steiermark»'],['Bergen'],['Bergens Theater'],[]
99,0,tillader,,,,,['Oversætteren af «Kvæghandleren fra Steiermark»'],['Bergen'],['Bergens Theater'],[]
100,0,mig,,,,,['Oversætteren af «Kvæghandleren fra Steiermark»'],['Bergen'],['Bergens Theater'],[]
101,0,at,,,,,['Oversætteren af «Kvæghandleren fra Steiermark»'],['Bergen'],['Bergens Theater'],[]
102,0,anmode,,,,,['Oversætteren af «Kvæghandleren fra Steiermark»'],['Bergen'],['Bergens Theater'],[]
103,0,Dem,,,,,['Oversætteren af «Kvæghandleren fra Steiermark»'],['Bergen'],['Bergens Theater'],[]
104,0,om,,,,,['Oversætteren af «Kvæghandleren fra Steiermark»'],['Bergen'],['Bergens Theater'],[]
105,0,at,,,,,['Oversætteren af «Kvæghandleren fra Steiermark»'],['Bergen'],['Bergens Theater'],[]
106,0,overlevere,,,,,['Oversætteren af «Kvæghandleren fra Steiermark»'],['Bergen'],['Bergens Theater'],[]
107,0,Theatret,,,,,['Oversætteren af «Kvæghandleren fra Steiermark»'],['Bergen'],['Bergens Theater'],[]
108,0,Sagerne.,,,,,['Oversætteren af «Kvæghandleren fra Steiermark»'],['Bergen'],['Bergens Theater'],[]
109,0,Støttende,,,,,['Oversætteren af «Kvæghandleren fra Steiermark»'],['Bergen'],['Bergens Theater'],[]
110,0,mig,,,,,['Oversætteren af «Kvæghandleren fra Steiermark»'],['Bergen'],['Bergens Theater'],[]
111,0,til,,,,,['Oversætteren af «Kvæghandleren fra Steiermark»'],['Bergen'],['Bergens Theater'],[]
112,0,Deres,,,,,['Oversætteren af «Kvæghandleren fra Steiermark»'],['Bergen'],['Bergens Theater'],[]
113,0,stedse,,,,,['Oversætteren af «Kvæghandleren fra Steiermark»'],['Bergen'],['Bergens Theater'],[]
114,0,udviste,,,,,['Oversætteren af «Kvæghandleren fra Steiermark»'],['Bergen'],['Bergens Theater'],[]
115,0,Velvillie,,,,,['Oversætteren af «Kvæghandleren fra Steiermark»'],['Bergen'],['Bergens Theater'],[]
116,0,haaber,,,,,['Oversætteren af «Kvæghandleren fra Steiermark»'],['Bergen'],['Bergens Theater'],[]
117,0,jeg,,,,,['Oversætteren af «Kvæghandleren fra Steiermark»'],['Bergen'],['Bergens Theater'],[]
118,0,at,,,,,['Oversætteren af «Kvæghandleren fra Steiermark»'],['Bergen'],['Bergens Theater'],[]
119,0,De,,,,,['Oversætteren af «Kvæghandleren fra Steiermark»'],['Bergen'],['Bergens Theater'],[]
120,0,vil,,,,,['Oversætteren af «Kvæghandleren fra Steiermark»'],['Bergen'],['Bergens Theater'],[]
121,0,tilgive,,,,,['Oversætteren af «Kvæghandleren fra Steiermark»'],['Bergen'],['Bergens Theater'],[]
122,0,denne,,,,,['Oversætteren af «Kvæghandleren fra Steiermark»'],['Bergen'],['Bergens Theater'],[]
123,0,fornyede,,,,,['Oversætteren af «Kvæghandleren fra Steiermark»'],['Bergen'],['Bergens Theater'],[]
124,0,Uleilighed.Med,,,,,['Oversætteren af «Kvæghandleren fra Steiermark»'],['Bergen'],['Bergens Theater'],[]
125,0,de,,,,,['Oversætteren af «Kvæghandleren fra Steiermark»'],['Bergen'],['Bergens Theater'],[]
126,0,forbindtligste,,,,,['Oversætteren af «Kvæghandleren fra Steiermark»'],['Bergen'],['Bergens Theater'],[]
127,0,Hilsener,,,,,['Oversætteren af «Kvæghandleren fra Steiermark»'],['Bergen'],['Bergens Theater'],[]
128,0,til,,,,,['Oversætteren af «Kvæghandleren fra Steiermark»'],['Bergen'],['Bergens Theater'],[]
129,0,Deres,,,,,['Oversætteren af «Kvæghandleren fra Steiermark»'],['Bergen'],['Bergens Theater'],[]
130,0,Hus,,,,,['Oversætteren af «Kvæghandleren fra Steiermark»'],['Bergen'],['Bergens Theater'],[]
131,0,og,,,,,['Oversætteren af «Kvæghandleren fra Steiermark»'],['Bergen'],['Bergens Theater'],[]
132,0,Bekjendte,,,,,['Oversætteren af «Kvæghandleren fra Steiermark»'],['Bergen'],['Bergens Theater'],[]
133,0,tegner,,,,,['Oversætteren af «Kvæghandleren fra Steiermark»'],['Bergen'],['Bergens Theater'],[]
134,0,jeg,,,,,['Oversætteren af «Kvæghandleren fra Steiermark»'],['Bergen'],['Bergens Theater'],[]
135,0,migP.,,,,,['Oversætteren af «Kvæghandleren fra Steiermark»'],['Bergen'],['Bergens Theater'],[]
136,0,S.,,,,,['Oversætteren af «Kvæghandleren fra Steiermark»'],['Bergen'],['Bergens Theater'],[]
137,0,Jeg,,,,,['Oversætteren af «Kvæghandleren fra Steiermark»'],['Bergen'],['Bergens Theater'],[]
138,0,kunde,,,,,['Oversætteren af «Kvæghandleren fra Steiermark»'],['Bergen'],['Bergens Theater'],[]
139,0,have,,,,,['Oversætteren af «Kvæghandleren fra Steiermark»'],['Bergen'],['Bergens Theater'],[]
140,0,et,,,,,['Oversætteren af «Kvæghandleren fra Steiermark»'],['Bergen'],['Bergens Theater'],[]
141,0,og,,,,,['Oversætteren af «Kvæghandleren fra Steiermark»'],['Bergen'],['Bergens Theater'],[]
142,0,andet,,,,,['Oversætteren af «Kvæghandleren fra Steiermark»'],['Bergen'],['Bergens Theater'],[]
143,0,af,,,,,['Oversætteren af «Kvæghandleren fra Steiermark»'],['Bergen'],['Bergens Theater'],[]
144,0,literær,,,,,['Oversætteren af «Kvæghandleren fra Steiermark»'],['Bergen'],['Bergens Theater'],[]
145,0,og,,,,,['Oversætteren af «Kvæghandleren fra Steiermark»'],['Bergen'],['Bergens Theater'],[]
146,0,kunstnerisk,,,,,['Oversætteren af «Kvæghandleren fra Steiermark»'],['Bergen'],['Bergens Theater'],[]
147,0,Interesse,,,,,['Oversætteren af «Kvæghandleren fra Steiermark»'],['Bergen'],['Bergens Theater'],[]
148,0,at,,,,,['Oversætteren af «Kvæghandleren fra Steiermark»'],['Bergen'],['Bergens Theater'],[]
149,0,"fortælle,",,,,,['Oversætteren af «Kvæghandleren fra Steiermark»'],['Bergen'],['Bergens Theater'],[]
150,0,men,,,,,['Oversætteren af «Kvæghandleren fra Steiermark»'],['Bergen'],['Bergens Theater'],[]
151,0,forledet,,,,,['Oversætteren af «Kvæghandleren fra Steiermark»'],['Bergen'],['Bergens Theater'],[]
152,0,af,,,,,['Oversætteren af «Kvæghandleren fra Steiermark»'],['Bergen'],['Bergens Theater'],[]
153,0,min,,,,,['Oversætteren af «Kvæghandleren fra Steiermark»'],['Bergen'],['Bergens Theater'],[]
154,0,gamle,,,,,['Oversætteren af «Kvæghandleren fra Steiermark»'],['Bergen'],['Bergens Theater'],[]
155,0,Skjødesynd,,,,,['Oversætteren af «Kvæghandleren fra Steiermark»'],['Bergen'],['Bergens Theater'],[]
156,0,har,,,,,['Oversætteren af «Kvæghandleren fra Steiermark»'],['Bergen'],['Bergens Theater'],[]
157,0,jeg,,,,,['Oversætteren af «Kvæghandleren fra Steiermark»'],['Bergen'],['Bergens Theater'],[]
158,0,opsat,,,,,['Oversætteren af «Kvæghandleren fra Steiermark»'],['Bergen'],['Bergens Theater'],[]
159,0,Brevskrivningen,,,,,['Oversætteren af «Kvæghandleren fra Steiermark»'],['Bergen'],['Bergens Theater'],[]
160,0,ligetil,,,,,['Oversætteren af «Kvæghandleren fra Steiermark»'],['Bergen'],['Bergens Theater'],[]
161,0,sidste,,,,,['Oversætteren af «Kvæghandleren fra Steiermark»'],['Bergen'],['Bergens Theater'],[]
162,0,Øieblik.,,,,,['Oversætteren af «Kvæghandleren fra Steiermark»'],['Bergen'],['Bergens Theater'],[]
163,0,–,,,,,['Oversætteren af «Kvæghandleren fra Steiermark»'],['Bergen'],['Bergens Theater'],[]
