,,0,human_annotation,who,dacy_medium,spacy_trf,person,place,org,work
0,0,Hvis,,,,,"['Sagfører Lies', 'Herr Bjørnsons']",['Tromsø'],[],[]
1,0,det,,,,,"['Sagfører Lies', 'Herr Bjørnsons']",['Tromsø'],[],[]
2,0,forholder,,,,,"['Sagfører Lies', 'Herr Bjørnsons']",['Tromsø'],[],[]
3,0,"sig,",,,,,"['Sagfører Lies', 'Herr Bjørnsons']",['Tromsø'],[],[]
4,0,som,,,,,"['Sagfører Lies', 'Herr Bjørnsons']",['Tromsø'],[],[]
5,0,De,,,,,"['Sagfører Lies', 'Herr Bjørnsons']",['Tromsø'],[],[]
6,0,"siger,",,,,,"['Sagfører Lies', 'Herr Bjørnsons']",['Tromsø'],[],[]
7,0,at,,,,,"['Sagfører Lies', 'Herr Bjørnsons']",['Tromsø'],[],[]
8,0,De,,,,,"['Sagfører Lies', 'Herr Bjørnsons']",['Tromsø'],[],[]
9,0,har,,,,,"['Sagfører Lies', 'Herr Bjørnsons']",['Tromsø'],[],[]
10,0,tillskrevet,,,,,"['Sagfører Lies', 'Herr Bjørnsons']",['Tromsø'],[],[]
11,0,mig,,,,,"['Sagfører Lies', 'Herr Bjørnsons']",['Tromsø'],[],[]
12,0,to,,,,,"['Sagfører Lies', 'Herr Bjørnsons']",['Tromsø'],[],[]
13,0,ubesvarede,,,,,"['Sagfører Lies', 'Herr Bjørnsons']",['Tromsø'],[],[]
14,0,"Breve,",,,,,"['Sagfører Lies', 'Herr Bjørnsons']",['Tromsø'],[],[]
15,0,saa,,,,,"['Sagfører Lies', 'Herr Bjørnsons']",['Tromsø'],[],[]
16,0,maa,,,,,"['Sagfører Lies', 'Herr Bjørnsons']",['Tromsø'],[],[]
17,0,disse,,,,,"['Sagfører Lies', 'Herr Bjørnsons']",['Tromsø'],[],[]
18,0,Breve,,,,,"['Sagfører Lies', 'Herr Bjørnsons']",['Tromsø'],[],[]
19,0,have,,,,,"['Sagfører Lies', 'Herr Bjørnsons']",['Tromsø'],[],[]
20,0,handlet,,,,,"['Sagfører Lies', 'Herr Bjørnsons']",['Tromsø'],[],[]
21,0,om,,,,,"['Sagfører Lies', 'Herr Bjørnsons']",['Tromsø'],[],[]
22,0,Deres,,,,,"['Sagfører Lies', 'Herr Bjørnsons']",['Tromsø'],[],[]
23,0,"Redaktionsanliggender,",,,,,"['Sagfører Lies', 'Herr Bjørnsons']",['Tromsø'],[],[]
24,0,og,,,,,"['Sagfører Lies', 'Herr Bjørnsons']",['Tromsø'],[],[]
25,0,i,,,,,"['Sagfører Lies', 'Herr Bjørnsons']",['Tromsø'],[],[]
26,0,dette,,,,,"['Sagfører Lies', 'Herr Bjørnsons']",['Tromsø'],[],[]
27,0,mig,,,,,"['Sagfører Lies', 'Herr Bjørnsons']",['Tromsø'],[],[]
28,0,uvedkommende,,,,,"['Sagfører Lies', 'Herr Bjørnsons']",['Tromsø'],[],[]
29,0,Emne,,,,,"['Sagfører Lies', 'Herr Bjørnsons']",['Tromsø'],[],[]
30,0,har,,,,,"['Sagfører Lies', 'Herr Bjørnsons']",['Tromsø'],[],[]
31,0,jeg,,,,,"['Sagfører Lies', 'Herr Bjørnsons']",['Tromsø'],[],[]
32,0,intet,,,,,"['Sagfører Lies', 'Herr Bjørnsons']",['Tromsø'],[],[]
33,0,at,,,,,"['Sagfører Lies', 'Herr Bjørnsons']",['Tromsø'],[],[]
34,0,svare.Det,,,,,"['Sagfører Lies', 'Herr Bjørnsons']",['Tromsø'],[],[]
35,0,er,,,,,"['Sagfører Lies', 'Herr Bjørnsons']",['Tromsø'],[],[]
36,0,mig,,,,,"['Sagfører Lies', 'Herr Bjørnsons']",['Tromsø'],[],[]
37,0,ganske,,,,,"['Sagfører Lies', 'Herr Bjørnsons']",['Tromsø'],[],[]
38,0,ligegyldigt,,,,,"['Sagfører Lies', 'Herr Bjørnsons']",['Tromsø'],[],[]
39,0,enten,,,,,"['Sagfører Lies', 'Herr Bjørnsons']",['Tromsø'],[],[]
40,0,den,,,,,"['Sagfører Lies', 'Herr Bjørnsons']",['Tromsø'],[],[]
41,0,ærede,,,,,"['Sagfører Lies', 'Herr Bjørnsons']",['Tromsø'],[],[]
42,0,Red:,,,,,"['Sagfører Lies', 'Herr Bjørnsons']",['Tromsø'],[],[]
43,0,fortolker,,,,,"['Sagfører Lies', 'Herr Bjørnsons']",['Tromsø'],[],[]
44,0,Sagfører,,,,,"['Sagfører Lies', 'Herr Bjørnsons']",['Tromsø'],[],[]
45,0,Lies,,,,,"['Sagfører Lies', 'Herr Bjørnsons']",['Tromsø'],[],[]
46,0,Skriverier,,,,,"['Sagfører Lies', 'Herr Bjørnsons']",['Tromsø'],[],[]
47,0,fra,,,,,"['Sagfører Lies', 'Herr Bjørnsons']",['Tromsø'],[],[]
48,0,et,,,,,"['Sagfører Lies', 'Herr Bjørnsons']",['Tromsø'],[],[]
49,0,«socialt-politisk,,,,,"['Sagfører Lies', 'Herr Bjørnsons']",['Tromsø'],[],[]
50,0,Synspunkt»,,,,,"['Sagfører Lies', 'Herr Bjørnsons']",['Tromsø'],[],[]
51,0,eller,,,,,"['Sagfører Lies', 'Herr Bjørnsons']",['Tromsø'],[],[]
52,0,ikke.,,,,,"['Sagfører Lies', 'Herr Bjørnsons']",['Tromsø'],[],[]
53,0,Jeg,,,,,"['Sagfører Lies', 'Herr Bjørnsons']",['Tromsø'],[],[]
54,0,har,,,,,"['Sagfører Lies', 'Herr Bjørnsons']",['Tromsø'],[],[]
55,0,fundet,,,,,"['Sagfører Lies', 'Herr Bjørnsons']",['Tromsø'],[],[]
56,0,to,,,,,"['Sagfører Lies', 'Herr Bjørnsons']",['Tromsø'],[],[]
57,0,andre,,,,,"['Sagfører Lies', 'Herr Bjørnsons']",['Tromsø'],[],[]
58,0,Synspunkter,,,,,"['Sagfører Lies', 'Herr Bjørnsons']",['Tromsø'],[],[]
59,0,deri:,,,,,"['Sagfører Lies', 'Herr Bjørnsons']",['Tromsø'],[],[]
60,0,Affektationens,,,,,"['Sagfører Lies', 'Herr Bjørnsons']",['Tromsø'],[],[]
61,0,og,,,,,"['Sagfører Lies', 'Herr Bjørnsons']",['Tromsø'],[],[]
62,0,"Spaltebetalingens,",,,,,"['Sagfører Lies', 'Herr Bjørnsons']",['Tromsø'],[],[]
63,0,intet,,,,,"['Sagfører Lies', 'Herr Bjørnsons']",['Tromsø'],[],[]
64,0,vidre.At,,,,,"['Sagfører Lies', 'Herr Bjørnsons']",['Tromsø'],[],[]
65,0,Herr,,,,,"['Sagfører Lies', 'Herr Bjørnsons']",['Tromsø'],[],[]
66,0,Bjørnsons,,,,,"['Sagfører Lies', 'Herr Bjørnsons']",['Tromsø'],[],[]
67,0,onde,,,,,"['Sagfører Lies', 'Herr Bjørnsons']",['Tromsø'],[],[]
68,0,Samvittighed,,,,,"['Sagfører Lies', 'Herr Bjørnsons']",['Tromsø'],[],[]
69,0,bringer,,,,,"['Sagfører Lies', 'Herr Bjørnsons']",['Tromsø'],[],[]
70,0,ham,,,,,"['Sagfører Lies', 'Herr Bjørnsons']",['Tromsø'],[],[]
71,0,till,,,,,"['Sagfører Lies', 'Herr Bjørnsons']",['Tromsø'],[],[]
72,0,at,,,,,"['Sagfører Lies', 'Herr Bjørnsons']",['Tromsø'],[],[]
73,0,se,,,,,"['Sagfører Lies', 'Herr Bjørnsons']",['Tromsø'],[],[]
74,0,en,,,,,"['Sagfører Lies', 'Herr Bjørnsons']",['Tromsø'],[],[]
75,0,Fiende,,,,,"['Sagfører Lies', 'Herr Bjørnsons']",['Tromsø'],[],[]
76,0,i,,,,,"['Sagfører Lies', 'Herr Bjørnsons']",['Tromsø'],[],[]
77,0,den,,,,,"['Sagfører Lies', 'Herr Bjørnsons']",['Tromsø'],[],[]
78,0,"Mand,",,,,,"['Sagfører Lies', 'Herr Bjørnsons']",['Tromsø'],[],[]
79,0,som,,,,,"['Sagfører Lies', 'Herr Bjørnsons']",['Tromsø'],[],[]
80,0,han,,,,,"['Sagfører Lies', 'Herr Bjørnsons']",['Tromsø'],[],[]
81,0,offentlig,,,,,"['Sagfører Lies', 'Herr Bjørnsons']",['Tromsø'],[],[]
82,0,i,,,,,"['Sagfører Lies', 'Herr Bjørnsons']",['Tromsø'],[],[]
83,0,manges,,,,,"['Sagfører Lies', 'Herr Bjørnsons']",['Tromsø'],[],[]
84,0,Nærværelse,,,,,"['Sagfører Lies', 'Herr Bjørnsons']",['Tromsø'],[],[]
85,0,paa,,,,,"['Sagfører Lies', 'Herr Bjørnsons']",['Tromsø'],[],[]
86,0,det,,,,,"['Sagfører Lies', 'Herr Bjørnsons']",['Tromsø'],[],[]
87,0,infameste,,,,,"['Sagfører Lies', 'Herr Bjørnsons']",['Tromsø'],[],[]
88,0,har,,,,,"['Sagfører Lies', 'Herr Bjørnsons']",['Tromsø'],[],[]
89,0,æreskjendt,,,,,"['Sagfører Lies', 'Herr Bjørnsons']",['Tromsø'],[],[]
90,0,samtidigt,,,,,"['Sagfører Lies', 'Herr Bjørnsons']",['Tromsø'],[],[]
91,0,"med,",,,,,"['Sagfører Lies', 'Herr Bjørnsons']",['Tromsø'],[],[]
92,0,ja,,,,,"['Sagfører Lies', 'Herr Bjørnsons']",['Tromsø'],[],[]
93,0,maaske,,,,,"['Sagfører Lies', 'Herr Bjørnsons']",['Tromsø'],[],[]
94,0,samme,,,,,"['Sagfører Lies', 'Herr Bjørnsons']",['Tromsø'],[],[]
95,0,"Dag,",,,,,"['Sagfører Lies', 'Herr Bjørnsons']",['Tromsø'],[],[]
96,0,som,,,,,"['Sagfører Lies', 'Herr Bjørnsons']",['Tromsø'],[],[]
97,0,han,,,,,"['Sagfører Lies', 'Herr Bjørnsons']",['Tromsø'],[],[]
98,0,har,,,,,"['Sagfører Lies', 'Herr Bjørnsons']",['Tromsø'],[],[]
99,0,tillskrevet,,,,,"['Sagfører Lies', 'Herr Bjørnsons']",['Tromsø'],[],[]
100,0,denne,,,,,"['Sagfører Lies', 'Herr Bjørnsons']",['Tromsø'],[],[]
101,0,Mand,,,,,"['Sagfører Lies', 'Herr Bjørnsons']",['Tromsø'],[],[]
102,0,et,,,,,"['Sagfører Lies', 'Herr Bjørnsons']",['Tromsø'],[],[]
103,0,langt,,,,,"['Sagfører Lies', 'Herr Bjørnsons']",['Tromsø'],[],[]
104,0,Brev,,,,,"['Sagfører Lies', 'Herr Bjørnsons']",['Tromsø'],[],[]
105,0,fuldt,,,,,"['Sagfører Lies', 'Herr Bjørnsons']",['Tromsø'],[],[]
106,0,af,,,,,"['Sagfører Lies', 'Herr Bjørnsons']",['Tromsø'],[],[]
107,0,de,,,,,"['Sagfører Lies', 'Herr Bjørnsons']",['Tromsø'],[],[]
108,0,mest,,,,,"['Sagfører Lies', 'Herr Bjørnsons']",['Tromsø'],[],[]
109,0,indtrængende,,,,,"['Sagfører Lies', 'Herr Bjørnsons']",['Tromsø'],[],[]
110,0,"Venskabsforsikkringer,",,,,,"['Sagfører Lies', 'Herr Bjørnsons']",['Tromsø'],[],[]
111,0,–,,,,,"['Sagfører Lies', 'Herr Bjørnsons']",['Tromsø'],[],[]
112,0,hvilket,,,,,"['Sagfører Lies', 'Herr Bjørnsons']",['Tromsø'],[],[]
113,0,altsammen,,,,,"['Sagfører Lies', 'Herr Bjørnsons']",['Tromsø'],[],[]
114,0,lader,,,,,"['Sagfører Lies', 'Herr Bjørnsons']",['Tromsø'],[],[]
115,0,sig,,,,,"['Sagfører Lies', 'Herr Bjørnsons']",['Tromsø'],[],[]
116,0,dokumentere,,,,,"['Sagfører Lies', 'Herr Bjørnsons']",['Tromsø'],[],[]
117,0,og,,,,,"['Sagfører Lies', 'Herr Bjørnsons']",['Tromsø'],[],[]
118,0,med,,,,,"['Sagfører Lies', 'Herr Bjørnsons']",['Tromsø'],[],[]
119,0,Vidner,,,,,"['Sagfører Lies', 'Herr Bjørnsons']",['Tromsø'],[],[]
120,0,"bevise,",,,,,"['Sagfører Lies', 'Herr Bjørnsons']",['Tromsø'],[],[]
121,0,–,,,,,"['Sagfører Lies', 'Herr Bjørnsons']",['Tromsø'],[],[]
122,0,det,,,,,"['Sagfører Lies', 'Herr Bjørnsons']",['Tromsø'],[],[]
123,0,finder,,,,,"['Sagfører Lies', 'Herr Bjørnsons']",['Tromsø'],[],[]
124,0,jeg,,,,,"['Sagfører Lies', 'Herr Bjørnsons']",['Tromsø'],[],[]
125,0,saare,,,,,"['Sagfører Lies', 'Herr Bjørnsons']",['Tromsø'],[],[]
126,0,naturligt.Og,,,,,"['Sagfører Lies', 'Herr Bjørnsons']",['Tromsø'],[],[]
127,0,naar,,,,,"['Sagfører Lies', 'Herr Bjørnsons']",['Tromsø'],[],[]
128,0,jeg,,,,,"['Sagfører Lies', 'Herr Bjørnsons']",['Tromsø'],[],[]
129,0,ser,,,,,"['Sagfører Lies', 'Herr Bjørnsons']",['Tromsø'],[],[]
130,0,hen,,,,,"['Sagfører Lies', 'Herr Bjørnsons']",['Tromsø'],[],[]
131,0,till,,,,,"['Sagfører Lies', 'Herr Bjørnsons']",['Tromsø'],[],[]
132,0,det,,,,,"['Sagfører Lies', 'Herr Bjørnsons']",['Tromsø'],[],[]
133,0,simple,,,,,"['Sagfører Lies', 'Herr Bjørnsons']",['Tromsø'],[],[]
134,0,"Slæng,",,,,,"['Sagfører Lies', 'Herr Bjørnsons']",['Tromsø'],[],[]
135,0,som,,,,,"['Sagfører Lies', 'Herr Bjørnsons']",['Tromsø'],[],[]
136,0,Hr:,,,,,"['Sagfører Lies', 'Herr Bjørnsons']",['Tromsø'],[],[]
137,0,Bjørnson,,,,,"['Sagfører Lies', 'Herr Bjørnsons']",['Tromsø'],[],[]
138,0,desværre,,,,,"['Sagfører Lies', 'Herr Bjørnsons']",['Tromsø'],[],[]
139,0,er,,,,,"['Sagfører Lies', 'Herr Bjørnsons']",['Tromsø'],[],[]
140,0,kommen,,,,,"['Sagfører Lies', 'Herr Bjørnsons']",['Tromsø'],[],[]
141,0,ind,,,,,"['Sagfører Lies', 'Herr Bjørnsons']",['Tromsø'],[],[]
142,0,"i,",,,,,"['Sagfører Lies', 'Herr Bjørnsons']",['Tromsø'],[],[]
143,0,"Mennesker,",,,,,"['Sagfører Lies', 'Herr Bjørnsons']",['Tromsø'],[],[]
144,0,som,,,,,"['Sagfører Lies', 'Herr Bjørnsons']",['Tromsø'],[],[]
145,0,jeg,,,,,"['Sagfører Lies', 'Herr Bjørnsons']",['Tromsø'],[],[]
146,0,vilde,,,,,"['Sagfører Lies', 'Herr Bjørnsons']",['Tromsø'],[],[]
147,0,lade,,,,,"['Sagfører Lies', 'Herr Bjørnsons']",['Tromsø'],[],[]
148,0,Gulvet,,,,,"['Sagfører Lies', 'Herr Bjørnsons']",['Tromsø'],[],[]
149,0,feje,,,,,"['Sagfører Lies', 'Herr Bjørnsons']",['Tromsø'],[],[]
150,0,"efter,",,,,,"['Sagfører Lies', 'Herr Bjørnsons']",['Tromsø'],[],[]
151,0,hvis,,,,,"['Sagfører Lies', 'Herr Bjørnsons']",['Tromsø'],[],[]
152,0,de,,,,,"['Sagfører Lies', 'Herr Bjørnsons']",['Tromsø'],[],[]
153,0,satte,,,,,"['Sagfører Lies', 'Herr Bjørnsons']",['Tromsø'],[],[]
154,0,Foden,,,,,"['Sagfører Lies', 'Herr Bjørnsons']",['Tromsø'],[],[]
155,0,i,,,,,"['Sagfører Lies', 'Herr Bjørnsons']",['Tromsø'],[],[]
156,0,min,,,,,"['Sagfører Lies', 'Herr Bjørnsons']",['Tromsø'],[],[]
157,0,"Stue,",,,,,"['Sagfører Lies', 'Herr Bjørnsons']",['Tromsø'],[],[]
158,0,saa,,,,,"['Sagfører Lies', 'Herr Bjørnsons']",['Tromsø'],[],[]
159,0,finder,,,,,"['Sagfører Lies', 'Herr Bjørnsons']",['Tromsø'],[],[]
160,0,jeg,,,,,"['Sagfører Lies', 'Herr Bjørnsons']",['Tromsø'],[],[]
161,0,det,,,,,"['Sagfører Lies', 'Herr Bjørnsons']",['Tromsø'],[],[]
162,0,ikke,,,,,"['Sagfører Lies', 'Herr Bjørnsons']",['Tromsø'],[],[]
163,0,mindre,,,,,"['Sagfører Lies', 'Herr Bjørnsons']",['Tromsø'],[],[]
164,0,naturligt,,,,,"['Sagfører Lies', 'Herr Bjørnsons']",['Tromsø'],[],[]
165,0,at,,,,,"['Sagfører Lies', 'Herr Bjørnsons']",['Tromsø'],[],[]
166,0,han,,,,,"['Sagfører Lies', 'Herr Bjørnsons']",['Tromsø'],[],[]
167,0,tilltror,,,,,"['Sagfører Lies', 'Herr Bjørnsons']",['Tromsø'],[],[]
168,0,mig,,,,,"['Sagfører Lies', 'Herr Bjørnsons']",['Tromsø'],[],[]
169,0,den,,,,,"['Sagfører Lies', 'Herr Bjørnsons']",['Tromsø'],[],[]
170,0,samme,,,,,"['Sagfører Lies', 'Herr Bjørnsons']",['Tromsø'],[],[]
171,0,"Gemenhed,",,,,,"['Sagfører Lies', 'Herr Bjørnsons']",['Tromsø'],[],[]
172,0,som,,,,,"['Sagfører Lies', 'Herr Bjørnsons']",['Tromsø'],[],[]
173,0,"den,",,,,,"['Sagfører Lies', 'Herr Bjørnsons']",['Tromsø'],[],[]
174,0,der,,,,,"['Sagfører Lies', 'Herr Bjørnsons']",['Tromsø'],[],[]
175,0,danner,,,,,"['Sagfører Lies', 'Herr Bjørnsons']",['Tromsø'],[],[]
176,0,Grundlaget,,,,,"['Sagfører Lies', 'Herr Bjørnsons']",['Tromsø'],[],[]
177,0,for,,,,,"['Sagfører Lies', 'Herr Bjørnsons']",['Tromsø'],[],[]
178,0,de,,,,,"['Sagfører Lies', 'Herr Bjørnsons']",['Tromsø'],[],[]
179,0,Karles,,,,,"['Sagfører Lies', 'Herr Bjørnsons']",['Tromsø'],[],[]
180,0,hele,,,,,"['Sagfører Lies', 'Herr Bjørnsons']",['Tromsø'],[],[]
181,0,Taktik.Men,,,,,"['Sagfører Lies', 'Herr Bjørnsons']",['Tromsø'],[],[]
182,0,heraf,,,,,"['Sagfører Lies', 'Herr Bjørnsons']",['Tromsø'],[],[]
183,0,følger,,,,,"['Sagfører Lies', 'Herr Bjørnsons']",['Tromsø'],[],[]
184,0,ingenlunde,,,,,"['Sagfører Lies', 'Herr Bjørnsons']",['Tromsø'],[],[]
185,0,nogen,,,,,"['Sagfører Lies', 'Herr Bjørnsons']",['Tromsø'],[],[]
186,0,Forpligtelse,,,,,"['Sagfører Lies', 'Herr Bjørnsons']",['Tromsø'],[],[]
187,0,fra,,,,,"['Sagfører Lies', 'Herr Bjørnsons']",['Tromsø'],[],[]
188,0,min,,,,,"['Sagfører Lies', 'Herr Bjørnsons']",['Tromsø'],[],[]
189,0,Side,,,,,"['Sagfører Lies', 'Herr Bjørnsons']",['Tromsø'],[],[]
190,0,till,,,,,"['Sagfører Lies', 'Herr Bjørnsons']",['Tromsø'],[],[]
191,0,gjennem,,,,,"['Sagfører Lies', 'Herr Bjørnsons']",['Tromsø'],[],[]
192,0,en,,,,,"['Sagfører Lies', 'Herr Bjørnsons']",['Tromsø'],[],[]
193,0,Protest,,,,,"['Sagfører Lies', 'Herr Bjørnsons']",['Tromsø'],[],[]
194,0,at,,,,,"['Sagfører Lies', 'Herr Bjørnsons']",['Tromsø'],[],[]
195,0,"klarne,",,,,,"['Sagfører Lies', 'Herr Bjørnsons']",['Tromsø'],[],[]
196,0,hvad,,,,,"['Sagfører Lies', 'Herr Bjørnsons']",['Tromsø'],[],[]
197,0,deslige,,,,,"['Sagfører Lies', 'Herr Bjørnsons']",['Tromsø'],[],[]
198,0,Personer,,,,,"['Sagfører Lies', 'Herr Bjørnsons']",['Tromsø'],[],[]
199,0,maatte,,,,,"['Sagfører Lies', 'Herr Bjørnsons']",['Tromsø'],[],[]
200,0,falde,,,,,"['Sagfører Lies', 'Herr Bjørnsons']",['Tromsø'],[],[]
201,0,paa,,,,,"['Sagfører Lies', 'Herr Bjørnsons']",['Tromsø'],[],[]
202,0,at,,,,,"['Sagfører Lies', 'Herr Bjørnsons']",['Tromsø'],[],[]
203,0,brygge,,,,,"['Sagfører Lies', 'Herr Bjørnsons']",['Tromsø'],[],[]
204,0,sammen.Skulde,,,,,"['Sagfører Lies', 'Herr Bjørnsons']",['Tromsø'],[],[]
205,0,jeg,,,,,"['Sagfører Lies', 'Herr Bjørnsons']",['Tromsø'],[],[]
206,0,imidlertid,,,,,"['Sagfører Lies', 'Herr Bjørnsons']",['Tromsø'],[],[]
207,0,føle,,,,,"['Sagfører Lies', 'Herr Bjørnsons']",['Tromsø'],[],[]
208,0,mig,,,,,"['Sagfører Lies', 'Herr Bjørnsons']",['Tromsø'],[],[]
209,0,foranlediget,,,,,"['Sagfører Lies', 'Herr Bjørnsons']",['Tromsø'],[],[]
210,0,till,,,,,"['Sagfører Lies', 'Herr Bjørnsons']",['Tromsø'],[],[]
211,0,et,,,,,"['Sagfører Lies', 'Herr Bjørnsons']",['Tromsø'],[],[]
212,0,saadant,,,,,"['Sagfører Lies', 'Herr Bjørnsons']",['Tromsø'],[],[]
213,0,"Skridt,",,,,,"['Sagfører Lies', 'Herr Bjørnsons']",['Tromsø'],[],[]
214,0,saa,,,,,"['Sagfører Lies', 'Herr Bjørnsons']",['Tromsø'],[],[]
215,0,maa,,,,,"['Sagfører Lies', 'Herr Bjørnsons']",['Tromsø'],[],[]
216,0,jeg,,,,,"['Sagfører Lies', 'Herr Bjørnsons']",['Tromsø'],[],[]
217,0,sige,,,,,"['Sagfører Lies', 'Herr Bjørnsons']",['Tromsø'],[],[]
218,0,Dem,,,,,"['Sagfører Lies', 'Herr Bjørnsons']",['Tromsø'],[],[]
219,0,at,,,,,"['Sagfører Lies', 'Herr Bjørnsons']",['Tromsø'],[],[]
220,0,min,,,,,"['Sagfører Lies', 'Herr Bjørnsons']",['Tromsø'],[],[]
221,0,Modbydelighed,,,,,"['Sagfører Lies', 'Herr Bjørnsons']",['Tromsø'],[],[]
222,0,for,,,,,"['Sagfører Lies', 'Herr Bjørnsons']",['Tromsø'],[],[]
223,0,slett,,,,,"['Sagfører Lies', 'Herr Bjørnsons']",['Tromsø'],[],[]
224,0,Selskab,,,,,"['Sagfører Lies', 'Herr Bjørnsons']",['Tromsø'],[],[]
225,0,vilde,,,,,"['Sagfører Lies', 'Herr Bjørnsons']",['Tromsø'],[],[]
226,0,nøde,,,,,"['Sagfører Lies', 'Herr Bjørnsons']",['Tromsø'],[],[]
227,0,mig,,,,,"['Sagfører Lies', 'Herr Bjørnsons']",['Tromsø'],[],[]
228,0,till,,,,,"['Sagfører Lies', 'Herr Bjørnsons']",['Tromsø'],[],[]
229,0,at,,,,,"['Sagfører Lies', 'Herr Bjørnsons']",['Tromsø'],[],[]
230,0,vælge,,,,,"['Sagfører Lies', 'Herr Bjørnsons']",['Tromsø'],[],[]
231,0,et,,,,,"['Sagfører Lies', 'Herr Bjørnsons']",['Tromsø'],[],[]
232,0,"Organ,",,,,,"['Sagfører Lies', 'Herr Bjørnsons']",['Tromsø'],[],[]
233,0,der,,,,,"['Sagfører Lies', 'Herr Bjørnsons']",['Tromsø'],[],[]
234,0,ikke,,,,,"['Sagfører Lies', 'Herr Bjørnsons']",['Tromsø'],[],[]
235,0,tæller,,,,,"['Sagfører Lies', 'Herr Bjørnsons']",['Tromsø'],[],[]
236,0,Sagfører,,,,,"['Sagfører Lies', 'Herr Bjørnsons']",['Tromsø'],[],[]
237,0,Lie,,,,,"['Sagfører Lies', 'Herr Bjørnsons']",['Tromsø'],[],[]
238,0,blandt,,,,,"['Sagfører Lies', 'Herr Bjørnsons']",['Tromsø'],[],[]
239,0,sine,,,,,"['Sagfører Lies', 'Herr Bjørnsons']",['Tromsø'],[],[]
240,0,Medarbejdere.,,,,,"['Sagfører Lies', 'Herr Bjørnsons']",['Tromsø'],[],[]
241,0,Bemeldte,,,,,"['Sagfører Lies', 'Herr Bjørnsons']",['Tromsø'],[],[]
242,0,Herres,,,,,"['Sagfører Lies', 'Herr Bjørnsons']",['Tromsø'],[],[]
243,0,Udnævnelse,,,,,"['Sagfører Lies', 'Herr Bjørnsons']",['Tromsø'],[],[]
244,0,till,,,,,"['Sagfører Lies', 'Herr Bjørnsons']",['Tromsø'],[],[]
245,0,Digter,,,,,"['Sagfører Lies', 'Herr Bjørnsons']",['Tromsø'],[],[]
246,0,paa,,,,,"['Sagfører Lies', 'Herr Bjørnsons']",['Tromsø'],[],[]
247,0,Tromsø,,,,,"['Sagfører Lies', 'Herr Bjørnsons']",['Tromsø'],[],[]
248,0,giver,,,,,"['Sagfører Lies', 'Herr Bjørnsons']",['Tromsø'],[],[]
249,0,ham,,,,,"['Sagfører Lies', 'Herr Bjørnsons']",['Tromsø'],[],[]
250,0,intet,,,,,"['Sagfører Lies', 'Herr Bjørnsons']",['Tromsø'],[],[]
251,0,forøget,,,,,"['Sagfører Lies', 'Herr Bjørnsons']",['Tromsø'],[],[]
252,0,Værd,,,,,"['Sagfører Lies', 'Herr Bjørnsons']",['Tromsø'],[],[]
253,0,i,,,,,"['Sagfører Lies', 'Herr Bjørnsons']",['Tromsø'],[],[]
254,0,mine,,,,,"['Sagfører Lies', 'Herr Bjørnsons']",['Tromsø'],[],[]
255,0,Øjne.,,,,,"['Sagfører Lies', 'Herr Bjørnsons']",['Tromsø'],[],[]
