,,0,human_annotation,who,dacy_medium,spacy_trf,person,place,org,work
0,0,Bliv,,,,,['Deres søn'],['Kristiania'],[],[]
1,0,ikke,,,,,['Deres søn'],['Kristiania'],[],[]
2,0,vred,,,,,['Deres søn'],['Kristiania'],[],[]
3,0,fordi,,,,,['Deres søn'],['Kristiania'],[],[]
4,0,jeg,,,,,['Deres søn'],['Kristiania'],[],[]
5,0,atter,,,,,['Deres søn'],['Kristiania'],[],[]
6,0,ulejliger,,,,,['Deres søn'],['Kristiania'],[],[]
7,0,Dem,,,,,['Deres søn'],['Kristiania'],[],[]
8,0,med,,,,,['Deres søn'],['Kristiania'],[],[]
9,0,et,,,,,['Deres søn'],['Kristiania'],[],[]
10,0,par,,,,,['Deres søn'],['Kristiania'],[],[]
11,0,ord!I,,,,,['Deres søn'],['Kristiania'],[],[]
12,0,mit,,,,,['Deres søn'],['Kristiania'],[],[]
13,0,brev,,,,,['Deres søn'],['Kristiania'],[],[]
14,0,af,,,,,['Deres søn'],['Kristiania'],[],[]
15,0,27de,,,,,['Deres søn'],['Kristiania'],[],[]
16,0,"December,",,,,,['Deres søn'],['Kristiania'],[],[]
17,0,hvilket,,,,,['Deres søn'],['Kristiania'],[],[]
18,0,De,,,,,['Deres søn'],['Kristiania'],[],[]
19,0,forhåbentlig,,,,,['Deres søn'],['Kristiania'],[],[]
20,0,har,,,,,['Deres søn'],['Kristiania'],[],[]
21,0,"modtaget,",,,,,['Deres søn'],['Kristiania'],[],[]
22,0,tillod,,,,,['Deres søn'],['Kristiania'],[],[]
23,0,jeg,,,,,['Deres søn'],['Kristiania'],[],[]
24,0,mig,,,,,['Deres søn'],['Kristiania'],[],[]
25,0,at,,,,,['Deres søn'],['Kristiania'],[],[]
26,0,anmode,,,,,['Deres søn'],['Kristiania'],[],[]
27,0,Dem,,,,,['Deres søn'],['Kristiania'],[],[]
28,0,om,,,,,['Deres søn'],['Kristiania'],[],[]
29,0,godhedsfuldt,,,,,['Deres søn'],['Kristiania'],[],[]
30,0,at,,,,,['Deres søn'],['Kristiania'],[],[]
31,0,sende,,,,,['Deres søn'],['Kristiania'],[],[]
32,0,mig,,,,,['Deres søn'],['Kristiania'],[],[]
33,0,36,,,,,['Deres søn'],['Kristiania'],[],[]
34,0,Thaler,,,,,['Deres søn'],['Kristiania'],[],[]
35,0,preussisk.,,,,,['Deres søn'],['Kristiania'],[],[]
36,0,Da,,,,,['Deres søn'],['Kristiania'],[],[]
37,0,jeg,,,,,['Deres søn'],['Kristiania'],[],[]
38,0,imidlertid,,,,,['Deres søn'],['Kristiania'],[],[]
39,0,i,,,,,['Deres søn'],['Kristiania'],[],[]
40,0,denne,,,,,['Deres søn'],['Kristiania'],[],[]
41,0,anledning,,,,,['Deres søn'],['Kristiania'],[],[]
42,0,endnu,,,,,['Deres søn'],['Kristiania'],[],[]
43,0,intet,,,,,['Deres søn'],['Kristiania'],[],[]
44,0,har,,,,,['Deres søn'],['Kristiania'],[],[]
45,0,hørt,,,,,['Deres søn'],['Kristiania'],[],[]
46,0,fra,,,,,['Deres søn'],['Kristiania'],[],[]
47,0,"Dem,",,,,,['Deres søn'],['Kristiania'],[],[]
48,0,begynder,,,,,['Deres søn'],['Kristiania'],[],[]
49,0,jeg,,,,,['Deres søn'],['Kristiania'],[],[]
50,0,at,,,,,['Deres søn'],['Kristiania'],[],[]
51,0,blive,,,,,['Deres søn'],['Kristiania'],[],[]
52,0,urolig,,,,,['Deres søn'],['Kristiania'],[],[]
53,0,og,,,,,['Deres søn'],['Kristiania'],[],[]
54,0,tænker,,,,,['Deres søn'],['Kristiania'],[],[]
55,0,mig,,,,,['Deres søn'],['Kristiania'],[],[]
56,0,muligheden,,,,,['Deres søn'],['Kristiania'],[],[]
57,0,af,,,,,['Deres søn'],['Kristiania'],[],[]
58,0,at,,,,,['Deres søn'],['Kristiania'],[],[]
59,0,pengene,,,,,['Deres søn'],['Kristiania'],[],[]
60,0,kunde,,,,,['Deres søn'],['Kristiania'],[],[]
61,0,være,,,,,['Deres søn'],['Kristiania'],[],[]
62,0,bortkomne,,,,,['Deres søn'],['Kristiania'],[],[]
63,0,undervejs.Fra,,,,,['Deres søn'],['Kristiania'],[],[]
64,0,Kristiania,,,,,['Deres søn'],['Kristiania'],[],[]
65,0,har,,,,,['Deres søn'],['Kristiania'],[],[]
66,0,"jeg,",,,,,['Deres søn'],['Kristiania'],[],[]
67,0,af,,,,,['Deres søn'],['Kristiania'],[],[]
68,0,mig,,,,,['Deres søn'],['Kristiania'],[],[]
69,0,uforklarlige,,,,,['Deres søn'],['Kristiania'],[],[]
70,0,"grunde,",,,,,['Deres søn'],['Kristiania'],[],[]
71,0,heller,,,,,['Deres søn'],['Kristiania'],[],[]
72,0,ingen,,,,,['Deres søn'],['Kristiania'],[],[]
73,0,remisse,,,,,['Deres søn'],['Kristiania'],[],[]
74,0,"modtaget,",,,,,['Deres søn'],['Kristiania'],[],[]
75,0,og,,,,,['Deres søn'],['Kristiania'],[],[]
76,0,befinder,,,,,['Deres søn'],['Kristiania'],[],[]
77,0,mig,,,,,['Deres søn'],['Kristiania'],[],[]
78,0,derfor,,,,,['Deres søn'],['Kristiania'],[],[]
79,0,i,,,,,['Deres søn'],['Kristiania'],[],[]
80,0,forlegenhed.,,,,,['Deres søn'],['Kristiania'],[],[]
81,0,Hvis,,,,,['Deres søn'],['Kristiania'],[],[]
82,0,De,,,,,['Deres søn'],['Kristiania'],[],[]
83,0,med,,,,,['Deres søn'],['Kristiania'],[],[]
84,0,omgående,,,,,['Deres søn'],['Kristiania'],[],[]
85,0,post,,,,,['Deres søn'],['Kristiania'],[],[]
86,0,vilde,,,,,['Deres søn'],['Kristiania'],[],[]
87,0,sende,,,,,['Deres søn'],['Kristiania'],[],[]
88,0,mig,,,,,['Deres søn'],['Kristiania'],[],[]
89,0,75,,,,,['Deres søn'],['Kristiania'],[],[]
90,0,"Thaler,",,,,,['Deres søn'],['Kristiania'],[],[]
91,0,beviste,,,,,['Deres søn'],['Kristiania'],[],[]
92,0,De,,,,,['Deres søn'],['Kristiania'],[],[]
93,0,mig,,,,,['Deres søn'],['Kristiania'],[],[]
94,0,en,,,,,['Deres søn'],['Kristiania'],[],[]
95,0,stor,,,,,['Deres søn'],['Kristiania'],[],[]
96,0,"tjeneste.Undskyld,",,,,,['Deres søn'],['Kristiania'],[],[]
97,0,at,,,,,['Deres søn'],['Kristiania'],[],[]
98,0,jeg,,,,,['Deres søn'],['Kristiania'],[],[]
99,0,i,,,,,['Deres søn'],['Kristiania'],[],[]
100,0,denne,,,,,['Deres søn'],['Kristiania'],[],[]
101,0,travle,,,,,['Deres søn'],['Kristiania'],[],[]
102,0,tid,,,,,['Deres søn'],['Kristiania'],[],[]
103,0,volder,,,,,['Deres søn'],['Kristiania'],[],[]
104,0,Dem,,,,,['Deres søn'],['Kristiania'],[],[]
105,0,ulejlighed!,,,,,['Deres søn'],['Kristiania'],[],[]
106,0,Modtag,,,,,['Deres søn'],['Kristiania'],[],[]
107,0,de,,,,,['Deres søn'],['Kristiania'],[],[]
108,0,hjerteligste,,,,,['Deres søn'],['Kristiania'],[],[]
109,0,ønsker,,,,,['Deres søn'],['Kristiania'],[],[]
110,0,for,,,,,['Deres søn'],['Kristiania'],[],[]
111,0,Dem,,,,,['Deres søn'],['Kristiania'],[],[]
112,0,og,,,,,['Deres søn'],['Kristiania'],[],[]
113,0,Deres,,,,,['Deres søn'],['Kristiania'],[],[]
114,0,søn,,,,,['Deres søn'],['Kristiania'],[],[]
115,0,i,,,,,['Deres søn'],['Kristiania'],[],[]
116,0,det,,,,,['Deres søn'],['Kristiania'],[],[]
117,0,nye,,,,,['Deres søn'],['Kristiania'],[],[]
118,0,år!,,,,,['Deres søn'],['Kristiania'],[],[]
