,,0,human_annotation,who,dacy_medium,spacy_trf,person,place,org,work
0,0,Af,,,,,['Hr: Sagfører Holtermann'],[],['det norske Theaters'],[]
1,0,det,,,,,['Hr: Sagfører Holtermann'],[],['det norske Theaters'],[]
2,0,norske,,,,,['Hr: Sagfører Holtermann'],[],['det norske Theaters'],[]
3,0,Theaters,,,,,['Hr: Sagfører Holtermann'],[],['det norske Theaters'],[]
4,0,Kasse,,,,,['Hr: Sagfører Holtermann'],[],['det norske Theaters'],[]
5,0,bedes,,,,,['Hr: Sagfører Holtermann'],[],['det norske Theaters'],[]
6,0,for,,,,,['Hr: Sagfører Holtermann'],[],['det norske Theaters'],[]
7,0,min,,,,,['Hr: Sagfører Holtermann'],[],['det norske Theaters'],[]
8,0,Regning,,,,,['Hr: Sagfører Holtermann'],[],['det norske Theaters'],[]
9,0,udbetalt,,,,,['Hr: Sagfører Holtermann'],[],['det norske Theaters'],[]
10,0,til,,,,,['Hr: Sagfører Holtermann'],[],['det norske Theaters'],[]
11,0,Hr:,,,,,['Hr: Sagfører Holtermann'],[],['det norske Theaters'],[]
12,0,Sagfører,,,,,['Hr: Sagfører Holtermann'],[],['det norske Theaters'],[]
13,0,Holtermann,,,,,['Hr: Sagfører Holtermann'],[],['det norske Theaters'],[]
14,0,7,,,,,['Hr: Sagfører Holtermann'],[],['det norske Theaters'],[]
15,0,Sp,,,,,['Hr: Sagfører Holtermann'],[],['det norske Theaters'],[]
16,0,3,,,,,['Hr: Sagfører Holtermann'],[],['det norske Theaters'],[]
17,0,"ʄ,",,,,,['Hr: Sagfører Holtermann'],[],['det norske Theaters'],[]
18,0,hvorfor,,,,,['Hr: Sagfører Holtermann'],[],['det norske Theaters'],[]
19,0,herved,,,,,['Hr: Sagfører Holtermann'],[],['det norske Theaters'],[]
20,0,kvitteres.,,,,,['Hr: Sagfører Holtermann'],[],['det norske Theaters'],[]
