,,0,human_annotation,who,dacy_medium,spacy_trf,person,place,org,work
0,0,Er,,,,,"['Cancelliraad Hegel', 'Evens', 'La Cour', 'Sonne']","['Rom', 'Sorent', 'Genazzano', 'Olevano', 'Subiaco', 'Cerrano', 'Tivoli']",['Foreningens Kasse'],"['min Bog', 'et nyt Skuespil']"
1,0,det,,,,,"['Cancelliraad Hegel', 'Evens', 'La Cour', 'Sonne']","['Rom', 'Sorent', 'Genazzano', 'Olevano', 'Subiaco', 'Cerrano', 'Tivoli']",['Foreningens Kasse'],"['min Bog', 'et nyt Skuespil']"
2,0,for,,,,,"['Cancelliraad Hegel', 'Evens', 'La Cour', 'Sonne']","['Rom', 'Sorent', 'Genazzano', 'Olevano', 'Subiaco', 'Cerrano', 'Tivoli']",['Foreningens Kasse'],"['min Bog', 'et nyt Skuespil']"
3,0,at,,,,,"['Cancelliraad Hegel', 'Evens', 'La Cour', 'Sonne']","['Rom', 'Sorent', 'Genazzano', 'Olevano', 'Subiaco', 'Cerrano', 'Tivoli']",['Foreningens Kasse'],"['min Bog', 'et nyt Skuespil']"
4,0,straffe,,,,,"['Cancelliraad Hegel', 'Evens', 'La Cour', 'Sonne']","['Rom', 'Sorent', 'Genazzano', 'Olevano', 'Subiaco', 'Cerrano', 'Tivoli']",['Foreningens Kasse'],"['min Bog', 'et nyt Skuespil']"
5,0,mig,,,,,"['Cancelliraad Hegel', 'Evens', 'La Cour', 'Sonne']","['Rom', 'Sorent', 'Genazzano', 'Olevano', 'Subiaco', 'Cerrano', 'Tivoli']",['Foreningens Kasse'],"['min Bog', 'et nyt Skuespil']"
6,0,for,,,,,"['Cancelliraad Hegel', 'Evens', 'La Cour', 'Sonne']","['Rom', 'Sorent', 'Genazzano', 'Olevano', 'Subiaco', 'Cerrano', 'Tivoli']",['Foreningens Kasse'],"['min Bog', 'et nyt Skuespil']"
7,0,min,,,,,"['Cancelliraad Hegel', 'Evens', 'La Cour', 'Sonne']","['Rom', 'Sorent', 'Genazzano', 'Olevano', 'Subiaco', 'Cerrano', 'Tivoli']",['Foreningens Kasse'],"['min Bog', 'et nyt Skuespil']"
8,0,tremaaneders,,,,,"['Cancelliraad Hegel', 'Evens', 'La Cour', 'Sonne']","['Rom', 'Sorent', 'Genazzano', 'Olevano', 'Subiaco', 'Cerrano', 'Tivoli']",['Foreningens Kasse'],"['min Bog', 'et nyt Skuespil']"
9,0,Taushed,,,,,"['Cancelliraad Hegel', 'Evens', 'La Cour', 'Sonne']","['Rom', 'Sorent', 'Genazzano', 'Olevano', 'Subiaco', 'Cerrano', 'Tivoli']",['Foreningens Kasse'],"['min Bog', 'et nyt Skuespil']"
10,0,"isommer,",,,,,"['Cancelliraad Hegel', 'Evens', 'La Cour', 'Sonne']","['Rom', 'Sorent', 'Genazzano', 'Olevano', 'Subiaco', 'Cerrano', 'Tivoli']",['Foreningens Kasse'],"['min Bog', 'et nyt Skuespil']"
11,0,eller,,,,,"['Cancelliraad Hegel', 'Evens', 'La Cour', 'Sonne']","['Rom', 'Sorent', 'Genazzano', 'Olevano', 'Subiaco', 'Cerrano', 'Tivoli']",['Foreningens Kasse'],"['min Bog', 'et nyt Skuespil']"
12,0,er,,,,,"['Cancelliraad Hegel', 'Evens', 'La Cour', 'Sonne']","['Rom', 'Sorent', 'Genazzano', 'Olevano', 'Subiaco', 'Cerrano', 'Tivoli']",['Foreningens Kasse'],"['min Bog', 'et nyt Skuespil']"
13,0,det,,,,,"['Cancelliraad Hegel', 'Evens', 'La Cour', 'Sonne']","['Rom', 'Sorent', 'Genazzano', 'Olevano', 'Subiaco', 'Cerrano', 'Tivoli']",['Foreningens Kasse'],"['min Bog', 'et nyt Skuespil']"
14,0,for,,,,,"['Cancelliraad Hegel', 'Evens', 'La Cour', 'Sonne']","['Rom', 'Sorent', 'Genazzano', 'Olevano', 'Subiaco', 'Cerrano', 'Tivoli']",['Foreningens Kasse'],"['min Bog', 'et nyt Skuespil']"
15,0,at,,,,,"['Cancelliraad Hegel', 'Evens', 'La Cour', 'Sonne']","['Rom', 'Sorent', 'Genazzano', 'Olevano', 'Subiaco', 'Cerrano', 'Tivoli']",['Foreningens Kasse'],"['min Bog', 'et nyt Skuespil']"
16,0,kunne,,,,,"['Cancelliraad Hegel', 'Evens', 'La Cour', 'Sonne']","['Rom', 'Sorent', 'Genazzano', 'Olevano', 'Subiaco', 'Cerrano', 'Tivoli']",['Foreningens Kasse'],"['min Bog', 'et nyt Skuespil']"
17,0,samtidigt,,,,,"['Cancelliraad Hegel', 'Evens', 'La Cour', 'Sonne']","['Rom', 'Sorent', 'Genazzano', 'Olevano', 'Subiaco', 'Cerrano', 'Tivoli']",['Foreningens Kasse'],"['min Bog', 'et nyt Skuespil']"
18,0,yttre,,,,,"['Cancelliraad Hegel', 'Evens', 'La Cour', 'Sonne']","['Rom', 'Sorent', 'Genazzano', 'Olevano', 'Subiaco', 'Cerrano', 'Tivoli']",['Foreningens Kasse'],"['min Bog', 'et nyt Skuespil']"
19,0,Dig,,,,,"['Cancelliraad Hegel', 'Evens', 'La Cour', 'Sonne']","['Rom', 'Sorent', 'Genazzano', 'Olevano', 'Subiaco', 'Cerrano', 'Tivoli']",['Foreningens Kasse'],"['min Bog', 'et nyt Skuespil']"
20,0,om,,,,,"['Cancelliraad Hegel', 'Evens', 'La Cour', 'Sonne']","['Rom', 'Sorent', 'Genazzano', 'Olevano', 'Subiaco', 'Cerrano', 'Tivoli']",['Foreningens Kasse'],"['min Bog', 'et nyt Skuespil']"
21,0,min,,,,,"['Cancelliraad Hegel', 'Evens', 'La Cour', 'Sonne']","['Rom', 'Sorent', 'Genazzano', 'Olevano', 'Subiaco', 'Cerrano', 'Tivoli']",['Foreningens Kasse'],"['min Bog', 'et nyt Skuespil']"
22,0,Bog,,,,,"['Cancelliraad Hegel', 'Evens', 'La Cour', 'Sonne']","['Rom', 'Sorent', 'Genazzano', 'Olevano', 'Subiaco', 'Cerrano', 'Tivoli']",['Foreningens Kasse'],"['min Bog', 'et nyt Skuespil']"
23,0,at,,,,,"['Cancelliraad Hegel', 'Evens', 'La Cour', 'Sonne']","['Rom', 'Sorent', 'Genazzano', 'Olevano', 'Subiaco', 'Cerrano', 'Tivoli']",['Foreningens Kasse'],"['min Bog', 'et nyt Skuespil']"
24,0,Du,,,,,"['Cancelliraad Hegel', 'Evens', 'La Cour', 'Sonne']","['Rom', 'Sorent', 'Genazzano', 'Olevano', 'Subiaco', 'Cerrano', 'Tivoli']",['Foreningens Kasse'],"['min Bog', 'et nyt Skuespil']"
25,0,endnu,,,,,"['Cancelliraad Hegel', 'Evens', 'La Cour', 'Sonne']","['Rom', 'Sorent', 'Genazzano', 'Olevano', 'Subiaco', 'Cerrano', 'Tivoli']",['Foreningens Kasse'],"['min Bog', 'et nyt Skuespil']"
26,0,ikke,,,,,"['Cancelliraad Hegel', 'Evens', 'La Cour', 'Sonne']","['Rom', 'Sorent', 'Genazzano', 'Olevano', 'Subiaco', 'Cerrano', 'Tivoli']",['Foreningens Kasse'],"['min Bog', 'et nyt Skuespil']"
27,0,har,,,,,"['Cancelliraad Hegel', 'Evens', 'La Cour', 'Sonne']","['Rom', 'Sorent', 'Genazzano', 'Olevano', 'Subiaco', 'Cerrano', 'Tivoli']",['Foreningens Kasse'],"['min Bog', 'et nyt Skuespil']"
28,0,besvaret,,,,,"['Cancelliraad Hegel', 'Evens', 'La Cour', 'Sonne']","['Rom', 'Sorent', 'Genazzano', 'Olevano', 'Subiaco', 'Cerrano', 'Tivoli']",['Foreningens Kasse'],"['min Bog', 'et nyt Skuespil']"
29,0,mit,,,,,"['Cancelliraad Hegel', 'Evens', 'La Cour', 'Sonne']","['Rom', 'Sorent', 'Genazzano', 'Olevano', 'Subiaco', 'Cerrano', 'Tivoli']",['Foreningens Kasse'],"['min Bog', 'et nyt Skuespil']"
30,0,Brev?,,,,,"['Cancelliraad Hegel', 'Evens', 'La Cour', 'Sonne']","['Rom', 'Sorent', 'Genazzano', 'Olevano', 'Subiaco', 'Cerrano', 'Tivoli']",['Foreningens Kasse'],"['min Bog', 'et nyt Skuespil']"
31,0,Eller,,,,,"['Cancelliraad Hegel', 'Evens', 'La Cour', 'Sonne']","['Rom', 'Sorent', 'Genazzano', 'Olevano', 'Subiaco', 'Cerrano', 'Tivoli']",['Foreningens Kasse'],"['min Bog', 'et nyt Skuespil']"
32,0,har,,,,,"['Cancelliraad Hegel', 'Evens', 'La Cour', 'Sonne']","['Rom', 'Sorent', 'Genazzano', 'Olevano', 'Subiaco', 'Cerrano', 'Tivoli']",['Foreningens Kasse'],"['min Bog', 'et nyt Skuespil']"
33,0,Du,,,,,"['Cancelliraad Hegel', 'Evens', 'La Cour', 'Sonne']","['Rom', 'Sorent', 'Genazzano', 'Olevano', 'Subiaco', 'Cerrano', 'Tivoli']",['Foreningens Kasse'],"['min Bog', 'et nyt Skuespil']"
34,0,ikke,,,,,"['Cancelliraad Hegel', 'Evens', 'La Cour', 'Sonne']","['Rom', 'Sorent', 'Genazzano', 'Olevano', 'Subiaco', 'Cerrano', 'Tivoli']",['Foreningens Kasse'],"['min Bog', 'et nyt Skuespil']"
35,0,modtaget,,,,,"['Cancelliraad Hegel', 'Evens', 'La Cour', 'Sonne']","['Rom', 'Sorent', 'Genazzano', 'Olevano', 'Subiaco', 'Cerrano', 'Tivoli']",['Foreningens Kasse'],"['min Bog', 'et nyt Skuespil']"
36,0,det?,,,,,"['Cancelliraad Hegel', 'Evens', 'La Cour', 'Sonne']","['Rom', 'Sorent', 'Genazzano', 'Olevano', 'Subiaco', 'Cerrano', 'Tivoli']",['Foreningens Kasse'],"['min Bog', 'et nyt Skuespil']"
37,0,Jeg,,,,,"['Cancelliraad Hegel', 'Evens', 'La Cour', 'Sonne']","['Rom', 'Sorent', 'Genazzano', 'Olevano', 'Subiaco', 'Cerrano', 'Tivoli']",['Foreningens Kasse'],"['min Bog', 'et nyt Skuespil']"
38,0,afsendte,,,,,"['Cancelliraad Hegel', 'Evens', 'La Cour', 'Sonne']","['Rom', 'Sorent', 'Genazzano', 'Olevano', 'Subiaco', 'Cerrano', 'Tivoli']",['Foreningens Kasse'],"['min Bog', 'et nyt Skuespil']"
39,0,det,,,,,"['Cancelliraad Hegel', 'Evens', 'La Cour', 'Sonne']","['Rom', 'Sorent', 'Genazzano', 'Olevano', 'Subiaco', 'Cerrano', 'Tivoli']",['Foreningens Kasse'],"['min Bog', 'et nyt Skuespil']"
40,0,herfra,,,,,"['Cancelliraad Hegel', 'Evens', 'La Cour', 'Sonne']","['Rom', 'Sorent', 'Genazzano', 'Olevano', 'Subiaco', 'Cerrano', 'Tivoli']",['Foreningens Kasse'],"['min Bog', 'et nyt Skuespil']"
41,0,den,,,,,"['Cancelliraad Hegel', 'Evens', 'La Cour', 'Sonne']","['Rom', 'Sorent', 'Genazzano', 'Olevano', 'Subiaco', 'Cerrano', 'Tivoli']",['Foreningens Kasse'],"['min Bog', 'et nyt Skuespil']"
42,0,26de,,,,,"['Cancelliraad Hegel', 'Evens', 'La Cour', 'Sonne']","['Rom', 'Sorent', 'Genazzano', 'Olevano', 'Subiaco', 'Cerrano', 'Tivoli']",['Foreningens Kasse'],"['min Bog', 'et nyt Skuespil']"
43,0,"October,",,,,,"['Cancelliraad Hegel', 'Evens', 'La Cour', 'Sonne']","['Rom', 'Sorent', 'Genazzano', 'Olevano', 'Subiaco', 'Cerrano', 'Tivoli']",['Foreningens Kasse'],"['min Bog', 'et nyt Skuespil']"
44,0,indlagt,,,,,"['Cancelliraad Hegel', 'Evens', 'La Cour', 'Sonne']","['Rom', 'Sorent', 'Genazzano', 'Olevano', 'Subiaco', 'Cerrano', 'Tivoli']",['Foreningens Kasse'],"['min Bog', 'et nyt Skuespil']"
45,0,i,,,,,"['Cancelliraad Hegel', 'Evens', 'La Cour', 'Sonne']","['Rom', 'Sorent', 'Genazzano', 'Olevano', 'Subiaco', 'Cerrano', 'Tivoli']",['Foreningens Kasse'],"['min Bog', 'et nyt Skuespil']"
46,0,en,,,,,"['Cancelliraad Hegel', 'Evens', 'La Cour', 'Sonne']","['Rom', 'Sorent', 'Genazzano', 'Olevano', 'Subiaco', 'Cerrano', 'Tivoli']",['Foreningens Kasse'],"['min Bog', 'et nyt Skuespil']"
47,0,Skrivelse,,,,,"['Cancelliraad Hegel', 'Evens', 'La Cour', 'Sonne']","['Rom', 'Sorent', 'Genazzano', 'Olevano', 'Subiaco', 'Cerrano', 'Tivoli']",['Foreningens Kasse'],"['min Bog', 'et nyt Skuespil']"
48,0,till,,,,,"['Cancelliraad Hegel', 'Evens', 'La Cour', 'Sonne']","['Rom', 'Sorent', 'Genazzano', 'Olevano', 'Subiaco', 'Cerrano', 'Tivoli']",['Foreningens Kasse'],"['min Bog', 'et nyt Skuespil']"
49,0,Cancelliraad,,,,,"['Cancelliraad Hegel', 'Evens', 'La Cour', 'Sonne']","['Rom', 'Sorent', 'Genazzano', 'Olevano', 'Subiaco', 'Cerrano', 'Tivoli']",['Foreningens Kasse'],"['min Bog', 'et nyt Skuespil']"
50,0,"Hegel,",,,,,"['Cancelliraad Hegel', 'Evens', 'La Cour', 'Sonne']","['Rom', 'Sorent', 'Genazzano', 'Olevano', 'Subiaco', 'Cerrano', 'Tivoli']",['Foreningens Kasse'],"['min Bog', 'et nyt Skuespil']"
51,0,idet,,,,,"['Cancelliraad Hegel', 'Evens', 'La Cour', 'Sonne']","['Rom', 'Sorent', 'Genazzano', 'Olevano', 'Subiaco', 'Cerrano', 'Tivoli']",['Foreningens Kasse'],"['min Bog', 'et nyt Skuespil']"
52,0,jeg,,,,,"['Cancelliraad Hegel', 'Evens', 'La Cour', 'Sonne']","['Rom', 'Sorent', 'Genazzano', 'Olevano', 'Subiaco', 'Cerrano', 'Tivoli']",['Foreningens Kasse'],"['min Bog', 'et nyt Skuespil']"
53,0,udtrykkelig,,,,,"['Cancelliraad Hegel', 'Evens', 'La Cour', 'Sonne']","['Rom', 'Sorent', 'Genazzano', 'Olevano', 'Subiaco', 'Cerrano', 'Tivoli']",['Foreningens Kasse'],"['min Bog', 'et nyt Skuespil']"
54,0,bad,,,,,"['Cancelliraad Hegel', 'Evens', 'La Cour', 'Sonne']","['Rom', 'Sorent', 'Genazzano', 'Olevano', 'Subiaco', 'Cerrano', 'Tivoli']",['Foreningens Kasse'],"['min Bog', 'et nyt Skuespil']"
55,0,ham,,,,,"['Cancelliraad Hegel', 'Evens', 'La Cour', 'Sonne']","['Rom', 'Sorent', 'Genazzano', 'Olevano', 'Subiaco', 'Cerrano', 'Tivoli']",['Foreningens Kasse'],"['min Bog', 'et nyt Skuespil']"
56,0,sørge,,,,,"['Cancelliraad Hegel', 'Evens', 'La Cour', 'Sonne']","['Rom', 'Sorent', 'Genazzano', 'Olevano', 'Subiaco', 'Cerrano', 'Tivoli']",['Foreningens Kasse'],"['min Bog', 'et nyt Skuespil']"
57,0,for,,,,,"['Cancelliraad Hegel', 'Evens', 'La Cour', 'Sonne']","['Rom', 'Sorent', 'Genazzano', 'Olevano', 'Subiaco', 'Cerrano', 'Tivoli']",['Foreningens Kasse'],"['min Bog', 'et nyt Skuespil']"
58,0,at,,,,,"['Cancelliraad Hegel', 'Evens', 'La Cour', 'Sonne']","['Rom', 'Sorent', 'Genazzano', 'Olevano', 'Subiaco', 'Cerrano', 'Tivoli']",['Foreningens Kasse'],"['min Bog', 'et nyt Skuespil']"
59,0,det,,,,,"['Cancelliraad Hegel', 'Evens', 'La Cour', 'Sonne']","['Rom', 'Sorent', 'Genazzano', 'Olevano', 'Subiaco', 'Cerrano', 'Tivoli']",['Foreningens Kasse'],"['min Bog', 'et nyt Skuespil']"
60,0,kom,,,,,"['Cancelliraad Hegel', 'Evens', 'La Cour', 'Sonne']","['Rom', 'Sorent', 'Genazzano', 'Olevano', 'Subiaco', 'Cerrano', 'Tivoli']",['Foreningens Kasse'],"['min Bog', 'et nyt Skuespil']"
61,0,Dig,,,,,"['Cancelliraad Hegel', 'Evens', 'La Cour', 'Sonne']","['Rom', 'Sorent', 'Genazzano', 'Olevano', 'Subiaco', 'Cerrano', 'Tivoli']",['Foreningens Kasse'],"['min Bog', 'et nyt Skuespil']"
62,0,ihænde;,,,,,"['Cancelliraad Hegel', 'Evens', 'La Cour', 'Sonne']","['Rom', 'Sorent', 'Genazzano', 'Olevano', 'Subiaco', 'Cerrano', 'Tivoli']",['Foreningens Kasse'],"['min Bog', 'et nyt Skuespil']"
63,0,har,,,,,"['Cancelliraad Hegel', 'Evens', 'La Cour', 'Sonne']","['Rom', 'Sorent', 'Genazzano', 'Olevano', 'Subiaco', 'Cerrano', 'Tivoli']",['Foreningens Kasse'],"['min Bog', 'et nyt Skuespil']"
64,0,Du,,,,,"['Cancelliraad Hegel', 'Evens', 'La Cour', 'Sonne']","['Rom', 'Sorent', 'Genazzano', 'Olevano', 'Subiaco', 'Cerrano', 'Tivoli']",['Foreningens Kasse'],"['min Bog', 'et nyt Skuespil']"
65,0,ikke,,,,,"['Cancelliraad Hegel', 'Evens', 'La Cour', 'Sonne']","['Rom', 'Sorent', 'Genazzano', 'Olevano', 'Subiaco', 'Cerrano', 'Tivoli']",['Foreningens Kasse'],"['min Bog', 'et nyt Skuespil']"
66,0,faaet,,,,,"['Cancelliraad Hegel', 'Evens', 'La Cour', 'Sonne']","['Rom', 'Sorent', 'Genazzano', 'Olevano', 'Subiaco', 'Cerrano', 'Tivoli']",['Foreningens Kasse'],"['min Bog', 'et nyt Skuespil']"
67,0,"det,",,,,,"['Cancelliraad Hegel', 'Evens', 'La Cour', 'Sonne']","['Rom', 'Sorent', 'Genazzano', 'Olevano', 'Subiaco', 'Cerrano', 'Tivoli']",['Foreningens Kasse'],"['min Bog', 'et nyt Skuespil']"
68,0,saa,,,,,"['Cancelliraad Hegel', 'Evens', 'La Cour', 'Sonne']","['Rom', 'Sorent', 'Genazzano', 'Olevano', 'Subiaco', 'Cerrano', 'Tivoli']",['Foreningens Kasse'],"['min Bog', 'et nyt Skuespil']"
69,0,forhør,,,,,"['Cancelliraad Hegel', 'Evens', 'La Cour', 'Sonne']","['Rom', 'Sorent', 'Genazzano', 'Olevano', 'Subiaco', 'Cerrano', 'Tivoli']",['Foreningens Kasse'],"['min Bog', 'et nyt Skuespil']"
70,0,Dig,,,,,"['Cancelliraad Hegel', 'Evens', 'La Cour', 'Sonne']","['Rom', 'Sorent', 'Genazzano', 'Olevano', 'Subiaco', 'Cerrano', 'Tivoli']",['Foreningens Kasse'],"['min Bog', 'et nyt Skuespil']"
71,0,hos,,,,,"['Cancelliraad Hegel', 'Evens', 'La Cour', 'Sonne']","['Rom', 'Sorent', 'Genazzano', 'Olevano', 'Subiaco', 'Cerrano', 'Tivoli']",['Foreningens Kasse'],"['min Bog', 'et nyt Skuespil']"
72,0,ham,,,,,"['Cancelliraad Hegel', 'Evens', 'La Cour', 'Sonne']","['Rom', 'Sorent', 'Genazzano', 'Olevano', 'Subiaco', 'Cerrano', 'Tivoli']",['Foreningens Kasse'],"['min Bog', 'et nyt Skuespil']"
73,0,"derom,",,,,,"['Cancelliraad Hegel', 'Evens', 'La Cour', 'Sonne']","['Rom', 'Sorent', 'Genazzano', 'Olevano', 'Subiaco', 'Cerrano', 'Tivoli']",['Foreningens Kasse'],"['min Bog', 'et nyt Skuespil']"
74,0,saafremt,,,,,"['Cancelliraad Hegel', 'Evens', 'La Cour', 'Sonne']","['Rom', 'Sorent', 'Genazzano', 'Olevano', 'Subiaco', 'Cerrano', 'Tivoli']",['Foreningens Kasse'],"['min Bog', 'et nyt Skuespil']"
75,0,Du,,,,,"['Cancelliraad Hegel', 'Evens', 'La Cour', 'Sonne']","['Rom', 'Sorent', 'Genazzano', 'Olevano', 'Subiaco', 'Cerrano', 'Tivoli']",['Foreningens Kasse'],"['min Bog', 'et nyt Skuespil']"
76,0,finder,,,,,"['Cancelliraad Hegel', 'Evens', 'La Cour', 'Sonne']","['Rom', 'Sorent', 'Genazzano', 'Olevano', 'Subiaco', 'Cerrano', 'Tivoli']",['Foreningens Kasse'],"['min Bog', 'et nyt Skuespil']"
77,0,det,,,,,"['Cancelliraad Hegel', 'Evens', 'La Cour', 'Sonne']","['Rom', 'Sorent', 'Genazzano', 'Olevano', 'Subiaco', 'Cerrano', 'Tivoli']",['Foreningens Kasse'],"['min Bog', 'et nyt Skuespil']"
78,0,Umagen,,,,,"['Cancelliraad Hegel', 'Evens', 'La Cour', 'Sonne']","['Rom', 'Sorent', 'Genazzano', 'Olevano', 'Subiaco', 'Cerrano', 'Tivoli']",['Foreningens Kasse'],"['min Bog', 'et nyt Skuespil']"
79,0,værd.,,,,,"['Cancelliraad Hegel', 'Evens', 'La Cour', 'Sonne']","['Rom', 'Sorent', 'Genazzano', 'Olevano', 'Subiaco', 'Cerrano', 'Tivoli']",['Foreningens Kasse'],"['min Bog', 'et nyt Skuespil']"
80,0,Samtidigt,,,,,"['Cancelliraad Hegel', 'Evens', 'La Cour', 'Sonne']","['Rom', 'Sorent', 'Genazzano', 'Olevano', 'Subiaco', 'Cerrano', 'Tivoli']",['Foreningens Kasse'],"['min Bog', 'et nyt Skuespil']"
81,0,forlangte,,,,,"['Cancelliraad Hegel', 'Evens', 'La Cour', 'Sonne']","['Rom', 'Sorent', 'Genazzano', 'Olevano', 'Subiaco', 'Cerrano', 'Tivoli']",['Foreningens Kasse'],"['min Bog', 'et nyt Skuespil']"
82,0,jeg,,,,,"['Cancelliraad Hegel', 'Evens', 'La Cour', 'Sonne']","['Rom', 'Sorent', 'Genazzano', 'Olevano', 'Subiaco', 'Cerrano', 'Tivoli']",['Foreningens Kasse'],"['min Bog', 'et nyt Skuespil']"
83,0,at,,,,,"['Cancelliraad Hegel', 'Evens', 'La Cour', 'Sonne']","['Rom', 'Sorent', 'Genazzano', 'Olevano', 'Subiaco', 'Cerrano', 'Tivoli']",['Foreningens Kasse'],"['min Bog', 'et nyt Skuespil']"
84,0,et,,,,,"['Cancelliraad Hegel', 'Evens', 'La Cour', 'Sonne']","['Rom', 'Sorent', 'Genazzano', 'Olevano', 'Subiaco', 'Cerrano', 'Tivoli']",['Foreningens Kasse'],"['min Bog', 'et nyt Skuespil']"
85,0,Expl:,,,,,"['Cancelliraad Hegel', 'Evens', 'La Cour', 'Sonne']","['Rom', 'Sorent', 'Genazzano', 'Olevano', 'Subiaco', 'Cerrano', 'Tivoli']",['Foreningens Kasse'],"['min Bog', 'et nyt Skuespil']"
86,0,af,,,,,"['Cancelliraad Hegel', 'Evens', 'La Cour', 'Sonne']","['Rom', 'Sorent', 'Genazzano', 'Olevano', 'Subiaco', 'Cerrano', 'Tivoli']",['Foreningens Kasse'],"['min Bog', 'et nyt Skuespil']"
87,0,min,,,,,"['Cancelliraad Hegel', 'Evens', 'La Cour', 'Sonne']","['Rom', 'Sorent', 'Genazzano', 'Olevano', 'Subiaco', 'Cerrano', 'Tivoli']",['Foreningens Kasse'],"['min Bog', 'et nyt Skuespil']"
88,0,Bog,,,,,"['Cancelliraad Hegel', 'Evens', 'La Cour', 'Sonne']","['Rom', 'Sorent', 'Genazzano', 'Olevano', 'Subiaco', 'Cerrano', 'Tivoli']",['Foreningens Kasse'],"['min Bog', 'et nyt Skuespil']"
89,0,skulde,,,,,"['Cancelliraad Hegel', 'Evens', 'La Cour', 'Sonne']","['Rom', 'Sorent', 'Genazzano', 'Olevano', 'Subiaco', 'Cerrano', 'Tivoli']",['Foreningens Kasse'],"['min Bog', 'et nyt Skuespil']"
90,0,sendes,,,,,"['Cancelliraad Hegel', 'Evens', 'La Cour', 'Sonne']","['Rom', 'Sorent', 'Genazzano', 'Olevano', 'Subiaco', 'Cerrano', 'Tivoli']",['Foreningens Kasse'],"['min Bog', 'et nyt Skuespil']"
91,0,Dig,,,,,"['Cancelliraad Hegel', 'Evens', 'La Cour', 'Sonne']","['Rom', 'Sorent', 'Genazzano', 'Olevano', 'Subiaco', 'Cerrano', 'Tivoli']",['Foreningens Kasse'],"['min Bog', 'et nyt Skuespil']"
92,0,naar,,,,,"['Cancelliraad Hegel', 'Evens', 'La Cour', 'Sonne']","['Rom', 'Sorent', 'Genazzano', 'Olevano', 'Subiaco', 'Cerrano', 'Tivoli']",['Foreningens Kasse'],"['min Bog', 'et nyt Skuespil']"
93,0,den,,,,,"['Cancelliraad Hegel', 'Evens', 'La Cour', 'Sonne']","['Rom', 'Sorent', 'Genazzano', 'Olevano', 'Subiaco', 'Cerrano', 'Tivoli']",['Foreningens Kasse'],"['min Bog', 'et nyt Skuespil']"
94,0,udkommer.,,,,,"['Cancelliraad Hegel', 'Evens', 'La Cour', 'Sonne']","['Rom', 'Sorent', 'Genazzano', 'Olevano', 'Subiaco', 'Cerrano', 'Tivoli']",['Foreningens Kasse'],"['min Bog', 'et nyt Skuespil']"
95,0,Dette,,,,,"['Cancelliraad Hegel', 'Evens', 'La Cour', 'Sonne']","['Rom', 'Sorent', 'Genazzano', 'Olevano', 'Subiaco', 'Cerrano', 'Tivoli']",['Foreningens Kasse'],"['min Bog', 'et nyt Skuespil']"
96,0,er,,,,,"['Cancelliraad Hegel', 'Evens', 'La Cour', 'Sonne']","['Rom', 'Sorent', 'Genazzano', 'Olevano', 'Subiaco', 'Cerrano', 'Tivoli']",['Foreningens Kasse'],"['min Bog', 'et nyt Skuespil']"
97,0,nu,,,,,"['Cancelliraad Hegel', 'Evens', 'La Cour', 'Sonne']","['Rom', 'Sorent', 'Genazzano', 'Olevano', 'Subiaco', 'Cerrano', 'Tivoli']",['Foreningens Kasse'],"['min Bog', 'et nyt Skuespil']"
98,0,enten,,,,,"['Cancelliraad Hegel', 'Evens', 'La Cour', 'Sonne']","['Rom', 'Sorent', 'Genazzano', 'Olevano', 'Subiaco', 'Cerrano', 'Tivoli']",['Foreningens Kasse'],"['min Bog', 'et nyt Skuespil']"
99,0,skeet,,,,,"['Cancelliraad Hegel', 'Evens', 'La Cour', 'Sonne']","['Rom', 'Sorent', 'Genazzano', 'Olevano', 'Subiaco', 'Cerrano', 'Tivoli']",['Foreningens Kasse'],"['min Bog', 'et nyt Skuespil']"
100,0,eller,,,,,"['Cancelliraad Hegel', 'Evens', 'La Cour', 'Sonne']","['Rom', 'Sorent', 'Genazzano', 'Olevano', 'Subiaco', 'Cerrano', 'Tivoli']",['Foreningens Kasse'],"['min Bog', 'et nyt Skuespil']"
101,0,ogsaa,,,,,"['Cancelliraad Hegel', 'Evens', 'La Cour', 'Sonne']","['Rom', 'Sorent', 'Genazzano', 'Olevano', 'Subiaco', 'Cerrano', 'Tivoli']",['Foreningens Kasse'],"['min Bog', 'et nyt Skuespil']"
102,0,medfølger,,,,,"['Cancelliraad Hegel', 'Evens', 'La Cour', 'Sonne']","['Rom', 'Sorent', 'Genazzano', 'Olevano', 'Subiaco', 'Cerrano', 'Tivoli']",['Foreningens Kasse'],"['min Bog', 'et nyt Skuespil']"
103,0,den,,,,,"['Cancelliraad Hegel', 'Evens', 'La Cour', 'Sonne']","['Rom', 'Sorent', 'Genazzano', 'Olevano', 'Subiaco', 'Cerrano', 'Tivoli']",['Foreningens Kasse'],"['min Bog', 'et nyt Skuespil']"
104,0,denne,,,,,"['Cancelliraad Hegel', 'Evens', 'La Cour', 'Sonne']","['Rom', 'Sorent', 'Genazzano', 'Olevano', 'Subiaco', 'Cerrano', 'Tivoli']",['Foreningens Kasse'],"['min Bog', 'et nyt Skuespil']"
105,0,Billet.,,,,,"['Cancelliraad Hegel', 'Evens', 'La Cour', 'Sonne']","['Rom', 'Sorent', 'Genazzano', 'Olevano', 'Subiaco', 'Cerrano', 'Tivoli']",['Foreningens Kasse'],"['min Bog', 'et nyt Skuespil']"
106,0,Jeg,,,,,"['Cancelliraad Hegel', 'Evens', 'La Cour', 'Sonne']","['Rom', 'Sorent', 'Genazzano', 'Olevano', 'Subiaco', 'Cerrano', 'Tivoli']",['Foreningens Kasse'],"['min Bog', 'et nyt Skuespil']"
107,0,beder,,,,,"['Cancelliraad Hegel', 'Evens', 'La Cour', 'Sonne']","['Rom', 'Sorent', 'Genazzano', 'Olevano', 'Subiaco', 'Cerrano', 'Tivoli']",['Foreningens Kasse'],"['min Bog', 'et nyt Skuespil']"
108,0,Dig,,,,,"['Cancelliraad Hegel', 'Evens', 'La Cour', 'Sonne']","['Rom', 'Sorent', 'Genazzano', 'Olevano', 'Subiaco', 'Cerrano', 'Tivoli']",['Foreningens Kasse'],"['min Bog', 'et nyt Skuespil']"
109,0,om,,,,,"['Cancelliraad Hegel', 'Evens', 'La Cour', 'Sonne']","['Rom', 'Sorent', 'Genazzano', 'Olevano', 'Subiaco', 'Cerrano', 'Tivoli']",['Foreningens Kasse'],"['min Bog', 'et nyt Skuespil']"
110,0,at,,,,,"['Cancelliraad Hegel', 'Evens', 'La Cour', 'Sonne']","['Rom', 'Sorent', 'Genazzano', 'Olevano', 'Subiaco', 'Cerrano', 'Tivoli']",['Foreningens Kasse'],"['min Bog', 'et nyt Skuespil']"
111,0,læse,,,,,"['Cancelliraad Hegel', 'Evens', 'La Cour', 'Sonne']","['Rom', 'Sorent', 'Genazzano', 'Olevano', 'Subiaco', 'Cerrano', 'Tivoli']",['Foreningens Kasse'],"['min Bog', 'et nyt Skuespil']"
112,0,Bogen,,,,,"['Cancelliraad Hegel', 'Evens', 'La Cour', 'Sonne']","['Rom', 'Sorent', 'Genazzano', 'Olevano', 'Subiaco', 'Cerrano', 'Tivoli']",['Foreningens Kasse'],"['min Bog', 'et nyt Skuespil']"
113,0,uden,,,,,"['Cancelliraad Hegel', 'Evens', 'La Cour', 'Sonne']","['Rom', 'Sorent', 'Genazzano', 'Olevano', 'Subiaco', 'Cerrano', 'Tivoli']",['Foreningens Kasse'],"['min Bog', 'et nyt Skuespil']"
114,0,Paavirkning,,,,,"['Cancelliraad Hegel', 'Evens', 'La Cour', 'Sonne']","['Rom', 'Sorent', 'Genazzano', 'Olevano', 'Subiaco', 'Cerrano', 'Tivoli']",['Foreningens Kasse'],"['min Bog', 'et nyt Skuespil']"
115,0,af,,,,,"['Cancelliraad Hegel', 'Evens', 'La Cour', 'Sonne']","['Rom', 'Sorent', 'Genazzano', 'Olevano', 'Subiaco', 'Cerrano', 'Tivoli']",['Foreningens Kasse'],"['min Bog', 'et nyt Skuespil']"
116,0,Erindringen,,,,,"['Cancelliraad Hegel', 'Evens', 'La Cour', 'Sonne']","['Rom', 'Sorent', 'Genazzano', 'Olevano', 'Subiaco', 'Cerrano', 'Tivoli']",['Foreningens Kasse'],"['min Bog', 'et nyt Skuespil']"
117,0,om,,,,,"['Cancelliraad Hegel', 'Evens', 'La Cour', 'Sonne']","['Rom', 'Sorent', 'Genazzano', 'Olevano', 'Subiaco', 'Cerrano', 'Tivoli']",['Foreningens Kasse'],"['min Bog', 'et nyt Skuespil']"
118,0,vore,,,,,"['Cancelliraad Hegel', 'Evens', 'La Cour', 'Sonne']","['Rom', 'Sorent', 'Genazzano', 'Olevano', 'Subiaco', 'Cerrano', 'Tivoli']",['Foreningens Kasse'],"['min Bog', 'et nyt Skuespil']"
119,0,mange,,,,,"['Cancelliraad Hegel', 'Evens', 'La Cour', 'Sonne']","['Rom', 'Sorent', 'Genazzano', 'Olevano', 'Subiaco', 'Cerrano', 'Tivoli']",['Foreningens Kasse'],"['min Bog', 'et nyt Skuespil']"
120,0,Samtaler;,,,,,"['Cancelliraad Hegel', 'Evens', 'La Cour', 'Sonne']","['Rom', 'Sorent', 'Genazzano', 'Olevano', 'Subiaco', 'Cerrano', 'Tivoli']",['Foreningens Kasse'],"['min Bog', 'et nyt Skuespil']"
121,0,meget,,,,,"['Cancelliraad Hegel', 'Evens', 'La Cour', 'Sonne']","['Rom', 'Sorent', 'Genazzano', 'Olevano', 'Subiaco', 'Cerrano', 'Tivoli']",['Foreningens Kasse'],"['min Bog', 'et nyt Skuespil']"
122,0,ændrer,,,,,"['Cancelliraad Hegel', 'Evens', 'La Cour', 'Sonne']","['Rom', 'Sorent', 'Genazzano', 'Olevano', 'Subiaco', 'Cerrano', 'Tivoli']",['Foreningens Kasse'],"['min Bog', 'et nyt Skuespil']"
123,0,sig,,,,,"['Cancelliraad Hegel', 'Evens', 'La Cour', 'Sonne']","['Rom', 'Sorent', 'Genazzano', 'Olevano', 'Subiaco', 'Cerrano', 'Tivoli']",['Foreningens Kasse'],"['min Bog', 'et nyt Skuespil']"
124,0,og,,,,,"['Cancelliraad Hegel', 'Evens', 'La Cour', 'Sonne']","['Rom', 'Sorent', 'Genazzano', 'Olevano', 'Subiaco', 'Cerrano', 'Tivoli']",['Foreningens Kasse'],"['min Bog', 'et nyt Skuespil']"
125,0,meget,,,,,"['Cancelliraad Hegel', 'Evens', 'La Cour', 'Sonne']","['Rom', 'Sorent', 'Genazzano', 'Olevano', 'Subiaco', 'Cerrano', 'Tivoli']",['Foreningens Kasse'],"['min Bog', 'et nyt Skuespil']"
126,0,siges,,,,,"['Cancelliraad Hegel', 'Evens', 'La Cour', 'Sonne']","['Rom', 'Sorent', 'Genazzano', 'Olevano', 'Subiaco', 'Cerrano', 'Tivoli']",['Foreningens Kasse'],"['min Bog', 'et nyt Skuespil']"
127,0,som,,,,,"['Cancelliraad Hegel', 'Evens', 'La Cour', 'Sonne']","['Rom', 'Sorent', 'Genazzano', 'Olevano', 'Subiaco', 'Cerrano', 'Tivoli']",['Foreningens Kasse'],"['min Bog', 'et nyt Skuespil']"
128,0,ikke,,,,,"['Cancelliraad Hegel', 'Evens', 'La Cour', 'Sonne']","['Rom', 'Sorent', 'Genazzano', 'Olevano', 'Subiaco', 'Cerrano', 'Tivoli']",['Foreningens Kasse'],"['min Bog', 'et nyt Skuespil']"
129,0,skrives.,,,,,"['Cancelliraad Hegel', 'Evens', 'La Cour', 'Sonne']","['Rom', 'Sorent', 'Genazzano', 'Olevano', 'Subiaco', 'Cerrano', 'Tivoli']",['Foreningens Kasse'],"['min Bog', 'et nyt Skuespil']"
130,0,Om,,,,,"['Cancelliraad Hegel', 'Evens', 'La Cour', 'Sonne']","['Rom', 'Sorent', 'Genazzano', 'Olevano', 'Subiaco', 'Cerrano', 'Tivoli']",['Foreningens Kasse'],"['min Bog', 'et nyt Skuespil']"
131,0,min,,,,,"['Cancelliraad Hegel', 'Evens', 'La Cour', 'Sonne']","['Rom', 'Sorent', 'Genazzano', 'Olevano', 'Subiaco', 'Cerrano', 'Tivoli']",['Foreningens Kasse'],"['min Bog', 'et nyt Skuespil']"
132,0,Gjæld,,,,,"['Cancelliraad Hegel', 'Evens', 'La Cour', 'Sonne']","['Rom', 'Sorent', 'Genazzano', 'Olevano', 'Subiaco', 'Cerrano', 'Tivoli']",['Foreningens Kasse'],"['min Bog', 'et nyt Skuespil']"
133,0,till,,,,,"['Cancelliraad Hegel', 'Evens', 'La Cour', 'Sonne']","['Rom', 'Sorent', 'Genazzano', 'Olevano', 'Subiaco', 'Cerrano', 'Tivoli']",['Foreningens Kasse'],"['min Bog', 'et nyt Skuespil']"
134,0,Dig,,,,,"['Cancelliraad Hegel', 'Evens', 'La Cour', 'Sonne']","['Rom', 'Sorent', 'Genazzano', 'Olevano', 'Subiaco', 'Cerrano', 'Tivoli']",['Foreningens Kasse'],"['min Bog', 'et nyt Skuespil']"
135,0,skrev,,,,,"['Cancelliraad Hegel', 'Evens', 'La Cour', 'Sonne']","['Rom', 'Sorent', 'Genazzano', 'Olevano', 'Subiaco', 'Cerrano', 'Tivoli']",['Foreningens Kasse'],"['min Bog', 'et nyt Skuespil']"
136,0,jeg,,,,,"['Cancelliraad Hegel', 'Evens', 'La Cour', 'Sonne']","['Rom', 'Sorent', 'Genazzano', 'Olevano', 'Subiaco', 'Cerrano', 'Tivoli']",['Foreningens Kasse'],"['min Bog', 'et nyt Skuespil']"
137,0,at,,,,,"['Cancelliraad Hegel', 'Evens', 'La Cour', 'Sonne']","['Rom', 'Sorent', 'Genazzano', 'Olevano', 'Subiaco', 'Cerrano', 'Tivoli']",['Foreningens Kasse'],"['min Bog', 'et nyt Skuespil']"
138,0,Mosaiksagerne,,,,,"['Cancelliraad Hegel', 'Evens', 'La Cour', 'Sonne']","['Rom', 'Sorent', 'Genazzano', 'Olevano', 'Subiaco', 'Cerrano', 'Tivoli']",['Foreningens Kasse'],"['min Bog', 'et nyt Skuespil']"
139,0,med,,,,,"['Cancelliraad Hegel', 'Evens', 'La Cour', 'Sonne']","['Rom', 'Sorent', 'Genazzano', 'Olevano', 'Subiaco', 'Cerrano', 'Tivoli']",['Foreningens Kasse'],"['min Bog', 'et nyt Skuespil']"
140,0,Glæde,,,,,"['Cancelliraad Hegel', 'Evens', 'La Cour', 'Sonne']","['Rom', 'Sorent', 'Genazzano', 'Olevano', 'Subiaco', 'Cerrano', 'Tivoli']",['Foreningens Kasse'],"['min Bog', 'et nyt Skuespil']"
141,0,skulde,,,,,"['Cancelliraad Hegel', 'Evens', 'La Cour', 'Sonne']","['Rom', 'Sorent', 'Genazzano', 'Olevano', 'Subiaco', 'Cerrano', 'Tivoli']",['Foreningens Kasse'],"['min Bog', 'et nyt Skuespil']"
142,0,blive,,,,,"['Cancelliraad Hegel', 'Evens', 'La Cour', 'Sonne']","['Rom', 'Sorent', 'Genazzano', 'Olevano', 'Subiaco', 'Cerrano', 'Tivoli']",['Foreningens Kasse'],"['min Bog', 'et nyt Skuespil']"
143,0,kjøbte,,,,,"['Cancelliraad Hegel', 'Evens', 'La Cour', 'Sonne']","['Rom', 'Sorent', 'Genazzano', 'Olevano', 'Subiaco', 'Cerrano', 'Tivoli']",['Foreningens Kasse'],"['min Bog', 'et nyt Skuespil']"
144,0,forsaavidt,,,,,"['Cancelliraad Hegel', 'Evens', 'La Cour', 'Sonne']","['Rom', 'Sorent', 'Genazzano', 'Olevano', 'Subiaco', 'Cerrano', 'Tivoli']",['Foreningens Kasse'],"['min Bog', 'et nyt Skuespil']"
145,0,Du,,,,,"['Cancelliraad Hegel', 'Evens', 'La Cour', 'Sonne']","['Rom', 'Sorent', 'Genazzano', 'Olevano', 'Subiaco', 'Cerrano', 'Tivoli']",['Foreningens Kasse'],"['min Bog', 'et nyt Skuespil']"
146,0,ikke,,,,,"['Cancelliraad Hegel', 'Evens', 'La Cour', 'Sonne']","['Rom', 'Sorent', 'Genazzano', 'Olevano', 'Subiaco', 'Cerrano', 'Tivoli']",['Foreningens Kasse'],"['min Bog', 'et nyt Skuespil']"
147,0,siden,,,,,"['Cancelliraad Hegel', 'Evens', 'La Cour', 'Sonne']","['Rom', 'Sorent', 'Genazzano', 'Olevano', 'Subiaco', 'Cerrano', 'Tivoli']",['Foreningens Kasse'],"['min Bog', 'et nyt Skuespil']"
148,0,havde,,,,,"['Cancelliraad Hegel', 'Evens', 'La Cour', 'Sonne']","['Rom', 'Sorent', 'Genazzano', 'Olevano', 'Subiaco', 'Cerrano', 'Tivoli']",['Foreningens Kasse'],"['min Bog', 'et nyt Skuespil']"
149,0,betænkt,,,,,"['Cancelliraad Hegel', 'Evens', 'La Cour', 'Sonne']","['Rom', 'Sorent', 'Genazzano', 'Olevano', 'Subiaco', 'Cerrano', 'Tivoli']",['Foreningens Kasse'],"['min Bog', 'et nyt Skuespil']"
150,0,Dig,,,,,"['Cancelliraad Hegel', 'Evens', 'La Cour', 'Sonne']","['Rom', 'Sorent', 'Genazzano', 'Olevano', 'Subiaco', 'Cerrano', 'Tivoli']",['Foreningens Kasse'],"['min Bog', 'et nyt Skuespil']"
151,0,og,,,,,"['Cancelliraad Hegel', 'Evens', 'La Cour', 'Sonne']","['Rom', 'Sorent', 'Genazzano', 'Olevano', 'Subiaco', 'Cerrano', 'Tivoli']",['Foreningens Kasse'],"['min Bog', 'et nyt Skuespil']"
152,0,nu,,,,,"['Cancelliraad Hegel', 'Evens', 'La Cour', 'Sonne']","['Rom', 'Sorent', 'Genazzano', 'Olevano', 'Subiaco', 'Cerrano', 'Tivoli']",['Foreningens Kasse'],"['min Bog', 'et nyt Skuespil']"
153,0,foretrak,,,,,"['Cancelliraad Hegel', 'Evens', 'La Cour', 'Sonne']","['Rom', 'Sorent', 'Genazzano', 'Olevano', 'Subiaco', 'Cerrano', 'Tivoli']",['Foreningens Kasse'],"['min Bog', 'et nyt Skuespil']"
154,0,Beløbet,,,,,"['Cancelliraad Hegel', 'Evens', 'La Cour', 'Sonne']","['Rom', 'Sorent', 'Genazzano', 'Olevano', 'Subiaco', 'Cerrano', 'Tivoli']",['Foreningens Kasse'],"['min Bog', 'et nyt Skuespil']"
155,0,efter,,,,,"['Cancelliraad Hegel', 'Evens', 'La Cour', 'Sonne']","['Rom', 'Sorent', 'Genazzano', 'Olevano', 'Subiaco', 'Cerrano', 'Tivoli']",['Foreningens Kasse'],"['min Bog', 'et nyt Skuespil']"
156,0,Anvisning,,,,,"['Cancelliraad Hegel', 'Evens', 'La Cour', 'Sonne']","['Rom', 'Sorent', 'Genazzano', 'Olevano', 'Subiaco', 'Cerrano', 'Tivoli']",['Foreningens Kasse'],"['min Bog', 'et nyt Skuespil']"
157,0,udbetalt,,,,,"['Cancelliraad Hegel', 'Evens', 'La Cour', 'Sonne']","['Rom', 'Sorent', 'Genazzano', 'Olevano', 'Subiaco', 'Cerrano', 'Tivoli']",['Foreningens Kasse'],"['min Bog', 'et nyt Skuespil']"
158,0,hos,,,,,"['Cancelliraad Hegel', 'Evens', 'La Cour', 'Sonne']","['Rom', 'Sorent', 'Genazzano', 'Olevano', 'Subiaco', 'Cerrano', 'Tivoli']",['Foreningens Kasse'],"['min Bog', 'et nyt Skuespil']"
159,0,Hegel.,,,,,"['Cancelliraad Hegel', 'Evens', 'La Cour', 'Sonne']","['Rom', 'Sorent', 'Genazzano', 'Olevano', 'Subiaco', 'Cerrano', 'Tivoli']",['Foreningens Kasse'],"['min Bog', 'et nyt Skuespil']"
160,0,Herpaa,,,,,"['Cancelliraad Hegel', 'Evens', 'La Cour', 'Sonne']","['Rom', 'Sorent', 'Genazzano', 'Olevano', 'Subiaco', 'Cerrano', 'Tivoli']",['Foreningens Kasse'],"['min Bog', 'et nyt Skuespil']"
161,0,har,,,,,"['Cancelliraad Hegel', 'Evens', 'La Cour', 'Sonne']","['Rom', 'Sorent', 'Genazzano', 'Olevano', 'Subiaco', 'Cerrano', 'Tivoli']",['Foreningens Kasse'],"['min Bog', 'et nyt Skuespil']"
162,0,jeg,,,,,"['Cancelliraad Hegel', 'Evens', 'La Cour', 'Sonne']","['Rom', 'Sorent', 'Genazzano', 'Olevano', 'Subiaco', 'Cerrano', 'Tivoli']",['Foreningens Kasse'],"['min Bog', 'et nyt Skuespil']"
163,0,forgjæves,,,,,"['Cancelliraad Hegel', 'Evens', 'La Cour', 'Sonne']","['Rom', 'Sorent', 'Genazzano', 'Olevano', 'Subiaco', 'Cerrano', 'Tivoli']",['Foreningens Kasse'],"['min Bog', 'et nyt Skuespil']"
164,0,ventet,,,,,"['Cancelliraad Hegel', 'Evens', 'La Cour', 'Sonne']","['Rom', 'Sorent', 'Genazzano', 'Olevano', 'Subiaco', 'Cerrano', 'Tivoli']",['Foreningens Kasse'],"['min Bog', 'et nyt Skuespil']"
165,0,Din,,,,,"['Cancelliraad Hegel', 'Evens', 'La Cour', 'Sonne']","['Rom', 'Sorent', 'Genazzano', 'Olevano', 'Subiaco', 'Cerrano', 'Tivoli']",['Foreningens Kasse'],"['min Bog', 'et nyt Skuespil']"
166,0,Bestemmelse.,,,,,"['Cancelliraad Hegel', 'Evens', 'La Cour', 'Sonne']","['Rom', 'Sorent', 'Genazzano', 'Olevano', 'Subiaco', 'Cerrano', 'Tivoli']",['Foreningens Kasse'],"['min Bog', 'et nyt Skuespil']"
167,0,Noget,,,,,"['Cancelliraad Hegel', 'Evens', 'La Cour', 'Sonne']","['Rom', 'Sorent', 'Genazzano', 'Olevano', 'Subiaco', 'Cerrano', 'Tivoli']",['Foreningens Kasse'],"['min Bog', 'et nyt Skuespil']"
168,0,ordentligt,,,,,"['Cancelliraad Hegel', 'Evens', 'La Cour', 'Sonne']","['Rom', 'Sorent', 'Genazzano', 'Olevano', 'Subiaco', 'Cerrano', 'Tivoli']",['Foreningens Kasse'],"['min Bog', 'et nyt Skuespil']"
169,0,Brev,,,,,"['Cancelliraad Hegel', 'Evens', 'La Cour', 'Sonne']","['Rom', 'Sorent', 'Genazzano', 'Olevano', 'Subiaco', 'Cerrano', 'Tivoli']",['Foreningens Kasse'],"['min Bog', 'et nyt Skuespil']"
170,0,vil,,,,,"['Cancelliraad Hegel', 'Evens', 'La Cour', 'Sonne']","['Rom', 'Sorent', 'Genazzano', 'Olevano', 'Subiaco', 'Cerrano', 'Tivoli']",['Foreningens Kasse'],"['min Bog', 'et nyt Skuespil']"
171,0,jeg,,,,,"['Cancelliraad Hegel', 'Evens', 'La Cour', 'Sonne']","['Rom', 'Sorent', 'Genazzano', 'Olevano', 'Subiaco', 'Cerrano', 'Tivoli']",['Foreningens Kasse'],"['min Bog', 'et nyt Skuespil']"
172,0,ikke,,,,,"['Cancelliraad Hegel', 'Evens', 'La Cour', 'Sonne']","['Rom', 'Sorent', 'Genazzano', 'Olevano', 'Subiaco', 'Cerrano', 'Tivoli']",['Foreningens Kasse'],"['min Bog', 'et nyt Skuespil']"
173,0,skrive,,,,,"['Cancelliraad Hegel', 'Evens', 'La Cour', 'Sonne']","['Rom', 'Sorent', 'Genazzano', 'Olevano', 'Subiaco', 'Cerrano', 'Tivoli']",['Foreningens Kasse'],"['min Bog', 'et nyt Skuespil']"
174,0,før,,,,,"['Cancelliraad Hegel', 'Evens', 'La Cour', 'Sonne']","['Rom', 'Sorent', 'Genazzano', 'Olevano', 'Subiaco', 'Cerrano', 'Tivoli']",['Foreningens Kasse'],"['min Bog', 'et nyt Skuespil']"
175,0,jeg,,,,,"['Cancelliraad Hegel', 'Evens', 'La Cour', 'Sonne']","['Rom', 'Sorent', 'Genazzano', 'Olevano', 'Subiaco', 'Cerrano', 'Tivoli']",['Foreningens Kasse'],"['min Bog', 'et nyt Skuespil']"
176,0,ved,,,,,"['Cancelliraad Hegel', 'Evens', 'La Cour', 'Sonne']","['Rom', 'Sorent', 'Genazzano', 'Olevano', 'Subiaco', 'Cerrano', 'Tivoli']",['Foreningens Kasse'],"['min Bog', 'et nyt Skuespil']"
177,0,om,,,,,"['Cancelliraad Hegel', 'Evens', 'La Cour', 'Sonne']","['Rom', 'Sorent', 'Genazzano', 'Olevano', 'Subiaco', 'Cerrano', 'Tivoli']",['Foreningens Kasse'],"['min Bog', 'et nyt Skuespil']"
178,0,hint,,,,,"['Cancelliraad Hegel', 'Evens', 'La Cour', 'Sonne']","['Rom', 'Sorent', 'Genazzano', 'Olevano', 'Subiaco', 'Cerrano', 'Tivoli']",['Foreningens Kasse'],"['min Bog', 'et nyt Skuespil']"
179,0,virkelig,,,,,"['Cancelliraad Hegel', 'Evens', 'La Cour', 'Sonne']","['Rom', 'Sorent', 'Genazzano', 'Olevano', 'Subiaco', 'Cerrano', 'Tivoli']",['Foreningens Kasse'],"['min Bog', 'et nyt Skuespil']"
180,0,er,,,,,"['Cancelliraad Hegel', 'Evens', 'La Cour', 'Sonne']","['Rom', 'Sorent', 'Genazzano', 'Olevano', 'Subiaco', 'Cerrano', 'Tivoli']",['Foreningens Kasse'],"['min Bog', 'et nyt Skuespil']"
181,0,gaaet,,,,,"['Cancelliraad Hegel', 'Evens', 'La Cour', 'Sonne']","['Rom', 'Sorent', 'Genazzano', 'Olevano', 'Subiaco', 'Cerrano', 'Tivoli']",['Foreningens Kasse'],"['min Bog', 'et nyt Skuespil']"
182,0,tabt.Livet,,,,,"['Cancelliraad Hegel', 'Evens', 'La Cour', 'Sonne']","['Rom', 'Sorent', 'Genazzano', 'Olevano', 'Subiaco', 'Cerrano', 'Tivoli']",['Foreningens Kasse'],"['min Bog', 'et nyt Skuespil']"
183,0,i,,,,,"['Cancelliraad Hegel', 'Evens', 'La Cour', 'Sonne']","['Rom', 'Sorent', 'Genazzano', 'Olevano', 'Subiaco', 'Cerrano', 'Tivoli']",['Foreningens Kasse'],"['min Bog', 'et nyt Skuespil']"
184,0,Rom,,,,,"['Cancelliraad Hegel', 'Evens', 'La Cour', 'Sonne']","['Rom', 'Sorent', 'Genazzano', 'Olevano', 'Subiaco', 'Cerrano', 'Tivoli']",['Foreningens Kasse'],"['min Bog', 'et nyt Skuespil']"
185,0,er,,,,,"['Cancelliraad Hegel', 'Evens', 'La Cour', 'Sonne']","['Rom', 'Sorent', 'Genazzano', 'Olevano', 'Subiaco', 'Cerrano', 'Tivoli']",['Foreningens Kasse'],"['min Bog', 'et nyt Skuespil']"
186,0,ikke,,,,,"['Cancelliraad Hegel', 'Evens', 'La Cour', 'Sonne']","['Rom', 'Sorent', 'Genazzano', 'Olevano', 'Subiaco', 'Cerrano', 'Tivoli']",['Foreningens Kasse'],"['min Bog', 'et nyt Skuespil']"
187,0,som,,,,,"['Cancelliraad Hegel', 'Evens', 'La Cour', 'Sonne']","['Rom', 'Sorent', 'Genazzano', 'Olevano', 'Subiaco', 'Cerrano', 'Tivoli']",['Foreningens Kasse'],"['min Bog', 'et nyt Skuespil']"
188,0,i,,,,,"['Cancelliraad Hegel', 'Evens', 'La Cour', 'Sonne']","['Rom', 'Sorent', 'Genazzano', 'Olevano', 'Subiaco', 'Cerrano', 'Tivoli']",['Foreningens Kasse'],"['min Bog', 'et nyt Skuespil']"
189,0,carissimos,,,,,"['Cancelliraad Hegel', 'Evens', 'La Cour', 'Sonne']","['Rom', 'Sorent', 'Genazzano', 'Olevano', 'Subiaco', 'Cerrano', 'Tivoli']",['Foreningens Kasse'],"['min Bog', 'et nyt Skuespil']"
190,0,"Tid,",,,,,"['Cancelliraad Hegel', 'Evens', 'La Cour', 'Sonne']","['Rom', 'Sorent', 'Genazzano', 'Olevano', 'Subiaco', 'Cerrano', 'Tivoli']",['Foreningens Kasse'],"['min Bog', 'et nyt Skuespil']"
191,0,og,,,,,"['Cancelliraad Hegel', 'Evens', 'La Cour', 'Sonne']","['Rom', 'Sorent', 'Genazzano', 'Olevano', 'Subiaco', 'Cerrano', 'Tivoli']",['Foreningens Kasse'],"['min Bog', 'et nyt Skuespil']"
192,0,jeg,,,,,"['Cancelliraad Hegel', 'Evens', 'La Cour', 'Sonne']","['Rom', 'Sorent', 'Genazzano', 'Olevano', 'Subiaco', 'Cerrano', 'Tivoli']",['Foreningens Kasse'],"['min Bog', 'et nyt Skuespil']"
193,0,frygter,,,,,"['Cancelliraad Hegel', 'Evens', 'La Cour', 'Sonne']","['Rom', 'Sorent', 'Genazzano', 'Olevano', 'Subiaco', 'Cerrano', 'Tivoli']",['Foreningens Kasse'],"['min Bog', 'et nyt Skuespil']"
194,0,"for,",,,,,"['Cancelliraad Hegel', 'Evens', 'La Cour', 'Sonne']","['Rom', 'Sorent', 'Genazzano', 'Olevano', 'Subiaco', 'Cerrano', 'Tivoli']",['Foreningens Kasse'],"['min Bog', 'et nyt Skuespil']"
195,0,ja,,,,,"['Cancelliraad Hegel', 'Evens', 'La Cour', 'Sonne']","['Rom', 'Sorent', 'Genazzano', 'Olevano', 'Subiaco', 'Cerrano', 'Tivoli']",['Foreningens Kasse'],"['min Bog', 'et nyt Skuespil']"
196,0,jeg,,,,,"['Cancelliraad Hegel', 'Evens', 'La Cour', 'Sonne']","['Rom', 'Sorent', 'Genazzano', 'Olevano', 'Subiaco', 'Cerrano', 'Tivoli']",['Foreningens Kasse'],"['min Bog', 'et nyt Skuespil']"
197,0,ved,,,,,"['Cancelliraad Hegel', 'Evens', 'La Cour', 'Sonne']","['Rom', 'Sorent', 'Genazzano', 'Olevano', 'Subiaco', 'Cerrano', 'Tivoli']",['Foreningens Kasse'],"['min Bog', 'et nyt Skuespil']"
198,0,med,,,,,"['Cancelliraad Hegel', 'Evens', 'La Cour', 'Sonne']","['Rom', 'Sorent', 'Genazzano', 'Olevano', 'Subiaco', 'Cerrano', 'Tivoli']",['Foreningens Kasse'],"['min Bog', 'et nyt Skuespil']"
199,0,Visshed,,,,,"['Cancelliraad Hegel', 'Evens', 'La Cour', 'Sonne']","['Rom', 'Sorent', 'Genazzano', 'Olevano', 'Subiaco', 'Cerrano', 'Tivoli']",['Foreningens Kasse'],"['min Bog', 'et nyt Skuespil']"
200,0,at,,,,,"['Cancelliraad Hegel', 'Evens', 'La Cour', 'Sonne']","['Rom', 'Sorent', 'Genazzano', 'Olevano', 'Subiaco', 'Cerrano', 'Tivoli']",['Foreningens Kasse'],"['min Bog', 'et nyt Skuespil']"
201,0,de,,,,,"['Cancelliraad Hegel', 'Evens', 'La Cour', 'Sonne']","['Rom', 'Sorent', 'Genazzano', 'Olevano', 'Subiaco', 'Cerrano', 'Tivoli']",['Foreningens Kasse'],"['min Bog', 'et nyt Skuespil']"
202,0,gyldne,,,,,"['Cancelliraad Hegel', 'Evens', 'La Cour', 'Sonne']","['Rom', 'Sorent', 'Genazzano', 'Olevano', 'Subiaco', 'Cerrano', 'Tivoli']",['Foreningens Kasse'],"['min Bog', 'et nyt Skuespil']"
203,0,Romerdage,,,,,"['Cancelliraad Hegel', 'Evens', 'La Cour', 'Sonne']","['Rom', 'Sorent', 'Genazzano', 'Olevano', 'Subiaco', 'Cerrano', 'Tivoli']",['Foreningens Kasse'],"['min Bog', 'et nyt Skuespil']"
204,0,for,,,,,"['Cancelliraad Hegel', 'Evens', 'La Cour', 'Sonne']","['Rom', 'Sorent', 'Genazzano', 'Olevano', 'Subiaco', 'Cerrano', 'Tivoli']",['Foreningens Kasse'],"['min Bog', 'et nyt Skuespil']"
205,0,mit,,,,,"['Cancelliraad Hegel', 'Evens', 'La Cour', 'Sonne']","['Rom', 'Sorent', 'Genazzano', 'Olevano', 'Subiaco', 'Cerrano', 'Tivoli']",['Foreningens Kasse'],"['min Bog', 'et nyt Skuespil']"
206,0,Vedkommende,,,,,"['Cancelliraad Hegel', 'Evens', 'La Cour', 'Sonne']","['Rom', 'Sorent', 'Genazzano', 'Olevano', 'Subiaco', 'Cerrano', 'Tivoli']",['Foreningens Kasse'],"['min Bog', 'et nyt Skuespil']"
207,0,aldrig,,,,,"['Cancelliraad Hegel', 'Evens', 'La Cour', 'Sonne']","['Rom', 'Sorent', 'Genazzano', 'Olevano', 'Subiaco', 'Cerrano', 'Tivoli']",['Foreningens Kasse'],"['min Bog', 'et nyt Skuespil']"
208,0,kan,,,,,"['Cancelliraad Hegel', 'Evens', 'La Cour', 'Sonne']","['Rom', 'Sorent', 'Genazzano', 'Olevano', 'Subiaco', 'Cerrano', 'Tivoli']",['Foreningens Kasse'],"['min Bog', 'et nyt Skuespil']"
209,0,vende,,,,,"['Cancelliraad Hegel', 'Evens', 'La Cour', 'Sonne']","['Rom', 'Sorent', 'Genazzano', 'Olevano', 'Subiaco', 'Cerrano', 'Tivoli']",['Foreningens Kasse'],"['min Bog', 'et nyt Skuespil']"
210,0,tillbage,,,,,"['Cancelliraad Hegel', 'Evens', 'La Cour', 'Sonne']","['Rom', 'Sorent', 'Genazzano', 'Olevano', 'Subiaco', 'Cerrano', 'Tivoli']",['Foreningens Kasse'],"['min Bog', 'et nyt Skuespil']"
211,0,hvis,,,,,"['Cancelliraad Hegel', 'Evens', 'La Cour', 'Sonne']","['Rom', 'Sorent', 'Genazzano', 'Olevano', 'Subiaco', 'Cerrano', 'Tivoli']",['Foreningens Kasse'],"['min Bog', 'et nyt Skuespil']"
212,0,vi,,,,,"['Cancelliraad Hegel', 'Evens', 'La Cour', 'Sonne']","['Rom', 'Sorent', 'Genazzano', 'Olevano', 'Subiaco', 'Cerrano', 'Tivoli']",['Foreningens Kasse'],"['min Bog', 'et nyt Skuespil']"
213,0,ikke,,,,,"['Cancelliraad Hegel', 'Evens', 'La Cour', 'Sonne']","['Rom', 'Sorent', 'Genazzano', 'Olevano', 'Subiaco', 'Cerrano', 'Tivoli']",['Foreningens Kasse'],"['min Bog', 'et nyt Skuespil']"
214,0,skulde,,,,,"['Cancelliraad Hegel', 'Evens', 'La Cour', 'Sonne']","['Rom', 'Sorent', 'Genazzano', 'Olevano', 'Subiaco', 'Cerrano', 'Tivoli']",['Foreningens Kasse'],"['min Bog', 'et nyt Skuespil']"
215,0,faa,,,,,"['Cancelliraad Hegel', 'Evens', 'La Cour', 'Sonne']","['Rom', 'Sorent', 'Genazzano', 'Olevano', 'Subiaco', 'Cerrano', 'Tivoli']",['Foreningens Kasse'],"['min Bog', 'et nyt Skuespil']"
216,0,Dig,,,,,"['Cancelliraad Hegel', 'Evens', 'La Cour', 'Sonne']","['Rom', 'Sorent', 'Genazzano', 'Olevano', 'Subiaco', 'Cerrano', 'Tivoli']",['Foreningens Kasse'],"['min Bog', 'et nyt Skuespil']"
217,0,herned,,,,,"['Cancelliraad Hegel', 'Evens', 'La Cour', 'Sonne']","['Rom', 'Sorent', 'Genazzano', 'Olevano', 'Subiaco', 'Cerrano', 'Tivoli']",['Foreningens Kasse'],"['min Bog', 'et nyt Skuespil']"
218,0,anden,,,,,"['Cancelliraad Hegel', 'Evens', 'La Cour', 'Sonne']","['Rom', 'Sorent', 'Genazzano', 'Olevano', 'Subiaco', 'Cerrano', 'Tivoli']",['Foreningens Kasse'],"['min Bog', 'et nyt Skuespil']"
219,0,Gang.Foreningens,,,,,"['Cancelliraad Hegel', 'Evens', 'La Cour', 'Sonne']","['Rom', 'Sorent', 'Genazzano', 'Olevano', 'Subiaco', 'Cerrano', 'Tivoli']",['Foreningens Kasse'],"['min Bog', 'et nyt Skuespil']"
220,0,Kasse,,,,,"['Cancelliraad Hegel', 'Evens', 'La Cour', 'Sonne']","['Rom', 'Sorent', 'Genazzano', 'Olevano', 'Subiaco', 'Cerrano', 'Tivoli']",['Foreningens Kasse'],"['min Bog', 'et nyt Skuespil']"
221,0,florerer,,,,,"['Cancelliraad Hegel', 'Evens', 'La Cour', 'Sonne']","['Rom', 'Sorent', 'Genazzano', 'Olevano', 'Subiaco', 'Cerrano', 'Tivoli']",['Foreningens Kasse'],"['min Bog', 'et nyt Skuespil']"
222,0,men,,,,,"['Cancelliraad Hegel', 'Evens', 'La Cour', 'Sonne']","['Rom', 'Sorent', 'Genazzano', 'Olevano', 'Subiaco', 'Cerrano', 'Tivoli']",['Foreningens Kasse'],"['min Bog', 'et nyt Skuespil']"
223,0,Livet,,,,,"['Cancelliraad Hegel', 'Evens', 'La Cour', 'Sonne']","['Rom', 'Sorent', 'Genazzano', 'Olevano', 'Subiaco', 'Cerrano', 'Tivoli']",['Foreningens Kasse'],"['min Bog', 'et nyt Skuespil']"
224,0,er,,,,,"['Cancelliraad Hegel', 'Evens', 'La Cour', 'Sonne']","['Rom', 'Sorent', 'Genazzano', 'Olevano', 'Subiaco', 'Cerrano', 'Tivoli']",['Foreningens Kasse'],"['min Bog', 'et nyt Skuespil']"
225,0,sløvt;,,,,,"['Cancelliraad Hegel', 'Evens', 'La Cour', 'Sonne']","['Rom', 'Sorent', 'Genazzano', 'Olevano', 'Subiaco', 'Cerrano', 'Tivoli']",['Foreningens Kasse'],"['min Bog', 'et nyt Skuespil']"
226,0,hver,,,,,"['Cancelliraad Hegel', 'Evens', 'La Cour', 'Sonne']","['Rom', 'Sorent', 'Genazzano', 'Olevano', 'Subiaco', 'Cerrano', 'Tivoli']",['Foreningens Kasse'],"['min Bog', 'et nyt Skuespil']"
227,0,Dag,,,,,"['Cancelliraad Hegel', 'Evens', 'La Cour', 'Sonne']","['Rom', 'Sorent', 'Genazzano', 'Olevano', 'Subiaco', 'Cerrano', 'Tivoli']",['Foreningens Kasse'],"['min Bog', 'et nyt Skuespil']"
228,0,at,,,,,"['Cancelliraad Hegel', 'Evens', 'La Cour', 'Sonne']","['Rom', 'Sorent', 'Genazzano', 'Olevano', 'Subiaco', 'Cerrano', 'Tivoli']",['Foreningens Kasse'],"['min Bog', 'et nyt Skuespil']"
229,0,ruske,,,,,"['Cancelliraad Hegel', 'Evens', 'La Cour', 'Sonne']","['Rom', 'Sorent', 'Genazzano', 'Olevano', 'Subiaco', 'Cerrano', 'Tivoli']",['Foreningens Kasse'],"['min Bog', 'et nyt Skuespil']"
230,0,i,,,,,"['Cancelliraad Hegel', 'Evens', 'La Cour', 'Sonne']","['Rom', 'Sorent', 'Genazzano', 'Olevano', 'Subiaco', 'Cerrano', 'Tivoli']",['Foreningens Kasse'],"['min Bog', 'et nyt Skuespil']"
231,0,Karlene,,,,,"['Cancelliraad Hegel', 'Evens', 'La Cour', 'Sonne']","['Rom', 'Sorent', 'Genazzano', 'Olevano', 'Subiaco', 'Cerrano', 'Tivoli']",['Foreningens Kasse'],"['min Bog', 'et nyt Skuespil']"
232,0,for,,,,,"['Cancelliraad Hegel', 'Evens', 'La Cour', 'Sonne']","['Rom', 'Sorent', 'Genazzano', 'Olevano', 'Subiaco', 'Cerrano', 'Tivoli']",['Foreningens Kasse'],"['min Bog', 'et nyt Skuespil']"
233,0,at,,,,,"['Cancelliraad Hegel', 'Evens', 'La Cour', 'Sonne']","['Rom', 'Sorent', 'Genazzano', 'Olevano', 'Subiaco', 'Cerrano', 'Tivoli']",['Foreningens Kasse'],"['min Bog', 'et nyt Skuespil']"
234,0,holde,,,,,"['Cancelliraad Hegel', 'Evens', 'La Cour', 'Sonne']","['Rom', 'Sorent', 'Genazzano', 'Olevano', 'Subiaco', 'Cerrano', 'Tivoli']",['Foreningens Kasse'],"['min Bog', 'et nyt Skuespil']"
235,0,dem,,,,,"['Cancelliraad Hegel', 'Evens', 'La Cour', 'Sonne']","['Rom', 'Sorent', 'Genazzano', 'Olevano', 'Subiaco', 'Cerrano', 'Tivoli']",['Foreningens Kasse'],"['min Bog', 'et nyt Skuespil']"
236,0,"vaagne,",,,,,"['Cancelliraad Hegel', 'Evens', 'La Cour', 'Sonne']","['Rom', 'Sorent', 'Genazzano', 'Olevano', 'Subiaco', 'Cerrano', 'Tivoli']",['Foreningens Kasse'],"['min Bog', 'et nyt Skuespil']"
237,0,det,,,,,"['Cancelliraad Hegel', 'Evens', 'La Cour', 'Sonne']","['Rom', 'Sorent', 'Genazzano', 'Olevano', 'Subiaco', 'Cerrano', 'Tivoli']",['Foreningens Kasse'],"['min Bog', 'et nyt Skuespil']"
238,0,er,,,,,"['Cancelliraad Hegel', 'Evens', 'La Cour', 'Sonne']","['Rom', 'Sorent', 'Genazzano', 'Olevano', 'Subiaco', 'Cerrano', 'Tivoli']",['Foreningens Kasse'],"['min Bog', 'et nyt Skuespil']"
239,0,noget,,,,,"['Cancelliraad Hegel', 'Evens', 'La Cour', 'Sonne']","['Rom', 'Sorent', 'Genazzano', 'Olevano', 'Subiaco', 'Cerrano', 'Tivoli']",['Foreningens Kasse'],"['min Bog', 'et nyt Skuespil']"
240,0,som,,,,,"['Cancelliraad Hegel', 'Evens', 'La Cour', 'Sonne']","['Rom', 'Sorent', 'Genazzano', 'Olevano', 'Subiaco', 'Cerrano', 'Tivoli']",['Foreningens Kasse'],"['min Bog', 'et nyt Skuespil']"
241,0,man,,,,,"['Cancelliraad Hegel', 'Evens', 'La Cour', 'Sonne']","['Rom', 'Sorent', 'Genazzano', 'Olevano', 'Subiaco', 'Cerrano', 'Tivoli']",['Foreningens Kasse'],"['min Bog', 'et nyt Skuespil']"
242,0,trættes,,,,,"['Cancelliraad Hegel', 'Evens', 'La Cour', 'Sonne']","['Rom', 'Sorent', 'Genazzano', 'Olevano', 'Subiaco', 'Cerrano', 'Tivoli']",['Foreningens Kasse'],"['min Bog', 'et nyt Skuespil']"
243,0,ved,,,,,"['Cancelliraad Hegel', 'Evens', 'La Cour', 'Sonne']","['Rom', 'Sorent', 'Genazzano', 'Olevano', 'Subiaco', 'Cerrano', 'Tivoli']",['Foreningens Kasse'],"['min Bog', 'et nyt Skuespil']"
244,0,naar,,,,,"['Cancelliraad Hegel', 'Evens', 'La Cour', 'Sonne']","['Rom', 'Sorent', 'Genazzano', 'Olevano', 'Subiaco', 'Cerrano', 'Tivoli']",['Foreningens Kasse'],"['min Bog', 'et nyt Skuespil']"
245,0,man,,,,,"['Cancelliraad Hegel', 'Evens', 'La Cour', 'Sonne']","['Rom', 'Sorent', 'Genazzano', 'Olevano', 'Subiaco', 'Cerrano', 'Tivoli']",['Foreningens Kasse'],"['min Bog', 'et nyt Skuespil']"
246,0,er,,,,,"['Cancelliraad Hegel', 'Evens', 'La Cour', 'Sonne']","['Rom', 'Sorent', 'Genazzano', 'Olevano', 'Subiaco', 'Cerrano', 'Tivoli']",['Foreningens Kasse'],"['min Bog', 'et nyt Skuespil']"
247,0,ene,,,,,"['Cancelliraad Hegel', 'Evens', 'La Cour', 'Sonne']","['Rom', 'Sorent', 'Genazzano', 'Olevano', 'Subiaco', 'Cerrano', 'Tivoli']",['Foreningens Kasse'],"['min Bog', 'et nyt Skuespil']"
248,0,om,,,,,"['Cancelliraad Hegel', 'Evens', 'La Cour', 'Sonne']","['Rom', 'Sorent', 'Genazzano', 'Olevano', 'Subiaco', 'Cerrano', 'Tivoli']",['Foreningens Kasse'],"['min Bog', 'et nyt Skuespil']"
249,0,Arbejdet.,,,,,"['Cancelliraad Hegel', 'Evens', 'La Cour', 'Sonne']","['Rom', 'Sorent', 'Genazzano', 'Olevano', 'Subiaco', 'Cerrano', 'Tivoli']",['Foreningens Kasse'],"['min Bog', 'et nyt Skuespil']"
250,0,Till,,,,,"['Cancelliraad Hegel', 'Evens', 'La Cour', 'Sonne']","['Rom', 'Sorent', 'Genazzano', 'Olevano', 'Subiaco', 'Cerrano', 'Tivoli']",['Foreningens Kasse'],"['min Bog', 'et nyt Skuespil']"
251,0,Sommeren,,,,,"['Cancelliraad Hegel', 'Evens', 'La Cour', 'Sonne']","['Rom', 'Sorent', 'Genazzano', 'Olevano', 'Subiaco', 'Cerrano', 'Tivoli']",['Foreningens Kasse'],"['min Bog', 'et nyt Skuespil']"
252,0,drager,,,,,"['Cancelliraad Hegel', 'Evens', 'La Cour', 'Sonne']","['Rom', 'Sorent', 'Genazzano', 'Olevano', 'Subiaco', 'Cerrano', 'Tivoli']",['Foreningens Kasse'],"['min Bog', 'et nyt Skuespil']"
253,0,jeg,,,,,"['Cancelliraad Hegel', 'Evens', 'La Cour', 'Sonne']","['Rom', 'Sorent', 'Genazzano', 'Olevano', 'Subiaco', 'Cerrano', 'Tivoli']",['Foreningens Kasse'],"['min Bog', 'et nyt Skuespil']"
254,0,till,,,,,"['Cancelliraad Hegel', 'Evens', 'La Cour', 'Sonne']","['Rom', 'Sorent', 'Genazzano', 'Olevano', 'Subiaco', 'Cerrano', 'Tivoli']",['Foreningens Kasse'],"['min Bog', 'et nyt Skuespil']"
255,0,"Sorent,",,,,,"['Cancelliraad Hegel', 'Evens', 'La Cour', 'Sonne']","['Rom', 'Sorent', 'Genazzano', 'Olevano', 'Subiaco', 'Cerrano', 'Tivoli']",['Foreningens Kasse'],"['min Bog', 'et nyt Skuespil']"
256,0,hvor,,,,,"['Cancelliraad Hegel', 'Evens', 'La Cour', 'Sonne']","['Rom', 'Sorent', 'Genazzano', 'Olevano', 'Subiaco', 'Cerrano', 'Tivoli']",['Foreningens Kasse'],"['min Bog', 'et nyt Skuespil']"
257,0,jeg,,,,,"['Cancelliraad Hegel', 'Evens', 'La Cour', 'Sonne']","['Rom', 'Sorent', 'Genazzano', 'Olevano', 'Subiaco', 'Cerrano', 'Tivoli']",['Foreningens Kasse'],"['min Bog', 'et nyt Skuespil']"
258,0,agter,,,,,"['Cancelliraad Hegel', 'Evens', 'La Cour', 'Sonne']","['Rom', 'Sorent', 'Genazzano', 'Olevano', 'Subiaco', 'Cerrano', 'Tivoli']",['Foreningens Kasse'],"['min Bog', 'et nyt Skuespil']"
259,0,at,,,,,"['Cancelliraad Hegel', 'Evens', 'La Cour', 'Sonne']","['Rom', 'Sorent', 'Genazzano', 'Olevano', 'Subiaco', 'Cerrano', 'Tivoli']",['Foreningens Kasse'],"['min Bog', 'et nyt Skuespil']"
260,0,skrive,,,,,"['Cancelliraad Hegel', 'Evens', 'La Cour', 'Sonne']","['Rom', 'Sorent', 'Genazzano', 'Olevano', 'Subiaco', 'Cerrano', 'Tivoli']",['Foreningens Kasse'],"['min Bog', 'et nyt Skuespil']"
261,0,et,,,,,"['Cancelliraad Hegel', 'Evens', 'La Cour', 'Sonne']","['Rom', 'Sorent', 'Genazzano', 'Olevano', 'Subiaco', 'Cerrano', 'Tivoli']",['Foreningens Kasse'],"['min Bog', 'et nyt Skuespil']"
262,0,nyt,,,,,"['Cancelliraad Hegel', 'Evens', 'La Cour', 'Sonne']","['Rom', 'Sorent', 'Genazzano', 'Olevano', 'Subiaco', 'Cerrano', 'Tivoli']",['Foreningens Kasse'],"['min Bog', 'et nyt Skuespil']"
263,0,Skuespil;,,,,,"['Cancelliraad Hegel', 'Evens', 'La Cour', 'Sonne']","['Rom', 'Sorent', 'Genazzano', 'Olevano', 'Subiaco', 'Cerrano', 'Tivoli']",['Foreningens Kasse'],"['min Bog', 'et nyt Skuespil']"
264,0,jeg,,,,,"['Cancelliraad Hegel', 'Evens', 'La Cour', 'Sonne']","['Rom', 'Sorent', 'Genazzano', 'Olevano', 'Subiaco', 'Cerrano', 'Tivoli']",['Foreningens Kasse'],"['min Bog', 'et nyt Skuespil']"
265,0,maa,,,,,"['Cancelliraad Hegel', 'Evens', 'La Cour', 'Sonne']","['Rom', 'Sorent', 'Genazzano', 'Olevano', 'Subiaco', 'Cerrano', 'Tivoli']",['Foreningens Kasse'],"['min Bog', 'et nyt Skuespil']"
266,0,være,,,,,"['Cancelliraad Hegel', 'Evens', 'La Cour', 'Sonne']","['Rom', 'Sorent', 'Genazzano', 'Olevano', 'Subiaco', 'Cerrano', 'Tivoli']",['Foreningens Kasse'],"['min Bog', 'et nyt Skuespil']"
267,0,nær,,,,,"['Cancelliraad Hegel', 'Evens', 'La Cour', 'Sonne']","['Rom', 'Sorent', 'Genazzano', 'Olevano', 'Subiaco', 'Cerrano', 'Tivoli']",['Foreningens Kasse'],"['min Bog', 'et nyt Skuespil']"
268,0,Havet,,,,,"['Cancelliraad Hegel', 'Evens', 'La Cour', 'Sonne']","['Rom', 'Sorent', 'Genazzano', 'Olevano', 'Subiaco', 'Cerrano', 'Tivoli']",['Foreningens Kasse'],"['min Bog', 'et nyt Skuespil']"
269,0,for,,,,,"['Cancelliraad Hegel', 'Evens', 'La Cour', 'Sonne']","['Rom', 'Sorent', 'Genazzano', 'Olevano', 'Subiaco', 'Cerrano', 'Tivoli']",['Foreningens Kasse'],"['min Bog', 'et nyt Skuespil']"
270,0,at,,,,,"['Cancelliraad Hegel', 'Evens', 'La Cour', 'Sonne']","['Rom', 'Sorent', 'Genazzano', 'Olevano', 'Subiaco', 'Cerrano', 'Tivoli']",['Foreningens Kasse'],"['min Bog', 'et nyt Skuespil']"
271,0,faa,,,,,"['Cancelliraad Hegel', 'Evens', 'La Cour', 'Sonne']","['Rom', 'Sorent', 'Genazzano', 'Olevano', 'Subiaco', 'Cerrano', 'Tivoli']",['Foreningens Kasse'],"['min Bog', 'et nyt Skuespil']"
272,0,den,,,,,"['Cancelliraad Hegel', 'Evens', 'La Cour', 'Sonne']","['Rom', 'Sorent', 'Genazzano', 'Olevano', 'Subiaco', 'Cerrano', 'Tivoli']",['Foreningens Kasse'],"['min Bog', 'et nyt Skuespil']"
273,0,rette,,,,,"['Cancelliraad Hegel', 'Evens', 'La Cour', 'Sonne']","['Rom', 'Sorent', 'Genazzano', 'Olevano', 'Subiaco', 'Cerrano', 'Tivoli']",['Foreningens Kasse'],"['min Bog', 'et nyt Skuespil']"
274,0,Luft,,,,,"['Cancelliraad Hegel', 'Evens', 'La Cour', 'Sonne']","['Rom', 'Sorent', 'Genazzano', 'Olevano', 'Subiaco', 'Cerrano', 'Tivoli']",['Foreningens Kasse'],"['min Bog', 'et nyt Skuespil']"
275,0,ind,,,,,"['Cancelliraad Hegel', 'Evens', 'La Cour', 'Sonne']","['Rom', 'Sorent', 'Genazzano', 'Olevano', 'Subiaco', 'Cerrano', 'Tivoli']",['Foreningens Kasse'],"['min Bog', 'et nyt Skuespil']"
276,0,i,,,,,"['Cancelliraad Hegel', 'Evens', 'La Cour', 'Sonne']","['Rom', 'Sorent', 'Genazzano', 'Olevano', 'Subiaco', 'Cerrano', 'Tivoli']",['Foreningens Kasse'],"['min Bog', 'et nyt Skuespil']"
277,0,det.,,,,,"['Cancelliraad Hegel', 'Evens', 'La Cour', 'Sonne']","['Rom', 'Sorent', 'Genazzano', 'Olevano', 'Subiaco', 'Cerrano', 'Tivoli']",['Foreningens Kasse'],"['min Bog', 'et nyt Skuespil']"
278,0,En,,,,,"['Cancelliraad Hegel', 'Evens', 'La Cour', 'Sonne']","['Rom', 'Sorent', 'Genazzano', 'Olevano', 'Subiaco', 'Cerrano', 'Tivoli']",['Foreningens Kasse'],"['min Bog', 'et nyt Skuespil']"
279,0,Vandring,,,,,"['Cancelliraad Hegel', 'Evens', 'La Cour', 'Sonne']","['Rom', 'Sorent', 'Genazzano', 'Olevano', 'Subiaco', 'Cerrano', 'Tivoli']",['Foreningens Kasse'],"['min Bog', 'et nyt Skuespil']"
280,0,i,,,,,"['Cancelliraad Hegel', 'Evens', 'La Cour', 'Sonne']","['Rom', 'Sorent', 'Genazzano', 'Olevano', 'Subiaco', 'Cerrano', 'Tivoli']",['Foreningens Kasse'],"['min Bog', 'et nyt Skuespil']"
281,0,Sabinerne,,,,,"['Cancelliraad Hegel', 'Evens', 'La Cour', 'Sonne']","['Rom', 'Sorent', 'Genazzano', 'Olevano', 'Subiaco', 'Cerrano', 'Tivoli']",['Foreningens Kasse'],"['min Bog', 'et nyt Skuespil']"
282,0,nordover,,,,,"['Cancelliraad Hegel', 'Evens', 'La Cour', 'Sonne']","['Rom', 'Sorent', 'Genazzano', 'Olevano', 'Subiaco', 'Cerrano', 'Tivoli']",['Foreningens Kasse'],"['min Bog', 'et nyt Skuespil']"
283,0,fra,,,,,"['Cancelliraad Hegel', 'Evens', 'La Cour', 'Sonne']","['Rom', 'Sorent', 'Genazzano', 'Olevano', 'Subiaco', 'Cerrano', 'Tivoli']",['Foreningens Kasse'],"['min Bog', 'et nyt Skuespil']"
284,0,Tivoli,,,,,"['Cancelliraad Hegel', 'Evens', 'La Cour', 'Sonne']","['Rom', 'Sorent', 'Genazzano', 'Olevano', 'Subiaco', 'Cerrano', 'Tivoli']",['Foreningens Kasse'],"['min Bog', 'et nyt Skuespil']"
285,0,till,,,,,"['Cancelliraad Hegel', 'Evens', 'La Cour', 'Sonne']","['Rom', 'Sorent', 'Genazzano', 'Olevano', 'Subiaco', 'Cerrano', 'Tivoli']",['Foreningens Kasse'],"['min Bog', 'et nyt Skuespil']"
286,0,Corese,,,,,"['Cancelliraad Hegel', 'Evens', 'La Cour', 'Sonne']","['Rom', 'Sorent', 'Genazzano', 'Olevano', 'Subiaco', 'Cerrano', 'Tivoli']",['Foreningens Kasse'],"['min Bog', 'et nyt Skuespil']"
287,0,agter,,,,,"['Cancelliraad Hegel', 'Evens', 'La Cour', 'Sonne']","['Rom', 'Sorent', 'Genazzano', 'Olevano', 'Subiaco', 'Cerrano', 'Tivoli']",['Foreningens Kasse'],"['min Bog', 'et nyt Skuespil']"
288,0,jeg,,,,,"['Cancelliraad Hegel', 'Evens', 'La Cour', 'Sonne']","['Rom', 'Sorent', 'Genazzano', 'Olevano', 'Subiaco', 'Cerrano', 'Tivoli']",['Foreningens Kasse'],"['min Bog', 'et nyt Skuespil']"
289,0,at,,,,,"['Cancelliraad Hegel', 'Evens', 'La Cour', 'Sonne']","['Rom', 'Sorent', 'Genazzano', 'Olevano', 'Subiaco', 'Cerrano', 'Tivoli']",['Foreningens Kasse'],"['min Bog', 'et nyt Skuespil']"
290,0,foretage,,,,,"['Cancelliraad Hegel', 'Evens', 'La Cour', 'Sonne']","['Rom', 'Sorent', 'Genazzano', 'Olevano', 'Subiaco', 'Cerrano', 'Tivoli']",['Foreningens Kasse'],"['min Bog', 'et nyt Skuespil']"
291,0,iforvejen,,,,,"['Cancelliraad Hegel', 'Evens', 'La Cour', 'Sonne']","['Rom', 'Sorent', 'Genazzano', 'Olevano', 'Subiaco', 'Cerrano', 'Tivoli']",['Foreningens Kasse'],"['min Bog', 'et nyt Skuespil']"
292,0,formodentlig,,,,,"['Cancelliraad Hegel', 'Evens', 'La Cour', 'Sonne']","['Rom', 'Sorent', 'Genazzano', 'Olevano', 'Subiaco', 'Cerrano', 'Tivoli']",['Foreningens Kasse'],"['min Bog', 'et nyt Skuespil']"
293,0,sammen,,,,,"['Cancelliraad Hegel', 'Evens', 'La Cour', 'Sonne']","['Rom', 'Sorent', 'Genazzano', 'Olevano', 'Subiaco', 'Cerrano', 'Tivoli']",['Foreningens Kasse'],"['min Bog', 'et nyt Skuespil']"
294,0,med,,,,,"['Cancelliraad Hegel', 'Evens', 'La Cour', 'Sonne']","['Rom', 'Sorent', 'Genazzano', 'Olevano', 'Subiaco', 'Cerrano', 'Tivoli']",['Foreningens Kasse'],"['min Bog', 'et nyt Skuespil']"
295,0,"Evens,",,,,,"['Cancelliraad Hegel', 'Evens', 'La Cour', 'Sonne']","['Rom', 'Sorent', 'Genazzano', 'Olevano', 'Subiaco', 'Cerrano', 'Tivoli']",['Foreningens Kasse'],"['min Bog', 'et nyt Skuespil']"
296,0,La,,,,,"['Cancelliraad Hegel', 'Evens', 'La Cour', 'Sonne']","['Rom', 'Sorent', 'Genazzano', 'Olevano', 'Subiaco', 'Cerrano', 'Tivoli']",['Foreningens Kasse'],"['min Bog', 'et nyt Skuespil']"
297,0,Cour,,,,,"['Cancelliraad Hegel', 'Evens', 'La Cour', 'Sonne']","['Rom', 'Sorent', 'Genazzano', 'Olevano', 'Subiaco', 'Cerrano', 'Tivoli']",['Foreningens Kasse'],"['min Bog', 'et nyt Skuespil']"
298,0,og,,,,,"['Cancelliraad Hegel', 'Evens', 'La Cour', 'Sonne']","['Rom', 'Sorent', 'Genazzano', 'Olevano', 'Subiaco', 'Cerrano', 'Tivoli']",['Foreningens Kasse'],"['min Bog', 'et nyt Skuespil']"
299,0,Sonne;,,,,,"['Cancelliraad Hegel', 'Evens', 'La Cour', 'Sonne']","['Rom', 'Sorent', 'Genazzano', 'Olevano', 'Subiaco', 'Cerrano', 'Tivoli']",['Foreningens Kasse'],"['min Bog', 'et nyt Skuespil']"
300,0,nogen,,,,,"['Cancelliraad Hegel', 'Evens', 'La Cour', 'Sonne']","['Rom', 'Sorent', 'Genazzano', 'Olevano', 'Subiaco', 'Cerrano', 'Tivoli']",['Foreningens Kasse'],"['min Bog', 'et nyt Skuespil']"
301,0,nærmere,,,,,"['Cancelliraad Hegel', 'Evens', 'La Cour', 'Sonne']","['Rom', 'Sorent', 'Genazzano', 'Olevano', 'Subiaco', 'Cerrano', 'Tivoli']",['Foreningens Kasse'],"['min Bog', 'et nyt Skuespil']"
302,0,Plan,,,,,"['Cancelliraad Hegel', 'Evens', 'La Cour', 'Sonne']","['Rom', 'Sorent', 'Genazzano', 'Olevano', 'Subiaco', 'Cerrano', 'Tivoli']",['Foreningens Kasse'],"['min Bog', 'et nyt Skuespil']"
303,0,har,,,,,"['Cancelliraad Hegel', 'Evens', 'La Cour', 'Sonne']","['Rom', 'Sorent', 'Genazzano', 'Olevano', 'Subiaco', 'Cerrano', 'Tivoli']",['Foreningens Kasse'],"['min Bog', 'et nyt Skuespil']"
304,0,vi,,,,,"['Cancelliraad Hegel', 'Evens', 'La Cour', 'Sonne']","['Rom', 'Sorent', 'Genazzano', 'Olevano', 'Subiaco', 'Cerrano', 'Tivoli']",['Foreningens Kasse'],"['min Bog', 'et nyt Skuespil']"
305,0,dog,,,,,"['Cancelliraad Hegel', 'Evens', 'La Cour', 'Sonne']","['Rom', 'Sorent', 'Genazzano', 'Olevano', 'Subiaco', 'Cerrano', 'Tivoli']",['Foreningens Kasse'],"['min Bog', 'et nyt Skuespil']"
306,0,ikke,,,,,"['Cancelliraad Hegel', 'Evens', 'La Cour', 'Sonne']","['Rom', 'Sorent', 'Genazzano', 'Olevano', 'Subiaco', 'Cerrano', 'Tivoli']",['Foreningens Kasse'],"['min Bog', 'et nyt Skuespil']"
307,0,"lagt,",,,,,"['Cancelliraad Hegel', 'Evens', 'La Cour', 'Sonne']","['Rom', 'Sorent', 'Genazzano', 'Olevano', 'Subiaco', 'Cerrano', 'Tivoli']",['Foreningens Kasse'],"['min Bog', 'et nyt Skuespil']"
308,0,undtagen,,,,,"['Cancelliraad Hegel', 'Evens', 'La Cour', 'Sonne']","['Rom', 'Sorent', 'Genazzano', 'Olevano', 'Subiaco', 'Cerrano', 'Tivoli']",['Foreningens Kasse'],"['min Bog', 'et nyt Skuespil']"
309,0,forsaavidt,,,,,"['Cancelliraad Hegel', 'Evens', 'La Cour', 'Sonne']","['Rom', 'Sorent', 'Genazzano', 'Olevano', 'Subiaco', 'Cerrano', 'Tivoli']",['Foreningens Kasse'],"['min Bog', 'et nyt Skuespil']"
310,0,det,,,,,"['Cancelliraad Hegel', 'Evens', 'La Cour', 'Sonne']","['Rom', 'Sorent', 'Genazzano', 'Olevano', 'Subiaco', 'Cerrano', 'Tivoli']",['Foreningens Kasse'],"['min Bog', 'et nyt Skuespil']"
311,0,er,,,,,"['Cancelliraad Hegel', 'Evens', 'La Cour', 'Sonne']","['Rom', 'Sorent', 'Genazzano', 'Olevano', 'Subiaco', 'Cerrano', 'Tivoli']",['Foreningens Kasse'],"['min Bog', 'et nyt Skuespil']"
312,0,min,,,,,"['Cancelliraad Hegel', 'Evens', 'La Cour', 'Sonne']","['Rom', 'Sorent', 'Genazzano', 'Olevano', 'Subiaco', 'Cerrano', 'Tivoli']",['Foreningens Kasse'],"['min Bog', 'et nyt Skuespil']"
313,0,faste,,,,,"['Cancelliraad Hegel', 'Evens', 'La Cour', 'Sonne']","['Rom', 'Sorent', 'Genazzano', 'Olevano', 'Subiaco', 'Cerrano', 'Tivoli']",['Foreningens Kasse'],"['min Bog', 'et nyt Skuespil']"
314,0,Besluttning,,,,,"['Cancelliraad Hegel', 'Evens', 'La Cour', 'Sonne']","['Rom', 'Sorent', 'Genazzano', 'Olevano', 'Subiaco', 'Cerrano', 'Tivoli']",['Foreningens Kasse'],"['min Bog', 'et nyt Skuespil']"
315,0,ikke,,,,,"['Cancelliraad Hegel', 'Evens', 'La Cour', 'Sonne']","['Rom', 'Sorent', 'Genazzano', 'Olevano', 'Subiaco', 'Cerrano', 'Tivoli']",['Foreningens Kasse'],"['min Bog', 'et nyt Skuespil']"
316,0,at,,,,,"['Cancelliraad Hegel', 'Evens', 'La Cour', 'Sonne']","['Rom', 'Sorent', 'Genazzano', 'Olevano', 'Subiaco', 'Cerrano', 'Tivoli']",['Foreningens Kasse'],"['min Bog', 'et nyt Skuespil']"
317,0,begaa,,,,,"['Cancelliraad Hegel', 'Evens', 'La Cour', 'Sonne']","['Rom', 'Sorent', 'Genazzano', 'Olevano', 'Subiaco', 'Cerrano', 'Tivoli']",['Foreningens Kasse'],"['min Bog', 'et nyt Skuespil']"
318,0,den,,,,,"['Cancelliraad Hegel', 'Evens', 'La Cour', 'Sonne']","['Rom', 'Sorent', 'Genazzano', 'Olevano', 'Subiaco', 'Cerrano', 'Tivoli']",['Foreningens Kasse'],"['min Bog', 'et nyt Skuespil']"
319,0,Hovedfejl,,,,,"['Cancelliraad Hegel', 'Evens', 'La Cour', 'Sonne']","['Rom', 'Sorent', 'Genazzano', 'Olevano', 'Subiaco', 'Cerrano', 'Tivoli']",['Foreningens Kasse'],"['min Bog', 'et nyt Skuespil']"
320,0,at,,,,,"['Cancelliraad Hegel', 'Evens', 'La Cour', 'Sonne']","['Rom', 'Sorent', 'Genazzano', 'Olevano', 'Subiaco', 'Cerrano', 'Tivoli']",['Foreningens Kasse'],"['min Bog', 'et nyt Skuespil']"
321,0,omgaa,,,,,"['Cancelliraad Hegel', 'Evens', 'La Cour', 'Sonne']","['Rom', 'Sorent', 'Genazzano', 'Olevano', 'Subiaco', 'Cerrano', 'Tivoli']",['Foreningens Kasse'],"['min Bog', 'et nyt Skuespil']"
322,0,Fæstningerne.,,,,,"['Cancelliraad Hegel', 'Evens', 'La Cour', 'Sonne']","['Rom', 'Sorent', 'Genazzano', 'Olevano', 'Subiaco', 'Cerrano', 'Tivoli']",['Foreningens Kasse'],"['min Bog', 'et nyt Skuespil']"
323,0,Det,,,,,"['Cancelliraad Hegel', 'Evens', 'La Cour', 'Sonne']","['Rom', 'Sorent', 'Genazzano', 'Olevano', 'Subiaco', 'Cerrano', 'Tivoli']",['Foreningens Kasse'],"['min Bog', 'et nyt Skuespil']"
324,0,kan,,,,,"['Cancelliraad Hegel', 'Evens', 'La Cour', 'Sonne']","['Rom', 'Sorent', 'Genazzano', 'Olevano', 'Subiaco', 'Cerrano', 'Tivoli']",['Foreningens Kasse'],"['min Bog', 'et nyt Skuespil']"
325,0,blive,,,,,"['Cancelliraad Hegel', 'Evens', 'La Cour', 'Sonne']","['Rom', 'Sorent', 'Genazzano', 'Olevano', 'Subiaco', 'Cerrano', 'Tivoli']",['Foreningens Kasse'],"['min Bog', 'et nyt Skuespil']"
326,0,en,,,,,"['Cancelliraad Hegel', 'Evens', 'La Cour', 'Sonne']","['Rom', 'Sorent', 'Genazzano', 'Olevano', 'Subiaco', 'Cerrano', 'Tivoli']",['Foreningens Kasse'],"['min Bog', 'et nyt Skuespil']"
327,0,morsom,,,,,"['Cancelliraad Hegel', 'Evens', 'La Cour', 'Sonne']","['Rom', 'Sorent', 'Genazzano', 'Olevano', 'Subiaco', 'Cerrano', 'Tivoli']",['Foreningens Kasse'],"['min Bog', 'et nyt Skuespil']"
328,0,Vandring;,,,,,"['Cancelliraad Hegel', 'Evens', 'La Cour', 'Sonne']","['Rom', 'Sorent', 'Genazzano', 'Olevano', 'Subiaco', 'Cerrano', 'Tivoli']",['Foreningens Kasse'],"['min Bog', 'et nyt Skuespil']"
329,0,men,,,,,"['Cancelliraad Hegel', 'Evens', 'La Cour', 'Sonne']","['Rom', 'Sorent', 'Genazzano', 'Olevano', 'Subiaco', 'Cerrano', 'Tivoli']",['Foreningens Kasse'],"['min Bog', 'et nyt Skuespil']"
330,0,det,,,,,"['Cancelliraad Hegel', 'Evens', 'La Cour', 'Sonne']","['Rom', 'Sorent', 'Genazzano', 'Olevano', 'Subiaco', 'Cerrano', 'Tivoli']",['Foreningens Kasse'],"['min Bog', 'et nyt Skuespil']"
331,0,ved,,,,,"['Cancelliraad Hegel', 'Evens', 'La Cour', 'Sonne']","['Rom', 'Sorent', 'Genazzano', 'Olevano', 'Subiaco', 'Cerrano', 'Tivoli']",['Foreningens Kasse'],"['min Bog', 'et nyt Skuespil']"
332,0,jeg,,,,,"['Cancelliraad Hegel', 'Evens', 'La Cour', 'Sonne']","['Rom', 'Sorent', 'Genazzano', 'Olevano', 'Subiaco', 'Cerrano', 'Tivoli']",['Foreningens Kasse'],"['min Bog', 'et nyt Skuespil']"
333,0,paa,,,,,"['Cancelliraad Hegel', 'Evens', 'La Cour', 'Sonne']","['Rom', 'Sorent', 'Genazzano', 'Olevano', 'Subiaco', 'Cerrano', 'Tivoli']",['Foreningens Kasse'],"['min Bog', 'et nyt Skuespil']"
334,0,"Forhaand,",,,,,"['Cancelliraad Hegel', 'Evens', 'La Cour', 'Sonne']","['Rom', 'Sorent', 'Genazzano', 'Olevano', 'Subiaco', 'Cerrano', 'Tivoli']",['Foreningens Kasse'],"['min Bog', 'et nyt Skuespil']"
335,0,den,,,,,"['Cancelliraad Hegel', 'Evens', 'La Cour', 'Sonne']","['Rom', 'Sorent', 'Genazzano', 'Olevano', 'Subiaco', 'Cerrano', 'Tivoli']",['Foreningens Kasse'],"['min Bog', 'et nyt Skuespil']"
336,0,vil,,,,,"['Cancelliraad Hegel', 'Evens', 'La Cour', 'Sonne']","['Rom', 'Sorent', 'Genazzano', 'Olevano', 'Subiaco', 'Cerrano', 'Tivoli']",['Foreningens Kasse'],"['min Bog', 'et nyt Skuespil']"
337,0,ikke,,,,,"['Cancelliraad Hegel', 'Evens', 'La Cour', 'Sonne']","['Rom', 'Sorent', 'Genazzano', 'Olevano', 'Subiaco', 'Cerrano', 'Tivoli']",['Foreningens Kasse'],"['min Bog', 'et nyt Skuespil']"
338,0,afblege,,,,,"['Cancelliraad Hegel', 'Evens', 'La Cour', 'Sonne']","['Rom', 'Sorent', 'Genazzano', 'Olevano', 'Subiaco', 'Cerrano', 'Tivoli']",['Foreningens Kasse'],"['min Bog', 'et nyt Skuespil']"
339,0,Erindringen,,,,,"['Cancelliraad Hegel', 'Evens', 'La Cour', 'Sonne']","['Rom', 'Sorent', 'Genazzano', 'Olevano', 'Subiaco', 'Cerrano', 'Tivoli']",['Foreningens Kasse'],"['min Bog', 'et nyt Skuespil']"
340,0,om,,,,,"['Cancelliraad Hegel', 'Evens', 'La Cour', 'Sonne']","['Rom', 'Sorent', 'Genazzano', 'Olevano', 'Subiaco', 'Cerrano', 'Tivoli']",['Foreningens Kasse'],"['min Bog', 'et nyt Skuespil']"
341,0,Dagene,,,,,"['Cancelliraad Hegel', 'Evens', 'La Cour', 'Sonne']","['Rom', 'Sorent', 'Genazzano', 'Olevano', 'Subiaco', 'Cerrano', 'Tivoli']",['Foreningens Kasse'],"['min Bog', 'et nyt Skuespil']"
342,0,i,,,,,"['Cancelliraad Hegel', 'Evens', 'La Cour', 'Sonne']","['Rom', 'Sorent', 'Genazzano', 'Olevano', 'Subiaco', 'Cerrano', 'Tivoli']",['Foreningens Kasse'],"['min Bog', 'et nyt Skuespil']"
343,0,"Genazzano,",,,,,"['Cancelliraad Hegel', 'Evens', 'La Cour', 'Sonne']","['Rom', 'Sorent', 'Genazzano', 'Olevano', 'Subiaco', 'Cerrano', 'Tivoli']",['Foreningens Kasse'],"['min Bog', 'et nyt Skuespil']"
344,0,"Olevano,",,,,,"['Cancelliraad Hegel', 'Evens', 'La Cour', 'Sonne']","['Rom', 'Sorent', 'Genazzano', 'Olevano', 'Subiaco', 'Cerrano', 'Tivoli']",['Foreningens Kasse'],"['min Bog', 'et nyt Skuespil']"
345,0,"Subiaco,",,,,,"['Cancelliraad Hegel', 'Evens', 'La Cour', 'Sonne']","['Rom', 'Sorent', 'Genazzano', 'Olevano', 'Subiaco', 'Cerrano', 'Tivoli']",['Foreningens Kasse'],"['min Bog', 'et nyt Skuespil']"
346,0,Cerrano,,,,,"['Cancelliraad Hegel', 'Evens', 'La Cour', 'Sonne']","['Rom', 'Sorent', 'Genazzano', 'Olevano', 'Subiaco', 'Cerrano', 'Tivoli']",['Foreningens Kasse'],"['min Bog', 'et nyt Skuespil']"
347,0,og,,,,,"['Cancelliraad Hegel', 'Evens', 'La Cour', 'Sonne']","['Rom', 'Sorent', 'Genazzano', 'Olevano', 'Subiaco', 'Cerrano', 'Tivoli']",['Foreningens Kasse'],"['min Bog', 'et nyt Skuespil']"
348,0,Tivoli.,,,,,"['Cancelliraad Hegel', 'Evens', 'La Cour', 'Sonne']","['Rom', 'Sorent', 'Genazzano', 'Olevano', 'Subiaco', 'Cerrano', 'Tivoli']",['Foreningens Kasse'],"['min Bog', 'et nyt Skuespil']"
349,0,Det,,,,,"['Cancelliraad Hegel', 'Evens', 'La Cour', 'Sonne']","['Rom', 'Sorent', 'Genazzano', 'Olevano', 'Subiaco', 'Cerrano', 'Tivoli']",['Foreningens Kasse'],"['min Bog', 'et nyt Skuespil']"
350,0,var,,,,,"['Cancelliraad Hegel', 'Evens', 'La Cour', 'Sonne']","['Rom', 'Sorent', 'Genazzano', 'Olevano', 'Subiaco', 'Cerrano', 'Tivoli']",['Foreningens Kasse'],"['min Bog', 'et nyt Skuespil']"
351,0,gyldne,,,,,"['Cancelliraad Hegel', 'Evens', 'La Cour', 'Sonne']","['Rom', 'Sorent', 'Genazzano', 'Olevano', 'Subiaco', 'Cerrano', 'Tivoli']",['Foreningens Kasse'],"['min Bog', 'et nyt Skuespil']"
352,0,Dage;,,,,,"['Cancelliraad Hegel', 'Evens', 'La Cour', 'Sonne']","['Rom', 'Sorent', 'Genazzano', 'Olevano', 'Subiaco', 'Cerrano', 'Tivoli']",['Foreningens Kasse'],"['min Bog', 'et nyt Skuespil']"
353,0,jeg,,,,,"['Cancelliraad Hegel', 'Evens', 'La Cour', 'Sonne']","['Rom', 'Sorent', 'Genazzano', 'Olevano', 'Subiaco', 'Cerrano', 'Tivoli']",['Foreningens Kasse'],"['min Bog', 'et nyt Skuespil']"
354,0,bliver,,,,,"['Cancelliraad Hegel', 'Evens', 'La Cour', 'Sonne']","['Rom', 'Sorent', 'Genazzano', 'Olevano', 'Subiaco', 'Cerrano', 'Tivoli']",['Foreningens Kasse'],"['min Bog', 'et nyt Skuespil']"
355,0,underligt,,,,,"['Cancelliraad Hegel', 'Evens', 'La Cour', 'Sonne']","['Rom', 'Sorent', 'Genazzano', 'Olevano', 'Subiaco', 'Cerrano', 'Tivoli']",['Foreningens Kasse'],"['min Bog', 'et nyt Skuespil']"
356,0,stemt,,,,,"['Cancelliraad Hegel', 'Evens', 'La Cour', 'Sonne']","['Rom', 'Sorent', 'Genazzano', 'Olevano', 'Subiaco', 'Cerrano', 'Tivoli']",['Foreningens Kasse'],"['min Bog', 'et nyt Skuespil']"
357,0,saaofte,,,,,"['Cancelliraad Hegel', 'Evens', 'La Cour', 'Sonne']","['Rom', 'Sorent', 'Genazzano', 'Olevano', 'Subiaco', 'Cerrano', 'Tivoli']",['Foreningens Kasse'],"['min Bog', 'et nyt Skuespil']"
358,0,jeg,,,,,"['Cancelliraad Hegel', 'Evens', 'La Cour', 'Sonne']","['Rom', 'Sorent', 'Genazzano', 'Olevano', 'Subiaco', 'Cerrano', 'Tivoli']",['Foreningens Kasse'],"['min Bog', 'et nyt Skuespil']"
359,0,tænker,,,,,"['Cancelliraad Hegel', 'Evens', 'La Cour', 'Sonne']","['Rom', 'Sorent', 'Genazzano', 'Olevano', 'Subiaco', 'Cerrano', 'Tivoli']",['Foreningens Kasse'],"['min Bog', 'et nyt Skuespil']"
360,0,paa,,,,,"['Cancelliraad Hegel', 'Evens', 'La Cour', 'Sonne']","['Rom', 'Sorent', 'Genazzano', 'Olevano', 'Subiaco', 'Cerrano', 'Tivoli']",['Foreningens Kasse'],"['min Bog', 'et nyt Skuespil']"
361,0,dem.,,,,,"['Cancelliraad Hegel', 'Evens', 'La Cour', 'Sonne']","['Rom', 'Sorent', 'Genazzano', 'Olevano', 'Subiaco', 'Cerrano', 'Tivoli']",['Foreningens Kasse'],"['min Bog', 'et nyt Skuespil']"
362,0,Lev,,,,,"['Cancelliraad Hegel', 'Evens', 'La Cour', 'Sonne']","['Rom', 'Sorent', 'Genazzano', 'Olevano', 'Subiaco', 'Cerrano', 'Tivoli']",['Foreningens Kasse'],"['min Bog', 'et nyt Skuespil']"
363,0,"vel,",,,,,"['Cancelliraad Hegel', 'Evens', 'La Cour', 'Sonne']","['Rom', 'Sorent', 'Genazzano', 'Olevano', 'Subiaco', 'Cerrano', 'Tivoli']",['Foreningens Kasse'],"['min Bog', 'et nyt Skuespil']"
364,0,Du,,,,,"['Cancelliraad Hegel', 'Evens', 'La Cour', 'Sonne']","['Rom', 'Sorent', 'Genazzano', 'Olevano', 'Subiaco', 'Cerrano', 'Tivoli']",['Foreningens Kasse'],"['min Bog', 'et nyt Skuespil']"
365,0,min,,,,,"['Cancelliraad Hegel', 'Evens', 'La Cour', 'Sonne']","['Rom', 'Sorent', 'Genazzano', 'Olevano', 'Subiaco', 'Cerrano', 'Tivoli']",['Foreningens Kasse'],"['min Bog', 'et nyt Skuespil']"
366,0,kjære,,,,,"['Cancelliraad Hegel', 'Evens', 'La Cour', 'Sonne']","['Rom', 'Sorent', 'Genazzano', 'Olevano', 'Subiaco', 'Cerrano', 'Tivoli']",['Foreningens Kasse'],"['min Bog', 'et nyt Skuespil']"
367,0,klare,,,,,"['Cancelliraad Hegel', 'Evens', 'La Cour', 'Sonne']","['Rom', 'Sorent', 'Genazzano', 'Olevano', 'Subiaco', 'Cerrano', 'Tivoli']",['Foreningens Kasse'],"['min Bog', 'et nyt Skuespil']"
368,0,prægtige,,,,,"['Cancelliraad Hegel', 'Evens', 'La Cour', 'Sonne']","['Rom', 'Sorent', 'Genazzano', 'Olevano', 'Subiaco', 'Cerrano', 'Tivoli']",['Foreningens Kasse'],"['min Bog', 'et nyt Skuespil']"
369,0,"Ven,",,,,,"['Cancelliraad Hegel', 'Evens', 'La Cour', 'Sonne']","['Rom', 'Sorent', 'Genazzano', 'Olevano', 'Subiaco', 'Cerrano', 'Tivoli']",['Foreningens Kasse'],"['min Bog', 'et nyt Skuespil']"
370,0,og,,,,,"['Cancelliraad Hegel', 'Evens', 'La Cour', 'Sonne']","['Rom', 'Sorent', 'Genazzano', 'Olevano', 'Subiaco', 'Cerrano', 'Tivoli']",['Foreningens Kasse'],"['min Bog', 'et nyt Skuespil']"
371,0,skriv,,,,,"['Cancelliraad Hegel', 'Evens', 'La Cour', 'Sonne']","['Rom', 'Sorent', 'Genazzano', 'Olevano', 'Subiaco', 'Cerrano', 'Tivoli']",['Foreningens Kasse'],"['min Bog', 'et nyt Skuespil']"
372,0,snart,,,,,"['Cancelliraad Hegel', 'Evens', 'La Cour', 'Sonne']","['Rom', 'Sorent', 'Genazzano', 'Olevano', 'Subiaco', 'Cerrano', 'Tivoli']",['Foreningens Kasse'],"['min Bog', 'et nyt Skuespil']"
373,0,till,,,,,"['Cancelliraad Hegel', 'Evens', 'La Cour', 'Sonne']","['Rom', 'Sorent', 'Genazzano', 'Olevano', 'Subiaco', 'Cerrano', 'Tivoli']",['Foreningens Kasse'],"['min Bog', 'et nyt Skuespil']"
