,,0,human_annotation,who,dacy_medium,spacy_trf,person,place,org,work
0,0,Først,,,,,"['Grieg', 'herr Josephson', 'professor Molbech', 'min hustru']",[],['theatrets'],['«Peer Gynt»']
1,0,igår,,,,,"['Grieg', 'herr Josephson', 'professor Molbech', 'min hustru']",[],['theatrets'],['«Peer Gynt»']
2,0,aftes,,,,,"['Grieg', 'herr Josephson', 'professor Molbech', 'min hustru']",[],['theatrets'],['«Peer Gynt»']
3,0,modtog,,,,,"['Grieg', 'herr Josephson', 'professor Molbech', 'min hustru']",[],['theatrets'],['«Peer Gynt»']
4,0,jeg,,,,,"['Grieg', 'herr Josephson', 'professor Molbech', 'min hustru']",[],['theatrets'],['«Peer Gynt»']
5,0,"her,",,,,,"['Grieg', 'herr Josephson', 'professor Molbech', 'min hustru']",[],['theatrets'],['«Peer Gynt»']
6,0,højt,,,,,"['Grieg', 'herr Josephson', 'professor Molbech', 'min hustru']",[],['theatrets'],['«Peer Gynt»']
7,0,oppe,,,,,"['Grieg', 'herr Josephson', 'professor Molbech', 'min hustru']",[],['theatrets'],['«Peer Gynt»']
8,0,mellem,,,,,"['Grieg', 'herr Josephson', 'professor Molbech', 'min hustru']",[],['theatrets'],['«Peer Gynt»']
9,0,"fjeldene,",,,,,"['Grieg', 'herr Josephson', 'professor Molbech', 'min hustru']",[],['theatrets'],['«Peer Gynt»']
10,0,hvor,,,,,"['Grieg', 'herr Josephson', 'professor Molbech', 'min hustru']",[],['theatrets'],['«Peer Gynt»']
11,0,jeg,,,,,"['Grieg', 'herr Josephson', 'professor Molbech', 'min hustru']",[],['theatrets'],['«Peer Gynt»']
12,0,tilbringer,,,,,"['Grieg', 'herr Josephson', 'professor Molbech', 'min hustru']",[],['theatrets'],['«Peer Gynt»']
13,0,"sommeren,",,,,,"['Grieg', 'herr Josephson', 'professor Molbech', 'min hustru']",[],['theatrets'],['«Peer Gynt»']
14,0,dit,,,,,"['Grieg', 'herr Josephson', 'professor Molbech', 'min hustru']",[],['theatrets'],['«Peer Gynt»']
15,0,venskabelige,,,,,"['Grieg', 'herr Josephson', 'professor Molbech', 'min hustru']",[],['theatrets'],['«Peer Gynt»']
16,0,"brev,",,,,,"['Grieg', 'herr Josephson', 'professor Molbech', 'min hustru']",[],['theatrets'],['«Peer Gynt»']
17,0,hvilket,,,,,"['Grieg', 'herr Josephson', 'professor Molbech', 'min hustru']",[],['theatrets'],['«Peer Gynt»']
18,0,jeg,,,,,"['Grieg', 'herr Josephson', 'professor Molbech', 'min hustru']",[],['theatrets'],['«Peer Gynt»']
19,0,herved,,,,,"['Grieg', 'herr Josephson', 'professor Molbech', 'min hustru']",[],['theatrets'],['«Peer Gynt»']
20,0,skynder,,,,,"['Grieg', 'herr Josephson', 'professor Molbech', 'min hustru']",[],['theatrets'],['«Peer Gynt»']
21,0,mig,,,,,"['Grieg', 'herr Josephson', 'professor Molbech', 'min hustru']",[],['theatrets'],['«Peer Gynt»']
22,0,at,,,,,"['Grieg', 'herr Josephson', 'professor Molbech', 'min hustru']",[],['theatrets'],['«Peer Gynt»']
23,0,besvare.At,,,,,"['Grieg', 'herr Josephson', 'professor Molbech', 'min hustru']",[],['theatrets'],['«Peer Gynt»']
24,0,«Peer,,,,,"['Grieg', 'herr Josephson', 'professor Molbech', 'min hustru']",[],['theatrets'],['«Peer Gynt»']
25,0,Gynt»,,,,,"['Grieg', 'herr Josephson', 'professor Molbech', 'min hustru']",[],['theatrets'],['«Peer Gynt»']
26,0,kun,,,,,"['Grieg', 'herr Josephson', 'professor Molbech', 'min hustru']",[],['theatrets'],['«Peer Gynt»']
27,0,i,,,,,"['Grieg', 'herr Josephson', 'professor Molbech', 'min hustru']",[],['theatrets'],['«Peer Gynt»']
28,0,forkortet,,,,,"['Grieg', 'herr Josephson', 'professor Molbech', 'min hustru']",[],['theatrets'],['«Peer Gynt»']
29,0,skikkelse,,,,,"['Grieg', 'herr Josephson', 'professor Molbech', 'min hustru']",[],['theatrets'],['«Peer Gynt»']
30,0,kan,,,,,"['Grieg', 'herr Josephson', 'professor Molbech', 'min hustru']",[],['theatrets'],['«Peer Gynt»']
31,0,bringes,,,,,"['Grieg', 'herr Josephson', 'professor Molbech', 'min hustru']",[],['theatrets'],['«Peer Gynt»']
32,0,på,,,,,"['Grieg', 'herr Josephson', 'professor Molbech', 'min hustru']",[],['theatrets'],['«Peer Gynt»']
33,0,"scenen,",,,,,"['Grieg', 'herr Josephson', 'professor Molbech', 'min hustru']",[],['theatrets'],['«Peer Gynt»']
34,0,er,,,,,"['Grieg', 'herr Josephson', 'professor Molbech', 'min hustru']",[],['theatrets'],['«Peer Gynt»']
35,0,en,,,,,"['Grieg', 'herr Josephson', 'professor Molbech', 'min hustru']",[],['theatrets'],['«Peer Gynt»']
36,0,selvfølge.,,,,,"['Grieg', 'herr Josephson', 'professor Molbech', 'min hustru']",[],['theatrets'],['«Peer Gynt»']
37,0,Da,,,,,"['Grieg', 'herr Josephson', 'professor Molbech', 'min hustru']",[],['theatrets'],['«Peer Gynt»']
38,0,jeg,,,,,"['Grieg', 'herr Josephson', 'professor Molbech', 'min hustru']",[],['theatrets'],['«Peer Gynt»']
39,0,første,,,,,"['Grieg', 'herr Josephson', 'professor Molbech', 'min hustru']",[],['theatrets'],['«Peer Gynt»']
40,0,gang,,,,,"['Grieg', 'herr Josephson', 'professor Molbech', 'min hustru']",[],['theatrets'],['«Peer Gynt»']
41,0,tilskrev,,,,,"['Grieg', 'herr Josephson', 'professor Molbech', 'min hustru']",[],['theatrets'],['«Peer Gynt»']
42,0,Grieg,,,,,"['Grieg', 'herr Josephson', 'professor Molbech', 'min hustru']",[],['theatrets'],['«Peer Gynt»']
43,0,angående,,,,,"['Grieg', 'herr Josephson', 'professor Molbech', 'min hustru']",[],['theatrets'],['«Peer Gynt»']
44,0,"musiken,",,,,,"['Grieg', 'herr Josephson', 'professor Molbech', 'min hustru']",[],['theatrets'],['«Peer Gynt»']
45,0,udviklede,,,,,"['Grieg', 'herr Josephson', 'professor Molbech', 'min hustru']",[],['theatrets'],['«Peer Gynt»']
46,0,jeg,,,,,"['Grieg', 'herr Josephson', 'professor Molbech', 'min hustru']",[],['theatrets'],['«Peer Gynt»']
47,0,for,,,,,"['Grieg', 'herr Josephson', 'professor Molbech', 'min hustru']",[],['theatrets'],['«Peer Gynt»']
48,0,ham,,,,,"['Grieg', 'herr Josephson', 'professor Molbech', 'min hustru']",[],['theatrets'],['«Peer Gynt»']
49,0,hvorledes,,,,,"['Grieg', 'herr Josephson', 'professor Molbech', 'min hustru']",[],['theatrets'],['«Peer Gynt»']
50,0,jeg,,,,,"['Grieg', 'herr Josephson', 'professor Molbech', 'min hustru']",[],['theatrets'],['«Peer Gynt»']
51,0,havde,,,,,"['Grieg', 'herr Josephson', 'professor Molbech', 'min hustru']",[],['theatrets'],['«Peer Gynt»']
52,0,tænkt,,,,,"['Grieg', 'herr Josephson', 'professor Molbech', 'min hustru']",[],['theatrets'],['«Peer Gynt»']
53,0,mig,,,,,"['Grieg', 'herr Josephson', 'professor Molbech', 'min hustru']",[],['theatrets'],['«Peer Gynt»']
54,0,at,,,,,"['Grieg', 'herr Josephson', 'professor Molbech', 'min hustru']",[],['theatrets'],['«Peer Gynt»']
55,0,fjerde,,,,,"['Grieg', 'herr Josephson', 'professor Molbech', 'min hustru']",[],['theatrets'],['«Peer Gynt»']
56,0,akt,,,,,"['Grieg', 'herr Josephson', 'professor Molbech', 'min hustru']",[],['theatrets'],['«Peer Gynt»']
57,0,burde,,,,,"['Grieg', 'herr Josephson', 'professor Molbech', 'min hustru']",[],['theatrets'],['«Peer Gynt»']
58,0,erstattes,,,,,"['Grieg', 'herr Josephson', 'professor Molbech', 'min hustru']",[],['theatrets'],['«Peer Gynt»']
59,0,ved,,,,,"['Grieg', 'herr Josephson', 'professor Molbech', 'min hustru']",[],['theatrets'],['«Peer Gynt»']
60,0,et,,,,,"['Grieg', 'herr Josephson', 'professor Molbech', 'min hustru']",[],['theatrets'],['«Peer Gynt»']
61,0,"tonemaleri,",,,,,"['Grieg', 'herr Josephson', 'professor Molbech', 'min hustru']",[],['theatrets'],['«Peer Gynt»']
62,0,der,,,,,"['Grieg', 'herr Josephson', 'professor Molbech', 'min hustru']",[],['theatrets'],['«Peer Gynt»']
63,0,antydede,,,,,"['Grieg', 'herr Josephson', 'professor Molbech', 'min hustru']",[],['theatrets'],['«Peer Gynt»']
64,0,indholdet,,,,,"['Grieg', 'herr Josephson', 'professor Molbech', 'min hustru']",[],['theatrets'],['«Peer Gynt»']
65,0,og,,,,,"['Grieg', 'herr Josephson', 'professor Molbech', 'min hustru']",[],['theatrets'],['«Peer Gynt»']
66,0,som,,,,,"['Grieg', 'herr Josephson', 'professor Molbech', 'min hustru']",[],['theatrets'],['«Peer Gynt»']
67,0,ledsagedes,,,,,"['Grieg', 'herr Josephson', 'professor Molbech', 'min hustru']",[],['theatrets'],['«Peer Gynt»']
68,0,af,,,,,"['Grieg', 'herr Josephson', 'professor Molbech', 'min hustru']",[],['theatrets'],['«Peer Gynt»']
69,0,et,,,,,"['Grieg', 'herr Josephson', 'professor Molbech', 'min hustru']",[],['theatrets'],['«Peer Gynt»']
70,0,par,,,,,"['Grieg', 'herr Josephson', 'professor Molbech', 'min hustru']",[],['theatrets'],['«Peer Gynt»']
71,0,levende,,,,,"['Grieg', 'herr Josephson', 'professor Molbech', 'min hustru']",[],['theatrets'],['«Peer Gynt»']
72,0,billeder,,,,,"['Grieg', 'herr Josephson', 'professor Molbech', 'min hustru']",[],['theatrets'],['«Peer Gynt»']
73,0,eller,,,,,"['Grieg', 'herr Josephson', 'professor Molbech', 'min hustru']",[],['theatrets'],['«Peer Gynt»']
74,0,tableaux,,,,,"['Grieg', 'herr Josephson', 'professor Molbech', 'min hustru']",[],['theatrets'],['«Peer Gynt»']
75,0,forestillende,,,,,"['Grieg', 'herr Josephson', 'professor Molbech', 'min hustru']",[],['theatrets'],['«Peer Gynt»']
76,0,de,,,,,"['Grieg', 'herr Josephson', 'professor Molbech', 'min hustru']",[],['theatrets'],['«Peer Gynt»']
77,0,dertil,,,,,"['Grieg', 'herr Josephson', 'professor Molbech', 'min hustru']",[],['theatrets'],['«Peer Gynt»']
78,0,mest,,,,,"['Grieg', 'herr Josephson', 'professor Molbech', 'min hustru']",[],['theatrets'],['«Peer Gynt»']
79,0,passende,,,,,"['Grieg', 'herr Josephson', 'professor Molbech', 'min hustru']",[],['theatrets'],['«Peer Gynt»']
80,0,situationer,,,,,"['Grieg', 'herr Josephson', 'professor Molbech', 'min hustru']",[],['theatrets'],['«Peer Gynt»']
81,0,i,,,,,"['Grieg', 'herr Josephson', 'professor Molbech', 'min hustru']",[],['theatrets'],['«Peer Gynt»']
82,0,den,,,,,"['Grieg', 'herr Josephson', 'professor Molbech', 'min hustru']",[],['theatrets'],['«Peer Gynt»']
83,0,udeladte,,,,,"['Grieg', 'herr Josephson', 'professor Molbech', 'min hustru']",[],['theatrets'],['«Peer Gynt»']
84,0,"akt,",,,,,"['Grieg', 'herr Josephson', 'professor Molbech', 'min hustru']",[],['theatrets'],['«Peer Gynt»']
85,0,f:,,,,,"['Grieg', 'herr Josephson', 'professor Molbech', 'min hustru']",[],['theatrets'],['«Peer Gynt»']
86,0,ex:,,,,,"['Grieg', 'herr Josephson', 'professor Molbech', 'min hustru']",[],['theatrets'],['«Peer Gynt»']
87,0,Peer,,,,,"['Grieg', 'herr Josephson', 'professor Molbech', 'min hustru']",[],['theatrets'],['«Peer Gynt»']
88,0,Gynt,,,,,"['Grieg', 'herr Josephson', 'professor Molbech', 'min hustru']",[],['theatrets'],['«Peer Gynt»']
89,0,og,,,,,"['Grieg', 'herr Josephson', 'professor Molbech', 'min hustru']",[],['theatrets'],['«Peer Gynt»']
90,0,"araberpigerne,",,,,,"['Grieg', 'herr Josephson', 'professor Molbech', 'min hustru']",[],['theatrets'],['«Peer Gynt»']
91,0,Solvejg,,,,,"['Grieg', 'herr Josephson', 'professor Molbech', 'min hustru']",[],['theatrets'],['«Peer Gynt»']
92,0,ventende,,,,,"['Grieg', 'herr Josephson', 'professor Molbech', 'min hustru']",[],['theatrets'],['«Peer Gynt»']
93,0,hjemme,,,,,"['Grieg', 'herr Josephson', 'professor Molbech', 'min hustru']",[],['theatrets'],['«Peer Gynt»']
94,0,ved,,,,,"['Grieg', 'herr Josephson', 'professor Molbech', 'min hustru']",[],['theatrets'],['«Peer Gynt»']
95,0,hytten,,,,,"['Grieg', 'herr Josephson', 'professor Molbech', 'min hustru']",[],['theatrets'],['«Peer Gynt»']
96,0,o.,,,,,"['Grieg', 'herr Josephson', 'professor Molbech', 'min hustru']",[],['theatrets'],['«Peer Gynt»']
97,0,s.,,,,,"['Grieg', 'herr Josephson', 'professor Molbech', 'min hustru']",[],['theatrets'],['«Peer Gynt»']
98,0,v.,,,,,"['Grieg', 'herr Josephson', 'professor Molbech', 'min hustru']",[],['theatrets'],['«Peer Gynt»']
99,0,–,,,,,"['Grieg', 'herr Josephson', 'professor Molbech', 'min hustru']",[],['theatrets'],['«Peer Gynt»']
100,0,Denne,,,,,"['Grieg', 'herr Josephson', 'professor Molbech', 'min hustru']",[],['theatrets'],['«Peer Gynt»']
101,0,plan,,,,,"['Grieg', 'herr Josephson', 'professor Molbech', 'min hustru']",[],['theatrets'],['«Peer Gynt»']
102,0,meddelte,,,,,"['Grieg', 'herr Josephson', 'professor Molbech', 'min hustru']",[],['theatrets'],['«Peer Gynt»']
103,0,jeg,,,,,"['Grieg', 'herr Josephson', 'professor Molbech', 'min hustru']",[],['theatrets'],['«Peer Gynt»']
104,0,herr,,,,,"['Grieg', 'herr Josephson', 'professor Molbech', 'min hustru']",[],['theatrets'],['«Peer Gynt»']
105,0,"Josephson,",,,,,"['Grieg', 'herr Josephson', 'professor Molbech', 'min hustru']",[],['theatrets'],['«Peer Gynt»']
106,0,men,,,,,"['Grieg', 'herr Josephson', 'professor Molbech', 'min hustru']",[],['theatrets'],['«Peer Gynt»']
107,0,han,,,,,"['Grieg', 'herr Josephson', 'professor Molbech', 'min hustru']",[],['theatrets'],['«Peer Gynt»']
108,0,var,,,,,"['Grieg', 'herr Josephson', 'professor Molbech', 'min hustru']",[],['theatrets'],['«Peer Gynt»']
109,0,ikke,,,,,"['Grieg', 'herr Josephson', 'professor Molbech', 'min hustru']",[],['theatrets'],['«Peer Gynt»']
110,0,enig,,,,,"['Grieg', 'herr Josephson', 'professor Molbech', 'min hustru']",[],['theatrets'],['«Peer Gynt»']
111,0,med,,,,,"['Grieg', 'herr Josephson', 'professor Molbech', 'min hustru']",[],['theatrets'],['«Peer Gynt»']
112,0,mig,,,,,"['Grieg', 'herr Josephson', 'professor Molbech', 'min hustru']",[],['theatrets'],['«Peer Gynt»']
113,0,deri;,,,,,"['Grieg', 'herr Josephson', 'professor Molbech', 'min hustru']",[],['theatrets'],['«Peer Gynt»']
114,0,hvorimod,,,,,"['Grieg', 'herr Josephson', 'professor Molbech', 'min hustru']",[],['theatrets'],['«Peer Gynt»']
115,0,han,,,,,"['Grieg', 'herr Josephson', 'professor Molbech', 'min hustru']",[],['theatrets'],['«Peer Gynt»']
116,0,forelagde,,,,,"['Grieg', 'herr Josephson', 'professor Molbech', 'min hustru']",[],['theatrets'],['«Peer Gynt»']
117,0,mig,,,,,"['Grieg', 'herr Josephson', 'professor Molbech', 'min hustru']",[],['theatrets'],['«Peer Gynt»']
118,0,et,,,,,"['Grieg', 'herr Josephson', 'professor Molbech', 'min hustru']",[],['theatrets'],['«Peer Gynt»']
119,0,forslag,,,,,"['Grieg', 'herr Josephson', 'professor Molbech', 'min hustru']",[],['theatrets'],['«Peer Gynt»']
120,0,til,,,,,"['Grieg', 'herr Josephson', 'professor Molbech', 'min hustru']",[],['theatrets'],['«Peer Gynt»']
121,0,strygninger,,,,,"['Grieg', 'herr Josephson', 'professor Molbech', 'min hustru']",[],['theatrets'],['«Peer Gynt»']
122,0,i,,,,,"['Grieg', 'herr Josephson', 'professor Molbech', 'min hustru']",[],['theatrets'],['«Peer Gynt»']
123,0,"replikkerne,",,,,,"['Grieg', 'herr Josephson', 'professor Molbech', 'min hustru']",[],['theatrets'],['«Peer Gynt»']
124,0,hvilke,,,,,"['Grieg', 'herr Josephson', 'professor Molbech', 'min hustru']",[],['theatrets'],['«Peer Gynt»']
125,0,strygninger,,,,,"['Grieg', 'herr Josephson', 'professor Molbech', 'min hustru']",[],['theatrets'],['«Peer Gynt»']
126,0,forekom,,,,,"['Grieg', 'herr Josephson', 'professor Molbech', 'min hustru']",[],['theatrets'],['«Peer Gynt»']
127,0,mig,,,,,"['Grieg', 'herr Josephson', 'professor Molbech', 'min hustru']",[],['theatrets'],['«Peer Gynt»']
128,0,foretagne,,,,,"['Grieg', 'herr Josephson', 'professor Molbech', 'min hustru']",[],['theatrets'],['«Peer Gynt»']
129,0,med,,,,,"['Grieg', 'herr Josephson', 'professor Molbech', 'min hustru']",[],['theatrets'],['«Peer Gynt»']
130,0,megen,,,,,"['Grieg', 'herr Josephson', 'professor Molbech', 'min hustru']",[],['theatrets'],['«Peer Gynt»']
131,0,skønsomhed,,,,,"['Grieg', 'herr Josephson', 'professor Molbech', 'min hustru']",[],['theatrets'],['«Peer Gynt»']
132,0,og,,,,,"['Grieg', 'herr Josephson', 'professor Molbech', 'min hustru']",[],['theatrets'],['«Peer Gynt»']
133,0,hvortil,,,,,"['Grieg', 'herr Josephson', 'professor Molbech', 'min hustru']",[],['theatrets'],['«Peer Gynt»']
134,0,jeg,,,,,"['Grieg', 'herr Josephson', 'professor Molbech', 'min hustru']",[],['theatrets'],['«Peer Gynt»']
135,0,gav,,,,,"['Grieg', 'herr Josephson', 'professor Molbech', 'min hustru']",[],['theatrets'],['«Peer Gynt»']
136,0,mit,,,,,"['Grieg', 'herr Josephson', 'professor Molbech', 'min hustru']",[],['theatrets'],['«Peer Gynt»']
137,0,samtykke.Hvilken,,,,,"['Grieg', 'herr Josephson', 'professor Molbech', 'min hustru']",[],['theatrets'],['«Peer Gynt»']
138,0,af,,,,,"['Grieg', 'herr Josephson', 'professor Molbech', 'min hustru']",[],['theatrets'],['«Peer Gynt»']
139,0,begge,,,,,"['Grieg', 'herr Josephson', 'professor Molbech', 'min hustru']",[],['theatrets'],['«Peer Gynt»']
140,0,fremgangsmåder,,,,,"['Grieg', 'herr Josephson', 'professor Molbech', 'min hustru']",[],['theatrets'],['«Peer Gynt»']
141,0,der,,,,,"['Grieg', 'herr Josephson', 'professor Molbech', 'min hustru']",[],['theatrets'],['«Peer Gynt»']
142,0,er,,,,,"['Grieg', 'herr Josephson', 'professor Molbech', 'min hustru']",[],['theatrets'],['«Peer Gynt»']
143,0,at,,,,,"['Grieg', 'herr Josephson', 'professor Molbech', 'min hustru']",[],['theatrets'],['«Peer Gynt»']
144,0,"foretrække,",,,,,"['Grieg', 'herr Josephson', 'professor Molbech', 'min hustru']",[],['theatrets'],['«Peer Gynt»']
145,0,drister,,,,,"['Grieg', 'herr Josephson', 'professor Molbech', 'min hustru']",[],['theatrets'],['«Peer Gynt»']
146,0,jeg,,,,,"['Grieg', 'herr Josephson', 'professor Molbech', 'min hustru']",[],['theatrets'],['«Peer Gynt»']
147,0,mig,,,,,"['Grieg', 'herr Josephson', 'professor Molbech', 'min hustru']",[],['theatrets'],['«Peer Gynt»']
148,0,her,,,,,"['Grieg', 'herr Josephson', 'professor Molbech', 'min hustru']",[],['theatrets'],['«Peer Gynt»']
149,0,i,,,,,"['Grieg', 'herr Josephson', 'professor Molbech', 'min hustru']",[],['theatrets'],['«Peer Gynt»']
150,0,frastand,,,,,"['Grieg', 'herr Josephson', 'professor Molbech', 'min hustru']",[],['theatrets'],['«Peer Gynt»']
151,0,ikke,,,,,"['Grieg', 'herr Josephson', 'professor Molbech', 'min hustru']",[],['theatrets'],['«Peer Gynt»']
152,0,til,,,,,"['Grieg', 'herr Josephson', 'professor Molbech', 'min hustru']",[],['theatrets'],['«Peer Gynt»']
153,0,at,,,,,"['Grieg', 'herr Josephson', 'professor Molbech', 'min hustru']",[],['theatrets'],['«Peer Gynt»']
154,0,afgøre.,,,,,"['Grieg', 'herr Josephson', 'professor Molbech', 'min hustru']",[],['theatrets'],['«Peer Gynt»']
155,0,Jeg,,,,,"['Grieg', 'herr Josephson', 'professor Molbech', 'min hustru']",[],['theatrets'],['«Peer Gynt»']
156,0,vil,,,,,"['Grieg', 'herr Josephson', 'professor Molbech', 'min hustru']",[],['theatrets'],['«Peer Gynt»']
157,0,helst,,,,,"['Grieg', 'herr Josephson', 'professor Molbech', 'min hustru']",[],['theatrets'],['«Peer Gynt»']
158,0,at,,,,,"['Grieg', 'herr Josephson', 'professor Molbech', 'min hustru']",[],['theatrets'],['«Peer Gynt»']
159,0,Du,,,,,"['Grieg', 'herr Josephson', 'professor Molbech', 'min hustru']",[],['theatrets'],['«Peer Gynt»']
160,0,og,,,,,"['Grieg', 'herr Josephson', 'professor Molbech', 'min hustru']",[],['theatrets'],['«Peer Gynt»']
161,0,herr,,,,,"['Grieg', 'herr Josephson', 'professor Molbech', 'min hustru']",[],['theatrets'],['«Peer Gynt»']
162,0,Josephson,,,,,"['Grieg', 'herr Josephson', 'professor Molbech', 'min hustru']",[],['theatrets'],['«Peer Gynt»']
163,0,skal,,,,,"['Grieg', 'herr Josephson', 'professor Molbech', 'min hustru']",[],['theatrets'],['«Peer Gynt»']
164,0,drøfte,,,,,"['Grieg', 'herr Josephson', 'professor Molbech', 'min hustru']",[],['theatrets'],['«Peer Gynt»']
165,0,og,,,,,"['Grieg', 'herr Josephson', 'professor Molbech', 'min hustru']",[],['theatrets'],['«Peer Gynt»']
166,0,afgøre,,,,,"['Grieg', 'herr Josephson', 'professor Molbech', 'min hustru']",[],['theatrets'],['«Peer Gynt»']
167,0,sagen.,,,,,"['Grieg', 'herr Josephson', 'professor Molbech', 'min hustru']",[],['theatrets'],['«Peer Gynt»']
168,0,Han,,,,,"['Grieg', 'herr Josephson', 'professor Molbech', 'min hustru']",[],['theatrets'],['«Peer Gynt»']
169,0,har,,,,,"['Grieg', 'herr Josephson', 'professor Molbech', 'min hustru']",[],['theatrets'],['«Peer Gynt»']
170,0,forsikret,,,,,"['Grieg', 'herr Josephson', 'professor Molbech', 'min hustru']",[],['theatrets'],['«Peer Gynt»']
171,0,mig,,,,,"['Grieg', 'herr Josephson', 'professor Molbech', 'min hustru']",[],['theatrets'],['«Peer Gynt»']
172,0,at,,,,,"['Grieg', 'herr Josephson', 'professor Molbech', 'min hustru']",[],['theatrets'],['«Peer Gynt»']
173,0,såfremt,,,,,"['Grieg', 'herr Josephson', 'professor Molbech', 'min hustru']",[],['theatrets'],['«Peer Gynt»']
174,0,hans,,,,,"['Grieg', 'herr Josephson', 'professor Molbech', 'min hustru']",[],['theatrets'],['«Peer Gynt»']
175,0,intention,,,,,"['Grieg', 'herr Josephson', 'professor Molbech', 'min hustru']",[],['theatrets'],['«Peer Gynt»']
176,0,"befølges,",,,,,"['Grieg', 'herr Josephson', 'professor Molbech', 'min hustru']",[],['theatrets'],['«Peer Gynt»']
177,0,vil,,,,,"['Grieg', 'herr Josephson', 'professor Molbech', 'min hustru']",[],['theatrets'],['«Peer Gynt»']
178,0,stykket,,,,,"['Grieg', 'herr Josephson', 'professor Molbech', 'min hustru']",[],['theatrets'],['«Peer Gynt»']
179,0,blive,,,,,"['Grieg', 'herr Josephson', 'professor Molbech', 'min hustru']",[],['theatrets'],['«Peer Gynt»']
180,0,et,,,,,"['Grieg', 'herr Josephson', 'professor Molbech', 'min hustru']",[],['theatrets'],['«Peer Gynt»']
181,0,yndet,,,,,"['Grieg', 'herr Josephson', 'professor Molbech', 'min hustru']",[],['theatrets'],['«Peer Gynt»']
182,0,folke-,,,,,"['Grieg', 'herr Josephson', 'professor Molbech', 'min hustru']",[],['theatrets'],['«Peer Gynt»']
183,0,og,,,,,"['Grieg', 'herr Josephson', 'professor Molbech', 'min hustru']",[],['theatrets'],['«Peer Gynt»']
184,0,kasse-stykke.,,,,,"['Grieg', 'herr Josephson', 'professor Molbech', 'min hustru']",[],['theatrets'],['«Peer Gynt»']
185,0,Jeg,,,,,"['Grieg', 'herr Josephson', 'professor Molbech', 'min hustru']",[],['theatrets'],['«Peer Gynt»']
186,0,vil,,,,,"['Grieg', 'herr Josephson', 'professor Molbech', 'min hustru']",[],['theatrets'],['«Peer Gynt»']
187,0,imidlertid,,,,,"['Grieg', 'herr Josephson', 'professor Molbech', 'min hustru']",[],['theatrets'],['«Peer Gynt»']
188,0,helst,,,,,"['Grieg', 'herr Josephson', 'professor Molbech', 'min hustru']",[],['theatrets'],['«Peer Gynt»']
189,0,stå,,,,,"['Grieg', 'herr Josephson', 'professor Molbech', 'min hustru']",[],['theatrets'],['«Peer Gynt»']
190,0,udenfor,,,,,"['Grieg', 'herr Josephson', 'professor Molbech', 'min hustru']",[],['theatrets'],['«Peer Gynt»']
191,0,det,,,,,"['Grieg', 'herr Josephson', 'professor Molbech', 'min hustru']",[],['theatrets'],['«Peer Gynt»']
192,0,hele,,,,,"['Grieg', 'herr Josephson', 'professor Molbech', 'min hustru']",[],['theatrets'],['«Peer Gynt»']
193,0,og,,,,,"['Grieg', 'herr Josephson', 'professor Molbech', 'min hustru']",[],['theatrets'],['«Peer Gynt»']
194,0,er,,,,,"['Grieg', 'herr Josephson', 'professor Molbech', 'min hustru']",[],['theatrets'],['«Peer Gynt»']
195,0,tilfreds,,,,,"['Grieg', 'herr Josephson', 'professor Molbech', 'min hustru']",[],['theatrets'],['«Peer Gynt»']
196,0,når,,,,,"['Grieg', 'herr Josephson', 'professor Molbech', 'min hustru']",[],['theatrets'],['«Peer Gynt»']
197,0,der,,,,,"['Grieg', 'herr Josephson', 'professor Molbech', 'min hustru']",[],['theatrets'],['«Peer Gynt»']
198,0,kun,,,,,"['Grieg', 'herr Josephson', 'professor Molbech', 'min hustru']",[],['theatrets'],['«Peer Gynt»']
199,0,sørges,,,,,"['Grieg', 'herr Josephson', 'professor Molbech', 'min hustru']",[],['theatrets'],['«Peer Gynt»']
200,0,for,,,,,"['Grieg', 'herr Josephson', 'professor Molbech', 'min hustru']",[],['theatrets'],['«Peer Gynt»']
201,0,at,,,,,"['Grieg', 'herr Josephson', 'professor Molbech', 'min hustru']",[],['theatrets'],['«Peer Gynt»']
202,0,forestillingen,,,,,"['Grieg', 'herr Josephson', 'professor Molbech', 'min hustru']",[],['theatrets'],['«Peer Gynt»']
203,0,indskrænkes,,,,,"['Grieg', 'herr Josephson', 'professor Molbech', 'min hustru']",[],['theatrets'],['«Peer Gynt»']
204,0,til,,,,,"['Grieg', 'herr Josephson', 'professor Molbech', 'min hustru']",[],['theatrets'],['«Peer Gynt»']
205,0,en,,,,,"['Grieg', 'herr Josephson', 'professor Molbech', 'min hustru']",[],['theatrets'],['«Peer Gynt»']
206,0,passende,,,,,"['Grieg', 'herr Josephson', 'professor Molbech', 'min hustru']",[],['theatrets'],['«Peer Gynt»']
207,0,længde;,,,,,"['Grieg', 'herr Josephson', 'professor Molbech', 'min hustru']",[],['theatrets'],['«Peer Gynt»']
208,0,thi,,,,,"['Grieg', 'herr Josephson', 'professor Molbech', 'min hustru']",[],['theatrets'],['«Peer Gynt»']
209,0,i,,,,,"['Grieg', 'herr Josephson', 'professor Molbech', 'min hustru']",[],['theatrets'],['«Peer Gynt»']
210,0,modsat,,,,,"['Grieg', 'herr Josephson', 'professor Molbech', 'min hustru']",[],['theatrets'],['«Peer Gynt»']
211,0,fald,,,,,"['Grieg', 'herr Josephson', 'professor Molbech', 'min hustru']",[],['theatrets'],['«Peer Gynt»']
212,0,er,,,,,"['Grieg', 'herr Josephson', 'professor Molbech', 'min hustru']",[],['theatrets'],['«Peer Gynt»']
213,0,alt,,,,,"['Grieg', 'herr Josephson', 'professor Molbech', 'min hustru']",[],['theatrets'],['«Peer Gynt»']
214,0,ødelagt.,,,,,"['Grieg', 'herr Josephson', 'professor Molbech', 'min hustru']",[],['theatrets'],['«Peer Gynt»']
215,0,Jeg,,,,,"['Grieg', 'herr Josephson', 'professor Molbech', 'min hustru']",[],['theatrets'],['«Peer Gynt»']
216,0,beder,,,,,"['Grieg', 'herr Josephson', 'professor Molbech', 'min hustru']",[],['theatrets'],['«Peer Gynt»']
217,0,altså,,,,,"['Grieg', 'herr Josephson', 'professor Molbech', 'min hustru']",[],['theatrets'],['«Peer Gynt»']
218,0,theatrets,,,,,"['Grieg', 'herr Josephson', 'professor Molbech', 'min hustru']",[],['theatrets'],['«Peer Gynt»']
219,0,autoriteter,,,,,"['Grieg', 'herr Josephson', 'professor Molbech', 'min hustru']",[],['theatrets'],['«Peer Gynt»']
220,0,om,,,,,"['Grieg', 'herr Josephson', 'professor Molbech', 'min hustru']",[],['theatrets'],['«Peer Gynt»']
221,0,at,,,,,"['Grieg', 'herr Josephson', 'professor Molbech', 'min hustru']",[],['theatrets'],['«Peer Gynt»']
222,0,handle,,,,,"['Grieg', 'herr Josephson', 'professor Molbech', 'min hustru']",[],['theatrets'],['«Peer Gynt»']
223,0,efter,,,,,"['Grieg', 'herr Josephson', 'professor Molbech', 'min hustru']",[],['theatrets'],['«Peer Gynt»']
224,0,bedste,,,,,"['Grieg', 'herr Josephson', 'professor Molbech', 'min hustru']",[],['theatrets'],['«Peer Gynt»']
225,0,skøn;,,,,,"['Grieg', 'herr Josephson', 'professor Molbech', 'min hustru']",[],['theatrets'],['«Peer Gynt»']
226,0,der,,,,,"['Grieg', 'herr Josephson', 'professor Molbech', 'min hustru']",[],['theatrets'],['«Peer Gynt»']
227,0,er,,,,,"['Grieg', 'herr Josephson', 'professor Molbech', 'min hustru']",[],['theatrets'],['«Peer Gynt»']
228,0,"grunde,",,,,,"['Grieg', 'herr Josephson', 'professor Molbech', 'min hustru']",[],['theatrets'],['«Peer Gynt»']
229,0,som,,,,,"['Grieg', 'herr Josephson', 'professor Molbech', 'min hustru']",[],['theatrets'],['«Peer Gynt»']
230,0,taler,,,,,"['Grieg', 'herr Josephson', 'professor Molbech', 'min hustru']",[],['theatrets'],['«Peer Gynt»']
231,0,for,,,,,"['Grieg', 'herr Josephson', 'professor Molbech', 'min hustru']",[],['theatrets'],['«Peer Gynt»']
232,0,begge,,,,,"['Grieg', 'herr Josephson', 'professor Molbech', 'min hustru']",[],['theatrets'],['«Peer Gynt»']
233,0,de,,,,,"['Grieg', 'herr Josephson', 'professor Molbech', 'min hustru']",[],['theatrets'],['«Peer Gynt»']
234,0,omskrevne,,,,,"['Grieg', 'herr Josephson', 'professor Molbech', 'min hustru']",[],['theatrets'],['«Peer Gynt»']
235,0,alternativer;,,,,,"['Grieg', 'herr Josephson', 'professor Molbech', 'min hustru']",[],['theatrets'],['«Peer Gynt»']
236,0,for,,,,,"['Grieg', 'herr Josephson', 'professor Molbech', 'min hustru']",[],['theatrets'],['«Peer Gynt»']
237,0,afgørende,,,,,"['Grieg', 'herr Josephson', 'professor Molbech', 'min hustru']",[],['theatrets'],['«Peer Gynt»']
238,0,at,,,,,"['Grieg', 'herr Josephson', 'professor Molbech', 'min hustru']",[],['theatrets'],['«Peer Gynt»']
239,0,vælge,,,,,"['Grieg', 'herr Josephson', 'professor Molbech', 'min hustru']",[],['theatrets'],['«Peer Gynt»']
240,0,mellem,,,,,"['Grieg', 'herr Josephson', 'professor Molbech', 'min hustru']",[],['theatrets'],['«Peer Gynt»']
241,0,disse,,,,,"['Grieg', 'herr Josephson', 'professor Molbech', 'min hustru']",[],['theatrets'],['«Peer Gynt»']
242,0,må,,,,,"['Grieg', 'herr Josephson', 'professor Molbech', 'min hustru']",[],['theatrets'],['«Peer Gynt»']
243,0,man,,,,,"['Grieg', 'herr Josephson', 'professor Molbech', 'min hustru']",[],['theatrets'],['«Peer Gynt»']
244,0,befinde,,,,,"['Grieg', 'herr Josephson', 'professor Molbech', 'min hustru']",[],['theatrets'],['«Peer Gynt»']
245,0,sig,,,,,"['Grieg', 'herr Josephson', 'professor Molbech', 'min hustru']",[],['theatrets'],['«Peer Gynt»']
246,0,på,,,,,"['Grieg', 'herr Josephson', 'professor Molbech', 'min hustru']",[],['theatrets'],['«Peer Gynt»']
247,0,selve,,,,,"['Grieg', 'herr Josephson', 'professor Molbech', 'min hustru']",[],['theatrets'],['«Peer Gynt»']
248,0,"stedet,",,,,,"['Grieg', 'herr Josephson', 'professor Molbech', 'min hustru']",[],['theatrets'],['«Peer Gynt»']
249,0,kende,,,,,"['Grieg', 'herr Josephson', 'professor Molbech', 'min hustru']",[],['theatrets'],['«Peer Gynt»']
250,0,den,,,,,"['Grieg', 'herr Josephson', 'professor Molbech', 'min hustru']",[],['theatrets'],['«Peer Gynt»']
251,0,påtænkte,,,,,"['Grieg', 'herr Josephson', 'professor Molbech', 'min hustru']",[],['theatrets'],['«Peer Gynt»']
252,0,"rollebesætning,",,,,,"['Grieg', 'herr Josephson', 'professor Molbech', 'min hustru']",[],['theatrets'],['«Peer Gynt»']
253,0,"vide,",,,,,"['Grieg', 'herr Josephson', 'professor Molbech', 'min hustru']",[],['theatrets'],['«Peer Gynt»']
254,0,hvad,,,,,"['Grieg', 'herr Josephson', 'professor Molbech', 'min hustru']",[],['theatrets'],['«Peer Gynt»']
255,0,theatret,,,,,"['Grieg', 'herr Josephson', 'professor Molbech', 'min hustru']",[],['theatrets'],['«Peer Gynt»']
256,0,i,,,,,"['Grieg', 'herr Josephson', 'professor Molbech', 'min hustru']",[],['theatrets'],['«Peer Gynt»']
257,0,dekorativ,,,,,"['Grieg', 'herr Josephson', 'professor Molbech', 'min hustru']",[],['theatrets'],['«Peer Gynt»']
258,0,henseende,,,,,"['Grieg', 'herr Josephson', 'professor Molbech', 'min hustru']",[],['theatrets'],['«Peer Gynt»']
259,0,har,,,,,"['Grieg', 'herr Josephson', 'professor Molbech', 'min hustru']",[],['theatrets'],['«Peer Gynt»']
260,0,at,,,,,"['Grieg', 'herr Josephson', 'professor Molbech', 'min hustru']",[],['theatrets'],['«Peer Gynt»']
261,0,råde,,,,,"['Grieg', 'herr Josephson', 'professor Molbech', 'min hustru']",[],['theatrets'],['«Peer Gynt»']
262,0,"over,",,,,,"['Grieg', 'herr Josephson', 'professor Molbech', 'min hustru']",[],['theatrets'],['«Peer Gynt»']
263,0,hvad,,,,,"['Grieg', 'herr Josephson', 'professor Molbech', 'min hustru']",[],['theatrets'],['«Peer Gynt»']
264,0,maskinmesteren,,,,,"['Grieg', 'herr Josephson', 'professor Molbech', 'min hustru']",[],['theatrets'],['«Peer Gynt»']
265,0,kan,,,,,"['Grieg', 'herr Josephson', 'professor Molbech', 'min hustru']",[],['theatrets'],['«Peer Gynt»']
266,0,"præstere,",,,,,"['Grieg', 'herr Josephson', 'professor Molbech', 'min hustru']",[],['theatrets'],['«Peer Gynt»']
267,0,o.,,,,,"['Grieg', 'herr Josephson', 'professor Molbech', 'min hustru']",[],['theatrets'],['«Peer Gynt»']
268,0,s.,,,,,"['Grieg', 'herr Josephson', 'professor Molbech', 'min hustru']",[],['theatrets'],['«Peer Gynt»']
269,0,v.Kun,,,,,"['Grieg', 'herr Josephson', 'professor Molbech', 'min hustru']",[],['theatrets'],['«Peer Gynt»']
270,0,et,,,,,"['Grieg', 'herr Josephson', 'professor Molbech', 'min hustru']",[],['theatrets'],['«Peer Gynt»']
271,0,vil,,,,,"['Grieg', 'herr Josephson', 'professor Molbech', 'min hustru']",[],['theatrets'],['«Peer Gynt»']
272,0,jeg,,,,,"['Grieg', 'herr Josephson', 'professor Molbech', 'min hustru']",[],['theatrets'],['«Peer Gynt»']
273,0,fremsætte,,,,,"['Grieg', 'herr Josephson', 'professor Molbech', 'min hustru']",[],['theatrets'],['«Peer Gynt»']
274,0,som,,,,,"['Grieg', 'herr Josephson', 'professor Molbech', 'min hustru']",[],['theatrets'],['«Peer Gynt»']
275,0,et,,,,,"['Grieg', 'herr Josephson', 'professor Molbech', 'min hustru']",[],['theatrets'],['«Peer Gynt»']
276,0,særligt,,,,,"['Grieg', 'herr Josephson', 'professor Molbech', 'min hustru']",[],['theatrets'],['«Peer Gynt»']
277,0,"ønske,",,,,,"['Grieg', 'herr Josephson', 'professor Molbech', 'min hustru']",[],['theatrets'],['«Peer Gynt»']
278,0,nemlig,,,,,"['Grieg', 'herr Josephson', 'professor Molbech', 'min hustru']",[],['theatrets'],['«Peer Gynt»']
279,0,at,,,,,"['Grieg', 'herr Josephson', 'professor Molbech', 'min hustru']",[],['theatrets'],['«Peer Gynt»']
280,0,stykket,,,,,"['Grieg', 'herr Josephson', 'professor Molbech', 'min hustru']",[],['theatrets'],['«Peer Gynt»']
281,0,bringes,,,,,"['Grieg', 'herr Josephson', 'professor Molbech', 'min hustru']",[],['theatrets'],['«Peer Gynt»']
282,0,til,,,,,"['Grieg', 'herr Josephson', 'professor Molbech', 'min hustru']",[],['theatrets'],['«Peer Gynt»']
283,0,opførelse,,,,,"['Grieg', 'herr Josephson', 'professor Molbech', 'min hustru']",[],['theatrets'],['«Peer Gynt»']
284,0,allerede,,,,,"['Grieg', 'herr Josephson', 'professor Molbech', 'min hustru']",[],['theatrets'],['«Peer Gynt»']
285,0,før,,,,,"['Grieg', 'herr Josephson', 'professor Molbech', 'min hustru']",[],['theatrets'],['«Peer Gynt»']
286,0,jul,,,,,"['Grieg', 'herr Josephson', 'professor Molbech', 'min hustru']",[],['theatrets'],['«Peer Gynt»']
287,0,og,,,,,"['Grieg', 'herr Josephson', 'professor Molbech', 'min hustru']",[],['theatrets'],['«Peer Gynt»']
288,0,overhovedet,,,,,"['Grieg', 'herr Josephson', 'professor Molbech', 'min hustru']",[],['theatrets'],['«Peer Gynt»']
289,0,så,,,,,"['Grieg', 'herr Josephson', 'professor Molbech', 'min hustru']",[],['theatrets'],['«Peer Gynt»']
290,0,tidligt,,,,,"['Grieg', 'herr Josephson', 'professor Molbech', 'min hustru']",[],['theatrets'],['«Peer Gynt»']
291,0,i,,,,,"['Grieg', 'herr Josephson', 'professor Molbech', 'min hustru']",[],['theatrets'],['«Peer Gynt»']
292,0,sæsonen,,,,,"['Grieg', 'herr Josephson', 'professor Molbech', 'min hustru']",[],['theatrets'],['«Peer Gynt»']
293,0,som,,,,,"['Grieg', 'herr Josephson', 'professor Molbech', 'min hustru']",[],['theatrets'],['«Peer Gynt»']
294,0,muligt.,,,,,"['Grieg', 'herr Josephson', 'professor Molbech', 'min hustru']",[],['theatrets'],['«Peer Gynt»']
295,0,"Stykker,",,,,,"['Grieg', 'herr Josephson', 'professor Molbech', 'min hustru']",[],['theatrets'],['«Peer Gynt»']
296,0,der,,,,,"['Grieg', 'herr Josephson', 'professor Molbech', 'min hustru']",[],['theatrets'],['«Peer Gynt»']
297,0,udskydes,,,,,"['Grieg', 'herr Josephson', 'professor Molbech', 'min hustru']",[],['theatrets'],['«Peer Gynt»']
298,0,til,,,,,"['Grieg', 'herr Josephson', 'professor Molbech', 'min hustru']",[],['theatrets'],['«Peer Gynt»']
299,0,hen,,,,,"['Grieg', 'herr Josephson', 'professor Molbech', 'min hustru']",[],['theatrets'],['«Peer Gynt»']
300,0,på,,,,,"['Grieg', 'herr Josephson', 'professor Molbech', 'min hustru']",[],['theatrets'],['«Peer Gynt»']
301,0,"vårkanten,",,,,,"['Grieg', 'herr Josephson', 'professor Molbech', 'min hustru']",[],['theatrets'],['«Peer Gynt»']
302,0,kan,,,,,"['Grieg', 'herr Josephson', 'professor Molbech', 'min hustru']",[],['theatrets'],['«Peer Gynt»']
303,0,ikke,,,,,"['Grieg', 'herr Josephson', 'professor Molbech', 'min hustru']",[],['theatrets'],['«Peer Gynt»']
304,0,påregne,,,,,"['Grieg', 'herr Josephson', 'professor Molbech', 'min hustru']",[],['theatrets'],['«Peer Gynt»']
305,0,synderlig,,,,,"['Grieg', 'herr Josephson', 'professor Molbech', 'min hustru']",[],['theatrets'],['«Peer Gynt»']
306,0,interesse,,,,,"['Grieg', 'herr Josephson', 'professor Molbech', 'min hustru']",[],['theatrets'],['«Peer Gynt»']
307,0,fra,,,,,"['Grieg', 'herr Josephson', 'professor Molbech', 'min hustru']",[],['theatrets'],['«Peer Gynt»']
308,0,publikums,,,,,"['Grieg', 'herr Josephson', 'professor Molbech', 'min hustru']",[],['theatrets'],['«Peer Gynt»']
309,0,"side,",,,,,"['Grieg', 'herr Josephson', 'professor Molbech', 'min hustru']",[],['theatrets'],['«Peer Gynt»']
310,0,og,,,,,"['Grieg', 'herr Josephson', 'professor Molbech', 'min hustru']",[],['theatrets'],['«Peer Gynt»']
311,0,et,,,,,"['Grieg', 'herr Josephson', 'professor Molbech', 'min hustru']",[],['theatrets'],['«Peer Gynt»']
312,0,stykkes,,,,,"['Grieg', 'herr Josephson', 'professor Molbech', 'min hustru']",[],['theatrets'],['«Peer Gynt»']
313,0,modtagelse,,,,,"['Grieg', 'herr Josephson', 'professor Molbech', 'min hustru']",[],['theatrets'],['«Peer Gynt»']
314,0,i,,,,,"['Grieg', 'herr Josephson', 'professor Molbech', 'min hustru']",[],['theatrets'],['«Peer Gynt»']
315,0,det,,,,,"['Grieg', 'herr Josephson', 'professor Molbech', 'min hustru']",[],['theatrets'],['«Peer Gynt»']
316,0,første,,,,,"['Grieg', 'herr Josephson', 'professor Molbech', 'min hustru']",[],['theatrets'],['«Peer Gynt»']
317,0,spilleår,,,,,"['Grieg', 'herr Josephson', 'professor Molbech', 'min hustru']",[],['theatrets'],['«Peer Gynt»']
318,0,er,,,,,"['Grieg', 'herr Josephson', 'professor Molbech', 'min hustru']",[],['theatrets'],['«Peer Gynt»']
319,0,altid,,,,,"['Grieg', 'herr Josephson', 'professor Molbech', 'min hustru']",[],['theatrets'],['«Peer Gynt»']
320,0,afgørende,,,,,"['Grieg', 'herr Josephson', 'professor Molbech', 'min hustru']",[],['theatrets'],['«Peer Gynt»']
321,0,for,,,,,"['Grieg', 'herr Josephson', 'professor Molbech', 'min hustru']",[],['theatrets'],['«Peer Gynt»']
322,0,dets,,,,,"['Grieg', 'herr Josephson', 'professor Molbech', 'min hustru']",[],['theatrets'],['«Peer Gynt»']
323,0,senere,,,,,"['Grieg', 'herr Josephson', 'professor Molbech', 'min hustru']",[],['theatrets'],['«Peer Gynt»']
324,0,levedygtighed,,,,,"['Grieg', 'herr Josephson', 'professor Molbech', 'min hustru']",[],['theatrets'],['«Peer Gynt»']
325,0,på,,,,,"['Grieg', 'herr Josephson', 'professor Molbech', 'min hustru']",[],['theatrets'],['«Peer Gynt»']
326,0,"repertoiret.Hermed,",,,,,"['Grieg', 'herr Josephson', 'professor Molbech', 'min hustru']",[],['theatrets'],['«Peer Gynt»']
327,0,kære,,,,,"['Grieg', 'herr Josephson', 'professor Molbech', 'min hustru']",[],['theatrets'],['«Peer Gynt»']
328,0,"ven,",,,,,"['Grieg', 'herr Josephson', 'professor Molbech', 'min hustru']",[],['theatrets'],['«Peer Gynt»']
329,0,har,,,,,"['Grieg', 'herr Josephson', 'professor Molbech', 'min hustru']",[],['theatrets'],['«Peer Gynt»']
330,0,jeg,,,,,"['Grieg', 'herr Josephson', 'professor Molbech', 'min hustru']",[],['theatrets'],['«Peer Gynt»']
331,0,"sagt,",,,,,"['Grieg', 'herr Josephson', 'professor Molbech', 'min hustru']",[],['theatrets'],['«Peer Gynt»']
332,0,hvad,,,,,"['Grieg', 'herr Josephson', 'professor Molbech', 'min hustru']",[],['theatrets'],['«Peer Gynt»']
333,0,jeg,,,,,"['Grieg', 'herr Josephson', 'professor Molbech', 'min hustru']",[],['theatrets'],['«Peer Gynt»']
334,0,ved,,,,,"['Grieg', 'herr Josephson', 'professor Molbech', 'min hustru']",[],['theatrets'],['«Peer Gynt»']
335,0,at,,,,,"['Grieg', 'herr Josephson', 'professor Molbech', 'min hustru']",[],['theatrets'],['«Peer Gynt»']
336,0,sige,,,,,"['Grieg', 'herr Josephson', 'professor Molbech', 'min hustru']",[],['theatrets'],['«Peer Gynt»']
337,0,om,,,,,"['Grieg', 'herr Josephson', 'professor Molbech', 'min hustru']",[],['theatrets'],['«Peer Gynt»']
338,0,sagen.,,,,,"['Grieg', 'herr Josephson', 'professor Molbech', 'min hustru']",[],['theatrets'],['«Peer Gynt»']
339,0,–Skulde,,,,,"['Grieg', 'herr Josephson', 'professor Molbech', 'min hustru']",[],['theatrets'],['«Peer Gynt»']
340,0,din,,,,,"['Grieg', 'herr Josephson', 'professor Molbech', 'min hustru']",[],['theatrets'],['«Peer Gynt»']
341,0,"gæst,",,,,,"['Grieg', 'herr Josephson', 'professor Molbech', 'min hustru']",[],['theatrets'],['«Peer Gynt»']
342,0,professor,,,,,"['Grieg', 'herr Josephson', 'professor Molbech', 'min hustru']",[],['theatrets'],['«Peer Gynt»']
343,0,Molbech,,,,,"['Grieg', 'herr Josephson', 'professor Molbech', 'min hustru']",[],['theatrets'],['«Peer Gynt»']
344,0,endnu,,,,,"['Grieg', 'herr Josephson', 'professor Molbech', 'min hustru']",[],['theatrets'],['«Peer Gynt»']
345,0,opholde,,,,,"['Grieg', 'herr Josephson', 'professor Molbech', 'min hustru']",[],['theatrets'],['«Peer Gynt»']
346,0,sig,,,,,"['Grieg', 'herr Josephson', 'professor Molbech', 'min hustru']",[],['theatrets'],['«Peer Gynt»']
347,0,"deroppe,",,,,,"['Grieg', 'herr Josephson', 'professor Molbech', 'min hustru']",[],['theatrets'],['«Peer Gynt»']
348,0,så,,,,,"['Grieg', 'herr Josephson', 'professor Molbech', 'min hustru']",[],['theatrets'],['«Peer Gynt»']
349,0,hils,,,,,"['Grieg', 'herr Josephson', 'professor Molbech', 'min hustru']",[],['theatrets'],['«Peer Gynt»']
350,0,ham,,,,,"['Grieg', 'herr Josephson', 'professor Molbech', 'min hustru']",[],['theatrets'],['«Peer Gynt»']
351,0,fra,,,,,"['Grieg', 'herr Josephson', 'professor Molbech', 'min hustru']",[],['theatrets'],['«Peer Gynt»']
352,0,mig.,,,,,"['Grieg', 'herr Josephson', 'professor Molbech', 'min hustru']",[],['theatrets'],['«Peer Gynt»']
353,0,–,,,,,"['Grieg', 'herr Josephson', 'professor Molbech', 'min hustru']",[],['theatrets'],['«Peer Gynt»']
354,0,For,,,,,"['Grieg', 'herr Josephson', 'professor Molbech', 'min hustru']",[],['theatrets'],['«Peer Gynt»']
355,0,den,,,,,"['Grieg', 'herr Josephson', 'professor Molbech', 'min hustru']",[],['theatrets'],['«Peer Gynt»']
356,0,fra,,,,,"['Grieg', 'herr Josephson', 'professor Molbech', 'min hustru']",[],['theatrets'],['«Peer Gynt»']
357,0,din,,,,,"['Grieg', 'herr Josephson', 'professor Molbech', 'min hustru']",[],['theatrets'],['«Peer Gynt»']
358,0,omskrevne,,,,,"['Grieg', 'herr Josephson', 'professor Molbech', 'min hustru']",[],['theatrets'],['«Peer Gynt»']
359,0,unge,,,,,"['Grieg', 'herr Josephson', 'professor Molbech', 'min hustru']",[],['theatrets'],['«Peer Gynt»']
360,0,elskværdige,,,,,"['Grieg', 'herr Josephson', 'professor Molbech', 'min hustru']",[],['theatrets'],['«Peer Gynt»']
361,0,niece,,,,,"['Grieg', 'herr Josephson', 'professor Molbech', 'min hustru']",[],['theatrets'],['«Peer Gynt»']
362,0,modtagne,,,,,"['Grieg', 'herr Josephson', 'professor Molbech', 'min hustru']",[],['theatrets'],['«Peer Gynt»']
363,0,hilsen,,,,,"['Grieg', 'herr Josephson', 'professor Molbech', 'min hustru']",[],['theatrets'],['«Peer Gynt»']
364,0,beder,,,,,"['Grieg', 'herr Josephson', 'professor Molbech', 'min hustru']",[],['theatrets'],['«Peer Gynt»']
365,0,jeg,,,,,"['Grieg', 'herr Josephson', 'professor Molbech', 'min hustru']",[],['theatrets'],['«Peer Gynt»']
366,0,Dig,,,,,"['Grieg', 'herr Josephson', 'professor Molbech', 'min hustru']",[],['theatrets'],['«Peer Gynt»']
367,0,frembære,,,,,"['Grieg', 'herr Josephson', 'professor Molbech', 'min hustru']",[],['theatrets'],['«Peer Gynt»']
368,0,min,,,,,"['Grieg', 'herr Josephson', 'professor Molbech', 'min hustru']",[],['theatrets'],['«Peer Gynt»']
369,0,forbindtligste,,,,,"['Grieg', 'herr Josephson', 'professor Molbech', 'min hustru']",[],['theatrets'],['«Peer Gynt»']
370,0,genhilsen,,,,,"['Grieg', 'herr Josephson', 'professor Molbech', 'min hustru']",[],['theatrets'],['«Peer Gynt»']
371,0,og,,,,,"['Grieg', 'herr Josephson', 'professor Molbech', 'min hustru']",[],['theatrets'],['«Peer Gynt»']
372,0,tak.,,,,,"['Grieg', 'herr Josephson', 'professor Molbech', 'min hustru']",[],['theatrets'],['«Peer Gynt»']
373,0,–,,,,,"['Grieg', 'herr Josephson', 'professor Molbech', 'min hustru']",[],['theatrets'],['«Peer Gynt»']
374,0,Til,,,,,"['Grieg', 'herr Josephson', 'professor Molbech', 'min hustru']",[],['theatrets'],['«Peer Gynt»']
375,0,Dig,,,,,"['Grieg', 'herr Josephson', 'professor Molbech', 'min hustru']",[],['theatrets'],['«Peer Gynt»']
376,0,selv,,,,,"['Grieg', 'herr Josephson', 'professor Molbech', 'min hustru']",[],['theatrets'],['«Peer Gynt»']
377,0,ligeledes,,,,,"['Grieg', 'herr Josephson', 'professor Molbech', 'min hustru']",[],['theatrets'],['«Peer Gynt»']
378,0,de,,,,,"['Grieg', 'herr Josephson', 'professor Molbech', 'min hustru']",[],['theatrets'],['«Peer Gynt»']
379,0,bedste,,,,,"['Grieg', 'herr Josephson', 'professor Molbech', 'min hustru']",[],['theatrets'],['«Peer Gynt»']
380,0,hilsener,,,,,"['Grieg', 'herr Josephson', 'professor Molbech', 'min hustru']",[],['theatrets'],['«Peer Gynt»']
381,0,fra,,,,,"['Grieg', 'herr Josephson', 'professor Molbech', 'min hustru']",[],['theatrets'],['«Peer Gynt»']
382,0,min,,,,,"['Grieg', 'herr Josephson', 'professor Molbech', 'min hustru']",[],['theatrets'],['«Peer Gynt»']
383,0,hustru,,,,,"['Grieg', 'herr Josephson', 'professor Molbech', 'min hustru']",[],['theatrets'],['«Peer Gynt»']
384,0,og,,,,,"['Grieg', 'herr Josephson', 'professor Molbech', 'min hustru']",[],['theatrets'],['«Peer Gynt»']
