,,0,human_annotation,who,dacy_medium,spacy_trf,person,place,org,work
0,0,Student,,,,,[],[],['Bergens Theater'],['«Om Kjæmpevisen og dens Betydning for Kunstpoesien»']
1,0,Henrik,,,,,[],[],['Bergens Theater'],['«Om Kjæmpevisen og dens Betydning for Kunstpoesien»']
2,0,"Ibsen,",,,,,[],[],['Bergens Theater'],['«Om Kjæmpevisen og dens Betydning for Kunstpoesien»']
3,0,artistisk,,,,,[],[],['Bergens Theater'],['«Om Kjæmpevisen og dens Betydning for Kunstpoesien»']
4,0,Direktør,,,,,[],[],['Bergens Theater'],['«Om Kjæmpevisen og dens Betydning for Kunstpoesien»']
5,0,for,,,,,[],[],['Bergens Theater'],['«Om Kjæmpevisen og dens Betydning for Kunstpoesien»']
6,0,Kristiania,,,,,[],[],['Bergens Theater'],['«Om Kjæmpevisen og dens Betydning for Kunstpoesien»']
7,0,norske,,,,,[],[],['Bergens Theater'],['«Om Kjæmpevisen og dens Betydning for Kunstpoesien»']
8,0,"Theater,",,,,,[],[],['Bergens Theater'],['«Om Kjæmpevisen og dens Betydning for Kunstpoesien»']
9,0,ansøger,,,,,[],[],['Bergens Theater'],['«Om Kjæmpevisen og dens Betydning for Kunstpoesien»']
10,0,ærbødigst,,,,,[],[],['Bergens Theater'],['«Om Kjæmpevisen og dens Betydning for Kunstpoesien»']
11,0,om,,,,,[],[],['Bergens Theater'],['«Om Kjæmpevisen og dens Betydning for Kunstpoesien»']
12,0,at,,,,,[],[],['Bergens Theater'],['«Om Kjæmpevisen og dens Betydning for Kunstpoesien»']
13,0,maatte,,,,,[],[],['Bergens Theater'],['«Om Kjæmpevisen og dens Betydning for Kunstpoesien»']
14,0,ansættes,,,,,[],[],['Bergens Theater'],['«Om Kjæmpevisen og dens Betydning for Kunstpoesien»']
15,0,som,,,,,[],[],['Bergens Theater'],['«Om Kjæmpevisen og dens Betydning for Kunstpoesien»']
16,0,Stipendiat,,,,,[],[],['Bergens Theater'],['«Om Kjæmpevisen og dens Betydning for Kunstpoesien»']
17,0,i,,,,,[],[],['Bergens Theater'],['«Om Kjæmpevisen og dens Betydning for Kunstpoesien»']
18,0,nordisk,,,,,[],[],['Bergens Theater'],['«Om Kjæmpevisen og dens Betydning for Kunstpoesien»']
19,0,"Literatur.Undertegnede,",,,,,[],[],['Bergens Theater'],['«Om Kjæmpevisen og dens Betydning for Kunstpoesien»']
20,0,der,,,,,[],[],['Bergens Theater'],['«Om Kjæmpevisen og dens Betydning for Kunstpoesien»']
21,0,herved,,,,,[],[],['Bergens Theater'],['«Om Kjæmpevisen og dens Betydning for Kunstpoesien»']
22,0,ærbødigst,,,,,[],[],['Bergens Theater'],['«Om Kjæmpevisen og dens Betydning for Kunstpoesien»']
23,0,ansøger,,,,,[],[],['Bergens Theater'],['«Om Kjæmpevisen og dens Betydning for Kunstpoesien»']
24,0,om,,,,,[],[],['Bergens Theater'],['«Om Kjæmpevisen og dens Betydning for Kunstpoesien»']
25,0,at,,,,,[],[],['Bergens Theater'],['«Om Kjæmpevisen og dens Betydning for Kunstpoesien»']
26,0,maatte,,,,,[],[],['Bergens Theater'],['«Om Kjæmpevisen og dens Betydning for Kunstpoesien»']
27,0,erholde,,,,,[],[],['Bergens Theater'],['«Om Kjæmpevisen og dens Betydning for Kunstpoesien»']
28,0,den,,,,,[],[],['Bergens Theater'],['«Om Kjæmpevisen og dens Betydning for Kunstpoesien»']
29,0,oprettendes,,,,,[],[],['Bergens Theater'],['«Om Kjæmpevisen og dens Betydning for Kunstpoesien»']
30,0,Stipendiatpost,,,,,[],[],['Bergens Theater'],['«Om Kjæmpevisen og dens Betydning for Kunstpoesien»']
31,0,i,,,,,[],[],['Bergens Theater'],['«Om Kjæmpevisen og dens Betydning for Kunstpoesien»']
32,0,nordisk,,,,,[],[],['Bergens Theater'],['«Om Kjæmpevisen og dens Betydning for Kunstpoesien»']
33,0,"Literatur,",,,,,[],[],['Bergens Theater'],['«Om Kjæmpevisen og dens Betydning for Kunstpoesien»']
34,0,har,,,,,[],[],['Bergens Theater'],['«Om Kjæmpevisen og dens Betydning for Kunstpoesien»']
35,0,visselig,,,,,[],[],['Bergens Theater'],['«Om Kjæmpevisen og dens Betydning for Kunstpoesien»']
36,0,ikke,,,,,[],[],['Bergens Theater'],['«Om Kjæmpevisen og dens Betydning for Kunstpoesien»']
37,0,Meget,,,,,[],[],['Bergens Theater'],['«Om Kjæmpevisen og dens Betydning for Kunstpoesien»']
38,0,at,,,,,[],[],['Bergens Theater'],['«Om Kjæmpevisen og dens Betydning for Kunstpoesien»']
39,0,paaberaabe,,,,,[],[],['Bergens Theater'],['«Om Kjæmpevisen og dens Betydning for Kunstpoesien»']
40,0,sig,,,,,[],[],['Bergens Theater'],['«Om Kjæmpevisen og dens Betydning for Kunstpoesien»']
41,0,til,,,,,[],[],['Bergens Theater'],['«Om Kjæmpevisen og dens Betydning for Kunstpoesien»']
42,0,Fordeel,,,,,[],[],['Bergens Theater'],['«Om Kjæmpevisen og dens Betydning for Kunstpoesien»']
43,0,for,,,,,[],[],['Bergens Theater'],['«Om Kjæmpevisen og dens Betydning for Kunstpoesien»']
44,0,"Ansøgningen,",,,,,[],[],['Bergens Theater'],['«Om Kjæmpevisen og dens Betydning for Kunstpoesien»']
45,0,men,,,,,[],[],['Bergens Theater'],['«Om Kjæmpevisen og dens Betydning for Kunstpoesien»']
46,0,da,,,,,[],[],['Bergens Theater'],['«Om Kjæmpevisen og dens Betydning for Kunstpoesien»']
47,0,der,,,,,[],[],['Bergens Theater'],['«Om Kjæmpevisen og dens Betydning for Kunstpoesien»']
48,0,ere,,,,,[],[],['Bergens Theater'],['«Om Kjæmpevisen og dens Betydning for Kunstpoesien»']
49,0,gyldige,,,,,[],[],['Bergens Theater'],['«Om Kjæmpevisen og dens Betydning for Kunstpoesien»']
50,0,Grunde,,,,,[],[],['Bergens Theater'],['«Om Kjæmpevisen og dens Betydning for Kunstpoesien»']
51,0,til,,,,,[],[],['Bergens Theater'],['«Om Kjæmpevisen og dens Betydning for Kunstpoesien»']
52,0,at,,,,,[],[],['Bergens Theater'],['«Om Kjæmpevisen og dens Betydning for Kunstpoesien»']
53,0,formode,,,,,[],[],['Bergens Theater'],['«Om Kjæmpevisen og dens Betydning for Kunstpoesien»']
54,0,at,,,,,[],[],['Bergens Theater'],['«Om Kjæmpevisen og dens Betydning for Kunstpoesien»']
55,0,Medansøgerne,,,,,[],[],['Bergens Theater'],['«Om Kjæmpevisen og dens Betydning for Kunstpoesien»']
56,0,befinde,,,,,[],[],['Bergens Theater'],['«Om Kjæmpevisen og dens Betydning for Kunstpoesien»']
57,0,sig,,,,,[],[],['Bergens Theater'],['«Om Kjæmpevisen og dens Betydning for Kunstpoesien»']
58,0,i,,,,,[],[],['Bergens Theater'],['«Om Kjæmpevisen og dens Betydning for Kunstpoesien»']
59,0,samme,,,,,[],[],['Bergens Theater'],['«Om Kjæmpevisen og dens Betydning for Kunstpoesien»']
60,0,"Tilfælde,",,,,,[],[],['Bergens Theater'],['«Om Kjæmpevisen og dens Betydning for Kunstpoesien»']
61,0,saa,,,,,[],[],['Bergens Theater'],['«Om Kjæmpevisen og dens Betydning for Kunstpoesien»']
62,0,vover,,,,,[],[],['Bergens Theater'],['«Om Kjæmpevisen og dens Betydning for Kunstpoesien»']
63,0,jeg,,,,,[],[],['Bergens Theater'],['«Om Kjæmpevisen og dens Betydning for Kunstpoesien»']
64,0,dog,,,,,[],[],['Bergens Theater'],['«Om Kjæmpevisen og dens Betydning for Kunstpoesien»']
65,0,at,,,,,[],[],['Bergens Theater'],['«Om Kjæmpevisen og dens Betydning for Kunstpoesien»']
66,0,melde,,,,,[],[],['Bergens Theater'],['«Om Kjæmpevisen og dens Betydning for Kunstpoesien»']
67,0,mig.,,,,,[],[],['Bergens Theater'],['«Om Kjæmpevisen og dens Betydning for Kunstpoesien»']
68,0,Foruden,,,,,[],[],['Bergens Theater'],['«Om Kjæmpevisen og dens Betydning for Kunstpoesien»']
69,0,flere,,,,,[],[],['Bergens Theater'],['«Om Kjæmpevisen og dens Betydning for Kunstpoesien»']
70,0,dramatiske,,,,,[],[],['Bergens Theater'],['«Om Kjæmpevisen og dens Betydning for Kunstpoesien»']
71,0,"Arbeider,",,,,,[],[],['Bergens Theater'],['«Om Kjæmpevisen og dens Betydning for Kunstpoesien»']
72,0,der,,,,,[],[],['Bergens Theater'],['«Om Kjæmpevisen og dens Betydning for Kunstpoesien»']
73,0,deels,,,,,[],[],['Bergens Theater'],['«Om Kjæmpevisen og dens Betydning for Kunstpoesien»']
74,0,ere,,,,,[],[],['Bergens Theater'],['«Om Kjæmpevisen og dens Betydning for Kunstpoesien»']
75,0,opførte,,,,,[],[],['Bergens Theater'],['«Om Kjæmpevisen og dens Betydning for Kunstpoesien»']
76,0,paa,,,,,[],[],['Bergens Theater'],['«Om Kjæmpevisen og dens Betydning for Kunstpoesien»']
77,0,forskjellige,,,,,[],[],['Bergens Theater'],['«Om Kjæmpevisen og dens Betydning for Kunstpoesien»']
78,0,"Theatre,",,,,,[],[],['Bergens Theater'],['«Om Kjæmpevisen og dens Betydning for Kunstpoesien»']
79,0,deels,,,,,[],[],['Bergens Theater'],['«Om Kjæmpevisen og dens Betydning for Kunstpoesien»']
80,0,udgivne,,,,,[],[],['Bergens Theater'],['«Om Kjæmpevisen og dens Betydning for Kunstpoesien»']
81,0,i,,,,,[],[],['Bergens Theater'],['«Om Kjæmpevisen og dens Betydning for Kunstpoesien»']
82,0,"Trykken,",,,,,[],[],['Bergens Theater'],['«Om Kjæmpevisen og dens Betydning for Kunstpoesien»']
83,0,har,,,,,[],[],['Bergens Theater'],['«Om Kjæmpevisen og dens Betydning for Kunstpoesien»']
84,0,jeg,,,,,[],[],['Bergens Theater'],['«Om Kjæmpevisen og dens Betydning for Kunstpoesien»']
85,0,i,,,,,[],[],['Bergens Theater'],['«Om Kjæmpevisen og dens Betydning for Kunstpoesien»']
86,0,«Illustreret,,,,,[],[],['Bergens Theater'],['«Om Kjæmpevisen og dens Betydning for Kunstpoesien»']
87,0,Nyhedsblad»,,,,,[],[],['Bergens Theater'],['«Om Kjæmpevisen og dens Betydning for Kunstpoesien»']
88,0,for,,,,,[],[],['Bergens Theater'],['«Om Kjæmpevisen og dens Betydning for Kunstpoesien»']
89,0,iaar,,,,,[],[],['Bergens Theater'],['«Om Kjæmpevisen og dens Betydning for Kunstpoesien»']
90,0,leveret,,,,,[],[],['Bergens Theater'],['«Om Kjæmpevisen og dens Betydning for Kunstpoesien»']
91,0,en,,,,,[],[],['Bergens Theater'],['«Om Kjæmpevisen og dens Betydning for Kunstpoesien»']
92,0,længere,,,,,[],[],['Bergens Theater'],['«Om Kjæmpevisen og dens Betydning for Kunstpoesien»']
93,0,Afhandling:,,,,,[],[],['Bergens Theater'],['«Om Kjæmpevisen og dens Betydning for Kunstpoesien»']
94,0,«Om,,,,,[],[],['Bergens Theater'],['«Om Kjæmpevisen og dens Betydning for Kunstpoesien»']
95,0,Kjæmpevisen,,,,,[],[],['Bergens Theater'],['«Om Kjæmpevisen og dens Betydning for Kunstpoesien»']
96,0,og,,,,,[],[],['Bergens Theater'],['«Om Kjæmpevisen og dens Betydning for Kunstpoesien»']
97,0,dens,,,,,[],[],['Bergens Theater'],['«Om Kjæmpevisen og dens Betydning for Kunstpoesien»']
98,0,Betydning,,,,,[],[],['Bergens Theater'],['«Om Kjæmpevisen og dens Betydning for Kunstpoesien»']
99,0,for,,,,,[],[],['Bergens Theater'],['«Om Kjæmpevisen og dens Betydning for Kunstpoesien»']
100,0,"Kunstpoesien»,",,,,,[],[],['Bergens Theater'],['«Om Kjæmpevisen og dens Betydning for Kunstpoesien»']
101,0,hvoraf,,,,,[],[],['Bergens Theater'],['«Om Kjæmpevisen og dens Betydning for Kunstpoesien»']
102,0,vil,,,,,[],[],['Bergens Theater'],['«Om Kjæmpevisen og dens Betydning for Kunstpoesien»']
103,0,sees,,,,,[],[],['Bergens Theater'],['«Om Kjæmpevisen og dens Betydning for Kunstpoesien»']
104,0,at,,,,,[],[],['Bergens Theater'],['«Om Kjæmpevisen og dens Betydning for Kunstpoesien»']
105,0,jeg,,,,,[],[],['Bergens Theater'],['«Om Kjæmpevisen og dens Betydning for Kunstpoesien»']
106,0,allerede,,,,,[],[],['Bergens Theater'],['«Om Kjæmpevisen og dens Betydning for Kunstpoesien»']
107,0,"tidligere,",,,,,[],[],['Bergens Theater'],['«Om Kjæmpevisen og dens Betydning for Kunstpoesien»']
108,0,saavidt,,,,,[],[],['Bergens Theater'],['«Om Kjæmpevisen og dens Betydning for Kunstpoesien»']
109,0,Leiligheden,,,,,[],[],['Bergens Theater'],['«Om Kjæmpevisen og dens Betydning for Kunstpoesien»']
110,0,tillod,,,,,[],[],['Bergens Theater'],['«Om Kjæmpevisen og dens Betydning for Kunstpoesien»']
111,0,"det,",,,,,[],[],['Bergens Theater'],['«Om Kjæmpevisen og dens Betydning for Kunstpoesien»']
112,0,har,,,,,[],[],['Bergens Theater'],['«Om Kjæmpevisen og dens Betydning for Kunstpoesien»']
113,0,beskjæftiget,,,,,[],[],['Bergens Theater'],['«Om Kjæmpevisen og dens Betydning for Kunstpoesien»']
114,0,mig,,,,,[],[],['Bergens Theater'],['«Om Kjæmpevisen og dens Betydning for Kunstpoesien»']
115,0,med,,,,,[],[],['Bergens Theater'],['«Om Kjæmpevisen og dens Betydning for Kunstpoesien»']
116,0,Studiet,,,,,[],[],['Bergens Theater'],['«Om Kjæmpevisen og dens Betydning for Kunstpoesien»']
117,0,af,,,,,[],[],['Bergens Theater'],['«Om Kjæmpevisen og dens Betydning for Kunstpoesien»']
118,0,den,,,,,[],[],['Bergens Theater'],['«Om Kjæmpevisen og dens Betydning for Kunstpoesien»']
119,0,nordiske,,,,,[],[],['Bergens Theater'],['«Om Kjæmpevisen og dens Betydning for Kunstpoesien»']
120,0,"Literatur,",,,,,[],[],['Bergens Theater'],['«Om Kjæmpevisen og dens Betydning for Kunstpoesien»']
121,0,ligesom,,,,,[],[],['Bergens Theater'],['«Om Kjæmpevisen og dens Betydning for Kunstpoesien»']
122,0,jeg,,,,,[],[],['Bergens Theater'],['«Om Kjæmpevisen og dens Betydning for Kunstpoesien»']
123,0,ogsaa,,,,,[],[],['Bergens Theater'],['«Om Kjæmpevisen og dens Betydning for Kunstpoesien»']
124,0,under,,,,,[],[],['Bergens Theater'],['«Om Kjæmpevisen og dens Betydning for Kunstpoesien»']
125,0,min,,,,,[],[],['Bergens Theater'],['«Om Kjæmpevisen og dens Betydning for Kunstpoesien»']
126,0,sexaarige,,,,,[],[],['Bergens Theater'],['«Om Kjæmpevisen og dens Betydning for Kunstpoesien»']
127,0,Ansættelse,,,,,[],[],['Bergens Theater'],['«Om Kjæmpevisen og dens Betydning for Kunstpoesien»']
128,0,ved,,,,,[],[],['Bergens Theater'],['«Om Kjæmpevisen og dens Betydning for Kunstpoesien»']
129,0,Bergens,,,,,[],[],['Bergens Theater'],['«Om Kjæmpevisen og dens Betydning for Kunstpoesien»']
130,0,Theater,,,,,[],[],['Bergens Theater'],['«Om Kjæmpevisen og dens Betydning for Kunstpoesien»']
131,0,har,,,,,[],[],['Bergens Theater'],['«Om Kjæmpevisen og dens Betydning for Kunstpoesien»']
132,0,erhvervet,,,,,[],[],['Bergens Theater'],['«Om Kjæmpevisen og dens Betydning for Kunstpoesien»']
133,0,mig,,,,,[],[],['Bergens Theater'],['«Om Kjæmpevisen og dens Betydning for Kunstpoesien»']
134,0,et,,,,,[],[],['Bergens Theater'],['«Om Kjæmpevisen og dens Betydning for Kunstpoesien»']
135,0,mere,,,,,[],[],['Bergens Theater'],['«Om Kjæmpevisen og dens Betydning for Kunstpoesien»']
136,0,end,,,,,[],[],['Bergens Theater'],['«Om Kjæmpevisen og dens Betydning for Kunstpoesien»']
137,0,sædvanligt,,,,,[],[],['Bergens Theater'],['«Om Kjæmpevisen og dens Betydning for Kunstpoesien»']
138,0,Kjendskab,,,,,[],[],['Bergens Theater'],['«Om Kjæmpevisen og dens Betydning for Kunstpoesien»']
139,0,til,,,,,[],[],['Bergens Theater'],['«Om Kjæmpevisen og dens Betydning for Kunstpoesien»']
140,0,den,,,,,[],[],['Bergens Theater'],['«Om Kjæmpevisen og dens Betydning for Kunstpoesien»']
141,0,dramatiske,,,,,[],[],['Bergens Theater'],['«Om Kjæmpevisen og dens Betydning for Kunstpoesien»']
142,0,Literatur,,,,,[],[],['Bergens Theater'],['«Om Kjæmpevisen og dens Betydning for Kunstpoesien»']
143,0,ialmindelighed.,,,,,[],[],['Bergens Theater'],['«Om Kjæmpevisen og dens Betydning for Kunstpoesien»']
144,0,Til,,,,,[],[],['Bergens Theater'],['«Om Kjæmpevisen og dens Betydning for Kunstpoesien»']
145,0,at,,,,,[],[],['Bergens Theater'],['«Om Kjæmpevisen og dens Betydning for Kunstpoesien»']
146,0,fortsætte,,,,,[],[],['Bergens Theater'],['«Om Kjæmpevisen og dens Betydning for Kunstpoesien»']
147,0,dette,,,,,[],[],['Bergens Theater'],['«Om Kjæmpevisen og dens Betydning for Kunstpoesien»']
148,0,Studium,,,,,[],[],['Bergens Theater'],['«Om Kjæmpevisen og dens Betydning for Kunstpoesien»']
149,0,føler,,,,,[],[],['Bergens Theater'],['«Om Kjæmpevisen og dens Betydning for Kunstpoesien»']
150,0,jeg,,,,,[],[],['Bergens Theater'],['«Om Kjæmpevisen og dens Betydning for Kunstpoesien»']
151,0,baade,,,,,[],[],['Bergens Theater'],['«Om Kjæmpevisen og dens Betydning for Kunstpoesien»']
152,0,Lyst,,,,,[],[],['Bergens Theater'],['«Om Kjæmpevisen og dens Betydning for Kunstpoesien»']
153,0,og,,,,,[],[],['Bergens Theater'],['«Om Kjæmpevisen og dens Betydning for Kunstpoesien»']
154,0,Kaldelse,,,,,[],[],['Bergens Theater'],['«Om Kjæmpevisen og dens Betydning for Kunstpoesien»']
155,0,og,,,,,[],[],['Bergens Theater'],['«Om Kjæmpevisen og dens Betydning for Kunstpoesien»']
156,0,haaber,,,,,[],[],['Bergens Theater'],['«Om Kjæmpevisen og dens Betydning for Kunstpoesien»']
157,0,at,,,,,[],[],['Bergens Theater'],['«Om Kjæmpevisen og dens Betydning for Kunstpoesien»']
158,0,Resultatet,,,,,[],[],['Bergens Theater'],['«Om Kjæmpevisen og dens Betydning for Kunstpoesien»']
159,0,ikke,,,,,[],[],['Bergens Theater'],['«Om Kjæmpevisen og dens Betydning for Kunstpoesien»']
160,0,skulde,,,,,[],[],['Bergens Theater'],['«Om Kjæmpevisen og dens Betydning for Kunstpoesien»']
161,0,udeblive,,,,,[],[],['Bergens Theater'],['«Om Kjæmpevisen og dens Betydning for Kunstpoesien»']
162,0,forsaavidt,,,,,[],[],['Bergens Theater'],['«Om Kjæmpevisen og dens Betydning for Kunstpoesien»']
163,0,det,,,,,[],[],['Bergens Theater'],['«Om Kjæmpevisen og dens Betydning for Kunstpoesien»']
164,0,ledige,,,,,[],[],['Bergens Theater'],['«Om Kjæmpevisen og dens Betydning for Kunstpoesien»']
165,0,Stipendium,,,,,[],[],['Bergens Theater'],['«Om Kjæmpevisen og dens Betydning for Kunstpoesien»']
166,0,maatte,,,,,[],[],['Bergens Theater'],['«Om Kjæmpevisen og dens Betydning for Kunstpoesien»']
167,0,blive,,,,,[],[],['Bergens Theater'],['«Om Kjæmpevisen og dens Betydning for Kunstpoesien»']
168,0,mig,,,,,[],[],['Bergens Theater'],['«Om Kjæmpevisen og dens Betydning for Kunstpoesien»']
169,0,bevilget.,,,,,[],[],['Bergens Theater'],['«Om Kjæmpevisen og dens Betydning for Kunstpoesien»']
