,,0,human_annotation,who,dacy_medium,spacy_trf,person,place,org,work
0,0,Tør,,,,,['overlærer Løkke'],"['Kjøbenhavn', 'Norge']",[],[]
1,0,jeg,,,,,['overlærer Løkke'],"['Kjøbenhavn', 'Norge']",[],[]
2,0,anmode,,,,,['overlærer Løkke'],"['Kjøbenhavn', 'Norge']",[],[]
3,0,Dem,,,,,['overlærer Løkke'],"['Kjøbenhavn', 'Norge']",[],[]
4,0,om,,,,,['overlærer Løkke'],"['Kjøbenhavn', 'Norge']",[],[]
5,0,med,,,,,['overlærer Løkke'],"['Kjøbenhavn', 'Norge']",[],[]
6,0,omgående,,,,,['overlærer Løkke'],"['Kjøbenhavn', 'Norge']",[],[]
7,0,post,,,,,['overlærer Løkke'],"['Kjøbenhavn', 'Norge']",[],[]
8,0,at,,,,,['overlærer Løkke'],"['Kjøbenhavn', 'Norge']",[],[]
9,0,sende,,,,,['overlærer Løkke'],"['Kjøbenhavn', 'Norge']",[],[]
10,0,mig,,,,,['overlærer Løkke'],"['Kjøbenhavn', 'Norge']",[],[]
11,0,en,,,,,['overlærer Løkke'],"['Kjøbenhavn', 'Norge']",[],[]
12,0,vexel,,,,,['overlærer Løkke'],"['Kjøbenhavn', 'Norge']",[],[]
13,0,for,,,,,['overlærer Løkke'],"['Kjøbenhavn', 'Norge']",[],[]
14,0,min,,,,,['overlærer Løkke'],"['Kjøbenhavn', 'Norge']",[],[]
15,0,gage,,,,,['overlærer Løkke'],"['Kjøbenhavn', 'Norge']",[],[]
16,0,i,,,,,['overlærer Løkke'],"['Kjøbenhavn', 'Norge']",[],[]
17,0,3die,,,,,['overlærer Løkke'],"['Kjøbenhavn', 'Norge']",[],[]
18,0,kvartal,,,,,['overlærer Løkke'],"['Kjøbenhavn', 'Norge']",[],[]
19,0,dette,,,,,['overlærer Løkke'],"['Kjøbenhavn', 'Norge']",[],[]
20,0,år?Jeg,,,,,['overlærer Løkke'],"['Kjøbenhavn', 'Norge']",[],[]
21,0,er,,,,,['overlærer Løkke'],"['Kjøbenhavn', 'Norge']",[],[]
22,0,nu,,,,,['overlærer Løkke'],"['Kjøbenhavn', 'Norge']",[],[]
23,0,kommen,,,,,['overlærer Løkke'],"['Kjøbenhavn', 'Norge']",[],[]
24,0,tilbage,,,,,['overlærer Løkke'],"['Kjøbenhavn', 'Norge']",[],[]
25,0,fra,,,,,['overlærer Løkke'],"['Kjøbenhavn', 'Norge']",[],[]
26,0,min,,,,,['overlærer Løkke'],"['Kjøbenhavn', 'Norge']",[],[]
27,0,udflugt,,,,,['overlærer Løkke'],"['Kjøbenhavn', 'Norge']",[],[]
28,0,til,,,,,['overlærer Løkke'],"['Kjøbenhavn', 'Norge']",[],[]
29,0,Kjøbenhavn.,,,,,['overlærer Løkke'],"['Kjøbenhavn', 'Norge']",[],[]
30,0,Det,,,,,['overlærer Løkke'],"['Kjøbenhavn', 'Norge']",[],[]
31,0,havde,,,,,['overlærer Løkke'],"['Kjøbenhavn', 'Norge']",[],[]
32,0,været,,,,,['overlærer Løkke'],"['Kjøbenhavn', 'Norge']",[],[]
33,0,min,,,,,['overlærer Løkke'],"['Kjøbenhavn', 'Norge']",[],[]
34,0,agt,,,,,['overlærer Løkke'],"['Kjøbenhavn', 'Norge']",[],[]
35,0,også,,,,,['overlærer Løkke'],"['Kjøbenhavn', 'Norge']",[],[]
36,0,at,,,,,['overlærer Løkke'],"['Kjøbenhavn', 'Norge']",[],[]
37,0,besøge,,,,,['overlærer Løkke'],"['Kjøbenhavn', 'Norge']",[],[]
38,0,Norge;,,,,,['overlærer Løkke'],"['Kjøbenhavn', 'Norge']",[],[]
39,0,men,,,,,['overlærer Løkke'],"['Kjøbenhavn', 'Norge']",[],[]
40,0,krigsforholdene,,,,,['overlærer Løkke'],"['Kjøbenhavn', 'Norge']",[],[]
41,0,stillede,,,,,['overlærer Løkke'],"['Kjøbenhavn', 'Norge']",[],[]
42,0,sig,,,,,['overlærer Løkke'],"['Kjøbenhavn', 'Norge']",[],[]
43,0,så,,,,,['overlærer Løkke'],"['Kjøbenhavn', 'Norge']",[],[]
44,0,tvivlsomme,,,,,['overlærer Løkke'],"['Kjøbenhavn', 'Norge']",[],[]
45,0,at,,,,,['overlærer Løkke'],"['Kjøbenhavn', 'Norge']",[],[]
46,0,jeg,,,,,['overlærer Løkke'],"['Kjøbenhavn', 'Norge']",[],[]
47,0,længe,,,,,['overlærer Løkke'],"['Kjøbenhavn', 'Norge']",[],[]
48,0,måtte,,,,,['overlærer Løkke'],"['Kjøbenhavn', 'Norge']",[],[]
49,0,befrygte,,,,,['overlærer Løkke'],"['Kjøbenhavn', 'Norge']",[],[]
50,0,at,,,,,['overlærer Løkke'],"['Kjøbenhavn', 'Norge']",[],[]
51,0,min,,,,,['overlærer Løkke'],"['Kjøbenhavn', 'Norge']",[],[]
52,0,tilbagerejse,,,,,['overlærer Løkke'],"['Kjøbenhavn', 'Norge']",[],[]
53,0,hertil,,,,,['overlærer Løkke'],"['Kjøbenhavn', 'Norge']",[],[]
54,0,kunde,,,,,['overlærer Løkke'],"['Kjøbenhavn', 'Norge']",[],[]
55,0,blive,,,,,['overlærer Løkke'],"['Kjøbenhavn', 'Norge']",[],[]
56,0,mig,,,,,['overlærer Løkke'],"['Kjøbenhavn', 'Norge']",[],[]
57,0,"afskåren,",,,,,['overlærer Løkke'],"['Kjøbenhavn', 'Norge']",[],[]
58,0,og,,,,,['overlærer Løkke'],"['Kjøbenhavn', 'Norge']",[],[]
59,0,da,,,,,['overlærer Løkke'],"['Kjøbenhavn', 'Norge']",[],[]
60,0,denne,,,,,['overlærer Løkke'],"['Kjøbenhavn', 'Norge']",[],[]
61,0,frygt,,,,,['overlærer Løkke'],"['Kjøbenhavn', 'Norge']",[],[]
62,0,ikke,,,,,['overlærer Løkke'],"['Kjøbenhavn', 'Norge']",[],[]
63,0,længere,,,,,['overlærer Løkke'],"['Kjøbenhavn', 'Norge']",[],[]
64,0,var,,,,,['overlærer Løkke'],"['Kjøbenhavn', 'Norge']",[],[]
65,0,"tilstede,",,,,,['overlærer Løkke'],"['Kjøbenhavn', 'Norge']",[],[]
66,0,så,,,,,['overlærer Løkke'],"['Kjøbenhavn', 'Norge']",[],[]
67,0,var,,,,,['overlærer Løkke'],"['Kjøbenhavn', 'Norge']",[],[]
68,0,årstiden,,,,,['overlærer Løkke'],"['Kjøbenhavn', 'Norge']",[],[]
69,0,så,,,,,['overlærer Løkke'],"['Kjøbenhavn', 'Norge']",[],[]
70,0,langt,,,,,['overlærer Løkke'],"['Kjøbenhavn', 'Norge']",[],[]
71,0,fremrykket,,,,,['overlærer Løkke'],"['Kjøbenhavn', 'Norge']",[],[]
72,0,at,,,,,['overlærer Løkke'],"['Kjøbenhavn', 'Norge']",[],[]
73,0,jeg,,,,,['overlærer Løkke'],"['Kjøbenhavn', 'Norge']",[],[]
74,0,besluttede,,,,,['overlærer Løkke'],"['Kjøbenhavn', 'Norge']",[],[]
75,0,at,,,,,['overlærer Løkke'],"['Kjøbenhavn', 'Norge']",[],[]
76,0,opsætte,,,,,['overlærer Løkke'],"['Kjøbenhavn', 'Norge']",[],[]
77,0,mit,,,,,['overlærer Løkke'],"['Kjøbenhavn', 'Norge']",[],[]
78,0,besøg,,,,,['overlærer Løkke'],"['Kjøbenhavn', 'Norge']",[],[]
79,0,indtil,,,,,['overlærer Løkke'],"['Kjøbenhavn', 'Norge']",[],[]
80,0,næste,,,,,['overlærer Løkke'],"['Kjøbenhavn', 'Norge']",[],[]
81,0,forår.De,,,,,['overlærer Løkke'],"['Kjøbenhavn', 'Norge']",[],[]
82,0,kan,,,,,['overlærer Løkke'],"['Kjøbenhavn', 'Norge']",[],[]
83,0,tro,,,,,['overlærer Løkke'],"['Kjøbenhavn', 'Norge']",[],[]
84,0,det,,,,,['overlærer Løkke'],"['Kjøbenhavn', 'Norge']",[],[]
85,0,er,,,,,['overlærer Løkke'],"['Kjøbenhavn', 'Norge']",[],[]
86,0,alt,,,,,['overlærer Løkke'],"['Kjøbenhavn', 'Norge']",[],[]
87,0,andet,,,,,['overlærer Løkke'],"['Kjøbenhavn', 'Norge']",[],[]
88,0,end,,,,,['overlærer Løkke'],"['Kjøbenhavn', 'Norge']",[],[]
89,0,behageligt,,,,,['overlærer Løkke'],"['Kjøbenhavn', 'Norge']",[],[]
90,0,at,,,,,['overlærer Løkke'],"['Kjøbenhavn', 'Norge']",[],[]
91,0,leve,,,,,['overlærer Løkke'],"['Kjøbenhavn', 'Norge']",[],[]
92,0,her,,,,,['overlærer Løkke'],"['Kjøbenhavn', 'Norge']",[],[]
93,0,for,,,,,['overlærer Løkke'],"['Kjøbenhavn', 'Norge']",[],[]
94,0,tiden.,,,,,['overlærer Løkke'],"['Kjøbenhavn', 'Norge']",[],[]
95,0,Byen,,,,,['overlærer Løkke'],"['Kjøbenhavn', 'Norge']",[],[]
96,0,er,,,,,['overlærer Løkke'],"['Kjøbenhavn', 'Norge']",[],[]
97,0,opfyldt,,,,,['overlærer Løkke'],"['Kjøbenhavn', 'Norge']",[],[]
98,0,af,,,,,['overlærer Løkke'],"['Kjøbenhavn', 'Norge']",[],[]
99,0,fanger,,,,,['overlærer Løkke'],"['Kjøbenhavn', 'Norge']",[],[]
100,0,og,,,,,['overlærer Løkke'],"['Kjøbenhavn', 'Norge']",[],[]
101,0,"sårede,",,,,,['overlærer Løkke'],"['Kjøbenhavn', 'Norge']",[],[]
102,0,og,,,,,['overlærer Løkke'],"['Kjøbenhavn', 'Norge']",[],[]
103,0,stemningen,,,,,['overlærer Løkke'],"['Kjøbenhavn', 'Norge']",[],[]
104,0,både,,,,,['overlærer Løkke'],"['Kjøbenhavn', 'Norge']",[],[]
105,0,ophidset,,,,,['overlærer Løkke'],"['Kjøbenhavn', 'Norge']",[],[]
106,0,og,,,,,['overlærer Løkke'],"['Kjøbenhavn', 'Norge']",[],[]
107,0,trykket.Hvorledes,,,,,['overlærer Løkke'],"['Kjøbenhavn', 'Norge']",[],[]
108,0,går,,,,,['overlærer Løkke'],"['Kjøbenhavn', 'Norge']",[],[]
109,0,det,,,,,['overlærer Løkke'],"['Kjøbenhavn', 'Norge']",[],[]
110,0,med,,,,,['overlærer Løkke'],"['Kjøbenhavn', 'Norge']",[],[]
111,0,theatersagerne,,,,,['overlærer Løkke'],"['Kjøbenhavn', 'Norge']",[],[]
112,0,hjemme?,,,,,['overlærer Løkke'],"['Kjøbenhavn', 'Norge']",[],[]
113,0,"Alt,",,,,,['overlærer Løkke'],"['Kjøbenhavn', 'Norge']",[],[]
114,0,hvad,,,,,['overlærer Løkke'],"['Kjøbenhavn', 'Norge']",[],[]
115,0,De,,,,,['overlærer Løkke'],"['Kjøbenhavn', 'Norge']",[],[]
116,0,kan,,,,,['overlærer Løkke'],"['Kjøbenhavn', 'Norge']",[],[]
117,0,fortælle,,,,,['overlærer Løkke'],"['Kjøbenhavn', 'Norge']",[],[]
118,0,mig,,,,,['overlærer Løkke'],"['Kjøbenhavn', 'Norge']",[],[]
119,0,"derom,",,,,,['overlærer Løkke'],"['Kjøbenhavn', 'Norge']",[],[]
120,0,vil,,,,,['overlærer Løkke'],"['Kjøbenhavn', 'Norge']",[],[]
121,0,være,,,,,['overlærer Løkke'],"['Kjøbenhavn', 'Norge']",[],[]
122,0,mig,,,,,['overlærer Løkke'],"['Kjøbenhavn', 'Norge']",[],[]
123,0,af,,,,,['overlærer Løkke'],"['Kjøbenhavn', 'Norge']",[],[]
124,0,interesse.,,,,,['overlærer Løkke'],"['Kjøbenhavn', 'Norge']",[],[]
125,0,Skulde,,,,,['overlærer Løkke'],"['Kjøbenhavn', 'Norge']",[],[]
126,0,De,,,,,['overlærer Løkke'],"['Kjøbenhavn', 'Norge']",[],[]
127,0,se,,,,,['overlærer Løkke'],"['Kjøbenhavn', 'Norge']",[],[]
128,0,overlærer,,,,,['overlærer Løkke'],"['Kjøbenhavn', 'Norge']",[],[]
129,0,Løkke,,,,,['overlærer Løkke'],"['Kjøbenhavn', 'Norge']",[],[]
130,0,beder,,,,,['overlærer Løkke'],"['Kjøbenhavn', 'Norge']",[],[]
131,0,jeg,,,,,['overlærer Løkke'],"['Kjøbenhavn', 'Norge']",[],[]
132,0,Dem,,,,,['overlærer Løkke'],"['Kjøbenhavn', 'Norge']",[],[]
133,0,hilse,,,,,['overlærer Løkke'],"['Kjøbenhavn', 'Norge']",[],[]
134,0,ham,,,,,['overlærer Løkke'],"['Kjøbenhavn', 'Norge']",[],[]
135,0,og,,,,,['overlærer Løkke'],"['Kjøbenhavn', 'Norge']",[],[]
136,0,sige,,,,,['overlærer Løkke'],"['Kjøbenhavn', 'Norge']",[],[]
137,0,at,,,,,['overlærer Løkke'],"['Kjøbenhavn', 'Norge']",[],[]
138,0,han,,,,,['overlærer Løkke'],"['Kjøbenhavn', 'Norge']",[],[]
139,0,snart,,,,,['overlærer Løkke'],"['Kjøbenhavn', 'Norge']",[],[]
140,0,skal,,,,,['overlærer Løkke'],"['Kjøbenhavn', 'Norge']",[],[]
141,0,høre,,,,,['overlærer Løkke'],"['Kjøbenhavn', 'Norge']",[],[]
142,0,fra,,,,,['overlærer Løkke'],"['Kjøbenhavn', 'Norge']",[],[]
143,0,mig.Vi,,,,,['overlærer Løkke'],"['Kjøbenhavn', 'Norge']",[],[]
144,0,befinder,,,,,['overlærer Løkke'],"['Kjøbenhavn', 'Norge']",[],[]
145,0,os,,,,,['overlærer Løkke'],"['Kjøbenhavn', 'Norge']",[],[]
146,0,alle,,,,,['overlærer Løkke'],"['Kjøbenhavn', 'Norge']",[],[]
147,0,vel,,,,,['overlærer Løkke'],"['Kjøbenhavn', 'Norge']",[],[]
148,0,og,,,,,['overlærer Løkke'],"['Kjøbenhavn', 'Norge']",[],[]
149,0,sender,,,,,['overlærer Løkke'],"['Kjøbenhavn', 'Norge']",[],[]
150,0,Dem,,,,,['overlærer Løkke'],"['Kjøbenhavn', 'Norge']",[],[]
151,0,vore,,,,,['overlærer Løkke'],"['Kjøbenhavn', 'Norge']",[],[]
152,0,bedste,,,,,['overlærer Løkke'],"['Kjøbenhavn', 'Norge']",[],[]
153,0,hilsener.,,,,,['overlærer Løkke'],"['Kjøbenhavn', 'Norge']",[],[]
