,,0,human_annotation,who,dacy_medium,spacy_trf,person,place,org,work
0,0,Det,,,,,['Bjørnson'],['Christiania'],['Theatret'],['«De unges Forbund»']
1,0,var,,,,,['Bjørnson'],['Christiania'],['Theatret'],['«De unges Forbund»']
2,0,mig,,,,,['Bjørnson'],['Christiania'],['Theatret'],['«De unges Forbund»']
3,0,i,,,,,['Bjørnson'],['Christiania'],['Theatret'],['«De unges Forbund»']
4,0,flere,,,,,['Bjørnson'],['Christiania'],['Theatret'],['«De unges Forbund»']
5,0,Henseender,,,,,['Bjørnson'],['Christiania'],['Theatret'],['«De unges Forbund»']
6,0,en,,,,,['Bjørnson'],['Christiania'],['Theatret'],['«De unges Forbund»']
7,0,Glæde,,,,,['Bjørnson'],['Christiania'],['Theatret'],['«De unges Forbund»']
8,0,at,,,,,['Bjørnson'],['Christiania'],['Theatret'],['«De unges Forbund»']
9,0,modtage,,,,,['Bjørnson'],['Christiania'],['Theatret'],['«De unges Forbund»']
10,0,Deres,,,,,['Bjørnson'],['Christiania'],['Theatret'],['«De unges Forbund»']
11,0,venlige,,,,,['Bjørnson'],['Christiania'],['Theatret'],['«De unges Forbund»']
12,0,Brev,,,,,['Bjørnson'],['Christiania'],['Theatret'],['«De unges Forbund»']
13,0,af,,,,,['Bjørnson'],['Christiania'],['Theatret'],['«De unges Forbund»']
14,0,24de,,,,,['Bjørnson'],['Christiania'],['Theatret'],['«De unges Forbund»']
15,0,f.,,,,,['Bjørnson'],['Christiania'],['Theatret'],['«De unges Forbund»']
16,0,M.,,,,,['Bjørnson'],['Christiania'],['Theatret'],['«De unges Forbund»']
17,0,–,,,,,['Bjørnson'],['Christiania'],['Theatret'],['«De unges Forbund»']
18,0,Først,,,,,['Bjørnson'],['Christiania'],['Theatret'],['«De unges Forbund»']
19,0,og,,,,,['Bjørnson'],['Christiania'],['Theatret'],['«De unges Forbund»']
20,0,fremst,,,,,['Bjørnson'],['Christiania'],['Theatret'],['«De unges Forbund»']
21,0,maa,,,,,['Bjørnson'],['Christiania'],['Theatret'],['«De unges Forbund»']
22,0,jeg,,,,,['Bjørnson'],['Christiania'],['Theatret'],['«De unges Forbund»']
23,0,takke,,,,,['Bjørnson'],['Christiania'],['Theatret'],['«De unges Forbund»']
24,0,"Dem,",,,,,['Bjørnson'],['Christiania'],['Theatret'],['«De unges Forbund»']
25,0,fordi,,,,,['Bjørnson'],['Christiania'],['Theatret'],['«De unges Forbund»']
26,0,De,,,,,['Bjørnson'],['Christiania'],['Theatret'],['«De unges Forbund»']
27,0,er,,,,,['Bjørnson'],['Christiania'],['Theatret'],['«De unges Forbund»']
28,0,den,,,,,['Bjørnson'],['Christiania'],['Theatret'],['«De unges Forbund»']
29,0,"første,",,,,,['Bjørnson'],['Christiania'],['Theatret'],['«De unges Forbund»']
30,0,af,,,,,['Bjørnson'],['Christiania'],['Theatret'],['«De unges Forbund»']
31,0,hvem,,,,,['Bjørnson'],['Christiania'],['Theatret'],['«De unges Forbund»']
32,0,jeg,,,,,['Bjørnson'],['Christiania'],['Theatret'],['«De unges Forbund»']
33,0,klart,,,,,['Bjørnson'],['Christiania'],['Theatret'],['«De unges Forbund»']
34,0,og,,,,,['Bjørnson'],['Christiania'],['Theatret'],['«De unges Forbund»']
35,0,tydeligt,,,,,['Bjørnson'],['Christiania'],['Theatret'],['«De unges Forbund»']
36,0,har,,,,,['Bjørnson'],['Christiania'],['Theatret'],['«De unges Forbund»']
37,0,set,,,,,['Bjørnson'],['Christiania'],['Theatret'],['«De unges Forbund»']
38,0,udtalt,,,,,['Bjørnson'],['Christiania'],['Theatret'],['«De unges Forbund»']
39,0,min,,,,,['Bjørnson'],['Christiania'],['Theatret'],['«De unges Forbund»']
40,0,egen,,,,,['Bjørnson'],['Christiania'],['Theatret'],['«De unges Forbund»']
41,0,Oppfattning,,,,,['Bjørnson'],['Christiania'],['Theatret'],['«De unges Forbund»']
42,0,af,,,,,['Bjørnson'],['Christiania'],['Theatret'],['«De unges Forbund»']
43,0,«De,,,,,['Bjørnson'],['Christiania'],['Theatret'],['«De unges Forbund»']
44,0,unges,,,,,['Bjørnson'],['Christiania'],['Theatret'],['«De unges Forbund»']
45,0,Forbund».,,,,,['Bjørnson'],['Christiania'],['Theatret'],['«De unges Forbund»']
46,0,Det,,,,,['Bjørnson'],['Christiania'],['Theatret'],['«De unges Forbund»']
47,0,er,,,,,['Bjørnson'],['Christiania'],['Theatret'],['«De unges Forbund»']
48,0,netopp,,,,,['Bjørnson'],['Christiania'],['Theatret'],['«De unges Forbund»']
49,0,"saaledes,",,,,,['Bjørnson'],['Christiania'],['Theatret'],['«De unges Forbund»']
50,0,som,,,,,['Bjørnson'],['Christiania'],['Theatret'],['«De unges Forbund»']
51,0,De,,,,,['Bjørnson'],['Christiania'],['Theatret'],['«De unges Forbund»']
52,0,"siger,",,,,,['Bjørnson'],['Christiania'],['Theatret'],['«De unges Forbund»']
53,0,at,,,,,['Bjørnson'],['Christiania'],['Theatret'],['«De unges Forbund»']
54,0,Politiken,,,,,['Bjørnson'],['Christiania'],['Theatret'],['«De unges Forbund»']
55,0,i,,,,,['Bjørnson'],['Christiania'],['Theatret'],['«De unges Forbund»']
56,0,"Stykket,",,,,,['Bjørnson'],['Christiania'],['Theatret'],['«De unges Forbund»']
57,0,«forsaavidt,,,,,['Bjørnson'],['Christiania'],['Theatret'],['«De unges Forbund»']
58,0,man,,,,,['Bjørnson'],['Christiania'],['Theatret'],['«De unges Forbund»']
59,0,kan,,,,,['Bjørnson'],['Christiania'],['Theatret'],['«De unges Forbund»']
60,0,sige,,,,,['Bjørnson'],['Christiania'],['Theatret'],['«De unges Forbund»']
61,0,at,,,,,['Bjørnson'],['Christiania'],['Theatret'],['«De unges Forbund»']
62,0,der,,,,,['Bjørnson'],['Christiania'],['Theatret'],['«De unges Forbund»']
63,0,er,,,,,['Bjørnson'],['Christiania'],['Theatret'],['«De unges Forbund»']
64,0,"nogen»,",,,,,['Bjørnson'],['Christiania'],['Theatret'],['«De unges Forbund»']
65,0,for,,,,,['Bjørnson'],['Christiania'],['Theatret'],['«De unges Forbund»']
66,0,mig,,,,,['Bjørnson'],['Christiania'],['Theatret'],['«De unges Forbund»']
67,0,har,,,,,['Bjørnson'],['Christiania'],['Theatret'],['«De unges Forbund»']
68,0,været,,,,,['Bjørnson'],['Christiania'],['Theatret'],['«De unges Forbund»']
69,0,det,,,,,['Bjørnson'],['Christiania'],['Theatret'],['«De unges Forbund»']
70,0,uvæsentlige.,,,,,['Bjørnson'],['Christiania'],['Theatret'],['«De unges Forbund»']
71,0,Men,,,,,['Bjørnson'],['Christiania'],['Theatret'],['«De unges Forbund»']
72,0,jeg,,,,,['Bjørnson'],['Christiania'],['Theatret'],['«De unges Forbund»']
73,0,behøvte,,,,,['Bjørnson'],['Christiania'],['Theatret'],['«De unges Forbund»']
74,0,naturligvis,,,,,['Bjørnson'],['Christiania'],['Theatret'],['«De unges Forbund»']
75,0,en,,,,,['Bjørnson'],['Christiania'],['Theatret'],['«De unges Forbund»']
76,0,"Intrige,",,,,,['Bjørnson'],['Christiania'],['Theatret'],['«De unges Forbund»']
77,0,hvorigjennem,,,,,['Bjørnson'],['Christiania'],['Theatret'],['«De unges Forbund»']
78,0,Karaktererne,,,,,['Bjørnson'],['Christiania'],['Theatret'],['«De unges Forbund»']
79,0,kunde,,,,,['Bjørnson'],['Christiania'],['Theatret'],['«De unges Forbund»']
80,0,udvikle,,,,,['Bjørnson'],['Christiania'],['Theatret'],['«De unges Forbund»']
81,0,"sig,",,,,,['Bjørnson'],['Christiania'],['Theatret'],['«De unges Forbund»']
82,0,og,,,,,['Bjørnson'],['Christiania'],['Theatret'],['«De unges Forbund»']
83,0,saa,,,,,['Bjørnson'],['Christiania'],['Theatret'],['«De unges Forbund»']
84,0,laa,,,,,['Bjørnson'],['Christiania'],['Theatret'],['«De unges Forbund»']
85,0,det,,,,,['Bjørnson'],['Christiania'],['Theatret'],['«De unges Forbund»']
86,0,jo,,,,,['Bjørnson'],['Christiania'],['Theatret'],['«De unges Forbund»']
87,0,nærmest,,,,,['Bjørnson'],['Christiania'],['Theatret'],['«De unges Forbund»']
88,0,for,,,,,['Bjørnson'],['Christiania'],['Theatret'],['«De unges Forbund»']
89,0,Haanden,,,,,['Bjørnson'],['Christiania'],['Theatret'],['«De unges Forbund»']
90,0,at,,,,,['Bjørnson'],['Christiania'],['Theatret'],['«De unges Forbund»']
91,0,vælge,,,,,['Bjørnson'],['Christiania'],['Theatret'],['«De unges Forbund»']
92,0,Situationer,,,,,['Bjørnson'],['Christiania'],['Theatret'],['«De unges Forbund»']
93,0,og,,,,,['Bjørnson'],['Christiania'],['Theatret'],['«De unges Forbund»']
94,0,"Forholde,",,,,,['Bjørnson'],['Christiania'],['Theatret'],['«De unges Forbund»']
95,0,der,,,,,['Bjørnson'],['Christiania'],['Theatret'],['«De unges Forbund»']
96,0,vel,,,,,['Bjørnson'],['Christiania'],['Theatret'],['«De unges Forbund»']
97,0,till,,,,,['Bjørnson'],['Christiania'],['Theatret'],['«De unges Forbund»']
98,0,en,,,,,['Bjørnson'],['Christiania'],['Theatret'],['«De unges Forbund»']
99,0,viss,,,,,['Bjørnson'],['Christiania'],['Theatret'],['«De unges Forbund»']
100,0,Grad,,,,,['Bjørnson'],['Christiania'],['Theatret'],['«De unges Forbund»']
101,0,tør,,,,,['Bjørnson'],['Christiania'],['Theatret'],['«De unges Forbund»']
102,0,siges,,,,,['Bjørnson'],['Christiania'],['Theatret'],['«De unges Forbund»']
103,0,at,,,,,['Bjørnson'],['Christiania'],['Theatret'],['«De unges Forbund»']
104,0,være,,,,,['Bjørnson'],['Christiania'],['Theatret'],['«De unges Forbund»']
105,0,typiske,,,,,['Bjørnson'],['Christiania'],['Theatret'],['«De unges Forbund»']
106,0,for,,,,,['Bjørnson'],['Christiania'],['Theatret'],['«De unges Forbund»']
107,0,vort,,,,,['Bjørnson'],['Christiania'],['Theatret'],['«De unges Forbund»']
108,0,Samfundsliv.,,,,,['Bjørnson'],['Christiania'],['Theatret'],['«De unges Forbund»']
109,0,Har,,,,,['Bjørnson'],['Christiania'],['Theatret'],['«De unges Forbund»']
110,0,jeg,,,,,['Bjørnson'],['Christiania'],['Theatret'],['«De unges Forbund»']
111,0,rammet,,,,,['Bjørnson'],['Christiania'],['Theatret'],['«De unges Forbund»']
112,0,nogen,,,,,['Bjørnson'],['Christiania'],['Theatret'],['«De unges Forbund»']
113,0,"enkelt,",,,,,['Bjørnson'],['Christiania'],['Theatret'],['«De unges Forbund»']
114,0,saa,,,,,['Bjørnson'],['Christiania'],['Theatret'],['«De unges Forbund»']
115,0,er,,,,,['Bjørnson'],['Christiania'],['Theatret'],['«De unges Forbund»']
116,0,det,,,,,['Bjørnson'],['Christiania'],['Theatret'],['«De unges Forbund»']
117,0,sket,,,,,['Bjørnson'],['Christiania'],['Theatret'],['«De unges Forbund»']
118,0,af,,,,,['Bjørnson'],['Christiania'],['Theatret'],['«De unges Forbund»']
119,0,Vanvare;,,,,,['Bjørnson'],['Christiania'],['Theatret'],['«De unges Forbund»']
120,0,og,,,,,['Bjørnson'],['Christiania'],['Theatret'],['«De unges Forbund»']
121,0,det,,,,,['Bjørnson'],['Christiania'],['Theatret'],['«De unges Forbund»']
122,0,vilde,,,,,['Bjørnson'],['Christiania'],['Theatret'],['«De unges Forbund»']
123,0,jo,,,,,['Bjørnson'],['Christiania'],['Theatret'],['«De unges Forbund»']
124,0,været,,,,,['Bjørnson'],['Christiania'],['Theatret'],['«De unges Forbund»']
125,0,en,,,,,['Bjørnson'],['Christiania'],['Theatret'],['«De unges Forbund»']
126,0,langt,,,,,['Bjørnson'],['Christiania'],['Theatret'],['«De unges Forbund»']
127,0,værre,,,,,['Bjørnson'],['Christiania'],['Theatret'],['«De unges Forbund»']
128,0,Anke,,,,,['Bjørnson'],['Christiania'],['Theatret'],['«De unges Forbund»']
129,0,mod,,,,,['Bjørnson'],['Christiania'],['Theatret'],['«De unges Forbund»']
130,0,"Arbejdet,",,,,,['Bjørnson'],['Christiania'],['Theatret'],['«De unges Forbund»']
131,0,ifald,,,,,['Bjørnson'],['Christiania'],['Theatret'],['«De unges Forbund»']
132,0,man,,,,,['Bjørnson'],['Christiania'],['Theatret'],['«De unges Forbund»']
133,0,kunde,,,,,['Bjørnson'],['Christiania'],['Theatret'],['«De unges Forbund»']
134,0,have,,,,,['Bjørnson'],['Christiania'],['Theatret'],['«De unges Forbund»']
135,0,sagt,,,,,['Bjørnson'],['Christiania'],['Theatret'],['«De unges Forbund»']
136,0,at,,,,,['Bjørnson'],['Christiania'],['Theatret'],['«De unges Forbund»']
137,0,Stykkets,,,,,['Bjørnson'],['Christiania'],['Theatret'],['«De unges Forbund»']
138,0,Personer,,,,,['Bjørnson'],['Christiania'],['Theatret'],['«De unges Forbund»']
139,0,og,,,,,['Bjørnson'],['Christiania'],['Theatret'],['«De unges Forbund»']
140,0,Forholde,,,,,['Bjørnson'],['Christiania'],['Theatret'],['«De unges Forbund»']
141,0,ikke,,,,,['Bjørnson'],['Christiania'],['Theatret'],['«De unges Forbund»']
142,0,havde,,,,,['Bjørnson'],['Christiania'],['Theatret'],['«De unges Forbund»']
143,0,nogen,,,,,['Bjørnson'],['Christiania'],['Theatret'],['«De unges Forbund»']
144,0,tillsvarende,,,,,['Bjørnson'],['Christiania'],['Theatret'],['«De unges Forbund»']
145,0,Virkelighed,,,,,['Bjørnson'],['Christiania'],['Theatret'],['«De unges Forbund»']
146,0,hos,,,,,['Bjørnson'],['Christiania'],['Theatret'],['«De unges Forbund»']
147,0,os.,,,,,['Bjørnson'],['Christiania'],['Theatret'],['«De unges Forbund»']
148,0,Lystspillet,,,,,['Bjørnson'],['Christiania'],['Theatret'],['«De unges Forbund»']
149,0,"maa,",,,,,['Bjørnson'],['Christiania'],['Theatret'],['«De unges Forbund»']
150,0,efter,,,,,['Bjørnson'],['Christiania'],['Theatret'],['«De unges Forbund»']
151,0,min,,,,,['Bjørnson'],['Christiania'],['Theatret'],['«De unges Forbund»']
152,0,"Mening,",,,,,['Bjørnson'],['Christiania'],['Theatret'],['«De unges Forbund»']
153,0,nutilldags,,,,,['Bjørnson'],['Christiania'],['Theatret'],['«De unges Forbund»']
154,0,have,,,,,['Bjørnson'],['Christiania'],['Theatret'],['«De unges Forbund»']
155,0,et,,,,,['Bjørnson'],['Christiania'],['Theatret'],['«De unges Forbund»']
156,0,stærkt,,,,,['Bjørnson'],['Christiania'],['Theatret'],['«De unges Forbund»']
157,0,realistisk,,,,,['Bjørnson'],['Christiania'],['Theatret'],['«De unges Forbund»']
158,0,Præg.,,,,,['Bjørnson'],['Christiania'],['Theatret'],['«De unges Forbund»']
159,0,I,,,,,['Bjørnson'],['Christiania'],['Theatret'],['«De unges Forbund»']
160,0,al,,,,,['Bjørnson'],['Christiania'],['Theatret'],['«De unges Forbund»']
161,0,Fald,,,,,['Bjørnson'],['Christiania'],['Theatret'],['«De unges Forbund»']
162,0,maa,,,,,['Bjørnson'],['Christiania'],['Theatret'],['«De unges Forbund»']
163,0,"Lystspildigteren,",,,,,['Bjørnson'],['Christiania'],['Theatret'],['«De unges Forbund»']
164,0,ligesaa,,,,,['Bjørnson'],['Christiania'],['Theatret'],['«De unges Forbund»']
165,0,vel,,,,,['Bjørnson'],['Christiania'],['Theatret'],['«De unges Forbund»']
166,0,som,,,,,['Bjørnson'],['Christiania'],['Theatret'],['«De unges Forbund»']
167,0,enhver,,,,,['Bjørnson'],['Christiania'],['Theatret'],['«De unges Forbund»']
168,0,anden,,,,,['Bjørnson'],['Christiania'],['Theatret'],['«De unges Forbund»']
169,0,"Kunstner,",,,,,['Bjørnson'],['Christiania'],['Theatret'],['«De unges Forbund»']
170,0,bruge,,,,,['Bjørnson'],['Christiania'],['Theatret'],['«De unges Forbund»']
171,0,Model.,,,,,['Bjørnson'],['Christiania'],['Theatret'],['«De unges Forbund»']
172,0,Men,,,,,['Bjørnson'],['Christiania'],['Theatret'],['«De unges Forbund»']
173,0,der,,,,,['Bjørnson'],['Christiania'],['Theatret'],['«De unges Forbund»']
174,0,er,,,,,['Bjørnson'],['Christiania'],['Theatret'],['«De unges Forbund»']
175,0,en,,,,,['Bjørnson'],['Christiania'],['Theatret'],['«De unges Forbund»']
176,0,stor,,,,,['Bjørnson'],['Christiania'],['Theatret'],['«De unges Forbund»']
177,0,Forskjel,,,,,['Bjørnson'],['Christiania'],['Theatret'],['«De unges Forbund»']
178,0,paa,,,,,['Bjørnson'],['Christiania'],['Theatret'],['«De unges Forbund»']
179,0,et,,,,,['Bjørnson'],['Christiania'],['Theatret'],['«De unges Forbund»']
180,0,Modelhoved,,,,,['Bjørnson'],['Christiania'],['Theatret'],['«De unges Forbund»']
181,0,og,,,,,['Bjørnson'],['Christiania'],['Theatret'],['«De unges Forbund»']
182,0,et,,,,,['Bjørnson'],['Christiania'],['Theatret'],['«De unges Forbund»']
183,0,Portræt.Alt,,,,,['Bjørnson'],['Christiania'],['Theatret'],['«De unges Forbund»']
184,0,dette,,,,,['Bjørnson'],['Christiania'],['Theatret'],['«De unges Forbund»']
185,0,haaber,,,,,['Bjørnson'],['Christiania'],['Theatret'],['«De unges Forbund»']
186,0,jeg,,,,,['Bjørnson'],['Christiania'],['Theatret'],['«De unges Forbund»']
187,0,imidlertid,,,,,['Bjørnson'],['Christiania'],['Theatret'],['«De unges Forbund»']
188,0,vil,,,,,['Bjørnson'],['Christiania'],['Theatret'],['«De unges Forbund»']
189,0,klarne,,,,,['Bjørnson'],['Christiania'],['Theatret'],['«De unges Forbund»']
190,0,i,,,,,['Bjørnson'],['Christiania'],['Theatret'],['«De unges Forbund»']
191,0,Publikums,,,,,['Bjørnson'],['Christiania'],['Theatret'],['«De unges Forbund»']
192,0,Bevidsthed,,,,,['Bjørnson'],['Christiania'],['Theatret'],['«De unges Forbund»']
193,0,naar,,,,,['Bjørnson'],['Christiania'],['Theatret'],['«De unges Forbund»']
194,0,først,,,,,['Bjørnson'],['Christiania'],['Theatret'],['«De unges Forbund»']
195,0,Gjæringen,,,,,['Bjørnson'],['Christiania'],['Theatret'],['«De unges Forbund»']
196,0,har,,,,,['Bjørnson'],['Christiania'],['Theatret'],['«De unges Forbund»']
197,0,faat,,,,,['Bjørnson'],['Christiania'],['Theatret'],['«De unges Forbund»']
198,0,Tid,,,,,['Bjørnson'],['Christiania'],['Theatret'],['«De unges Forbund»']
199,0,till,,,,,['Bjørnson'],['Christiania'],['Theatret'],['«De unges Forbund»']
200,0,at,,,,,['Bjørnson'],['Christiania'],['Theatret'],['«De unges Forbund»']
201,0,sætte,,,,,['Bjørnson'],['Christiania'],['Theatret'],['«De unges Forbund»']
202,0,sig.,,,,,['Bjørnson'],['Christiania'],['Theatret'],['«De unges Forbund»']
203,0,Uroen,,,,,['Bjørnson'],['Christiania'],['Theatret'],['«De unges Forbund»']
204,0,er,,,,,['Bjørnson'],['Christiania'],['Theatret'],['«De unges Forbund»']
205,0,jo,,,,,['Bjørnson'],['Christiania'],['Theatret'],['«De unges Forbund»']
206,0,imidlertid,,,,,['Bjørnson'],['Christiania'],['Theatret'],['«De unges Forbund»']
207,0,endnu,,,,,['Bjørnson'],['Christiania'],['Theatret'],['«De unges Forbund»']
208,0,tillstede,,,,,['Bjørnson'],['Christiania'],['Theatret'],['«De unges Forbund»']
209,0,og,,,,,['Bjørnson'],['Christiania'],['Theatret'],['«De unges Forbund»']
210,0,rimeligvis,,,,,['Bjørnson'],['Christiania'],['Theatret'],['«De unges Forbund»']
211,0,lægger,,,,,['Bjørnson'],['Christiania'],['Theatret'],['«De unges Forbund»']
212,0,den,,,,,['Bjørnson'],['Christiania'],['Theatret'],['«De unges Forbund»']
213,0,sig,,,,,['Bjørnson'],['Christiania'],['Theatret'],['«De unges Forbund»']
214,0,ikke,,,,,['Bjørnson'],['Christiania'],['Theatret'],['«De unges Forbund»']
215,0,saa,,,,,['Bjørnson'],['Christiania'],['Theatret'],['«De unges Forbund»']
216,0,snart.,,,,,['Bjørnson'],['Christiania'],['Theatret'],['«De unges Forbund»']
217,0,Men,,,,,['Bjørnson'],['Christiania'],['Theatret'],['«De unges Forbund»']
218,0,netopp,,,,,['Bjørnson'],['Christiania'],['Theatret'],['«De unges Forbund»']
219,0,herfor,,,,,['Bjørnson'],['Christiania'],['Theatret'],['«De unges Forbund»']
220,0,er,,,,,['Bjørnson'],['Christiania'],['Theatret'],['«De unges Forbund»']
221,0,jeg,,,,,['Bjørnson'],['Christiania'],['Theatret'],['«De unges Forbund»']
222,0,sterkt,,,,,['Bjørnson'],['Christiania'],['Theatret'],['«De unges Forbund»']
223,0,i,,,,,['Bjørnson'],['Christiania'],['Theatret'],['«De unges Forbund»']
224,0,Tvivl,,,,,['Bjørnson'],['Christiania'],['Theatret'],['«De unges Forbund»']
225,0,"om,",,,,,['Bjørnson'],['Christiania'],['Theatret'],['«De unges Forbund»']
226,0,hvorvidt,,,,,['Bjørnson'],['Christiania'],['Theatret'],['«De unges Forbund»']
227,0,det,,,,,['Bjørnson'],['Christiania'],['Theatret'],['«De unges Forbund»']
228,0,virkelig,,,,,['Bjørnson'],['Christiania'],['Theatret'],['«De unges Forbund»']
229,0,skulde,,,,,['Bjørnson'],['Christiania'],['Theatret'],['«De unges Forbund»']
230,0,være,,,,,['Bjørnson'],['Christiania'],['Theatret'],['«De unges Forbund»']
231,0,till,,,,,['Bjørnson'],['Christiania'],['Theatret'],['«De unges Forbund»']
232,0,Gavn,,,,,['Bjørnson'],['Christiania'],['Theatret'],['«De unges Forbund»']
233,0,for,,,,,['Bjørnson'],['Christiania'],['Theatret'],['«De unges Forbund»']
234,0,Theatret,,,,,['Bjørnson'],['Christiania'],['Theatret'],['«De unges Forbund»']
235,0,om,,,,,['Bjørnson'],['Christiania'],['Theatret'],['«De unges Forbund»']
236,0,jeg,,,,,['Bjørnson'],['Christiania'],['Theatret'],['«De unges Forbund»']
237,0,for,,,,,['Bjørnson'],['Christiania'],['Theatret'],['«De unges Forbund»']
238,0,Tiden,,,,,['Bjørnson'],['Christiania'],['Theatret'],['«De unges Forbund»']
239,0,indgik,,,,,['Bjørnson'],['Christiania'],['Theatret'],['«De unges Forbund»']
240,0,paa,,,,,['Bjørnson'],['Christiania'],['Theatret'],['«De unges Forbund»']
241,0,Deres,,,,,['Bjørnson'],['Christiania'],['Theatret'],['«De unges Forbund»']
242,0,forøvrigt,,,,,['Bjørnson'],['Christiania'],['Theatret'],['«De unges Forbund»']
243,0,for,,,,,['Bjørnson'],['Christiania'],['Theatret'],['«De unges Forbund»']
244,0,mig,,,,,['Bjørnson'],['Christiania'],['Theatret'],['«De unges Forbund»']
245,0,saa,,,,,['Bjørnson'],['Christiania'],['Theatret'],['«De unges Forbund»']
246,0,smigrende,,,,,['Bjørnson'],['Christiania'],['Theatret'],['«De unges Forbund»']
247,0,Tillbud,,,,,['Bjørnson'],['Christiania'],['Theatret'],['«De unges Forbund»']
248,0,om,,,,,['Bjørnson'],['Christiania'],['Theatret'],['«De unges Forbund»']
249,0,at,,,,,['Bjørnson'],['Christiania'],['Theatret'],['«De unges Forbund»']
250,0,overtage,,,,,['Bjørnson'],['Christiania'],['Theatret'],['«De unges Forbund»']
251,0,nogen,,,,,['Bjørnson'],['Christiania'],['Theatret'],['«De unges Forbund»']
252,0,Befattning,,,,,['Bjørnson'],['Christiania'],['Theatret'],['«De unges Forbund»']
253,0,ved,,,,,['Bjørnson'],['Christiania'],['Theatret'],['«De unges Forbund»']
254,0,samme.,,,,,['Bjørnson'],['Christiania'],['Theatret'],['«De unges Forbund»']
255,0,Af,,,,,['Bjørnson'],['Christiania'],['Theatret'],['«De unges Forbund»']
256,0,et,,,,,['Bjørnson'],['Christiania'],['Theatret'],['«De unges Forbund»']
257,0,visst,,,,,['Bjørnson'],['Christiania'],['Theatret'],['«De unges Forbund»']
258,0,højmælt,,,,,['Bjørnson'],['Christiania'],['Theatret'],['«De unges Forbund»']
259,0,Parti,,,,,['Bjørnson'],['Christiania'],['Theatret'],['«De unges Forbund»']
260,0,betragtes,,,,,['Bjørnson'],['Christiania'],['Theatret'],['«De unges Forbund»']
261,0,jeg,,,,,['Bjørnson'],['Christiania'],['Theatret'],['«De unges Forbund»']
262,0,nu,,,,,['Bjørnson'],['Christiania'],['Theatret'],['«De unges Forbund»']
263,0,for,,,,,['Bjørnson'],['Christiania'],['Theatret'],['«De unges Forbund»']
264,0,hvad,,,,,['Bjørnson'],['Christiania'],['Theatret'],['«De unges Forbund»']
265,0,jeg,,,,,['Bjørnson'],['Christiania'],['Theatret'],['«De unges Forbund»']
266,0,mindst,,,,,['Bjørnson'],['Christiania'],['Theatret'],['«De unges Forbund»']
267,0,er,,,,,['Bjørnson'],['Christiania'],['Theatret'],['«De unges Forbund»']
268,0,og,,,,,['Bjørnson'],['Christiania'],['Theatret'],['«De unges Forbund»']
269,0,mindst,,,,,['Bjørnson'],['Christiania'],['Theatret'],['«De unges Forbund»']
270,0,ønsker,,,,,['Bjørnson'],['Christiania'],['Theatret'],['«De unges Forbund»']
271,0,at,,,,,['Bjørnson'],['Christiania'],['Theatret'],['«De unges Forbund»']
272,0,"være,",,,,,['Bjørnson'],['Christiania'],['Theatret'],['«De unges Forbund»']
273,0,–,,,,,['Bjørnson'],['Christiania'],['Theatret'],['«De unges Forbund»']
274,0,en,,,,,['Bjørnson'],['Christiania'],['Theatret'],['«De unges Forbund»']
275,0,Partimand;,,,,,['Bjørnson'],['Christiania'],['Theatret'],['«De unges Forbund»']
276,0,og,,,,,['Bjørnson'],['Christiania'],['Theatret'],['«De unges Forbund»']
277,0,jeg,,,,,['Bjørnson'],['Christiania'],['Theatret'],['«De unges Forbund»']
278,0,tager,,,,,['Bjørnson'],['Christiania'],['Theatret'],['«De unges Forbund»']
279,0,neppe,,,,,['Bjørnson'],['Christiania'],['Theatret'],['«De unges Forbund»']
280,0,Fejl,,,,,['Bjørnson'],['Christiania'],['Theatret'],['«De unges Forbund»']
281,0,naar,,,,,['Bjørnson'],['Christiania'],['Theatret'],['«De unges Forbund»']
282,0,jeg,,,,,['Bjørnson'],['Christiania'],['Theatret'],['«De unges Forbund»']
283,0,forudser,,,,,['Bjørnson'],['Christiania'],['Theatret'],['«De unges Forbund»']
284,0,at,,,,,['Bjørnson'],['Christiania'],['Theatret'],['«De unges Forbund»']
285,0,min,,,,,['Bjørnson'],['Christiania'],['Theatret'],['«De unges Forbund»']
286,0,Ansættelse,,,,,['Bjørnson'],['Christiania'],['Theatret'],['«De unges Forbund»']
287,0,ved,,,,,['Bjørnson'],['Christiania'],['Theatret'],['«De unges Forbund»']
288,0,Theatret,,,,,['Bjørnson'],['Christiania'],['Theatret'],['«De unges Forbund»']
289,0,netopp,,,,,['Bjørnson'],['Christiania'],['Theatret'],['«De unges Forbund»']
290,0,nu,,,,,['Bjørnson'],['Christiania'],['Theatret'],['«De unges Forbund»']
291,0,vilde,,,,,['Bjørnson'],['Christiania'],['Theatret'],['«De unges Forbund»']
292,0,blive,,,,,['Bjørnson'],['Christiania'],['Theatret'],['«De unges Forbund»']
293,0,betragtet,,,,,['Bjørnson'],['Christiania'],['Theatret'],['«De unges Forbund»']
294,0,som,,,,,['Bjørnson'],['Christiania'],['Theatret'],['«De unges Forbund»']
295,0,en,,,,,['Bjørnson'],['Christiania'],['Theatret'],['«De unges Forbund»']
296,0,"Stridshandske,",,,,,['Bjørnson'],['Christiania'],['Theatret'],['«De unges Forbund»']
297,0,der,,,,,['Bjørnson'],['Christiania'],['Theatret'],['«De unges Forbund»']
298,0,visstnok,,,,,['Bjørnson'],['Christiania'],['Theatret'],['«De unges Forbund»']
299,0,ikke,,,,,['Bjørnson'],['Christiania'],['Theatret'],['«De unges Forbund»']
300,0,vilde,,,,,['Bjørnson'],['Christiania'],['Theatret'],['«De unges Forbund»']
301,0,blive,,,,,['Bjørnson'],['Christiania'],['Theatret'],['«De unges Forbund»']
302,0,liggende,,,,,['Bjørnson'],['Christiania'],['Theatret'],['«De unges Forbund»']
303,0,uopptagen.,,,,,['Bjørnson'],['Christiania'],['Theatret'],['«De unges Forbund»']
304,0,En,,,,,['Bjørnson'],['Christiania'],['Theatret'],['«De unges Forbund»']
305,0,Kunstanstalt,,,,,['Bjørnson'],['Christiania'],['Theatret'],['«De unges Forbund»']
306,0,behøver,,,,,['Bjørnson'],['Christiania'],['Theatret'],['«De unges Forbund»']
307,0,Ro,,,,,['Bjørnson'],['Christiania'],['Theatret'],['«De unges Forbund»']
308,0,for,,,,,['Bjørnson'],['Christiania'],['Theatret'],['«De unges Forbund»']
309,0,at,,,,,['Bjørnson'],['Christiania'],['Theatret'],['«De unges Forbund»']
310,0,kunne,,,,,['Bjørnson'],['Christiania'],['Theatret'],['«De unges Forbund»']
311,0,"virke,",,,,,['Bjørnson'],['Christiania'],['Theatret'],['«De unges Forbund»']
312,0,og,,,,,['Bjørnson'],['Christiania'],['Theatret'],['«De unges Forbund»']
313,0,under,,,,,['Bjørnson'],['Christiania'],['Theatret'],['«De unges Forbund»']
314,0,vore,,,,,['Bjørnson'],['Christiania'],['Theatret'],['«De unges Forbund»']
315,0,snevre,,,,,['Bjørnson'],['Christiania'],['Theatret'],['«De unges Forbund»']
316,0,Forholde,,,,,['Bjørnson'],['Christiania'],['Theatret'],['«De unges Forbund»']
317,0,især,,,,,['Bjørnson'],['Christiania'],['Theatret'],['«De unges Forbund»']
318,0,behøver,,,,,['Bjørnson'],['Christiania'],['Theatret'],['«De unges Forbund»']
319,0,den,,,,,['Bjørnson'],['Christiania'],['Theatret'],['«De unges Forbund»']
320,0,det,,,,,['Bjørnson'],['Christiania'],['Theatret'],['«De unges Forbund»']
321,0,hele,,,,,['Bjørnson'],['Christiania'],['Theatret'],['«De unges Forbund»']
322,0,Publikum,,,,,['Bjørnson'],['Christiania'],['Theatret'],['«De unges Forbund»']
323,0,for,,,,,['Bjørnson'],['Christiania'],['Theatret'],['«De unges Forbund»']
324,0,sig.,,,,,['Bjørnson'],['Christiania'],['Theatret'],['«De unges Forbund»']
325,0,En,,,,,['Bjørnson'],['Christiania'],['Theatret'],['«De unges Forbund»']
326,0,Splittelse,,,,,['Bjørnson'],['Christiania'],['Theatret'],['«De unges Forbund»']
327,0,kan,,,,,['Bjørnson'],['Christiania'],['Theatret'],['«De unges Forbund»']
328,0,nok,,,,,['Bjørnson'],['Christiania'],['Theatret'],['«De unges Forbund»']
329,0,stimulere,,,,,['Bjørnson'],['Christiania'],['Theatret'],['«De unges Forbund»']
330,0,for,,,,,['Bjørnson'],['Christiania'],['Theatret'],['«De unges Forbund»']
331,0,en,,,,,['Bjørnson'],['Christiania'],['Theatret'],['«De unges Forbund»']
332,0,Tid;,,,,,['Bjørnson'],['Christiania'],['Theatret'],['«De unges Forbund»']
333,0,men,,,,,['Bjørnson'],['Christiania'],['Theatret'],['«De unges Forbund»']
334,0,den,,,,,['Bjørnson'],['Christiania'],['Theatret'],['«De unges Forbund»']
335,0,virker,,,,,['Bjørnson'],['Christiania'],['Theatret'],['«De unges Forbund»']
336,0,ikke,,,,,['Bjørnson'],['Christiania'],['Theatret'],['«De unges Forbund»']
337,0,godt,,,,,['Bjørnson'],['Christiania'],['Theatret'],['«De unges Forbund»']
338,0,i,,,,,['Bjørnson'],['Christiania'],['Theatret'],['«De unges Forbund»']
339,0,Længden.,,,,,['Bjørnson'],['Christiania'],['Theatret'],['«De unges Forbund»']
340,0,–,,,,,['Bjørnson'],['Christiania'],['Theatret'],['«De unges Forbund»']
341,0,Alt,,,,,['Bjørnson'],['Christiania'],['Theatret'],['«De unges Forbund»']
342,0,dette,,,,,['Bjørnson'],['Christiania'],['Theatret'],['«De unges Forbund»']
343,0,ved,,,,,['Bjørnson'],['Christiania'],['Theatret'],['«De unges Forbund»']
344,0,De,,,,,['Bjørnson'],['Christiania'],['Theatret'],['«De unges Forbund»']
345,0,naturligvis,,,,,['Bjørnson'],['Christiania'],['Theatret'],['«De unges Forbund»']
346,0,selv,,,,,['Bjørnson'],['Christiania'],['Theatret'],['«De unges Forbund»']
347,0,meget,,,,,['Bjørnson'],['Christiania'],['Theatret'],['«De unges Forbund»']
348,0,bedre,,,,,['Bjørnson'],['Christiania'],['Theatret'],['«De unges Forbund»']
349,0,end,,,,,['Bjørnson'],['Christiania'],['Theatret'],['«De unges Forbund»']
350,0,jeg,,,,,['Bjørnson'],['Christiania'],['Theatret'],['«De unges Forbund»']
351,0,her,,,,,['Bjørnson'],['Christiania'],['Theatret'],['«De unges Forbund»']
352,0,i,,,,,['Bjørnson'],['Christiania'],['Theatret'],['«De unges Forbund»']
353,0,lang,,,,,['Bjørnson'],['Christiania'],['Theatret'],['«De unges Forbund»']
354,0,Frastand,,,,,['Bjørnson'],['Christiania'],['Theatret'],['«De unges Forbund»']
355,0,kan,,,,,['Bjørnson'],['Christiania'],['Theatret'],['«De unges Forbund»']
356,0,sige,,,,,['Bjørnson'],['Christiania'],['Theatret'],['«De unges Forbund»']
357,0,Dem,,,,,['Bjørnson'],['Christiania'],['Theatret'],['«De unges Forbund»']
358,0,det;,,,,,['Bjørnson'],['Christiania'],['Theatret'],['«De unges Forbund»']
359,0,og,,,,,['Bjørnson'],['Christiania'],['Theatret'],['«De unges Forbund»']
360,0,naar,,,,,['Bjørnson'],['Christiania'],['Theatret'],['«De unges Forbund»']
361,0,jeg,,,,,['Bjørnson'],['Christiania'],['Theatret'],['«De unges Forbund»']
362,0,alligevel,,,,,['Bjørnson'],['Christiania'],['Theatret'],['«De unges Forbund»']
363,0,nævner,,,,,['Bjørnson'],['Christiania'],['Theatret'],['«De unges Forbund»']
364,0,"det,",,,,,['Bjørnson'],['Christiania'],['Theatret'],['«De unges Forbund»']
365,0,saa,,,,,['Bjørnson'],['Christiania'],['Theatret'],['«De unges Forbund»']
366,0,er,,,,,['Bjørnson'],['Christiania'],['Theatret'],['«De unges Forbund»']
367,0,det,,,,,['Bjørnson'],['Christiania'],['Theatret'],['«De unges Forbund»']
368,0,for,,,,,['Bjørnson'],['Christiania'],['Theatret'],['«De unges Forbund»']
369,0,at,,,,,['Bjørnson'],['Christiania'],['Theatret'],['«De unges Forbund»']
370,0,gjøre,,,,,['Bjørnson'],['Christiania'],['Theatret'],['«De unges Forbund»']
371,0,Rede,,,,,['Bjørnson'],['Christiania'],['Theatret'],['«De unges Forbund»']
372,0,for,,,,,['Bjørnson'],['Christiania'],['Theatret'],['«De unges Forbund»']
373,0,af,,,,,['Bjørnson'],['Christiania'],['Theatret'],['«De unges Forbund»']
374,0,hvilken,,,,,['Bjørnson'],['Christiania'],['Theatret'],['«De unges Forbund»']
375,0,Beskaffenhed,,,,,['Bjørnson'],['Christiania'],['Theatret'],['«De unges Forbund»']
376,0,mine,,,,,['Bjørnson'],['Christiania'],['Theatret'],['«De unges Forbund»']
377,0,Betænkeligheder,,,,,['Bjørnson'],['Christiania'],['Theatret'],['«De unges Forbund»']
378,0,er.,,,,,['Bjørnson'],['Christiania'],['Theatret'],['«De unges Forbund»']
379,0,–,,,,,['Bjørnson'],['Christiania'],['Theatret'],['«De unges Forbund»']
380,0,Tør,,,,,['Bjørnson'],['Christiania'],['Theatret'],['«De unges Forbund»']
381,0,jeg,,,,,['Bjørnson'],['Christiania'],['Theatret'],['«De unges Forbund»']
382,0,gjøre,,,,,['Bjørnson'],['Christiania'],['Theatret'],['«De unges Forbund»']
383,0,Dem,,,,,['Bjørnson'],['Christiania'],['Theatret'],['«De unges Forbund»']
384,0,et,,,,,['Bjørnson'],['Christiania'],['Theatret'],['«De unges Forbund»']
385,0,Spørgsmaal?,,,,,['Bjørnson'],['Christiania'],['Theatret'],['«De unges Forbund»']
386,0,Anser,,,,,['Bjørnson'],['Christiania'],['Theatret'],['«De unges Forbund»']
387,0,De,,,,,['Bjørnson'],['Christiania'],['Theatret'],['«De unges Forbund»']
388,0,Bjørnson,,,,,['Bjørnson'],['Christiania'],['Theatret'],['«De unges Forbund»']
389,0,for,,,,,['Bjørnson'],['Christiania'],['Theatret'],['«De unges Forbund»']
390,0,umulig,,,,,['Bjørnson'],['Christiania'],['Theatret'],['«De unges Forbund»']
391,0,som,,,,,['Bjørnson'],['Christiania'],['Theatret'],['«De unges Forbund»']
392,0,Theaterdirektør;,,,,,['Bjørnson'],['Christiania'],['Theatret'],['«De unges Forbund»']
393,0,og,,,,,['Bjørnson'],['Christiania'],['Theatret'],['«De unges Forbund»']
394,0,er,,,,,['Bjørnson'],['Christiania'],['Theatret'],['«De unges Forbund»']
395,0,det,,,,,['Bjørnson'],['Christiania'],['Theatret'],['«De unges Forbund»']
396,0,utænkeligt,,,,,['Bjørnson'],['Christiania'],['Theatret'],['«De unges Forbund»']
397,0,at,,,,,['Bjørnson'],['Christiania'],['Theatret'],['«De unges Forbund»']
398,0,det,,,,,['Bjørnson'],['Christiania'],['Theatret'],['«De unges Forbund»']
399,0,skulde,,,,,['Bjørnson'],['Christiania'],['Theatret'],['«De unges Forbund»']
400,0,kunne,,,,,['Bjørnson'],['Christiania'],['Theatret'],['«De unges Forbund»']
401,0,komme,,,,,['Bjørnson'],['Christiania'],['Theatret'],['«De unges Forbund»']
402,0,till,,,,,['Bjørnson'],['Christiania'],['Theatret'],['«De unges Forbund»']
403,0,en,,,,,['Bjørnson'],['Christiania'],['Theatret'],['«De unges Forbund»']
404,0,Udsoning,,,,,['Bjørnson'],['Christiania'],['Theatret'],['«De unges Forbund»']
405,0,mellem,,,,,['Bjørnson'],['Christiania'],['Theatret'],['«De unges Forbund»']
406,0,ham,,,,,['Bjørnson'],['Christiania'],['Theatret'],['«De unges Forbund»']
407,0,og,,,,,['Bjørnson'],['Christiania'],['Theatret'],['«De unges Forbund»']
408,0,den,,,,,['Bjørnson'],['Christiania'],['Theatret'],['«De unges Forbund»']
409,0,nuværende,,,,,['Bjørnson'],['Christiania'],['Theatret'],['«De unges Forbund»']
410,0,Bestyrelse?,,,,,['Bjørnson'],['Christiania'],['Theatret'],['«De unges Forbund»']
411,0,Som,,,,,['Bjørnson'],['Christiania'],['Theatret'],['«De unges Forbund»']
412,0,ene,,,,,['Bjørnson'],['Christiania'],['Theatret'],['«De unges Forbund»']
413,0,raadende,,,,,['Bjørnson'],['Christiania'],['Theatret'],['«De unges Forbund»']
414,0,for,,,,,['Bjørnson'],['Christiania'],['Theatret'],['«De unges Forbund»']
415,0,det,,,,,['Bjørnson'],['Christiania'],['Theatret'],['«De unges Forbund»']
416,0,artistiske,,,,,['Bjørnson'],['Christiania'],['Theatret'],['«De unges Forbund»']
417,0,er,,,,,['Bjørnson'],['Christiania'],['Theatret'],['«De unges Forbund»']
418,0,Bjørnson,,,,,['Bjørnson'],['Christiania'],['Theatret'],['«De unges Forbund»']
419,0,visselig,,,,,['Bjørnson'],['Christiania'],['Theatret'],['«De unges Forbund»']
420,0,ikke,,,,,['Bjørnson'],['Christiania'],['Theatret'],['«De unges Forbund»']
421,0,nogen,,,,,['Bjørnson'],['Christiania'],['Theatret'],['«De unges Forbund»']
422,0,ønskelig,,,,,['Bjørnson'],['Christiania'],['Theatret'],['«De unges Forbund»']
423,0,Mand;,,,,,['Bjørnson'],['Christiania'],['Theatret'],['«De unges Forbund»']
424,0,men,,,,,['Bjørnson'],['Christiania'],['Theatret'],['«De unges Forbund»']
425,0,naar,,,,,['Bjørnson'],['Christiania'],['Theatret'],['«De unges Forbund»']
426,0,alt,,,,,['Bjørnson'],['Christiania'],['Theatret'],['«De unges Forbund»']
427,0,det,,,,,['Bjørnson'],['Christiania'],['Theatret'],['«De unges Forbund»']
428,0,praktiske,,,,,['Bjørnson'],['Christiania'],['Theatret'],['«De unges Forbund»']
429,0,forblev,,,,,['Bjørnson'],['Christiania'],['Theatret'],['«De unges Forbund»']
430,0,i,,,,,['Bjørnson'],['Christiania'],['Theatret'],['«De unges Forbund»']
431,0,kyndigere,,,,,['Bjørnson'],['Christiania'],['Theatret'],['«De unges Forbund»']
432,0,og,,,,,['Bjørnson'],['Christiania'],['Theatret'],['«De unges Forbund»']
433,0,sindigere,,,,,['Bjørnson'],['Christiania'],['Theatret'],['«De unges Forbund»']
434,0,"Hænder,",,,,,['Bjørnson'],['Christiania'],['Theatret'],['«De unges Forbund»']
435,0,saa,,,,,['Bjørnson'],['Christiania'],['Theatret'],['«De unges Forbund»']
436,0,turde,,,,,['Bjørnson'],['Christiania'],['Theatret'],['«De unges Forbund»']
437,0,han,,,,,['Bjørnson'],['Christiania'],['Theatret'],['«De unges Forbund»']
438,0,dog,,,,,['Bjørnson'],['Christiania'],['Theatret'],['«De unges Forbund»']
439,0,maaske,,,,,['Bjørnson'],['Christiania'],['Theatret'],['«De unges Forbund»']
440,0,fylde,,,,,['Bjørnson'],['Christiania'],['Theatret'],['«De unges Forbund»']
441,0,sin,,,,,['Bjørnson'],['Christiania'],['Theatret'],['«De unges Forbund»']
442,0,Plads.,,,,,['Bjørnson'],['Christiania'],['Theatret'],['«De unges Forbund»']
443,0,Endnu,,,,,['Bjørnson'],['Christiania'],['Theatret'],['«De unges Forbund»']
444,0,en,,,,,['Bjørnson'],['Christiania'],['Theatret'],['«De unges Forbund»']
445,0,Ting,,,,,['Bjørnson'],['Christiania'],['Theatret'],['«De unges Forbund»']
446,0,vilde,,,,,['Bjørnson'],['Christiania'],['Theatret'],['«De unges Forbund»']
447,0,jeg,,,,,['Bjørnson'],['Christiania'],['Theatret'],['«De unges Forbund»']
448,0,gjerne,,,,,['Bjørnson'],['Christiania'],['Theatret'],['«De unges Forbund»']
449,0,vide:,,,,,['Bjørnson'],['Christiania'],['Theatret'],['«De unges Forbund»']
450,0,Hvorledes,,,,,['Bjørnson'],['Christiania'],['Theatret'],['«De unges Forbund»']
451,0,er,,,,,['Bjørnson'],['Christiania'],['Theatret'],['«De unges Forbund»']
452,0,Repræsentantskabet,,,,,['Bjørnson'],['Christiania'],['Theatret'],['«De unges Forbund»']
453,0,og,,,,,['Bjørnson'],['Christiania'],['Theatret'],['«De unges Forbund»']
454,0,Skuespillerne,,,,,['Bjørnson'],['Christiania'],['Theatret'],['«De unges Forbund»']
455,0,sindet,,,,,['Bjørnson'],['Christiania'],['Theatret'],['«De unges Forbund»']
456,0,mod,,,,,['Bjørnson'],['Christiania'],['Theatret'],['«De unges Forbund»']
457,0,Bjørnson?,,,,,['Bjørnson'],['Christiania'],['Theatret'],['«De unges Forbund»']
458,0,Og,,,,,['Bjørnson'],['Christiania'],['Theatret'],['«De unges Forbund»']
459,0,"dernæst,",,,,,['Bjørnson'],['Christiania'],['Theatret'],['«De unges Forbund»']
460,0,foreligger,,,,,['Bjørnson'],['Christiania'],['Theatret'],['«De unges Forbund»']
461,0,der,,,,,['Bjørnson'],['Christiania'],['Theatret'],['«De unges Forbund»']
462,0,noget,,,,,['Bjørnson'],['Christiania'],['Theatret'],['«De unges Forbund»']
463,0,Vidnesbyrd,,,,,['Bjørnson'],['Christiania'],['Theatret'],['«De unges Forbund»']
464,0,om,,,,,['Bjørnson'],['Christiania'],['Theatret'],['«De unges Forbund»']
465,0,at,,,,,['Bjørnson'],['Christiania'],['Theatret'],['«De unges Forbund»']
466,0,disse,,,,,['Bjørnson'],['Christiania'],['Theatret'],['«De unges Forbund»']
467,0,to,,,,,['Bjørnson'],['Christiania'],['Theatret'],['«De unges Forbund»']
468,0,Korporationer,,,,,['Bjørnson'],['Christiania'],['Theatret'],['«De unges Forbund»']
469,0,ønsker,,,,,['Bjørnson'],['Christiania'],['Theatret'],['«De unges Forbund»']
470,0,min,,,,,['Bjørnson'],['Christiania'],['Theatret'],['«De unges Forbund»']
471,0,Ansættelse?,,,,,['Bjørnson'],['Christiania'],['Theatret'],['«De unges Forbund»']
472,0,Jeg,,,,,['Bjørnson'],['Christiania'],['Theatret'],['«De unges Forbund»']
473,0,har,,,,,['Bjørnson'],['Christiania'],['Theatret'],['«De unges Forbund»']
474,0,før,,,,,['Bjørnson'],['Christiania'],['Theatret'],['«De unges Forbund»']
475,0,havt,,,,,['Bjørnson'],['Christiania'],['Theatret'],['«De unges Forbund»']
476,0,med,,,,,['Bjørnson'],['Christiania'],['Theatret'],['«De unges Forbund»']
477,0,Theatersagerne,,,,,['Bjørnson'],['Christiania'],['Theatret'],['«De unges Forbund»']
478,0,at,,,,,['Bjørnson'],['Christiania'],['Theatret'],['«De unges Forbund»']
479,0,bestille,,,,,['Bjørnson'],['Christiania'],['Theatret'],['«De unges Forbund»']
480,0,og,,,,,['Bjørnson'],['Christiania'],['Theatret'],['«De unges Forbund»']
481,0,tør,,,,,['Bjørnson'],['Christiania'],['Theatret'],['«De unges Forbund»']
482,0,ikke,,,,,['Bjørnson'],['Christiania'],['Theatret'],['«De unges Forbund»']
483,0,smigre,,,,,['Bjørnson'],['Christiania'],['Theatret'],['«De unges Forbund»']
484,0,mig,,,,,['Bjørnson'],['Christiania'],['Theatret'],['«De unges Forbund»']
485,0,med,,,,,['Bjørnson'],['Christiania'],['Theatret'],['«De unges Forbund»']
486,0,i,,,,,['Bjørnson'],['Christiania'],['Theatret'],['«De unges Forbund»']
487,0,nogen,,,,,['Bjørnson'],['Christiania'],['Theatret'],['«De unges Forbund»']
488,0,høj,,,,,['Bjørnson'],['Christiania'],['Theatret'],['«De unges Forbund»']
489,0,Grad,,,,,['Bjørnson'],['Christiania'],['Theatret'],['«De unges Forbund»']
490,0,at,,,,,['Bjørnson'],['Christiania'],['Theatret'],['«De unges Forbund»']
491,0,have,,,,,['Bjørnson'],['Christiania'],['Theatret'],['«De unges Forbund»']
492,0,havt,,,,,['Bjørnson'],['Christiania'],['Theatret'],['«De unges Forbund»']
493,0,Stemningen,,,,,['Bjørnson'],['Christiania'],['Theatret'],['«De unges Forbund»']
494,0,for,,,,,['Bjørnson'],['Christiania'],['Theatret'],['«De unges Forbund»']
495,0,"mig.Se,",,,,,['Bjørnson'],['Christiania'],['Theatret'],['«De unges Forbund»']
496,0,alt,,,,,['Bjørnson'],['Christiania'],['Theatret'],['«De unges Forbund»']
497,0,dette,,,,,['Bjørnson'],['Christiania'],['Theatret'],['«De unges Forbund»']
498,0,maatte,,,,,['Bjørnson'],['Christiania'],['Theatret'],['«De unges Forbund»']
499,0,jeg,,,,,['Bjørnson'],['Christiania'],['Theatret'],['«De unges Forbund»']
500,0,have,,,,,['Bjørnson'],['Christiania'],['Theatret'],['«De unges Forbund»']
501,0,paa,,,,,['Bjørnson'],['Christiania'],['Theatret'],['«De unges Forbund»']
502,0,det,,,,,['Bjørnson'],['Christiania'],['Theatret'],['«De unges Forbund»']
503,0,rene,,,,,['Bjørnson'],['Christiania'],['Theatret'],['«De unges Forbund»']
504,0,forinden,,,,,['Bjørnson'],['Christiania'],['Theatret'],['«De unges Forbund»']
505,0,jeg,,,,,['Bjørnson'],['Christiania'],['Theatret'],['«De unges Forbund»']
506,0,kunde,,,,,['Bjørnson'],['Christiania'],['Theatret'],['«De unges Forbund»']
507,0,give,,,,,['Bjørnson'],['Christiania'],['Theatret'],['«De unges Forbund»']
508,0,noget,,,,,['Bjørnson'],['Christiania'],['Theatret'],['«De unges Forbund»']
509,0,bestemt,,,,,['Bjørnson'],['Christiania'],['Theatret'],['«De unges Forbund»']
510,0,Svar;,,,,,['Bjørnson'],['Christiania'],['Theatret'],['«De unges Forbund»']
511,0,og,,,,,['Bjørnson'],['Christiania'],['Theatret'],['«De unges Forbund»']
512,0,selv,,,,,['Bjørnson'],['Christiania'],['Theatret'],['«De unges Forbund»']
513,0,om,,,,,['Bjørnson'],['Christiania'],['Theatret'],['«De unges Forbund»']
514,0,Forholdene,,,,,['Bjørnson'],['Christiania'],['Theatret'],['«De unges Forbund»']
515,0,end,,,,,['Bjørnson'],['Christiania'],['Theatret'],['«De unges Forbund»']
516,0,stillede,,,,,['Bjørnson'],['Christiania'],['Theatret'],['«De unges Forbund»']
517,0,sig,,,,,['Bjørnson'],['Christiania'],['Theatret'],['«De unges Forbund»']
518,0,nok,,,,,['Bjørnson'],['Christiania'],['Theatret'],['«De unges Forbund»']
519,0,saa,,,,,['Bjørnson'],['Christiania'],['Theatret'],['«De unges Forbund»']
520,0,"gunstigt,",,,,,['Bjørnson'],['Christiania'],['Theatret'],['«De unges Forbund»']
521,0,kunde,,,,,['Bjørnson'],['Christiania'],['Theatret'],['«De unges Forbund»']
522,0,det,,,,,['Bjørnson'],['Christiania'],['Theatret'],['«De unges Forbund»']
523,0,jo,,,,,['Bjørnson'],['Christiania'],['Theatret'],['«De unges Forbund»']
524,0,alligevel,,,,,['Bjørnson'],['Christiania'],['Theatret'],['«De unges Forbund»']
525,0,hænde,,,,,['Bjørnson'],['Christiania'],['Theatret'],['«De unges Forbund»']
526,0,at,,,,,['Bjørnson'],['Christiania'],['Theatret'],['«De unges Forbund»']
527,0,mit,,,,,['Bjørnson'],['Christiania'],['Theatret'],['«De unges Forbund»']
528,0,Svar,,,,,['Bjørnson'],['Christiania'],['Theatret'],['«De unges Forbund»']
529,0,for,,,,,['Bjørnson'],['Christiania'],['Theatret'],['«De unges Forbund»']
530,0,Tiden,,,,,['Bjørnson'],['Christiania'],['Theatret'],['«De unges Forbund»']
531,0,maatte,,,,,['Bjørnson'],['Christiania'],['Theatret'],['«De unges Forbund»']
532,0,blive,,,,,['Bjørnson'],['Christiania'],['Theatret'],['«De unges Forbund»']
533,0,afslaaende.,,,,,['Bjørnson'],['Christiania'],['Theatret'],['«De unges Forbund»']
534,0,Skulde,,,,,['Bjørnson'],['Christiania'],['Theatret'],['«De unges Forbund»']
535,0,det,,,,,['Bjørnson'],['Christiania'],['Theatret'],['«De unges Forbund»']
536,0,derfor,,,,,['Bjørnson'],['Christiania'],['Theatret'],['«De unges Forbund»']
537,0,ikke,,,,,['Bjørnson'],['Christiania'],['Theatret'],['«De unges Forbund»']
538,0,være,,,,,['Bjørnson'],['Christiania'],['Theatret'],['«De unges Forbund»']
539,0,"raadeligst,",,,,,['Bjørnson'],['Christiania'],['Theatret'],['«De unges Forbund»']
540,0,enten,,,,,['Bjørnson'],['Christiania'],['Theatret'],['«De unges Forbund»']
541,0,midlertidig,,,,,['Bjørnson'],['Christiania'],['Theatret'],['«De unges Forbund»']
542,0,at,,,,,['Bjørnson'],['Christiania'],['Theatret'],['«De unges Forbund»']
543,0,sikkre,,,,,['Bjørnson'],['Christiania'],['Theatret'],['«De unges Forbund»']
544,0,sig,,,,,['Bjørnson'],['Christiania'],['Theatret'],['«De unges Forbund»']
545,0,en,,,,,['Bjørnson'],['Christiania'],['Theatret'],['«De unges Forbund»']
546,0,"anden,",,,,,['Bjørnson'],['Christiania'],['Theatret'],['«De unges Forbund»']
547,0,eller,,,,,['Bjørnson'],['Christiania'],['Theatret'],['«De unges Forbund»']
548,0,ogsaa,,,,,['Bjørnson'],['Christiania'],['Theatret'],['«De unges Forbund»']
549,0,at,,,,,['Bjørnson'],['Christiania'],['Theatret'],['«De unges Forbund»']
550,0,lade,,,,,['Bjørnson'],['Christiania'],['Theatret'],['«De unges Forbund»']
551,0,Sagen,,,,,['Bjørnson'],['Christiania'],['Theatret'],['«De unges Forbund»']
552,0,gaa,,,,,['Bjørnson'],['Christiania'],['Theatret'],['«De unges Forbund»']
553,0,sin,,,,,['Bjørnson'],['Christiania'],['Theatret'],['«De unges Forbund»']
554,0,nuværende,,,,,['Bjørnson'],['Christiania'],['Theatret'],['«De unges Forbund»']
555,0,Gang,,,,,['Bjørnson'],['Christiania'],['Theatret'],['«De unges Forbund»']
556,0,en,,,,,['Bjørnson'],['Christiania'],['Theatret'],['«De unges Forbund»']
557,0,Sæson,,,,,['Bjørnson'],['Christiania'],['Theatret'],['«De unges Forbund»']
558,0,till?,,,,,['Bjørnson'],['Christiania'],['Theatret'],['«De unges Forbund»']
559,0,Till,,,,,['Bjørnson'],['Christiania'],['Theatret'],['«De unges Forbund»']
560,0,Sommeren,,,,,['Bjørnson'],['Christiania'],['Theatret'],['«De unges Forbund»']
561,0,er,,,,,['Bjørnson'],['Christiania'],['Theatret'],['«De unges Forbund»']
562,0,det,,,,,['Bjørnson'],['Christiania'],['Theatret'],['«De unges Forbund»']
563,0,min,,,,,['Bjørnson'],['Christiania'],['Theatret'],['«De unges Forbund»']
564,0,Agt,,,,,['Bjørnson'],['Christiania'],['Theatret'],['«De unges Forbund»']
565,0,at,,,,,['Bjørnson'],['Christiania'],['Theatret'],['«De unges Forbund»']
566,0,komme,,,,,['Bjørnson'],['Christiania'],['Theatret'],['«De unges Forbund»']
567,0,opp,,,,,['Bjørnson'],['Christiania'],['Theatret'],['«De unges Forbund»']
568,0,till,,,,,['Bjørnson'],['Christiania'],['Theatret'],['«De unges Forbund»']
569,0,Christiania,,,,,['Bjørnson'],['Christiania'],['Theatret'],['«De unges Forbund»']
570,0,paa,,,,,['Bjørnson'],['Christiania'],['Theatret'],['«De unges Forbund»']
571,0,et,,,,,['Bjørnson'],['Christiania'],['Theatret'],['«De unges Forbund»']
572,0,Besøg,,,,,['Bjørnson'],['Christiania'],['Theatret'],['«De unges Forbund»']
573,0,og,,,,,['Bjørnson'],['Christiania'],['Theatret'],['«De unges Forbund»']
574,0,da,,,,,['Bjørnson'],['Christiania'],['Theatret'],['«De unges Forbund»']
575,0,kunde,,,,,['Bjørnson'],['Christiania'],['Theatret'],['«De unges Forbund»']
576,0,vi,,,,,['Bjørnson'],['Christiania'],['Theatret'],['«De unges Forbund»']
577,0,jo,,,,,['Bjørnson'],['Christiania'],['Theatret'],['«De unges Forbund»']
578,0,tale,,,,,['Bjørnson'],['Christiania'],['Theatret'],['«De unges Forbund»']
579,0,nærmere,,,,,['Bjørnson'],['Christiania'],['Theatret'],['«De unges Forbund»']
580,0,om,,,,,['Bjørnson'],['Christiania'],['Theatret'],['«De unges Forbund»']
581,0,dette,,,,,['Bjørnson'],['Christiania'],['Theatret'],['«De unges Forbund»']
582,0,Anliggende.Dette,,,,,['Bjørnson'],['Christiania'],['Theatret'],['«De unges Forbund»']
583,0,er,,,,,['Bjørnson'],['Christiania'],['Theatret'],['«De unges Forbund»']
584,0,i,,,,,['Bjørnson'],['Christiania'],['Theatret'],['«De unges Forbund»']
585,0,al,,,,,['Bjørnson'],['Christiania'],['Theatret'],['«De unges Forbund»']
586,0,Korthed,,,,,['Bjørnson'],['Christiania'],['Theatret'],['«De unges Forbund»']
587,0,hvad,,,,,['Bjørnson'],['Christiania'],['Theatret'],['«De unges Forbund»']
588,0,jeg,,,,,['Bjørnson'],['Christiania'],['Theatret'],['«De unges Forbund»']
589,0,for,,,,,['Bjørnson'],['Christiania'],['Theatret'],['«De unges Forbund»']
590,0,Øjeblikket,,,,,['Bjørnson'],['Christiania'],['Theatret'],['«De unges Forbund»']
591,0,ser,,,,,['Bjørnson'],['Christiania'],['Theatret'],['«De unges Forbund»']
592,0,mig,,,,,['Bjørnson'],['Christiania'],['Theatret'],['«De unges Forbund»']
593,0,istand,,,,,['Bjørnson'],['Christiania'],['Theatret'],['«De unges Forbund»']
594,0,till,,,,,['Bjørnson'],['Christiania'],['Theatret'],['«De unges Forbund»']
595,0,at,,,,,['Bjørnson'],['Christiania'],['Theatret'],['«De unges Forbund»']
596,0,svare.,,,,,['Bjørnson'],['Christiania'],['Theatret'],['«De unges Forbund»']
597,0,Nu,,,,,['Bjørnson'],['Christiania'],['Theatret'],['«De unges Forbund»']
598,0,beder,,,,,['Bjørnson'],['Christiania'],['Theatret'],['«De unges Forbund»']
599,0,jeg,,,,,['Bjørnson'],['Christiania'],['Theatret'],['«De unges Forbund»']
600,0,Dem,,,,,['Bjørnson'],['Christiania'],['Theatret'],['«De unges Forbund»']
601,0,kun,,,,,['Bjørnson'],['Christiania'],['Theatret'],['«De unges Forbund»']
602,0,om,,,,,['Bjørnson'],['Christiania'],['Theatret'],['«De unges Forbund»']
603,0,at,,,,,['Bjørnson'],['Christiania'],['Theatret'],['«De unges Forbund»']
604,0,modtage,,,,,['Bjørnson'],['Christiania'],['Theatret'],['«De unges Forbund»']
605,0,og,,,,,['Bjørnson'],['Christiania'],['Theatret'],['«De unges Forbund»']
606,0,for,,,,,['Bjørnson'],['Christiania'],['Theatret'],['«De unges Forbund»']
607,0,de,,,,,['Bjørnson'],['Christiania'],['Theatret'],['«De unges Forbund»']
608,0,øvrige,,,,,['Bjørnson'],['Christiania'],['Theatret'],['«De unges Forbund»']
609,0,ærede,,,,,['Bjørnson'],['Christiania'],['Theatret'],['«De unges Forbund»']
610,0,Herrer,,,,,['Bjørnson'],['Christiania'],['Theatret'],['«De unges Forbund»']
611,0,i,,,,,['Bjørnson'],['Christiania'],['Theatret'],['«De unges Forbund»']
612,0,Direktionen,,,,,['Bjørnson'],['Christiania'],['Theatret'],['«De unges Forbund»']
613,0,at,,,,,['Bjørnson'],['Christiania'],['Theatret'],['«De unges Forbund»']
614,0,frembære,,,,,['Bjørnson'],['Christiania'],['Theatret'],['«De unges Forbund»']
615,0,min,,,,,['Bjørnson'],['Christiania'],['Theatret'],['«De unges Forbund»']
616,0,forbindtligste,,,,,['Bjørnson'],['Christiania'],['Theatret'],['«De unges Forbund»']
617,0,Takk,,,,,['Bjørnson'],['Christiania'],['Theatret'],['«De unges Forbund»']
618,0,for,,,,,['Bjørnson'],['Christiania'],['Theatret'],['«De unges Forbund»']
619,0,den,,,,,['Bjørnson'],['Christiania'],['Theatret'],['«De unges Forbund»']
620,0,mig,,,,,['Bjørnson'],['Christiania'],['Theatret'],['«De unges Forbund»']
621,0,viste,,,,,['Bjørnson'],['Christiania'],['Theatret'],['«De unges Forbund»']
622,0,Tillid.,,,,,['Bjørnson'],['Christiania'],['Theatret'],['«De unges Forbund»']
