,,0,human_annotation,who,dacy_medium,spacy_trf,person,place,org,work
0,0,Atter,,,,,"['G: Brandes', 'R: Watt', 'C. Bøgh', 'Wolfhagen', 'Deres søn']","['Wien', 'Dresden']",['Kristiania theater'],['«Kærlighedens komedie»']
1,0,har,,,,,"['G: Brandes', 'R: Watt', 'C. Bøgh', 'Wolfhagen', 'Deres søn']","['Wien', 'Dresden']",['Kristiania theater'],['«Kærlighedens komedie»']
2,0,jeg,,,,,"['G: Brandes', 'R: Watt', 'C. Bøgh', 'Wolfhagen', 'Deres søn']","['Wien', 'Dresden']",['Kristiania theater'],['«Kærlighedens komedie»']
3,0,den,,,,,"['G: Brandes', 'R: Watt', 'C. Bøgh', 'Wolfhagen', 'Deres søn']","['Wien', 'Dresden']",['Kristiania theater'],['«Kærlighedens komedie»']
4,0,fornøjelse,,,,,"['G: Brandes', 'R: Watt', 'C. Bøgh', 'Wolfhagen', 'Deres søn']","['Wien', 'Dresden']",['Kristiania theater'],['«Kærlighedens komedie»']
5,0,at,,,,,"['G: Brandes', 'R: Watt', 'C. Bøgh', 'Wolfhagen', 'Deres søn']","['Wien', 'Dresden']",['Kristiania theater'],['«Kærlighedens komedie»']
6,0,oversende,,,,,"['G: Brandes', 'R: Watt', 'C. Bøgh', 'Wolfhagen', 'Deres søn']","['Wien', 'Dresden']",['Kristiania theater'],['«Kærlighedens komedie»']
7,0,Dem,,,,,"['G: Brandes', 'R: Watt', 'C. Bøgh', 'Wolfhagen', 'Deres søn']","['Wien', 'Dresden']",['Kristiania theater'],['«Kærlighedens komedie»']
8,0,48,,,,,"['G: Brandes', 'R: Watt', 'C. Bøgh', 'Wolfhagen', 'Deres søn']","['Wien', 'Dresden']",['Kristiania theater'],['«Kærlighedens komedie»']
9,0,sider,,,,,"['G: Brandes', 'R: Watt', 'C. Bøgh', 'Wolfhagen', 'Deres søn']","['Wien', 'Dresden']",['Kristiania theater'],['«Kærlighedens komedie»']
10,0,"manuskript,",,,,,"['G: Brandes', 'R: Watt', 'C. Bøgh', 'Wolfhagen', 'Deres søn']","['Wien', 'Dresden']",['Kristiania theater'],['«Kærlighedens komedie»']
11,0,hvoraf,,,,,"['G: Brandes', 'R: Watt', 'C. Bøgh', 'Wolfhagen', 'Deres søn']","['Wien', 'Dresden']",['Kristiania theater'],['«Kærlighedens komedie»']
12,0,jeg,,,,,"['G: Brandes', 'R: Watt', 'C. Bøgh', 'Wolfhagen', 'Deres søn']","['Wien', 'Dresden']",['Kristiania theater'],['«Kærlighedens komedie»']
13,0,nu,,,,,"['G: Brandes', 'R: Watt', 'C. Bøgh', 'Wolfhagen', 'Deres søn']","['Wien', 'Dresden']",['Kristiania theater'],['«Kærlighedens komedie»']
14,0,har,,,,,"['G: Brandes', 'R: Watt', 'C. Bøgh', 'Wolfhagen', 'Deres søn']","['Wien', 'Dresden']",['Kristiania theater'],['«Kærlighedens komedie»']
15,0,et,,,,,"['G: Brandes', 'R: Watt', 'C. Bøgh', 'Wolfhagen', 'Deres søn']","['Wien', 'Dresden']",['Kristiania theater'],['«Kærlighedens komedie»']
16,0,så,,,,,"['G: Brandes', 'R: Watt', 'C. Bøgh', 'Wolfhagen', 'Deres søn']","['Wien', 'Dresden']",['Kristiania theater'],['«Kærlighedens komedie»']
17,0,stort,,,,,"['G: Brandes', 'R: Watt', 'C. Bøgh', 'Wolfhagen', 'Deres søn']","['Wien', 'Dresden']",['Kristiania theater'],['«Kærlighedens komedie»']
18,0,forråd,,,,,"['G: Brandes', 'R: Watt', 'C. Bøgh', 'Wolfhagen', 'Deres søn']","['Wien', 'Dresden']",['Kristiania theater'],['«Kærlighedens komedie»']
19,0,liggende,,,,,"['G: Brandes', 'R: Watt', 'C. Bøgh', 'Wolfhagen', 'Deres søn']","['Wien', 'Dresden']",['Kristiania theater'],['«Kærlighedens komedie»']
20,0,færdigt,,,,,"['G: Brandes', 'R: Watt', 'C. Bøgh', 'Wolfhagen', 'Deres søn']","['Wien', 'Dresden']",['Kristiania theater'],['«Kærlighedens komedie»']
21,0,at,,,,,"['G: Brandes', 'R: Watt', 'C. Bøgh', 'Wolfhagen', 'Deres søn']","['Wien', 'Dresden']",['Kristiania theater'],['«Kærlighedens komedie»']
22,0,det,,,,,"['G: Brandes', 'R: Watt', 'C. Bøgh', 'Wolfhagen', 'Deres søn']","['Wien', 'Dresden']",['Kristiania theater'],['«Kærlighedens komedie»']
23,0,resterende,,,,,"['G: Brandes', 'R: Watt', 'C. Bøgh', 'Wolfhagen', 'Deres søn']","['Wien', 'Dresden']",['Kristiania theater'],['«Kærlighedens komedie»']
24,0,kun,,,,,"['G: Brandes', 'R: Watt', 'C. Bøgh', 'Wolfhagen', 'Deres søn']","['Wien', 'Dresden']",['Kristiania theater'],['«Kærlighedens komedie»']
25,0,vil,,,,,"['G: Brandes', 'R: Watt', 'C. Bøgh', 'Wolfhagen', 'Deres søn']","['Wien', 'Dresden']",['Kristiania theater'],['«Kærlighedens komedie»']
26,0,medtage,,,,,"['G: Brandes', 'R: Watt', 'C. Bøgh', 'Wolfhagen', 'Deres søn']","['Wien', 'Dresden']",['Kristiania theater'],['«Kærlighedens komedie»']
27,0,8–14,,,,,"['G: Brandes', 'R: Watt', 'C. Bøgh', 'Wolfhagen', 'Deres søn']","['Wien', 'Dresden']",['Kristiania theater'],['«Kærlighedens komedie»']
28,0,dages,,,,,"['G: Brandes', 'R: Watt', 'C. Bøgh', 'Wolfhagen', 'Deres søn']","['Wien', 'Dresden']",['Kristiania theater'],['«Kærlighedens komedie»']
29,0,arbejde.,,,,,"['G: Brandes', 'R: Watt', 'C. Bøgh', 'Wolfhagen', 'Deres søn']","['Wien', 'Dresden']",['Kristiania theater'],['«Kærlighedens komedie»']
30,0,Jeg,,,,,"['G: Brandes', 'R: Watt', 'C. Bøgh', 'Wolfhagen', 'Deres søn']","['Wien', 'Dresden']",['Kristiania theater'],['«Kærlighedens komedie»']
31,0,håber,,,,,"['G: Brandes', 'R: Watt', 'C. Bøgh', 'Wolfhagen', 'Deres søn']","['Wien', 'Dresden']",['Kristiania theater'],['«Kærlighedens komedie»']
32,0,at,,,,,"['G: Brandes', 'R: Watt', 'C. Bøgh', 'Wolfhagen', 'Deres søn']","['Wien', 'Dresden']",['Kristiania theater'],['«Kærlighedens komedie»']
33,0,forrige,,,,,"['G: Brandes', 'R: Watt', 'C. Bøgh', 'Wolfhagen', 'Deres søn']","['Wien', 'Dresden']",['Kristiania theater'],['«Kærlighedens komedie»']
34,0,"pakke,",,,,,"['G: Brandes', 'R: Watt', 'C. Bøgh', 'Wolfhagen', 'Deres søn']","['Wien', 'Dresden']",['Kristiania theater'],['«Kærlighedens komedie»']
35,0,senere,,,,,"['G: Brandes', 'R: Watt', 'C. Bøgh', 'Wolfhagen', 'Deres søn']","['Wien', 'Dresden']",['Kristiania theater'],['«Kærlighedens komedie»']
36,0,end,,,,,"['G: Brandes', 'R: Watt', 'C. Bøgh', 'Wolfhagen', 'Deres søn']","['Wien', 'Dresden']",['Kristiania theater'],['«Kærlighedens komedie»']
37,0,afsendelsen,,,,,"['G: Brandes', 'R: Watt', 'C. Bøgh', 'Wolfhagen', 'Deres søn']","['Wien', 'Dresden']",['Kristiania theater'],['«Kærlighedens komedie»']
38,0,af,,,,,"['G: Brandes', 'R: Watt', 'C. Bøgh', 'Wolfhagen', 'Deres søn']","['Wien', 'Dresden']",['Kristiania theater'],['«Kærlighedens komedie»']
39,0,Deres,,,,,"['G: Brandes', 'R: Watt', 'C. Bøgh', 'Wolfhagen', 'Deres søn']","['Wien', 'Dresden']",['Kristiania theater'],['«Kærlighedens komedie»']
40,0,venlige,,,,,"['G: Brandes', 'R: Watt', 'C. Bøgh', 'Wolfhagen', 'Deres søn']","['Wien', 'Dresden']",['Kristiania theater'],['«Kærlighedens komedie»']
41,0,brev,,,,,"['G: Brandes', 'R: Watt', 'C. Bøgh', 'Wolfhagen', 'Deres søn']","['Wien', 'Dresden']",['Kristiania theater'],['«Kærlighedens komedie»']
42,0,af,,,,,"['G: Brandes', 'R: Watt', 'C. Bøgh', 'Wolfhagen', 'Deres søn']","['Wien', 'Dresden']",['Kristiania theater'],['«Kærlighedens komedie»']
43,0,25de,,,,,"['G: Brandes', 'R: Watt', 'C. Bøgh', 'Wolfhagen', 'Deres søn']","['Wien', 'Dresden']",['Kristiania theater'],['«Kærlighedens komedie»']
44,0,"dennes,",,,,,"['G: Brandes', 'R: Watt', 'C. Bøgh', 'Wolfhagen', 'Deres søn']","['Wien', 'Dresden']",['Kristiania theater'],['«Kærlighedens komedie»']
45,0,er,,,,,"['G: Brandes', 'R: Watt', 'C. Bøgh', 'Wolfhagen', 'Deres søn']","['Wien', 'Dresden']",['Kristiania theater'],['«Kærlighedens komedie»']
46,0,kommen,,,,,"['G: Brandes', 'R: Watt', 'C. Bøgh', 'Wolfhagen', 'Deres søn']","['Wien', 'Dresden']",['Kristiania theater'],['«Kærlighedens komedie»']
47,0,Dem,,,,,"['G: Brandes', 'R: Watt', 'C. Bøgh', 'Wolfhagen', 'Deres søn']","['Wien', 'Dresden']",['Kristiania theater'],['«Kærlighedens komedie»']
48,0,rigtig,,,,,"['G: Brandes', 'R: Watt', 'C. Bøgh', 'Wolfhagen', 'Deres søn']","['Wien', 'Dresden']",['Kristiania theater'],['«Kærlighedens komedie»']
49,0,ihænde.,,,,,"['G: Brandes', 'R: Watt', 'C. Bøgh', 'Wolfhagen', 'Deres søn']","['Wien', 'Dresden']",['Kristiania theater'],['«Kærlighedens komedie»']
50,0,Skulde,,,,,"['G: Brandes', 'R: Watt', 'C. Bøgh', 'Wolfhagen', 'Deres søn']","['Wien', 'Dresden']",['Kristiania theater'],['«Kærlighedens komedie»']
51,0,nogen,,,,,"['G: Brandes', 'R: Watt', 'C. Bøgh', 'Wolfhagen', 'Deres søn']","['Wien', 'Dresden']",['Kristiania theater'],['«Kærlighedens komedie»']
52,0,uvedkommende,,,,,"['G: Brandes', 'R: Watt', 'C. Bøgh', 'Wolfhagen', 'Deres søn']","['Wien', 'Dresden']",['Kristiania theater'],['«Kærlighedens komedie»']
53,0,anmode,,,,,"['G: Brandes', 'R: Watt', 'C. Bøgh', 'Wolfhagen', 'Deres søn']","['Wien', 'Dresden']",['Kristiania theater'],['«Kærlighedens komedie»']
54,0,om,,,,,"['G: Brandes', 'R: Watt', 'C. Bøgh', 'Wolfhagen', 'Deres søn']","['Wien', 'Dresden']",['Kristiania theater'],['«Kærlighedens komedie»']
55,0,at,,,,,"['G: Brandes', 'R: Watt', 'C. Bøgh', 'Wolfhagen', 'Deres søn']","['Wien', 'Dresden']",['Kristiania theater'],['«Kærlighedens komedie»']
56,0,få,,,,,"['G: Brandes', 'R: Watt', 'C. Bøgh', 'Wolfhagen', 'Deres søn']","['Wien', 'Dresden']",['Kristiania theater'],['«Kærlighedens komedie»']
57,0,læse,,,,,"['G: Brandes', 'R: Watt', 'C. Bøgh', 'Wolfhagen', 'Deres søn']","['Wien', 'Dresden']",['Kristiania theater'],['«Kærlighedens komedie»']
58,0,"manuskriptet,",,,,,"['G: Brandes', 'R: Watt', 'C. Bøgh', 'Wolfhagen', 'Deres søn']","['Wien', 'Dresden']",['Kristiania theater'],['«Kærlighedens komedie»']
59,0,beder,,,,,"['G: Brandes', 'R: Watt', 'C. Bøgh', 'Wolfhagen', 'Deres søn']","['Wien', 'Dresden']",['Kristiania theater'],['«Kærlighedens komedie»']
60,0,jeg,,,,,"['G: Brandes', 'R: Watt', 'C. Bøgh', 'Wolfhagen', 'Deres søn']","['Wien', 'Dresden']",['Kristiania theater'],['«Kærlighedens komedie»']
61,0,Dem,,,,,"['G: Brandes', 'R: Watt', 'C. Bøgh', 'Wolfhagen', 'Deres søn']","['Wien', 'Dresden']",['Kristiania theater'],['«Kærlighedens komedie»']
62,0,om,,,,,"['G: Brandes', 'R: Watt', 'C. Bøgh', 'Wolfhagen', 'Deres søn']","['Wien', 'Dresden']",['Kristiania theater'],['«Kærlighedens komedie»']
63,0,ikke,,,,,"['G: Brandes', 'R: Watt', 'C. Bøgh', 'Wolfhagen', 'Deres søn']","['Wien', 'Dresden']",['Kristiania theater'],['«Kærlighedens komedie»']
64,0,at,,,,,"['G: Brandes', 'R: Watt', 'C. Bøgh', 'Wolfhagen', 'Deres søn']","['Wien', 'Dresden']",['Kristiania theater'],['«Kærlighedens komedie»']
65,0,tillade,,,,,"['G: Brandes', 'R: Watt', 'C. Bøgh', 'Wolfhagen', 'Deres søn']","['Wien', 'Dresden']",['Kristiania theater'],['«Kærlighedens komedie»']
66,0,sådant.Det,,,,,"['G: Brandes', 'R: Watt', 'C. Bøgh', 'Wolfhagen', 'Deres søn']","['Wien', 'Dresden']",['Kristiania theater'],['«Kærlighedens komedie»']
67,0,er,,,,,"['G: Brandes', 'R: Watt', 'C. Bøgh', 'Wolfhagen', 'Deres søn']","['Wien', 'Dresden']",['Kristiania theater'],['«Kærlighedens komedie»']
68,0,mig,,,,,"['G: Brandes', 'R: Watt', 'C. Bøgh', 'Wolfhagen', 'Deres søn']","['Wien', 'Dresden']",['Kristiania theater'],['«Kærlighedens komedie»']
69,0,kært,,,,,"['G: Brandes', 'R: Watt', 'C. Bøgh', 'Wolfhagen', 'Deres søn']","['Wien', 'Dresden']",['Kristiania theater'],['«Kærlighedens komedie»']
70,0,at,,,,,"['G: Brandes', 'R: Watt', 'C. Bøgh', 'Wolfhagen', 'Deres søn']","['Wien', 'Dresden']",['Kristiania theater'],['«Kærlighedens komedie»']
71,0,arbejdet,,,,,"['G: Brandes', 'R: Watt', 'C. Bøgh', 'Wolfhagen', 'Deres søn']","['Wien', 'Dresden']",['Kristiania theater'],['«Kærlighedens komedie»']
72,0,med,,,,,"['G: Brandes', 'R: Watt', 'C. Bøgh', 'Wolfhagen', 'Deres søn']","['Wien', 'Dresden']",['Kristiania theater'],['«Kærlighedens komedie»']
73,0,«Kærlighedens,,,,,"['G: Brandes', 'R: Watt', 'C. Bøgh', 'Wolfhagen', 'Deres søn']","['Wien', 'Dresden']",['Kristiania theater'],['«Kærlighedens komedie»']
74,0,komedie»,,,,,"['G: Brandes', 'R: Watt', 'C. Bøgh', 'Wolfhagen', 'Deres søn']","['Wien', 'Dresden']",['Kristiania theater'],['«Kærlighedens komedie»']
75,0,allerede,,,,,"['G: Brandes', 'R: Watt', 'C. Bøgh', 'Wolfhagen', 'Deres søn']","['Wien', 'Dresden']",['Kristiania theater'],['«Kærlighedens komedie»']
76,0,er,,,,,"['G: Brandes', 'R: Watt', 'C. Bøgh', 'Wolfhagen', 'Deres søn']","['Wien', 'Dresden']",['Kristiania theater'],['«Kærlighedens komedie»']
77,0,så,,,,,"['G: Brandes', 'R: Watt', 'C. Bøgh', 'Wolfhagen', 'Deres søn']","['Wien', 'Dresden']",['Kristiania theater'],['«Kærlighedens komedie»']
78,0,langt,,,,,"['G: Brandes', 'R: Watt', 'C. Bøgh', 'Wolfhagen', 'Deres søn']","['Wien', 'Dresden']",['Kristiania theater'],['«Kærlighedens komedie»']
79,0,fremmet.,,,,,"['G: Brandes', 'R: Watt', 'C. Bøgh', 'Wolfhagen', 'Deres søn']","['Wien', 'Dresden']",['Kristiania theater'],['«Kærlighedens komedie»']
80,0,Typerne,,,,,"['G: Brandes', 'R: Watt', 'C. Bøgh', 'Wolfhagen', 'Deres søn']","['Wien', 'Dresden']",['Kristiania theater'],['«Kærlighedens komedie»']
81,0,til,,,,,"['G: Brandes', 'R: Watt', 'C. Bøgh', 'Wolfhagen', 'Deres søn']","['Wien', 'Dresden']",['Kristiania theater'],['«Kærlighedens komedie»']
82,0,den,,,,,"['G: Brandes', 'R: Watt', 'C. Bøgh', 'Wolfhagen', 'Deres søn']","['Wien', 'Dresden']",['Kristiania theater'],['«Kærlighedens komedie»']
83,0,nye,,,,,"['G: Brandes', 'R: Watt', 'C. Bøgh', 'Wolfhagen', 'Deres søn']","['Wien', 'Dresden']",['Kristiania theater'],['«Kærlighedens komedie»']
84,0,bog,,,,,"['G: Brandes', 'R: Watt', 'C. Bøgh', 'Wolfhagen', 'Deres søn']","['Wien', 'Dresden']",['Kristiania theater'],['«Kærlighedens komedie»']
85,0,vil,,,,,"['G: Brandes', 'R: Watt', 'C. Bøgh', 'Wolfhagen', 'Deres søn']","['Wien', 'Dresden']",['Kristiania theater'],['«Kærlighedens komedie»']
86,0,forhåbentlig,,,,,"['G: Brandes', 'R: Watt', 'C. Bøgh', 'Wolfhagen', 'Deres søn']","['Wien', 'Dresden']",['Kristiania theater'],['«Kærlighedens komedie»']
87,0,ikke,,,,,"['G: Brandes', 'R: Watt', 'C. Bøgh', 'Wolfhagen', 'Deres søn']","['Wien', 'Dresden']",['Kristiania theater'],['«Kærlighedens komedie»']
88,0,ret,,,,,"['G: Brandes', 'R: Watt', 'C. Bøgh', 'Wolfhagen', 'Deres søn']","['Wien', 'Dresden']",['Kristiania theater'],['«Kærlighedens komedie»']
89,0,længe,,,,,"['G: Brandes', 'R: Watt', 'C. Bøgh', 'Wolfhagen', 'Deres søn']","['Wien', 'Dresden']",['Kristiania theater'],['«Kærlighedens komedie»']
90,0,lade,,,,,"['G: Brandes', 'R: Watt', 'C. Bøgh', 'Wolfhagen', 'Deres søn']","['Wien', 'Dresden']",['Kristiania theater'],['«Kærlighedens komedie»']
91,0,vente,,,,,"['G: Brandes', 'R: Watt', 'C. Bøgh', 'Wolfhagen', 'Deres søn']","['Wien', 'Dresden']",['Kristiania theater'],['«Kærlighedens komedie»']
92,0,på,,,,,"['G: Brandes', 'R: Watt', 'C. Bøgh', 'Wolfhagen', 'Deres søn']","['Wien', 'Dresden']",['Kristiania theater'],['«Kærlighedens komedie»']
93,0,sig.Det,,,,,"['G: Brandes', 'R: Watt', 'C. Bøgh', 'Wolfhagen', 'Deres søn']","['Wien', 'Dresden']",['Kristiania theater'],['«Kærlighedens komedie»']
94,0,er,,,,,"['G: Brandes', 'R: Watt', 'C. Bøgh', 'Wolfhagen', 'Deres søn']","['Wien', 'Dresden']",['Kristiania theater'],['«Kærlighedens komedie»']
95,0,ganske,,,,,"['G: Brandes', 'R: Watt', 'C. Bøgh', 'Wolfhagen', 'Deres søn']","['Wien', 'Dresden']",['Kristiania theater'],['«Kærlighedens komedie»']
96,0,rigtigt,,,,,"['G: Brandes', 'R: Watt', 'C. Bøgh', 'Wolfhagen', 'Deres søn']","['Wien', 'Dresden']",['Kristiania theater'],['«Kærlighedens komedie»']
97,0,at,,,,,"['G: Brandes', 'R: Watt', 'C. Bøgh', 'Wolfhagen', 'Deres søn']","['Wien', 'Dresden']",['Kristiania theater'],['«Kærlighedens komedie»']
98,0,de,,,,,"['G: Brandes', 'R: Watt', 'C. Bøgh', 'Wolfhagen', 'Deres søn']","['Wien', 'Dresden']",['Kristiania theater'],['«Kærlighedens komedie»']
99,0,to,,,,,"['G: Brandes', 'R: Watt', 'C. Bøgh', 'Wolfhagen', 'Deres søn']","['Wien', 'Dresden']",['Kristiania theater'],['«Kærlighedens komedie»']
100,0,navne:,,,,,"['G: Brandes', 'R: Watt', 'C. Bøgh', 'Wolfhagen', 'Deres søn']","['Wien', 'Dresden']",['Kristiania theater'],['«Kærlighedens komedie»']
101,0,«en,,,,,"['G: Brandes', 'R: Watt', 'C. Bøgh', 'Wolfhagen', 'Deres søn']","['Wien', 'Dresden']",['Kristiania theater'],['«Kærlighedens komedie»']
102,0,vagtfører»,,,,,"['G: Brandes', 'R: Watt', 'C. Bøgh', 'Wolfhagen', 'Deres søn']","['Wien', 'Dresden']",['Kristiania theater'],['«Kærlighedens komedie»']
103,0,og,,,,,"['G: Brandes', 'R: Watt', 'C. Bøgh', 'Wolfhagen', 'Deres søn']","['Wien', 'Dresden']",['Kristiania theater'],['«Kærlighedens komedie»']
104,0,«en,,,,,"['G: Brandes', 'R: Watt', 'C. Bøgh', 'Wolfhagen', 'Deres søn']","['Wien', 'Dresden']",['Kristiania theater'],['«Kærlighedens komedie»']
105,0,soldat»,,,,,"['G: Brandes', 'R: Watt', 'C. Bøgh', 'Wolfhagen', 'Deres søn']","['Wien', 'Dresden']",['Kristiania theater'],['«Kærlighedens komedie»']
106,0,ikke,,,,,"['G: Brandes', 'R: Watt', 'C. Bøgh', 'Wolfhagen', 'Deres søn']","['Wien', 'Dresden']",['Kristiania theater'],['«Kærlighedens komedie»']
107,0,udstryges.,,,,,"['G: Brandes', 'R: Watt', 'C. Bøgh', 'Wolfhagen', 'Deres søn']","['Wien', 'Dresden']",['Kristiania theater'],['«Kærlighedens komedie»']
108,0,Når,,,,,"['G: Brandes', 'R: Watt', 'C. Bøgh', 'Wolfhagen', 'Deres søn']","['Wien', 'Dresden']",['Kristiania theater'],['«Kærlighedens komedie»']
109,0,de,,,,,"['G: Brandes', 'R: Watt', 'C. Bøgh', 'Wolfhagen', 'Deres søn']","['Wien', 'Dresden']",['Kristiania theater'],['«Kærlighedens komedie»']
110,0,to,,,,,"['G: Brandes', 'R: Watt', 'C. Bøgh', 'Wolfhagen', 'Deres søn']","['Wien', 'Dresden']",['Kristiania theater'],['«Kærlighedens komedie»']
111,0,nye,,,,,"['G: Brandes', 'R: Watt', 'C. Bøgh', 'Wolfhagen', 'Deres søn']","['Wien', 'Dresden']",['Kristiania theater'],['«Kærlighedens komedie»']
112,0,navne,,,,,"['G: Brandes', 'R: Watt', 'C. Bøgh', 'Wolfhagen', 'Deres søn']","['Wien', 'Dresden']",['Kristiania theater'],['«Kærlighedens komedie»']
113,0,er,,,,,"['G: Brandes', 'R: Watt', 'C. Bøgh', 'Wolfhagen', 'Deres søn']","['Wien', 'Dresden']",['Kristiania theater'],['«Kærlighedens komedie»']
114,0,indsatte,,,,,"['G: Brandes', 'R: Watt', 'C. Bøgh', 'Wolfhagen', 'Deres søn']","['Wien', 'Dresden']",['Kristiania theater'],['«Kærlighedens komedie»']
115,0,på,,,,,"['G: Brandes', 'R: Watt', 'C. Bøgh', 'Wolfhagen', 'Deres søn']","['Wien', 'Dresden']",['Kristiania theater'],['«Kærlighedens komedie»']
116,0,den,,,,,"['G: Brandes', 'R: Watt', 'C. Bøgh', 'Wolfhagen', 'Deres søn']","['Wien', 'Dresden']",['Kristiania theater'],['«Kærlighedens komedie»']
117,0,angivne,,,,,"['G: Brandes', 'R: Watt', 'C. Bøgh', 'Wolfhagen', 'Deres søn']","['Wien', 'Dresden']",['Kristiania theater'],['«Kærlighedens komedie»']
118,0,plads,,,,,"['G: Brandes', 'R: Watt', 'C. Bøgh', 'Wolfhagen', 'Deres søn']","['Wien', 'Dresden']",['Kristiania theater'],['«Kærlighedens komedie»']
119,0,i,,,,,"['G: Brandes', 'R: Watt', 'C. Bøgh', 'Wolfhagen', 'Deres søn']","['Wien', 'Dresden']",['Kristiania theater'],['«Kærlighedens komedie»']
120,0,"personlisten,",,,,,"['G: Brandes', 'R: Watt', 'C. Bøgh', 'Wolfhagen', 'Deres søn']","['Wien', 'Dresden']",['Kristiania theater'],['«Kærlighedens komedie»']
121,0,så,,,,,"['G: Brandes', 'R: Watt', 'C. Bøgh', 'Wolfhagen', 'Deres søn']","['Wien', 'Dresden']",['Kristiania theater'],['«Kærlighedens komedie»']
122,0,er,,,,,"['G: Brandes', 'R: Watt', 'C. Bøgh', 'Wolfhagen', 'Deres søn']","['Wien', 'Dresden']",['Kristiania theater'],['«Kærlighedens komedie»']
123,0,alt,,,,,"['G: Brandes', 'R: Watt', 'C. Bøgh', 'Wolfhagen', 'Deres søn']","['Wien', 'Dresden']",['Kristiania theater'],['«Kærlighedens komedie»']
124,0,i,,,,,"['G: Brandes', 'R: Watt', 'C. Bøgh', 'Wolfhagen', 'Deres søn']","['Wien', 'Dresden']",['Kristiania theater'],['«Kærlighedens komedie»']
125,0,orden.Til,,,,,"['G: Brandes', 'R: Watt', 'C. Bøgh', 'Wolfhagen', 'Deres søn']","['Wien', 'Dresden']",['Kristiania theater'],['«Kærlighedens komedie»']
126,0,Wien,,,,,"['G: Brandes', 'R: Watt', 'C. Bøgh', 'Wolfhagen', 'Deres søn']","['Wien', 'Dresden']",['Kristiania theater'],['«Kærlighedens komedie»']
127,0,afrejser,,,,,"['G: Brandes', 'R: Watt', 'C. Bøgh', 'Wolfhagen', 'Deres søn']","['Wien', 'Dresden']",['Kristiania theater'],['«Kærlighedens komedie»']
128,0,jeg,,,,,"['G: Brandes', 'R: Watt', 'C. Bøgh', 'Wolfhagen', 'Deres søn']","['Wien', 'Dresden']",['Kristiania theater'],['«Kærlighedens komedie»']
129,0,antageligvis,,,,,"['G: Brandes', 'R: Watt', 'C. Bøgh', 'Wolfhagen', 'Deres søn']","['Wien', 'Dresden']",['Kristiania theater'],['«Kærlighedens komedie»']
130,0,herfra,,,,,"['G: Brandes', 'R: Watt', 'C. Bøgh', 'Wolfhagen', 'Deres søn']","['Wien', 'Dresden']",['Kristiania theater'],['«Kærlighedens komedie»']
131,0,den,,,,,"['G: Brandes', 'R: Watt', 'C. Bøgh', 'Wolfhagen', 'Deres søn']","['Wien', 'Dresden']",['Kristiania theater'],['«Kærlighedens komedie»']
132,0,12te,,,,,"['G: Brandes', 'R: Watt', 'C. Bøgh', 'Wolfhagen', 'Deres søn']","['Wien', 'Dresden']",['Kristiania theater'],['«Kærlighedens komedie»']
133,0,Juni,,,,,"['G: Brandes', 'R: Watt', 'C. Bøgh', 'Wolfhagen', 'Deres søn']","['Wien', 'Dresden']",['Kristiania theater'],['«Kærlighedens komedie»']
134,0,–,,,,,"['G: Brandes', 'R: Watt', 'C. Bøgh', 'Wolfhagen', 'Deres søn']","['Wien', 'Dresden']",['Kristiania theater'],['«Kærlighedens komedie»']
135,0,juryens,,,,,"['G: Brandes', 'R: Watt', 'C. Bøgh', 'Wolfhagen', 'Deres søn']","['Wien', 'Dresden']",['Kristiania theater'],['«Kærlighedens komedie»']
136,0,sammentræden,,,,,"['G: Brandes', 'R: Watt', 'C. Bøgh', 'Wolfhagen', 'Deres søn']","['Wien', 'Dresden']",['Kristiania theater'],['«Kærlighedens komedie»']
137,0,er,,,,,"['G: Brandes', 'R: Watt', 'C. Bøgh', 'Wolfhagen', 'Deres søn']","['Wien', 'Dresden']",['Kristiania theater'],['«Kærlighedens komedie»']
138,0,fastsat,,,,,"['G: Brandes', 'R: Watt', 'C. Bøgh', 'Wolfhagen', 'Deres søn']","['Wien', 'Dresden']",['Kristiania theater'],['«Kærlighedens komedie»']
139,0,til,,,,,"['G: Brandes', 'R: Watt', 'C. Bøgh', 'Wolfhagen', 'Deres søn']","['Wien', 'Dresden']",['Kristiania theater'],['«Kærlighedens komedie»']
140,0,den,,,,,"['G: Brandes', 'R: Watt', 'C. Bøgh', 'Wolfhagen', 'Deres søn']","['Wien', 'Dresden']",['Kristiania theater'],['«Kærlighedens komedie»']
141,0,16de,,,,,"['G: Brandes', 'R: Watt', 'C. Bøgh', 'Wolfhagen', 'Deres søn']","['Wien', 'Dresden']",['Kristiania theater'],['«Kærlighedens komedie»']
142,0,–,,,,,"['G: Brandes', 'R: Watt', 'C. Bøgh', 'Wolfhagen', 'Deres søn']","['Wien', 'Dresden']",['Kristiania theater'],['«Kærlighedens komedie»']
143,0,og,,,,,"['G: Brandes', 'R: Watt', 'C. Bøgh', 'Wolfhagen', 'Deres søn']","['Wien', 'Dresden']",['Kristiania theater'],['«Kærlighedens komedie»']
144,0,skal,,,,,"['G: Brandes', 'R: Watt', 'C. Bøgh', 'Wolfhagen', 'Deres søn']","['Wien', 'Dresden']",['Kristiania theater'],['«Kærlighedens komedie»']
145,0,jeg,,,,,"['G: Brandes', 'R: Watt', 'C. Bøgh', 'Wolfhagen', 'Deres søn']","['Wien', 'Dresden']",['Kristiania theater'],['«Kærlighedens komedie»']
146,0,da,,,,,"['G: Brandes', 'R: Watt', 'C. Bøgh', 'Wolfhagen', 'Deres søn']","['Wien', 'Dresden']",['Kristiania theater'],['«Kærlighedens komedie»']
147,0,tillade,,,,,"['G: Brandes', 'R: Watt', 'C. Bøgh', 'Wolfhagen', 'Deres søn']","['Wien', 'Dresden']",['Kristiania theater'],['«Kærlighedens komedie»']
148,0,mig,,,,,"['G: Brandes', 'R: Watt', 'C. Bøgh', 'Wolfhagen', 'Deres søn']","['Wien', 'Dresden']",['Kristiania theater'],['«Kærlighedens komedie»']
149,0,snarest,,,,,"['G: Brandes', 'R: Watt', 'C. Bøgh', 'Wolfhagen', 'Deres søn']","['Wien', 'Dresden']",['Kristiania theater'],['«Kærlighedens komedie»']
150,0,muligt,,,,,"['G: Brandes', 'R: Watt', 'C. Bøgh', 'Wolfhagen', 'Deres søn']","['Wien', 'Dresden']",['Kristiania theater'],['«Kærlighedens komedie»']
151,0,at,,,,,"['G: Brandes', 'R: Watt', 'C. Bøgh', 'Wolfhagen', 'Deres søn']","['Wien', 'Dresden']",['Kristiania theater'],['«Kærlighedens komedie»']
152,0,opgive,,,,,"['G: Brandes', 'R: Watt', 'C. Bøgh', 'Wolfhagen', 'Deres søn']","['Wien', 'Dresden']",['Kristiania theater'],['«Kærlighedens komedie»']
153,0,Dem,,,,,"['G: Brandes', 'R: Watt', 'C. Bøgh', 'Wolfhagen', 'Deres søn']","['Wien', 'Dresden']",['Kristiania theater'],['«Kærlighedens komedie»']
154,0,min,,,,,"['G: Brandes', 'R: Watt', 'C. Bøgh', 'Wolfhagen', 'Deres søn']","['Wien', 'Dresden']",['Kristiania theater'],['«Kærlighedens komedie»']
155,0,adresse,,,,,"['G: Brandes', 'R: Watt', 'C. Bøgh', 'Wolfhagen', 'Deres søn']","['Wien', 'Dresden']",['Kristiania theater'],['«Kærlighedens komedie»']
156,0,dersteds.Forberedelserne,,,,,"['G: Brandes', 'R: Watt', 'C. Bøgh', 'Wolfhagen', 'Deres søn']","['Wien', 'Dresden']",['Kristiania theater'],['«Kærlighedens komedie»']
157,0,til,,,,,"['G: Brandes', 'R: Watt', 'C. Bøgh', 'Wolfhagen', 'Deres søn']","['Wien', 'Dresden']",['Kristiania theater'],['«Kærlighedens komedie»']
158,0,denne,,,,,"['G: Brandes', 'R: Watt', 'C. Bøgh', 'Wolfhagen', 'Deres søn']","['Wien', 'Dresden']",['Kristiania theater'],['«Kærlighedens komedie»']
159,0,rejse,,,,,"['G: Brandes', 'R: Watt', 'C. Bøgh', 'Wolfhagen', 'Deres søn']","['Wien', 'Dresden']",['Kristiania theater'],['«Kærlighedens komedie»']
160,0,kræver,,,,,"['G: Brandes', 'R: Watt', 'C. Bøgh', 'Wolfhagen', 'Deres søn']","['Wien', 'Dresden']",['Kristiania theater'],['«Kærlighedens komedie»']
161,0,adskillige,,,,,"['G: Brandes', 'R: Watt', 'C. Bøgh', 'Wolfhagen', 'Deres søn']","['Wien', 'Dresden']",['Kristiania theater'],['«Kærlighedens komedie»']
162,0,"udlæg,",,,,,"['G: Brandes', 'R: Watt', 'C. Bøgh', 'Wolfhagen', 'Deres søn']","['Wien', 'Dresden']",['Kristiania theater'],['«Kærlighedens komedie»']
163,0,hvilke,,,,,"['G: Brandes', 'R: Watt', 'C. Bøgh', 'Wolfhagen', 'Deres søn']","['Wien', 'Dresden']",['Kristiania theater'],['«Kærlighedens komedie»']
164,0,jeg,,,,,"['G: Brandes', 'R: Watt', 'C. Bøgh', 'Wolfhagen', 'Deres søn']","['Wien', 'Dresden']",['Kristiania theater'],['«Kærlighedens komedie»']
165,0,først,,,,,"['G: Brandes', 'R: Watt', 'C. Bøgh', 'Wolfhagen', 'Deres søn']","['Wien', 'Dresden']",['Kristiania theater'],['«Kærlighedens komedie»']
166,0,senere,,,,,"['G: Brandes', 'R: Watt', 'C. Bøgh', 'Wolfhagen', 'Deres søn']","['Wien', 'Dresden']",['Kristiania theater'],['«Kærlighedens komedie»']
167,0,–,,,,,"['G: Brandes', 'R: Watt', 'C. Bøgh', 'Wolfhagen', 'Deres søn']","['Wien', 'Dresden']",['Kristiania theater'],['«Kærlighedens komedie»']
168,0,og,,,,,"['G: Brandes', 'R: Watt', 'C. Bøgh', 'Wolfhagen', 'Deres søn']","['Wien', 'Dresden']",['Kristiania theater'],['«Kærlighedens komedie»']
169,0,det,,,,,"['G: Brandes', 'R: Watt', 'C. Bøgh', 'Wolfhagen', 'Deres søn']","['Wien', 'Dresden']",['Kristiania theater'],['«Kærlighedens komedie»']
170,0,kun,,,,,"['G: Brandes', 'R: Watt', 'C. Bøgh', 'Wolfhagen', 'Deres søn']","['Wien', 'Dresden']",['Kristiania theater'],['«Kærlighedens komedie»']
171,0,delvis,,,,,"['G: Brandes', 'R: Watt', 'C. Bøgh', 'Wolfhagen', 'Deres søn']","['Wien', 'Dresden']",['Kristiania theater'],['«Kærlighedens komedie»']
172,0,–,,,,,"['G: Brandes', 'R: Watt', 'C. Bøgh', 'Wolfhagen', 'Deres søn']","['Wien', 'Dresden']",['Kristiania theater'],['«Kærlighedens komedie»']
173,0,kan,,,,,"['G: Brandes', 'R: Watt', 'C. Bøgh', 'Wolfhagen', 'Deres søn']","['Wien', 'Dresden']",['Kristiania theater'],['«Kærlighedens komedie»']
174,0,vente,,,,,"['G: Brandes', 'R: Watt', 'C. Bøgh', 'Wolfhagen', 'Deres søn']","['Wien', 'Dresden']",['Kristiania theater'],['«Kærlighedens komedie»']
175,0,refunderede.,,,,,"['G: Brandes', 'R: Watt', 'C. Bøgh', 'Wolfhagen', 'Deres søn']","['Wien', 'Dresden']",['Kristiania theater'],['«Kærlighedens komedie»']
176,0,I,,,,,"['G: Brandes', 'R: Watt', 'C. Bøgh', 'Wolfhagen', 'Deres søn']","['Wien', 'Dresden']",['Kristiania theater'],['«Kærlighedens komedie»']
177,0,henhold,,,,,"['G: Brandes', 'R: Watt', 'C. Bøgh', 'Wolfhagen', 'Deres søn']","['Wien', 'Dresden']",['Kristiania theater'],['«Kærlighedens komedie»']
178,0,til,,,,,"['G: Brandes', 'R: Watt', 'C. Bøgh', 'Wolfhagen', 'Deres søn']","['Wien', 'Dresden']",['Kristiania theater'],['«Kærlighedens komedie»']
179,0,Deres,,,,,"['G: Brandes', 'R: Watt', 'C. Bøgh', 'Wolfhagen', 'Deres søn']","['Wien', 'Dresden']",['Kristiania theater'],['«Kærlighedens komedie»']
180,0,godhedsfulde,,,,,"['G: Brandes', 'R: Watt', 'C. Bøgh', 'Wolfhagen', 'Deres søn']","['Wien', 'Dresden']",['Kristiania theater'],['«Kærlighedens komedie»']
181,0,tidligere,,,,,"['G: Brandes', 'R: Watt', 'C. Bøgh', 'Wolfhagen', 'Deres søn']","['Wien', 'Dresden']",['Kristiania theater'],['«Kærlighedens komedie»']
182,0,tilbud,,,,,"['G: Brandes', 'R: Watt', 'C. Bøgh', 'Wolfhagen', 'Deres søn']","['Wien', 'Dresden']",['Kristiania theater'],['«Kærlighedens komedie»']
183,0,tillader,,,,,"['G: Brandes', 'R: Watt', 'C. Bøgh', 'Wolfhagen', 'Deres søn']","['Wien', 'Dresden']",['Kristiania theater'],['«Kærlighedens komedie»']
184,0,jeg,,,,,"['G: Brandes', 'R: Watt', 'C. Bøgh', 'Wolfhagen', 'Deres søn']","['Wien', 'Dresden']",['Kristiania theater'],['«Kærlighedens komedie»']
185,0,mig,,,,,"['G: Brandes', 'R: Watt', 'C. Bøgh', 'Wolfhagen', 'Deres søn']","['Wien', 'Dresden']",['Kristiania theater'],['«Kærlighedens komedie»']
186,0,at,,,,,"['G: Brandes', 'R: Watt', 'C. Bøgh', 'Wolfhagen', 'Deres søn']","['Wien', 'Dresden']",['Kristiania theater'],['«Kærlighedens komedie»']
187,0,forespørge,,,,,"['G: Brandes', 'R: Watt', 'C. Bøgh', 'Wolfhagen', 'Deres søn']","['Wien', 'Dresden']",['Kristiania theater'],['«Kærlighedens komedie»']
188,0,om,,,,,"['G: Brandes', 'R: Watt', 'C. Bøgh', 'Wolfhagen', 'Deres søn']","['Wien', 'Dresden']",['Kristiania theater'],['«Kærlighedens komedie»']
189,0,De,,,,,"['G: Brandes', 'R: Watt', 'C. Bøgh', 'Wolfhagen', 'Deres søn']","['Wien', 'Dresden']",['Kristiania theater'],['«Kærlighedens komedie»']
190,0,vil,,,,,"['G: Brandes', 'R: Watt', 'C. Bøgh', 'Wolfhagen', 'Deres søn']","['Wien', 'Dresden']",['Kristiania theater'],['«Kærlighedens komedie»']
191,0,komme,,,,,"['G: Brandes', 'R: Watt', 'C. Bøgh', 'Wolfhagen', 'Deres søn']","['Wien', 'Dresden']",['Kristiania theater'],['«Kærlighedens komedie»']
192,0,mig,,,,,"['G: Brandes', 'R: Watt', 'C. Bøgh', 'Wolfhagen', 'Deres søn']","['Wien', 'Dresden']",['Kristiania theater'],['«Kærlighedens komedie»']
193,0,til,,,,,"['G: Brandes', 'R: Watt', 'C. Bøgh', 'Wolfhagen', 'Deres søn']","['Wien', 'Dresden']",['Kristiania theater'],['«Kærlighedens komedie»']
194,0,hjælp,,,,,"['G: Brandes', 'R: Watt', 'C. Bøgh', 'Wolfhagen', 'Deres søn']","['Wien', 'Dresden']",['Kristiania theater'],['«Kærlighedens komedie»']
195,0,med,,,,,"['G: Brandes', 'R: Watt', 'C. Bøgh', 'Wolfhagen', 'Deres søn']","['Wien', 'Dresden']",['Kristiania theater'],['«Kærlighedens komedie»']
196,0,et,,,,,"['G: Brandes', 'R: Watt', 'C. Bøgh', 'Wolfhagen', 'Deres søn']","['Wien', 'Dresden']",['Kristiania theater'],['«Kærlighedens komedie»']
197,0,forskud,,,,,"['G: Brandes', 'R: Watt', 'C. Bøgh', 'Wolfhagen', 'Deres søn']","['Wien', 'Dresden']",['Kristiania theater'],['«Kærlighedens komedie»']
198,0,til,,,,,"['G: Brandes', 'R: Watt', 'C. Bøgh', 'Wolfhagen', 'Deres søn']","['Wien', 'Dresden']",['Kristiania theater'],['«Kærlighedens komedie»']
199,0,beløb,,,,,"['G: Brandes', 'R: Watt', 'C. Bøgh', 'Wolfhagen', 'Deres søn']","['Wien', 'Dresden']",['Kristiania theater'],['«Kærlighedens komedie»']
200,0,300,,,,,"['G: Brandes', 'R: Watt', 'C. Bøgh', 'Wolfhagen', 'Deres søn']","['Wien', 'Dresden']",['Kristiania theater'],['«Kærlighedens komedie»']
201,0,(tre,,,,,"['G: Brandes', 'R: Watt', 'C. Bøgh', 'Wolfhagen', 'Deres søn']","['Wien', 'Dresden']",['Kristiania theater'],['«Kærlighedens komedie»']
202,0,hundrede),,,,,"['G: Brandes', 'R: Watt', 'C. Bøgh', 'Wolfhagen', 'Deres søn']","['Wien', 'Dresden']",['Kristiania theater'],['«Kærlighedens komedie»']
203,0,rdlr.,,,,,"['G: Brandes', 'R: Watt', 'C. Bøgh', 'Wolfhagen', 'Deres søn']","['Wien', 'Dresden']",['Kristiania theater'],['«Kærlighedens komedie»']
204,0,"dansk,",,,,,"['G: Brandes', 'R: Watt', 'C. Bøgh', 'Wolfhagen', 'Deres søn']","['Wien', 'Dresden']",['Kristiania theater'],['«Kærlighedens komedie»']
205,0,forsendte,,,,,"['G: Brandes', 'R: Watt', 'C. Bøgh', 'Wolfhagen', 'Deres søn']","['Wien', 'Dresden']",['Kristiania theater'],['«Kærlighedens komedie»']
206,0,i,,,,,"['G: Brandes', 'R: Watt', 'C. Bøgh', 'Wolfhagen', 'Deres søn']","['Wien', 'Dresden']",['Kristiania theater'],['«Kærlighedens komedie»']
207,0,veksel,,,,,"['G: Brandes', 'R: Watt', 'C. Bøgh', 'Wolfhagen', 'Deres søn']","['Wien', 'Dresden']",['Kristiania theater'],['«Kærlighedens komedie»']
208,0,eller,,,,,"['G: Brandes', 'R: Watt', 'C. Bøgh', 'Wolfhagen', 'Deres søn']","['Wien', 'Dresden']",['Kristiania theater'],['«Kærlighedens komedie»']
209,0,preussiske,,,,,"['G: Brandes', 'R: Watt', 'C. Bøgh', 'Wolfhagen', 'Deres søn']","['Wien', 'Dresden']",['Kristiania theater'],['«Kærlighedens komedie»']
210,0,penge.,,,,,"['G: Brandes', 'R: Watt', 'C. Bøgh', 'Wolfhagen', 'Deres søn']","['Wien', 'Dresden']",['Kristiania theater'],['«Kærlighedens komedie»']
211,0,Når,,,,,"['G: Brandes', 'R: Watt', 'C. Bøgh', 'Wolfhagen', 'Deres søn']","['Wien', 'Dresden']",['Kristiania theater'],['«Kærlighedens komedie»']
212,0,jeg,,,,,"['G: Brandes', 'R: Watt', 'C. Bøgh', 'Wolfhagen', 'Deres søn']","['Wien', 'Dresden']",['Kristiania theater'],['«Kærlighedens komedie»']
213,0,allerede,,,,,"['G: Brandes', 'R: Watt', 'C. Bøgh', 'Wolfhagen', 'Deres søn']","['Wien', 'Dresden']",['Kristiania theater'],['«Kærlighedens komedie»']
214,0,nu,,,,,"['G: Brandes', 'R: Watt', 'C. Bøgh', 'Wolfhagen', 'Deres søn']","['Wien', 'Dresden']",['Kristiania theater'],['«Kærlighedens komedie»']
215,0,anmoder,,,,,"['G: Brandes', 'R: Watt', 'C. Bøgh', 'Wolfhagen', 'Deres søn']","['Wien', 'Dresden']",['Kristiania theater'],['«Kærlighedens komedie»']
216,0,Dem,,,,,"['G: Brandes', 'R: Watt', 'C. Bøgh', 'Wolfhagen', 'Deres søn']","['Wien', 'Dresden']",['Kristiania theater'],['«Kærlighedens komedie»']
217,0,"herom,",,,,,"['G: Brandes', 'R: Watt', 'C. Bøgh', 'Wolfhagen', 'Deres søn']","['Wien', 'Dresden']",['Kristiania theater'],['«Kærlighedens komedie»']
218,0,så,,,,,"['G: Brandes', 'R: Watt', 'C. Bøgh', 'Wolfhagen', 'Deres søn']","['Wien', 'Dresden']",['Kristiania theater'],['«Kærlighedens komedie»']
219,0,er,,,,,"['G: Brandes', 'R: Watt', 'C. Bøgh', 'Wolfhagen', 'Deres søn']","['Wien', 'Dresden']",['Kristiania theater'],['«Kærlighedens komedie»']
220,0,det,,,,,"['G: Brandes', 'R: Watt', 'C. Bøgh', 'Wolfhagen', 'Deres søn']","['Wien', 'Dresden']",['Kristiania theater'],['«Kærlighedens komedie»']
221,0,fordi,,,,,"['G: Brandes', 'R: Watt', 'C. Bøgh', 'Wolfhagen', 'Deres søn']","['Wien', 'Dresden']",['Kristiania theater'],['«Kærlighedens komedie»']
222,0,opførelsen,,,,,"['G: Brandes', 'R: Watt', 'C. Bøgh', 'Wolfhagen', 'Deres søn']","['Wien', 'Dresden']",['Kristiania theater'],['«Kærlighedens komedie»']
223,0,af,,,,,"['G: Brandes', 'R: Watt', 'C. Bøgh', 'Wolfhagen', 'Deres søn']","['Wien', 'Dresden']",['Kristiania theater'],['«Kærlighedens komedie»']
224,0,«Kærlighedens,,,,,"['G: Brandes', 'R: Watt', 'C. Bøgh', 'Wolfhagen', 'Deres søn']","['Wien', 'Dresden']",['Kristiania theater'],['«Kærlighedens komedie»']
225,0,komedie»,,,,,"['G: Brandes', 'R: Watt', 'C. Bøgh', 'Wolfhagen', 'Deres søn']","['Wien', 'Dresden']",['Kristiania theater'],['«Kærlighedens komedie»']
226,0,på,,,,,"['G: Brandes', 'R: Watt', 'C. Bøgh', 'Wolfhagen', 'Deres søn']","['Wien', 'Dresden']",['Kristiania theater'],['«Kærlighedens komedie»']
227,0,Kristiania,,,,,"['G: Brandes', 'R: Watt', 'C. Bøgh', 'Wolfhagen', 'Deres søn']","['Wien', 'Dresden']",['Kristiania theater'],['«Kærlighedens komedie»']
228,0,theater,,,,,"['G: Brandes', 'R: Watt', 'C. Bøgh', 'Wolfhagen', 'Deres søn']","['Wien', 'Dresden']",['Kristiania theater'],['«Kærlighedens komedie»']
229,0,fremdeles,,,,,"['G: Brandes', 'R: Watt', 'C. Bøgh', 'Wolfhagen', 'Deres søn']","['Wien', 'Dresden']",['Kristiania theater'],['«Kærlighedens komedie»']
230,0,lader,,,,,"['G: Brandes', 'R: Watt', 'C. Bøgh', 'Wolfhagen', 'Deres søn']","['Wien', 'Dresden']",['Kristiania theater'],['«Kærlighedens komedie»']
231,0,vente,,,,,"['G: Brandes', 'R: Watt', 'C. Bøgh', 'Wolfhagen', 'Deres søn']","['Wien', 'Dresden']",['Kristiania theater'],['«Kærlighedens komedie»']
232,0,på,,,,,"['G: Brandes', 'R: Watt', 'C. Bøgh', 'Wolfhagen', 'Deres søn']","['Wien', 'Dresden']",['Kristiania theater'],['«Kærlighedens komedie»']
233,0,sig.Fra,,,,,"['G: Brandes', 'R: Watt', 'C. Bøgh', 'Wolfhagen', 'Deres søn']","['Wien', 'Dresden']",['Kristiania theater'],['«Kærlighedens komedie»']
234,0,G:,,,,,"['G: Brandes', 'R: Watt', 'C. Bøgh', 'Wolfhagen', 'Deres søn']","['Wien', 'Dresden']",['Kristiania theater'],['«Kærlighedens komedie»']
235,0,Brandes,,,,,"['G: Brandes', 'R: Watt', 'C. Bøgh', 'Wolfhagen', 'Deres søn']","['Wien', 'Dresden']",['Kristiania theater'],['«Kærlighedens komedie»']
236,0,havde,,,,,"['G: Brandes', 'R: Watt', 'C. Bøgh', 'Wolfhagen', 'Deres søn']","['Wien', 'Dresden']",['Kristiania theater'],['«Kærlighedens komedie»']
237,0,jeg,,,,,"['G: Brandes', 'R: Watt', 'C. Bøgh', 'Wolfhagen', 'Deres søn']","['Wien', 'Dresden']",['Kristiania theater'],['«Kærlighedens komedie»']
238,0,brev,,,,,"['G: Brandes', 'R: Watt', 'C. Bøgh', 'Wolfhagen', 'Deres søn']","['Wien', 'Dresden']",['Kristiania theater'],['«Kærlighedens komedie»']
239,0,igår,,,,,"['G: Brandes', 'R: Watt', 'C. Bøgh', 'Wolfhagen', 'Deres søn']","['Wien', 'Dresden']",['Kristiania theater'],['«Kærlighedens komedie»']
240,0,og,,,,,"['G: Brandes', 'R: Watt', 'C. Bøgh', 'Wolfhagen', 'Deres søn']","['Wien', 'Dresden']",['Kristiania theater'],['«Kærlighedens komedie»']
241,0,tilskriver,,,,,"['G: Brandes', 'R: Watt', 'C. Bøgh', 'Wolfhagen', 'Deres søn']","['Wien', 'Dresden']",['Kristiania theater'],['«Kærlighedens komedie»']
242,0,ham,,,,,"['G: Brandes', 'R: Watt', 'C. Bøgh', 'Wolfhagen', 'Deres søn']","['Wien', 'Dresden']",['Kristiania theater'],['«Kærlighedens komedie»']
243,0,idag.,,,,,"['G: Brandes', 'R: Watt', 'C. Bøgh', 'Wolfhagen', 'Deres søn']","['Wien', 'Dresden']",['Kristiania theater'],['«Kærlighedens komedie»']
244,0,Til,,,,,"['G: Brandes', 'R: Watt', 'C. Bøgh', 'Wolfhagen', 'Deres søn']","['Wien', 'Dresden']",['Kristiania theater'],['«Kærlighedens komedie»']
245,0,hans,,,,,"['G: Brandes', 'R: Watt', 'C. Bøgh', 'Wolfhagen', 'Deres søn']","['Wien', 'Dresden']",['Kristiania theater'],['«Kærlighedens komedie»']
246,0,nye,,,,,"['G: Brandes', 'R: Watt', 'C. Bøgh', 'Wolfhagen', 'Deres søn']","['Wien', 'Dresden']",['Kristiania theater'],['«Kærlighedens komedie»']
247,0,bog,,,,,"['G: Brandes', 'R: Watt', 'C. Bøgh', 'Wolfhagen', 'Deres søn']","['Wien', 'Dresden']",['Kristiania theater'],['«Kærlighedens komedie»']
248,0,glæder,,,,,"['G: Brandes', 'R: Watt', 'C. Bøgh', 'Wolfhagen', 'Deres søn']","['Wien', 'Dresden']",['Kristiania theater'],['«Kærlighedens komedie»']
249,0,jeg,,,,,"['G: Brandes', 'R: Watt', 'C. Bøgh', 'Wolfhagen', 'Deres søn']","['Wien', 'Dresden']",['Kristiania theater'],['«Kærlighedens komedie»']
250,0,mig,,,,,"['G: Brandes', 'R: Watt', 'C. Bøgh', 'Wolfhagen', 'Deres søn']","['Wien', 'Dresden']",['Kristiania theater'],['«Kærlighedens komedie»']
251,0,meget.Efter,,,,,"['G: Brandes', 'R: Watt', 'C. Bøgh', 'Wolfhagen', 'Deres søn']","['Wien', 'Dresden']",['Kristiania theater'],['«Kærlighedens komedie»']
252,0,flere,,,,,"['G: Brandes', 'R: Watt', 'C. Bøgh', 'Wolfhagen', 'Deres søn']","['Wien', 'Dresden']",['Kristiania theater'],['«Kærlighedens komedie»']
253,0,måneders,,,,,"['G: Brandes', 'R: Watt', 'C. Bøgh', 'Wolfhagen', 'Deres søn']","['Wien', 'Dresden']",['Kristiania theater'],['«Kærlighedens komedie»']
254,0,sommervejr,,,,,"['G: Brandes', 'R: Watt', 'C. Bøgh', 'Wolfhagen', 'Deres søn']","['Wien', 'Dresden']",['Kristiania theater'],['«Kærlighedens komedie»']
255,0,har,,,,,"['G: Brandes', 'R: Watt', 'C. Bøgh', 'Wolfhagen', 'Deres søn']","['Wien', 'Dresden']",['Kristiania theater'],['«Kærlighedens komedie»']
256,0,vi,,,,,"['G: Brandes', 'R: Watt', 'C. Bøgh', 'Wolfhagen', 'Deres søn']","['Wien', 'Dresden']",['Kristiania theater'],['«Kærlighedens komedie»']
257,0,igen,,,,,"['G: Brandes', 'R: Watt', 'C. Bøgh', 'Wolfhagen', 'Deres søn']","['Wien', 'Dresden']",['Kristiania theater'],['«Kærlighedens komedie»']
258,0,fåt,,,,,"['G: Brandes', 'R: Watt', 'C. Bøgh', 'Wolfhagen', 'Deres søn']","['Wien', 'Dresden']",['Kristiania theater'],['«Kærlighedens komedie»']
259,0,det,,,,,"['G: Brandes', 'R: Watt', 'C. Bøgh', 'Wolfhagen', 'Deres søn']","['Wien', 'Dresden']",['Kristiania theater'],['«Kærlighedens komedie»']
260,0,bitterlig,,,,,"['G: Brandes', 'R: Watt', 'C. Bøgh', 'Wolfhagen', 'Deres søn']","['Wien', 'Dresden']",['Kristiania theater'],['«Kærlighedens komedie»']
261,0,"koldt,",,,,,"['G: Brandes', 'R: Watt', 'C. Bøgh', 'Wolfhagen', 'Deres søn']","['Wien', 'Dresden']",['Kristiania theater'],['«Kærlighedens komedie»']
262,0,til,,,,,"['G: Brandes', 'R: Watt', 'C. Bøgh', 'Wolfhagen', 'Deres søn']","['Wien', 'Dresden']",['Kristiania theater'],['«Kærlighedens komedie»']
263,0,stor,,,,,"['G: Brandes', 'R: Watt', 'C. Bøgh', 'Wolfhagen', 'Deres søn']","['Wien', 'Dresden']",['Kristiania theater'],['«Kærlighedens komedie»']
264,0,skade,,,,,"['G: Brandes', 'R: Watt', 'C. Bøgh', 'Wolfhagen', 'Deres søn']","['Wien', 'Dresden']",['Kristiania theater'],['«Kærlighedens komedie»']
265,0,for,,,,,"['G: Brandes', 'R: Watt', 'C. Bøgh', 'Wolfhagen', 'Deres søn']","['Wien', 'Dresden']",['Kristiania theater'],['«Kærlighedens komedie»']
266,0,"frugtavlen,",,,,,"['G: Brandes', 'R: Watt', 'C. Bøgh', 'Wolfhagen', 'Deres søn']","['Wien', 'Dresden']",['Kristiania theater'],['«Kærlighedens komedie»']
267,0,som,,,,,"['G: Brandes', 'R: Watt', 'C. Bøgh', 'Wolfhagen', 'Deres søn']","['Wien', 'Dresden']",['Kristiania theater'],['«Kærlighedens komedie»']
268,0,her,,,,,"['G: Brandes', 'R: Watt', 'C. Bøgh', 'Wolfhagen', 'Deres søn']","['Wien', 'Dresden']",['Kristiania theater'],['«Kærlighedens komedie»']
269,0,er,,,,,"['G: Brandes', 'R: Watt', 'C. Bøgh', 'Wolfhagen', 'Deres søn']","['Wien', 'Dresden']",['Kristiania theater'],['«Kærlighedens komedie»']
270,0,af,,,,,"['G: Brandes', 'R: Watt', 'C. Bøgh', 'Wolfhagen', 'Deres søn']","['Wien', 'Dresden']",['Kristiania theater'],['«Kærlighedens komedie»']
271,0,overordentlig,,,,,"['G: Brandes', 'R: Watt', 'C. Bøgh', 'Wolfhagen', 'Deres søn']","['Wien', 'Dresden']",['Kristiania theater'],['«Kærlighedens komedie»']
272,0,vigtighed.,,,,,"['G: Brandes', 'R: Watt', 'C. Bøgh', 'Wolfhagen', 'Deres søn']","['Wien', 'Dresden']",['Kristiania theater'],['«Kærlighedens komedie»']
273,0,Idag,,,,,"['G: Brandes', 'R: Watt', 'C. Bøgh', 'Wolfhagen', 'Deres søn']","['Wien', 'Dresden']",['Kristiania theater'],['«Kærlighedens komedie»']
274,0,synes,,,,,"['G: Brandes', 'R: Watt', 'C. Bøgh', 'Wolfhagen', 'Deres søn']","['Wien', 'Dresden']",['Kristiania theater'],['«Kærlighedens komedie»']
275,0,vejret,,,,,"['G: Brandes', 'R: Watt', 'C. Bøgh', 'Wolfhagen', 'Deres søn']","['Wien', 'Dresden']",['Kristiania theater'],['«Kærlighedens komedie»']
276,0,dog,,,,,"['G: Brandes', 'R: Watt', 'C. Bøgh', 'Wolfhagen', 'Deres søn']","['Wien', 'Dresden']",['Kristiania theater'],['«Kærlighedens komedie»']
277,0,igen,,,,,"['G: Brandes', 'R: Watt', 'C. Bøgh', 'Wolfhagen', 'Deres søn']","['Wien', 'Dresden']",['Kristiania theater'],['«Kærlighedens komedie»']
278,0,at,,,,,"['G: Brandes', 'R: Watt', 'C. Bøgh', 'Wolfhagen', 'Deres søn']","['Wien', 'Dresden']",['Kristiania theater'],['«Kærlighedens komedie»']
279,0,ville,,,,,"['G: Brandes', 'R: Watt', 'C. Bøgh', 'Wolfhagen', 'Deres søn']","['Wien', 'Dresden']",['Kristiania theater'],['«Kærlighedens komedie»']
280,0,bedre,,,,,"['G: Brandes', 'R: Watt', 'C. Bøgh', 'Wolfhagen', 'Deres søn']","['Wien', 'Dresden']",['Kristiania theater'],['«Kærlighedens komedie»']
281,0,sig.,,,,,"['G: Brandes', 'R: Watt', 'C. Bøgh', 'Wolfhagen', 'Deres søn']","['Wien', 'Dresden']",['Kristiania theater'],['«Kærlighedens komedie»']
282,0,Mange,,,,,"['G: Brandes', 'R: Watt', 'C. Bøgh', 'Wolfhagen', 'Deres søn']","['Wien', 'Dresden']",['Kristiania theater'],['«Kærlighedens komedie»']
283,0,danske,,,,,"['G: Brandes', 'R: Watt', 'C. Bøgh', 'Wolfhagen', 'Deres søn']","['Wien', 'Dresden']",['Kristiania theater'],['«Kærlighedens komedie»']
284,0,passerer,,,,,"['G: Brandes', 'R: Watt', 'C. Bøgh', 'Wolfhagen', 'Deres søn']","['Wien', 'Dresden']",['Kristiania theater'],['«Kærlighedens komedie»']
285,0,Dresden,,,,,"['G: Brandes', 'R: Watt', 'C. Bøgh', 'Wolfhagen', 'Deres søn']","['Wien', 'Dresden']",['Kristiania theater'],['«Kærlighedens komedie»']
286,0,i,,,,,"['G: Brandes', 'R: Watt', 'C. Bøgh', 'Wolfhagen', 'Deres søn']","['Wien', 'Dresden']",['Kristiania theater'],['«Kærlighedens komedie»']
287,0,denne,,,,,"['G: Brandes', 'R: Watt', 'C. Bøgh', 'Wolfhagen', 'Deres søn']","['Wien', 'Dresden']",['Kristiania theater'],['«Kærlighedens komedie»']
288,0,tid.,,,,,"['G: Brandes', 'R: Watt', 'C. Bøgh', 'Wolfhagen', 'Deres søn']","['Wien', 'Dresden']",['Kristiania theater'],['«Kærlighedens komedie»']
289,0,R:,,,,,"['G: Brandes', 'R: Watt', 'C. Bøgh', 'Wolfhagen', 'Deres søn']","['Wien', 'Dresden']",['Kristiania theater'],['«Kærlighedens komedie»']
290,0,Watt,,,,,"['G: Brandes', 'R: Watt', 'C. Bøgh', 'Wolfhagen', 'Deres søn']","['Wien', 'Dresden']",['Kristiania theater'],['«Kærlighedens komedie»']
291,0,og,,,,,"['G: Brandes', 'R: Watt', 'C. Bøgh', 'Wolfhagen', 'Deres søn']","['Wien', 'Dresden']",['Kristiania theater'],['«Kærlighedens komedie»']
292,0,maleren,,,,,"['G: Brandes', 'R: Watt', 'C. Bøgh', 'Wolfhagen', 'Deres søn']","['Wien', 'Dresden']",['Kristiania theater'],['«Kærlighedens komedie»']
293,0,C.,,,,,"['G: Brandes', 'R: Watt', 'C. Bøgh', 'Wolfhagen', 'Deres søn']","['Wien', 'Dresden']",['Kristiania theater'],['«Kærlighedens komedie»']
294,0,Bøgh,,,,,"['G: Brandes', 'R: Watt', 'C. Bøgh', 'Wolfhagen', 'Deres søn']","['Wien', 'Dresden']",['Kristiania theater'],['«Kærlighedens komedie»']
295,0,har,,,,,"['G: Brandes', 'R: Watt', 'C. Bøgh', 'Wolfhagen', 'Deres søn']","['Wien', 'Dresden']",['Kristiania theater'],['«Kærlighedens komedie»']
296,0,besøgt,,,,,"['G: Brandes', 'R: Watt', 'C. Bøgh', 'Wolfhagen', 'Deres søn']","['Wien', 'Dresden']",['Kristiania theater'],['«Kærlighedens komedie»']
297,0,mig,,,,,"['G: Brandes', 'R: Watt', 'C. Bøgh', 'Wolfhagen', 'Deres søn']","['Wien', 'Dresden']",['Kristiania theater'],['«Kærlighedens komedie»']
298,0,på,,,,,"['G: Brandes', 'R: Watt', 'C. Bøgh', 'Wolfhagen', 'Deres søn']","['Wien', 'Dresden']",['Kristiania theater'],['«Kærlighedens komedie»']
299,0,gennemrejsen,,,,,"['G: Brandes', 'R: Watt', 'C. Bøgh', 'Wolfhagen', 'Deres søn']","['Wien', 'Dresden']",['Kristiania theater'],['«Kærlighedens komedie»']
300,0,til,,,,,"['G: Brandes', 'R: Watt', 'C. Bøgh', 'Wolfhagen', 'Deres søn']","['Wien', 'Dresden']",['Kristiania theater'],['«Kærlighedens komedie»']
301,0,Wien.,,,,,"['G: Brandes', 'R: Watt', 'C. Bøgh', 'Wolfhagen', 'Deres søn']","['Wien', 'Dresden']",['Kristiania theater'],['«Kærlighedens komedie»']
302,0,Jeg,,,,,"['G: Brandes', 'R: Watt', 'C. Bøgh', 'Wolfhagen', 'Deres søn']","['Wien', 'Dresden']",['Kristiania theater'],['«Kærlighedens komedie»']
303,0,glæder,,,,,"['G: Brandes', 'R: Watt', 'C. Bøgh', 'Wolfhagen', 'Deres søn']","['Wien', 'Dresden']",['Kristiania theater'],['«Kærlighedens komedie»']
304,0,mig,,,,,"['G: Brandes', 'R: Watt', 'C. Bøgh', 'Wolfhagen', 'Deres søn']","['Wien', 'Dresden']",['Kristiania theater'],['«Kærlighedens komedie»']
305,0,meget,,,,,"['G: Brandes', 'R: Watt', 'C. Bøgh', 'Wolfhagen', 'Deres søn']","['Wien', 'Dresden']",['Kristiania theater'],['«Kærlighedens komedie»']
306,0,til,,,,,"['G: Brandes', 'R: Watt', 'C. Bøgh', 'Wolfhagen', 'Deres søn']","['Wien', 'Dresden']",['Kristiania theater'],['«Kærlighedens komedie»']
307,0,dernede,,,,,"['G: Brandes', 'R: Watt', 'C. Bøgh', 'Wolfhagen', 'Deres søn']","['Wien', 'Dresden']",['Kristiania theater'],['«Kærlighedens komedie»']
308,0,at,,,,,"['G: Brandes', 'R: Watt', 'C. Bøgh', 'Wolfhagen', 'Deres søn']","['Wien', 'Dresden']",['Kristiania theater'],['«Kærlighedens komedie»']
309,0,træffe,,,,,"['G: Brandes', 'R: Watt', 'C. Bøgh', 'Wolfhagen', 'Deres søn']","['Wien', 'Dresden']",['Kristiania theater'],['«Kærlighedens komedie»']
310,0,Deres,,,,,"['G: Brandes', 'R: Watt', 'C. Bøgh', 'Wolfhagen', 'Deres søn']","['Wien', 'Dresden']",['Kristiania theater'],['«Kærlighedens komedie»']
311,0,"udstillingskommissær,",,,,,"['G: Brandes', 'R: Watt', 'C. Bøgh', 'Wolfhagen', 'Deres søn']","['Wien', 'Dresden']",['Kristiania theater'],['«Kærlighedens komedie»']
312,0,kammerherre,,,,,"['G: Brandes', 'R: Watt', 'C. Bøgh', 'Wolfhagen', 'Deres søn']","['Wien', 'Dresden']",['Kristiania theater'],['«Kærlighedens komedie»']
313,0,"Wolfhagen,",,,,,"['G: Brandes', 'R: Watt', 'C. Bøgh', 'Wolfhagen', 'Deres søn']","['Wien', 'Dresden']",['Kristiania theater'],['«Kærlighedens komedie»']
314,0,som,,,,,"['G: Brandes', 'R: Watt', 'C. Bøgh', 'Wolfhagen', 'Deres søn']","['Wien', 'Dresden']",['Kristiania theater'],['«Kærlighedens komedie»']
315,0,er,,,,,"['G: Brandes', 'R: Watt', 'C. Bøgh', 'Wolfhagen', 'Deres søn']","['Wien', 'Dresden']",['Kristiania theater'],['«Kærlighedens komedie»']
316,0,en,,,,,"['G: Brandes', 'R: Watt', 'C. Bøgh', 'Wolfhagen', 'Deres søn']","['Wien', 'Dresden']",['Kristiania theater'],['«Kærlighedens komedie»']
317,0,gammel,,,,,"['G: Brandes', 'R: Watt', 'C. Bøgh', 'Wolfhagen', 'Deres søn']","['Wien', 'Dresden']",['Kristiania theater'],['«Kærlighedens komedie»']
318,0,romersk,,,,,"['G: Brandes', 'R: Watt', 'C. Bøgh', 'Wolfhagen', 'Deres søn']","['Wien', 'Dresden']",['Kristiania theater'],['«Kærlighedens komedie»']
319,0,bekendt,,,,,"['G: Brandes', 'R: Watt', 'C. Bøgh', 'Wolfhagen', 'Deres søn']","['Wien', 'Dresden']",['Kristiania theater'],['«Kærlighedens komedie»']
320,0,og,,,,,"['G: Brandes', 'R: Watt', 'C. Bøgh', 'Wolfhagen', 'Deres søn']","['Wien', 'Dresden']",['Kristiania theater'],['«Kærlighedens komedie»']
321,0,en,,,,,"['G: Brandes', 'R: Watt', 'C. Bøgh', 'Wolfhagen', 'Deres søn']","['Wien', 'Dresden']",['Kristiania theater'],['«Kærlighedens komedie»']
322,0,i,,,,,"['G: Brandes', 'R: Watt', 'C. Bøgh', 'Wolfhagen', 'Deres søn']","['Wien', 'Dresden']",['Kristiania theater'],['«Kærlighedens komedie»']
323,0,alle,,,,,"['G: Brandes', 'R: Watt', 'C. Bøgh', 'Wolfhagen', 'Deres søn']","['Wien', 'Dresden']",['Kristiania theater'],['«Kærlighedens komedie»']
324,0,måder,,,,,"['G: Brandes', 'R: Watt', 'C. Bøgh', 'Wolfhagen', 'Deres søn']","['Wien', 'Dresden']",['Kristiania theater'],['«Kærlighedens komedie»']
325,0,særdeles,,,,,"['G: Brandes', 'R: Watt', 'C. Bøgh', 'Wolfhagen', 'Deres søn']","['Wien', 'Dresden']",['Kristiania theater'],['«Kærlighedens komedie»']
326,0,elskværdig,,,,,"['G: Brandes', 'R: Watt', 'C. Bøgh', 'Wolfhagen', 'Deres søn']","['Wien', 'Dresden']",['Kristiania theater'],['«Kærlighedens komedie»']
327,0,mand.Med,,,,,"['G: Brandes', 'R: Watt', 'C. Bøgh', 'Wolfhagen', 'Deres søn']","['Wien', 'Dresden']",['Kristiania theater'],['«Kærlighedens komedie»']
328,0,de,,,,,"['G: Brandes', 'R: Watt', 'C. Bøgh', 'Wolfhagen', 'Deres søn']","['Wien', 'Dresden']",['Kristiania theater'],['«Kærlighedens komedie»']
329,0,forbindtligste,,,,,"['G: Brandes', 'R: Watt', 'C. Bøgh', 'Wolfhagen', 'Deres søn']","['Wien', 'Dresden']",['Kristiania theater'],['«Kærlighedens komedie»']
330,0,hilsener,,,,,"['G: Brandes', 'R: Watt', 'C. Bøgh', 'Wolfhagen', 'Deres søn']","['Wien', 'Dresden']",['Kristiania theater'],['«Kærlighedens komedie»']
331,0,til,,,,,"['G: Brandes', 'R: Watt', 'C. Bøgh', 'Wolfhagen', 'Deres søn']","['Wien', 'Dresden']",['Kristiania theater'],['«Kærlighedens komedie»']
332,0,Dem,,,,,"['G: Brandes', 'R: Watt', 'C. Bøgh', 'Wolfhagen', 'Deres søn']","['Wien', 'Dresden']",['Kristiania theater'],['«Kærlighedens komedie»']
333,0,og,,,,,"['G: Brandes', 'R: Watt', 'C. Bøgh', 'Wolfhagen', 'Deres søn']","['Wien', 'Dresden']",['Kristiania theater'],['«Kærlighedens komedie»']
334,0,Deres,,,,,"['G: Brandes', 'R: Watt', 'C. Bøgh', 'Wolfhagen', 'Deres søn']","['Wien', 'Dresden']",['Kristiania theater'],['«Kærlighedens komedie»']
335,0,søn,,,,,"['G: Brandes', 'R: Watt', 'C. Bøgh', 'Wolfhagen', 'Deres søn']","['Wien', 'Dresden']",['Kristiania theater'],['«Kærlighedens komedie»']
336,0,tegner,,,,,"['G: Brandes', 'R: Watt', 'C. Bøgh', 'Wolfhagen', 'Deres søn']","['Wien', 'Dresden']",['Kristiania theater'],['«Kærlighedens komedie»']
337,0,jeg,,,,,"['G: Brandes', 'R: Watt', 'C. Bøgh', 'Wolfhagen', 'Deres søn']","['Wien', 'Dresden']",['Kristiania theater'],['«Kærlighedens komedie»']
338,0,mig,,,,,"['G: Brandes', 'R: Watt', 'C. Bøgh', 'Wolfhagen', 'Deres søn']","['Wien', 'Dresden']",['Kristiania theater'],['«Kærlighedens komedie»']
