,,0,human_annotation,who,dacy_medium,spacy_trf,person,place,org,work
0,0,Du,,,,,[],[],[],['«Kejser og Galilæer»']
1,0,vil,,,,,[],[],[],['«Kejser og Galilæer»']
2,0,visst,,,,,[],[],[],['«Kejser og Galilæer»']
3,0,erindre,,,,,[],[],[],['«Kejser og Galilæer»']
4,0,at,,,,,[],[],[],['«Kejser og Galilæer»']
5,0,jeg,,,,,[],[],[],['«Kejser og Galilæer»']
6,0,gentagende,,,,,[],[],[],['«Kejser og Galilæer»']
7,0,gange,,,,,[],[],[],['«Kejser og Galilæer»']
8,0,har,,,,,[],[],[],['«Kejser og Galilæer»']
9,0,lagt,,,,,[],[],[],['«Kejser og Galilæer»']
10,0,Dig,,,,,[],[],[],['«Kejser og Galilæer»']
11,0,nødvendigheden,,,,,[],[],[],['«Kejser og Galilæer»']
12,0,af,,,,,[],[],[],['«Kejser og Galilæer»']
13,0,en,,,,,[],[],[],['«Kejser og Galilæer»']
14,0,udenlandsrejse,,,,,[],[],[],['«Kejser og Galilæer»']
15,0,på,,,,,[],[],[],['«Kejser og Galilæer»']
16,0,hjerte.I,,,,,[],[],[],['«Kejser og Galilæer»']
17,0,udlandet,,,,,[],[],[],['«Kejser og Galilæer»']
18,0,udvikler,,,,,[],[],[],['«Kejser og Galilæer»']
19,0,man,,,,,[],[],[],['«Kejser og Galilæer»']
20,0,nemlig,,,,,[],[],[],['«Kejser og Galilæer»']
21,0,ikke,,,,,[],[],[],['«Kejser og Galilæer»']
22,0,alene,,,,,[],[],[],['«Kejser og Galilæer»']
23,0,sit,,,,,[],[],[],['«Kejser og Galilæer»']
24,0,kunstneriske,,,,,[],[],[],['«Kejser og Galilæer»']
25,0,"blik,",,,,,[],[],[],['«Kejser og Galilæer»']
26,0,men,,,,,[],[],[],['«Kejser og Galilæer»']
27,0,man,,,,,[],[],[],['«Kejser og Galilæer»']
28,0,lærer,,,,,[],[],[],['«Kejser og Galilæer»']
29,0,også,,,,,[],[],[],['«Kejser og Galilæer»']
30,0,hvad,,,,,[],[],[],['«Kejser og Galilæer»']
31,0,der,,,,,[],[],[],['«Kejser og Galilæer»']
32,0,nødvendigvis,,,,,[],[],[],['«Kejser og Galilæer»']
33,0,hører,,,,,[],[],[],['«Kejser og Galilæer»']
34,0,til,,,,,[],[],[],['«Kejser og Galilæer»']
35,0,for,,,,,[],[],[],['«Kejser og Galilæer»']
36,0,at,,,,,[],[],[],['«Kejser og Galilæer»']
37,0,optræde,,,,,[],[],[],['«Kejser og Galilæer»']
38,0,som,,,,,[],[],[],['«Kejser og Galilæer»']
39,0,en,,,,,[],[],[],['«Kejser og Galilæer»']
40,0,gentleman.Herunder,,,,,[],[],[],['«Kejser og Galilæer»']
41,0,sorterer,,,,,[],[],[],['«Kejser og Galilæer»']
42,0,i,,,,,[],[],[],['«Kejser og Galilæer»']
43,0,første,,,,,[],[],[],['«Kejser og Galilæer»']
44,0,række,,,,,[],[],[],['«Kejser og Galilæer»']
45,0,at,,,,,[],[],[],['«Kejser og Galilæer»']
46,0,man,,,,,[],[],[],['«Kejser og Galilæer»']
47,0,ikke,,,,,[],[],[],['«Kejser og Galilæer»']
48,0,forgår,,,,,[],[],[],['«Kejser og Galilæer»']
49,0,sig,,,,,[],[],[],['«Kejser og Galilæer»']
50,0,imod,,,,,[],[],[],['«Kejser og Galilæer»']
51,0,de,,,,,[],[],[],['«Kejser og Galilæer»']
52,0,almindelige,,,,,[],[],[],['«Kejser og Galilæer»']
53,0,"morallove,",,,,,[],[],[],['«Kejser og Galilæer»']
54,0,selv,,,,,[],[],[],['«Kejser og Galilæer»']
55,0,om,,,,,[],[],[],['«Kejser og Galilæer»']
56,0,ens,,,,,[],[],[],['«Kejser og Galilæer»']
57,0,eget,,,,,[],[],[],['«Kejser og Galilæer»']
58,0,fædrelands,,,,,[],[],[],['«Kejser og Galilæer»']
59,0,"lovstiftning,",,,,,[],[],[],['«Kejser og Galilæer»']
60,0,mangelfuld,,,,,[],[],[],['«Kejser og Galilæer»']
61,0,som,,,,,[],[],[],['«Kejser og Galilæer»']
62,0,den,,,,,[],[],[],['«Kejser og Galilæer»']
63,0,kan,,,,,[],[],[],['«Kejser og Galilæer»']
64,0,"være,",,,,,[],[],[],['«Kejser og Galilæer»']
65,0,ikke,,,,,[],[],[],['«Kejser og Galilæer»']
66,0,sætter,,,,,[],[],[],['«Kejser og Galilæer»']
67,0,"bøder,",,,,,[],[],[],['«Kejser og Galilæer»']
68,0,vand,,,,,[],[],[],['«Kejser og Galilæer»']
69,0,og,,,,,[],[],[],['«Kejser og Galilæer»']
70,0,brød,,,,,[],[],[],['«Kejser og Galilæer»']
71,0,eller,,,,,[],[],[],['«Kejser og Galilæer»']
72,0,tugthusstraf,,,,,[],[],[],['«Kejser og Galilæer»']
73,0,for,,,,,[],[],[],['«Kejser og Galilæer»']
74,0,en,,,,,[],[],[],['«Kejser og Galilæer»']
75,0,sådan,,,,,[],[],[],['«Kejser og Galilæer»']
76,0,forgåelse.Disse,,,,,[],[],[],['«Kejser og Galilæer»']
77,0,betragtninger,,,,,[],[],[],['«Kejser og Galilæer»']
78,0,måtte,,,,,[],[],[],['«Kejser og Galilæer»']
79,0,jeg,,,,,[],[],[],['«Kejser og Galilæer»']
80,0,uvilkårlig,,,,,[],[],[],['«Kejser og Galilæer»']
81,0,anstille,,,,,[],[],[],['«Kejser og Galilæer»']
82,0,da,,,,,[],[],[],['«Kejser og Galilæer»']
83,0,jeg,,,,,[],[],[],['«Kejser og Galilæer»']
84,0,for,,,,,[],[],[],['«Kejser og Galilæer»']
85,0,nogle,,,,,[],[],[],['«Kejser og Galilæer»']
86,0,dage,,,,,[],[],[],['«Kejser og Galilæer»']
87,0,siden,,,,,[],[],[],['«Kejser og Galilæer»']
88,0,af,,,,,[],[],[],['«Kejser og Galilæer»']
89,0,«Morgenbladet»,,,,,[],[],[],['«Kejser og Galilæer»']
90,0,erfarede,,,,,[],[],[],['«Kejser og Galilæer»']
91,0,at,,,,,[],[],[],['«Kejser og Galilæer»']
92,0,Du,,,,,[],[],[],['«Kejser og Galilæer»']
93,0,lavede,,,,,[],[],[],['«Kejser og Galilæer»']
94,0,Dig,,,,,[],[],[],['«Kejser og Galilæer»']
95,0,til,,,,,[],[],[],['«Kejser og Galilæer»']
96,0,at,,,,,[],[],[],['«Kejser og Galilæer»']
97,0,rejse,,,,,[],[],[],['«Kejser og Galilæer»']
98,0,penge,,,,,[],[],[],['«Kejser og Galilæer»']
99,0,på,,,,,[],[],[],['«Kejser og Galilæer»']
100,0,min,,,,,[],[],[],['«Kejser og Galilæer»']
101,0,nye,,,,,[],[],[],['«Kejser og Galilæer»']
102,0,"digtning,",,,,,[],[],[],['«Kejser og Galilæer»']
103,0,«Kejser,,,,,[],[],[],['«Kejser og Galilæer»']
104,0,og,,,,,[],[],[],['«Kejser og Galilæer»']
105,0,Galilæer».At,,,,,[],[],[],['«Kejser og Galilæer»']
106,0,Du,,,,,[],[],[],['«Kejser og Galilæer»']
107,0,satte,,,,,[],[],[],['«Kejser og Galilæer»']
108,0,Dig,,,,,[],[],[],['«Kejser og Galilæer»']
109,0,ud,,,,,[],[],[],['«Kejser og Galilæer»']
110,0,over,,,,,[],[],[],['«Kejser og Galilæer»']
111,0,den,,,,,[],[],[],['«Kejser og Galilæer»']
112,0,almindelige,,,,,[],[],[],['«Kejser og Galilæer»']
113,0,"høflighedsfordring,",,,,,[],[],[],['«Kejser og Galilæer»']
114,0,den,,,,,[],[],[],['«Kejser og Galilæer»']
115,0,nemlig,,,,,[],[],[],['«Kejser og Galilæer»']
116,0,at,,,,,[],[],[],['«Kejser og Galilæer»']
117,0,indhente,,,,,[],[],[],['«Kejser og Galilæer»']
118,0,min,,,,,[],[],[],['«Kejser og Galilæer»']
119,0,"tilladelse,",,,,,[],[],[],['«Kejser og Galilæer»']
120,0,er,,,,,[],[],[],['«Kejser og Galilæer»']
121,0,meget,,,,,[],[],[],['«Kejser og Galilæer»']
122,0,forklarligt;,,,,,[],[],[],['«Kejser og Galilæer»']
123,0,thi,,,,,[],[],[],['«Kejser og Galilæer»']
124,0,af,,,,,[],[],[],['«Kejser og Galilæer»']
125,0,mine,,,,,[],[],[],['«Kejser og Galilæer»']
126,0,udtalelser,,,,,[],[],[],['«Kejser og Galilæer»']
127,0,ved,,,,,[],[],[],['«Kejser og Galilæer»']
128,0,en,,,,,[],[],[],['«Kejser og Galilæer»']
129,0,tidligere,,,,,[],[],[],['«Kejser og Galilæer»']
130,0,lignende,,,,,[],[],[],['«Kejser og Galilæer»']
131,0,anledning,,,,,[],[],[],['«Kejser og Galilæer»']
132,0,måtte,,,,,[],[],[],['«Kejser og Galilæer»']
133,0,Du,,,,,[],[],[],['«Kejser og Galilæer»']
134,0,jo,,,,,[],[],[],['«Kejser og Galilæer»']
135,0,vide,,,,,[],[],[],['«Kejser og Galilæer»']
136,0,at,,,,,[],[],[],['«Kejser og Galilæer»']
137,0,en,,,,,[],[],[],['«Kejser og Galilæer»']
138,0,sådan,,,,,[],[],[],['«Kejser og Galilæer»']
139,0,tilladelse,,,,,[],[],[],['«Kejser og Galilæer»']
140,0,på,,,,,[],[],[],['«Kejser og Galilæer»']
141,0,det,,,,,[],[],[],['«Kejser og Galilæer»']
142,0,bestemteste,,,,,[],[],[],['«Kejser og Galilæer»']
143,0,vilde,,,,,[],[],[],['«Kejser og Galilæer»']
144,0,blive,,,,,[],[],[],['«Kejser og Galilæer»']
145,0,Dig,,,,,[],[],[],['«Kejser og Galilæer»']
146,0,nægtet.Jeg,,,,,[],[],[],['«Kejser og Galilæer»']
147,0,har,,,,,[],[],[],['«Kejser og Galilæer»']
148,0,utvetydigt,,,,,[],[],[],['«Kejser og Galilæer»']
149,0,nok,,,,,[],[],[],['«Kejser og Galilæer»']
150,0,givet,,,,,[],[],[],['«Kejser og Galilæer»']
151,0,Dig,,,,,[],[],[],['«Kejser og Galilæer»']
152,0,at,,,,,[],[],[],['«Kejser og Galilæer»']
153,0,forstå,,,,,[],[],[],['«Kejser og Galilæer»']
154,0,at,,,,,[],[],[],['«Kejser og Galilæer»']
155,0,jeg,,,,,[],[],[],['«Kejser og Galilæer»']
156,0,aldeles,,,,,[],[],[],['«Kejser og Galilæer»']
157,0,ikke,,,,,[],[],[],['«Kejser og Galilæer»']
158,0,ønsker,,,,,[],[],[],['«Kejser og Galilæer»']
159,0,at,,,,,[],[],[],['«Kejser og Galilæer»']
160,0,Du,,,,,[],[],[],['«Kejser og Galilæer»']
161,0,med,,,,,[],[],[],['«Kejser og Galilæer»']
162,0,din,,,,,[],[],[],['«Kejser og Galilæer»']
163,0,oplæsning,,,,,[],[],[],['«Kejser og Galilæer»']
164,0,skal,,,,,[],[],[],['«Kejser og Galilæer»']
165,0,komme,,,,,[],[],[],['«Kejser og Galilæer»']
166,0,og,,,,,[],[],[],['«Kejser og Galilæer»']
167,0,stille,,,,,[],[],[],['«Kejser og Galilæer»']
168,0,Dig,,,,,[],[],[],['«Kejser og Galilæer»']
169,0,imellem,,,,,[],[],[],['«Kejser og Galilæer»']
170,0,mig,,,,,[],[],[],['«Kejser og Galilæer»']
171,0,og,,,,,[],[],[],['«Kejser og Galilæer»']
172,0,mit,,,,,[],[],[],['«Kejser og Galilæer»']
173,0,publikum.,,,,,[],[],[],['«Kejser og Galilæer»']
174,0,Jeg,,,,,[],[],[],['«Kejser og Galilæer»']
175,0,vil,,,,,[],[],[],['«Kejser og Galilæer»']
176,0,at,,,,,[],[],[],['«Kejser og Galilæer»']
177,0,mine,,,,,[],[],[],['«Kejser og Galilæer»']
178,0,bøger,,,,,[],[],[],['«Kejser og Galilæer»']
179,0,skal,,,,,[],[],[],['«Kejser og Galilæer»']
180,0,komme,,,,,[],[],[],['«Kejser og Galilæer»']
181,0,direkte,,,,,[],[],[],['«Kejser og Galilæer»']
182,0,fra,,,,,[],[],[],['«Kejser og Galilæer»']
183,0,mig,,,,,[],[],[],['«Kejser og Galilæer»']
184,0,til,,,,,[],[],[],['«Kejser og Galilæer»']
185,0,læserne;,,,,,[],[],[],['«Kejser og Galilæer»']
186,0,og,,,,,[],[],[],['«Kejser og Galilæer»']
187,0,jeg,,,,,[],[],[],['«Kejser og Galilæer»']
188,0,begriber,,,,,[],[],[],['«Kejser og Galilæer»']
189,0,ikke,,,,,[],[],[],['«Kejser og Galilæer»']
190,0,hvad,,,,,[],[],[],['«Kejser og Galilæer»']
191,0,der,,,,,[],[],[],['«Kejser og Galilæer»']
192,0,berettiger,,,,,[],[],[],['«Kejser og Galilæer»']
193,0,Dig,,,,,[],[],[],['«Kejser og Galilæer»']
194,0,til,,,,,[],[],[],['«Kejser og Galilæer»']
195,0,at,,,,,[],[],[],['«Kejser og Galilæer»']
196,0,stille,,,,,[],[],[],['«Kejser og Galilæer»']
197,0,Dig,,,,,[],[],[],['«Kejser og Galilæer»']
198,0,et,,,,,[],[],[],['«Kejser og Galilæer»']
199,0,sådant,,,,,[],[],[],['«Kejser og Galilæer»']
200,0,ønske,,,,,[],[],[],['«Kejser og Galilæer»']
201,0,hindrende,,,,,[],[],[],['«Kejser og Galilæer»']
202,0,ivejen.Heller,,,,,[],[],[],['«Kejser og Galilæer»']
203,0,ikke,,,,,[],[],[],['«Kejser og Galilæer»']
204,0,begriber,,,,,[],[],[],['«Kejser og Galilæer»']
205,0,jeg,,,,,[],[],[],['«Kejser og Galilæer»']
206,0,hvorledes,,,,,[],[],[],['«Kejser og Galilæer»']
207,0,Du,,,,,[],[],[],['«Kejser og Galilæer»']
208,0,kan,,,,,[],[],[],['«Kejser og Galilæer»']
209,0,ville,,,,,[],[],[],['«Kejser og Galilæer»']
210,0,bekvemme,,,,,[],[],[],['«Kejser og Galilæer»']
211,0,Dig,,,,,[],[],[],['«Kejser og Galilæer»']
212,0,til,,,,,[],[],[],['«Kejser og Galilæer»']
213,0,at,,,,,[],[],[],['«Kejser og Galilæer»']
214,0,gøre,,,,,[],[],[],['«Kejser og Galilæer»']
215,0,kapital,,,,,[],[],[],['«Kejser og Galilæer»']
216,0,på,,,,,[],[],[],['«Kejser og Galilæer»']
217,0,en,,,,,[],[],[],['«Kejser og Galilæer»']
218,0,"åndsproduktion,",,,,,[],[],[],['«Kejser og Galilæer»']
219,0,hvori,,,,,[],[],[],['«Kejser og Galilæer»']
220,0,Du,,,,,[],[],[],['«Kejser og Galilæer»']
221,0,ingen,,,,,[],[],[],['«Kejser og Galilæer»']
222,0,andel,,,,,[],[],[],['«Kejser og Galilæer»']
223,0,har.,,,,,[],[],[],['«Kejser og Galilæer»']
224,0,Thi,,,,,[],[],[],['«Kejser og Galilæer»']
225,0,Du,,,,,[],[],[],['«Kejser og Galilæer»']
226,0,må,,,,,[],[],[],['«Kejser og Galilæer»']
227,0,jo,,,,,[],[],[],['«Kejser og Galilæer»']
228,0,dog,,,,,[],[],[],['«Kejser og Galilæer»']
229,0,erkende,,,,,[],[],[],['«Kejser og Galilæer»']
230,0,at,,,,,[],[],[],['«Kejser og Galilæer»']
231,0,hver,,,,,[],[],[],['«Kejser og Galilæer»']
232,0,"skilling,",,,,,[],[],[],['«Kejser og Galilæer»']
233,0,Du,,,,,[],[],[],['«Kejser og Galilæer»']
234,0,stryger,,,,,[],[],[],['«Kejser og Galilæer»']
235,0,ind,,,,,[],[],[],['«Kejser og Galilæer»']
236,0,ved,,,,,[],[],[],['«Kejser og Galilæer»']
237,0,offentligt,,,,,[],[],[],['«Kejser og Galilæer»']
238,0,at,,,,,[],[],[],['«Kejser og Galilæer»']
239,0,oplæse,,,,,[],[],[],['«Kejser og Galilæer»']
240,0,min,,,,,[],[],[],['«Kejser og Galilæer»']
241,0,nye,,,,,[],[],[],['«Kejser og Galilæer»']
242,0,"bog,",,,,,[],[],[],['«Kejser og Galilæer»']
243,0,den,,,,,[],[],[],['«Kejser og Galilæer»']
244,0,tager,,,,,[],[],[],['«Kejser og Galilæer»']
245,0,Du,,,,,[],[],[],['«Kejser og Galilæer»']
246,0,ud,,,,,[],[],[],['«Kejser og Galilæer»']
247,0,af,,,,,[],[],[],['«Kejser og Galilæer»']
248,0,min,,,,,[],[],[],['«Kejser og Galilæer»']
249,0,lomme;,,,,,[],[],[],['«Kejser og Galilæer»']
250,0,og,,,,,[],[],[],['«Kejser og Galilæer»']
251,0,jeg,,,,,[],[],[],['«Kejser og Galilæer»']
252,0,kan,,,,,[],[],[],['«Kejser og Galilæer»']
253,0,ikke,,,,,[],[],[],['«Kejser og Galilæer»']
254,0,undvære,,,,,[],[],[],['«Kejser og Galilæer»']
255,0,noget;,,,,,[],[],[],['«Kejser og Galilæer»']
256,0,thi,,,,,[],[],[],['«Kejser og Galilæer»']
257,0,jeg,,,,,[],[],[],['«Kejser og Galilæer»']
258,0,behøver,,,,,[],[],[],['«Kejser og Galilæer»']
259,0,mange,,,,,[],[],[],['«Kejser og Galilæer»']
260,0,penge,,,,,[],[],[],['«Kejser og Galilæer»']
261,0,for,,,,,[],[],[],['«Kejser og Galilæer»']
262,0,at,,,,,[],[],[],['«Kejser og Galilæer»']
263,0,kunne,,,,,[],[],[],['«Kejser og Galilæer»']
264,0,leve,,,,,[],[],[],['«Kejser og Galilæer»']
265,0,standsmæssigt.Den,,,,,[],[],[],['«Kejser og Galilæer»']
266,0,omstændighed,,,,,[],[],[],['«Kejser og Galilæer»']
267,0,at,,,,,[],[],[],['«Kejser og Galilæer»']
268,0,Du,,,,,[],[],[],['«Kejser og Galilæer»']
269,0,vælger,,,,,[],[],[],['«Kejser og Galilæer»']
270,0,et,,,,,[],[],[],['«Kejser og Galilæer»']
271,0,nyt,,,,,[],[],[],['«Kejser og Galilæer»']
272,0,værk,,,,,[],[],[],['«Kejser og Galilæer»']
273,0,til,,,,,[],[],[],['«Kejser og Galilæer»']
274,0,"oplæsning,",,,,,[],[],[],['«Kejser og Galilæer»']
275,0,viser,,,,,[],[],[],['«Kejser og Galilæer»']
276,0,desuden,,,,,[],[],[],['«Kejser og Galilæer»']
277,0,at,,,,,[],[],[],['«Kejser og Galilæer»']
278,0,Du,,,,,[],[],[],['«Kejser og Galilæer»']
279,0,aldeles,,,,,[],[],[],['«Kejser og Galilæer»']
280,0,ikke,,,,,[],[],[],['«Kejser og Galilæer»']
281,0,"forstår,",,,,,[],[],[],['«Kejser og Galilæer»']
282,0,hvad,,,,,[],[],[],['«Kejser og Galilæer»']
283,0,en,,,,,[],[],[],['«Kejser og Galilæer»']
284,0,oplæsnings,,,,,[],[],[],['«Kejser og Galilæer»']
285,0,øjemed,,,,,[],[],[],['«Kejser og Galilæer»']
286,0,er.,,,,,[],[],[],['«Kejser og Galilæer»']
287,0,Det,,,,,[],[],[],['«Kejser og Galilæer»']
288,0,"værk,",,,,,[],[],[],['«Kejser og Galilæer»']
289,0,der,,,,,[],[],[],['«Kejser og Galilæer»']
290,0,skal,,,,,[],[],[],['«Kejser og Galilæer»']
291,0,"oplæses,",,,,,[],[],[],['«Kejser og Galilæer»']
292,0,skal,,,,,[],[],[],['«Kejser og Galilæer»']
293,0,netop,,,,,[],[],[],['«Kejser og Galilæer»']
294,0,være,,,,,[],[],[],['«Kejser og Galilæer»']
295,0,"et,",,,,,[],[],[],['«Kejser og Galilæer»']
296,0,som,,,,,[],[],[],['«Kejser og Galilæer»']
297,0,alle,,,,,[],[],[],['«Kejser og Galilæer»']
298,0,er,,,,,[],[],[],['«Kejser og Galilæer»']
299,0,fortrolige,,,,,[],[],[],['«Kejser og Galilæer»']
300,0,med;,,,,,[],[],[],['«Kejser og Galilæer»']
301,0,thi,,,,,[],[],[],['«Kejser og Galilæer»']
302,0,i,,,,,[],[],[],['«Kejser og Galilæer»']
303,0,modsat,,,,,[],[],[],['«Kejser og Galilæer»']
304,0,fald,,,,,[],[],[],['«Kejser og Galilæer»']
305,0,er,,,,,[],[],[],['«Kejser og Galilæer»']
306,0,det,,,,,[],[],[],['«Kejser og Galilæer»']
307,0,arbejdet,,,,,[],[],[],['«Kejser og Galilæer»']
308,0,"selv,",,,,,[],[],[],['«Kejser og Galilæer»']
309,0,og,,,,,[],[],[],['«Kejser og Galilæer»']
310,0,ikke,,,,,[],[],[],['«Kejser og Galilæer»']
311,0,den,,,,,[],[],[],['«Kejser og Galilæer»']
312,0,"kunst,",,,,,[],[],[],['«Kejser og Galilæer»']
313,0,hvormed,,,,,[],[],[],['«Kejser og Galilæer»']
314,0,det,,,,,[],[],[],['«Kejser og Galilæer»']
315,0,"foredrages,",,,,,[],[],[],['«Kejser og Galilæer»']
316,0,som,,,,,[],[],[],['«Kejser og Galilæer»']
317,0,man,,,,,[],[],[],['«Kejser og Galilæer»']
318,0,kommer,,,,,[],[],[],['«Kejser og Galilæer»']
319,0,for,,,,,[],[],[],['«Kejser og Galilæer»']
320,0,at,,,,,[],[],[],['«Kejser og Galilæer»']
321,0,høre.Og,,,,,[],[],[],['«Kejser og Galilæer»']
322,0,hvad,,,,,[],[],[],['«Kejser og Galilæer»']
323,0,skal,,,,,[],[],[],['«Kejser og Galilæer»']
324,0,man,,,,,[],[],[],['«Kejser og Galilæer»']
325,0,sige,,,,,[],[],[],['«Kejser og Galilæer»']
326,0,dertil,,,,,[],[],[],['«Kejser og Galilæer»']
327,0,at,,,,,[],[],[],['«Kejser og Galilæer»']
328,0,"Du,",,,,,[],[],[],['«Kejser og Galilæer»']
329,0,efter,,,,,[],[],[],['«Kejser og Galilæer»']
330,0,så,,,,,[],[],[],['«Kejser og Galilæer»']
331,0,få,,,,,[],[],[],['«Kejser og Galilæer»']
332,0,"dage,",,,,,[],[],[],['«Kejser og Galilæer»']
333,0,drister,,,,,[],[],[],['«Kejser og Galilæer»']
334,0,dig,,,,,[],[],[],['«Kejser og Galilæer»']
335,0,til,,,,,[],[],[],['«Kejser og Galilæer»']
336,0,gennem,,,,,[],[],[],['«Kejser og Galilæer»']
337,0,et,,,,,[],[],[],['«Kejser og Galilæer»']
338,0,offentligt,,,,,[],[],[],['«Kejser og Galilæer»']
339,0,foredrag,,,,,[],[],[],['«Kejser og Galilæer»']
340,0,at,,,,,[],[],[],['«Kejser og Galilæer»']
341,0,tolke,,,,,[],[],[],['«Kejser og Galilæer»']
342,0,et,,,,,[],[],[],['«Kejser og Galilæer»']
343,0,"arbejde,",,,,,[],[],[],['«Kejser og Galilæer»']
344,0,som,,,,,[],[],[],['«Kejser og Galilæer»']
345,0,mit,,,,,[],[],[],['«Kejser og Galilæer»']
346,0,sidste.,,,,,[],[],[],['«Kejser og Galilæer»']
347,0,Jeg,,,,,[],[],[],['«Kejser og Galilæer»']
348,0,kan,,,,,[],[],[],['«Kejser og Galilæer»']
349,0,forsikre,,,,,[],[],[],['«Kejser og Galilæer»']
350,0,Dig,,,,,[],[],[],['«Kejser og Galilæer»']
351,0,at,,,,,[],[],[],['«Kejser og Galilæer»']
352,0,Du,,,,,[],[],[],['«Kejser og Galilæer»']
353,0,behøver,,,,,[],[],[],['«Kejser og Galilæer»']
354,0,længere,,,,,[],[],[],['«Kejser og Galilæer»']
355,0,tid,,,,,[],[],[],['«Kejser og Galilæer»']
356,0,for,,,,,[],[],[],['«Kejser og Galilæer»']
357,0,at,,,,,[],[],[],['«Kejser og Galilæer»']
358,0,komme,,,,,[],[],[],['«Kejser og Galilæer»']
359,0,tilbunds,,,,,[],[],[],['«Kejser og Galilæer»']
360,0,deri;,,,,,[],[],[],['«Kejser og Galilæer»']
361,0,og,,,,,[],[],[],['«Kejser og Galilæer»']
362,0,når,,,,,[],[],[],['«Kejser og Galilæer»']
363,0,Du,,,,,[],[],[],['«Kejser og Galilæer»']
364,0,allerede,,,,,[],[],[],['«Kejser og Galilæer»']
365,0,"nu,",,,,,[],[],[],['«Kejser og Galilæer»']
366,0,"hæsblæsende,",,,,,[],[],[],['«Kejser og Galilæer»']
367,0,som,,,,,[],[],[],['«Kejser og Galilæer»']
368,0,det,,,,,[],[],[],['«Kejser og Galilæer»']
369,0,ser,,,,,[],[],[],['«Kejser og Galilæer»']
370,0,ud,,,,,[],[],[],['«Kejser og Galilæer»']
371,0,"til,",,,,,[],[],[],['«Kejser og Galilæer»']
372,0,lægger,,,,,[],[],[],['«Kejser og Galilæer»']
373,0,"ivej,",,,,,[],[],[],['«Kejser og Galilæer»']
374,0,så,,,,,[],[],[],['«Kejser og Galilæer»']
375,0,er,,,,,[],[],[],['«Kejser og Galilæer»']
376,0,det,,,,,[],[],[],['«Kejser og Galilæer»']
377,0,i,,,,,[],[],[],['«Kejser og Galilæer»']
378,0,kunstnerisk,,,,,[],[],[],['«Kejser og Galilæer»']
379,0,henseende,,,,,[],[],[],['«Kejser og Galilæer»']
380,0,ikke,,,,,[],[],[],['«Kejser og Galilæer»']
381,0,andet,,,,,[],[],[],['«Kejser og Galilæer»']
382,0,end,,,,,[],[],[],['«Kejser og Galilæer»']
383,0,"humbug,",,,,,[],[],[],['«Kejser og Galilæer»']
384,0,og,,,,,[],[],[],['«Kejser og Galilæer»']
385,0,som,,,,,[],[],[],['«Kejser og Galilæer»']
386,0,pengespørgsmål,,,,,[],[],[],['«Kejser og Galilæer»']
387,0,"betragtet,",,,,,[],[],[],['«Kejser og Galilæer»']
388,0,en,,,,,[],[],[],['«Kejser og Galilæer»']
389,0,styg,,,,,[],[],[],['«Kejser og Galilæer»']
390,0,trafik.Det,,,,,[],[],[],['«Kejser og Galilæer»']
391,0,er,,,,,[],[],[],['«Kejser og Galilæer»']
392,0,mit,,,,,[],[],[],['«Kejser og Galilæer»']
393,0,håb,,,,,[],[],[],['«Kejser og Galilæer»']
394,0,at,,,,,[],[],[],['«Kejser og Galilæer»']
395,0,"Du,",,,,,[],[],[],['«Kejser og Galilæer»']
396,0,efter,,,,,[],[],[],['«Kejser og Galilæer»']
397,0,gennem,,,,,[],[],[],['«Kejser og Galilæer»']
398,0,disse,,,,,[],[],[],['«Kejser og Galilæer»']
399,0,linjer,,,,,[],[],[],['«Kejser og Galilæer»']
400,0,at,,,,,[],[],[],['«Kejser og Galilæer»']
401,0,have,,,,,[],[],[],['«Kejser og Galilæer»']
402,0,erfaret,,,,,[],[],[],['«Kejser og Galilæer»']
403,0,at,,,,,[],[],[],['«Kejser og Galilæer»']
404,0,jeg,,,,,[],[],[],['«Kejser og Galilæer»']
405,0,ønsker,,,,,[],[],[],['«Kejser og Galilæer»']
406,0,at,,,,,[],[],[],['«Kejser og Galilæer»']
407,0,beholde,,,,,[],[],[],['«Kejser og Galilæer»']
408,0,min,,,,,[],[],[],['«Kejser og Galilæer»']
409,0,ejendom,,,,,[],[],[],['«Kejser og Galilæer»']
410,0,ubeskåren,,,,,[],[],[],['«Kejser og Galilæer»']
411,0,og,,,,,[],[],[],['«Kejser og Galilæer»']
412,0,mit,,,,,[],[],[],['«Kejser og Galilæer»']
413,0,forhold,,,,,[],[],[],['«Kejser og Galilæer»']
414,0,til,,,,,[],[],[],['«Kejser og Galilæer»']
415,0,publikum,,,,,[],[],[],['«Kejser og Galilæer»']
416,0,uforstyrret,,,,,[],[],[],['«Kejser og Galilæer»']
417,0,af,,,,,[],[],[],['«Kejser og Galilæer»']
418,0,enhver,,,,,[],[],[],['«Kejser og Galilæer»']
419,0,påtrængende,,,,,[],[],[],['«Kejser og Galilæer»']
420,0,"tredjemand,",,,,,[],[],[],['«Kejser og Galilæer»']
421,0,"vil,",,,,,[],[],[],['«Kejser og Galilæer»']
422,0,således,,,,,[],[],[],['«Kejser og Galilæer»']
423,0,som,,,,,[],[],[],['«Kejser og Galilæer»']
424,0,sømmelighed,,,,,[],[],[],['«Kejser og Galilæer»']
425,0,"tilsiger,",,,,,[],[],[],['«Kejser og Galilæer»']
426,0,afholde,,,,,[],[],[],['«Kejser og Galilæer»']
427,0,Dig,,,,,[],[],[],['«Kejser og Galilæer»']
428,0,fra,,,,,[],[],[],['«Kejser og Galilæer»']
429,0,at,,,,,[],[],[],['«Kejser og Galilæer»']
430,0,gøre,,,,,[],[],[],['«Kejser og Galilæer»']
431,0,affærer,,,,,[],[],[],['«Kejser og Galilæer»']
432,0,også,,,,,[],[],[],['«Kejser og Galilæer»']
433,0,i,,,,,[],[],[],['«Kejser og Galilæer»']
434,0,anden,,,,,[],[],[],['«Kejser og Galilæer»']
435,0,del,,,,,[],[],[],['«Kejser og Galilæer»']
436,0,af,,,,,[],[],[],['«Kejser og Galilæer»']
437,0,«Kejser,,,,,[],[],[],['«Kejser og Galilæer»']
438,0,og,,,,,[],[],[],['«Kejser og Galilæer»']
439,0,Galilæer».Jeg,,,,,[],[],[],['«Kejser og Galilæer»']
440,0,har,,,,,[],[],[],['«Kejser og Galilæer»']
441,0,sagt,,,,,[],[],[],['«Kejser og Galilæer»']
442,0,Dig,,,,,[],[],[],['«Kejser og Galilæer»']
443,0,dette,,,,,[],[],[],['«Kejser og Galilæer»']
444,0,på,,,,,[],[],[],['«Kejser og Galilæer»']
445,0,en,,,,,[],[],[],['«Kejser og Galilæer»']
446,0,forholdsvis,,,,,[],[],[],['«Kejser og Galilæer»']
447,0,skånsom,,,,,[],[],[],['«Kejser og Galilæer»']
448,0,"måde,",,,,,[],[],[],['«Kejser og Galilæer»']
449,0,fordi,,,,,[],[],[],['«Kejser og Galilæer»']
450,0,Du,,,,,[],[],[],['«Kejser og Galilæer»']
451,0,er,,,,,[],[],[],['«Kejser og Galilæer»']
452,0,en,,,,,[],[],[],['«Kejser og Galilæer»']
453,0,gammel,,,,,[],[],[],['«Kejser og Galilæer»']
454,0,ven;,,,,,[],[],[],['«Kejser og Galilæer»']
455,0,men,,,,,[],[],[],['«Kejser og Galilæer»']
456,0,"skulde,",,,,,[],[],[],['«Kejser og Galilæer»']
457,0,mod,,,,,[],[],[],['«Kejser og Galilæer»']
458,0,"formodning,",,,,,[],[],[],['«Kejser og Galilæer»']
459,0,denne,,,,,[],[],[],['«Kejser og Galilæer»']
460,0,private,,,,,[],[],[],['«Kejser og Galilæer»']
461,0,advarsel,,,,,[],[],[],['«Kejser og Galilæer»']
462,0,ikke,,,,,[],[],[],['«Kejser og Galilæer»']
463,0,"frugte,",,,,,[],[],[],['«Kejser og Galilæer»']
464,0,så,,,,,[],[],[],['«Kejser og Galilæer»']
465,0,er,,,,,[],[],[],['«Kejser og Galilæer»']
466,0,det,,,,,[],[],[],['«Kejser og Galilæer»']
467,0,min,,,,,[],[],[],['«Kejser og Galilæer»']
468,0,agt,,,,,[],[],[],['«Kejser og Galilæer»']
469,0,gennem,,,,,[],[],[],['«Kejser og Galilæer»']
470,0,pressen,,,,,[],[],[],['«Kejser og Galilæer»']
471,0,at,,,,,[],[],[],['«Kejser og Galilæer»']
472,0,vække,,,,,[],[],[],['«Kejser og Galilæer»']
473,0,"tillive,",,,,,[],[],[],['«Kejser og Galilæer»']
474,0,om,,,,,[],[],[],['«Kejser og Galilæer»']
475,0,ikke,,,,,[],[],[],['«Kejser og Galilæer»']
476,0,din,,,,,[],[],[],['«Kejser og Galilæer»']
477,0,så,,,,,[],[],[],['«Kejser og Galilæer»']
478,0,dog,,,,,[],[],[],['«Kejser og Galilæer»']
479,0,det,,,,,[],[],[],['«Kejser og Galilæer»']
480,0,kristianiensiske,,,,,[],[],[],['«Kejser og Galilæer»']
481,0,publikums,,,,,[],[],[],['«Kejser og Galilæer»']
482,0,"sømmelighedssands,",,,,,[],[],[],['«Kejser og Galilæer»']
483,0,ialfald,,,,,[],[],[],['«Kejser og Galilæer»']
484,0,så,,,,,[],[],[],['«Kejser og Galilæer»']
485,0,vidt,,,,,[],[],[],['«Kejser og Galilæer»']
486,0,at,,,,,[],[],[],['«Kejser og Galilæer»']
487,0,man,,,,,[],[],[],['«Kejser og Galilæer»']
488,0,ikke,,,,,[],[],[],['«Kejser og Galilæer»']
489,0,herefter,,,,,[],[],[],['«Kejser og Galilæer»']
490,0,understøtter,,,,,[],[],[],['«Kejser og Galilæer»']
491,0,en,,,,,[],[],[],['«Kejser og Galilæer»']
492,0,"næringsvej,",,,,,[],[],[],['«Kejser og Galilæer»']
493,0,der,,,,,[],[],[],['«Kejser og Galilæer»']
494,0,andetsteds,,,,,[],[],[],['«Kejser og Galilæer»']
495,0,vilde,,,,,[],[],[],['«Kejser og Galilæer»']
496,0,betragtes,,,,,[],[],[],['«Kejser og Galilæer»']
497,0,som,,,,,[],[],[],['«Kejser og Galilæer»']
498,0,en,,,,,[],[],[],['«Kejser og Galilæer»']
499,0,skamplet,,,,,[],[],[],['«Kejser og Galilæer»']
500,0,på,,,,,[],[],[],['«Kejser og Galilæer»']
501,0,samfundsmoralen,,,,,[],[],[],['«Kejser og Galilæer»']
502,0,og,,,,,[],[],[],['«Kejser og Galilæer»']
503,0,på,,,,,[],[],[],['«Kejser og Galilæer»']
504,0,samfundsforholdene.,,,,,[],[],[],['«Kejser og Galilæer»']
