,,0,human_annotation,who,dacy_medium,spacy_trf,person,place,org,work
0,0,Hjertelig,,,,,"['chefen', 'din hustru', 'Bjørnsons']","['Sverig', 'Stockholm', 'København', 'München']",['kgl: theater'],"['«Hærmændene»', '«Kongsemnerne»']"
1,0,tak,,,,,"['chefen', 'din hustru', 'Bjørnsons']","['Sverig', 'Stockholm', 'København', 'München']",['kgl: theater'],"['«Hærmændene»', '«Kongsemnerne»']"
2,0,for,,,,,"['chefen', 'din hustru', 'Bjørnsons']","['Sverig', 'Stockholm', 'København', 'München']",['kgl: theater'],"['«Hærmændene»', '«Kongsemnerne»']"
3,0,dit,,,,,"['chefen', 'din hustru', 'Bjørnsons']","['Sverig', 'Stockholm', 'København', 'München']",['kgl: theater'],"['«Hærmændene»', '«Kongsemnerne»']"
4,0,brev,,,,,"['chefen', 'din hustru', 'Bjørnsons']","['Sverig', 'Stockholm', 'København', 'München']",['kgl: theater'],"['«Hærmændene»', '«Kongsemnerne»']"
5,0,og,,,,,"['chefen', 'din hustru', 'Bjørnsons']","['Sverig', 'Stockholm', 'København', 'München']",['kgl: theater'],"['«Hærmændene»', '«Kongsemnerne»']"
6,0,undskyld,,,,,"['chefen', 'din hustru', 'Bjørnsons']","['Sverig', 'Stockholm', 'København', 'München']",['kgl: theater'],"['«Hærmændene»', '«Kongsemnerne»']"
7,0,at,,,,,"['chefen', 'din hustru', 'Bjørnsons']","['Sverig', 'Stockholm', 'København', 'München']",['kgl: theater'],"['«Hærmændene»', '«Kongsemnerne»']"
8,0,jeg,,,,,"['chefen', 'din hustru', 'Bjørnsons']","['Sverig', 'Stockholm', 'København', 'München']",['kgl: theater'],"['«Hærmændene»', '«Kongsemnerne»']"
9,0,ikke,,,,,"['chefen', 'din hustru', 'Bjørnsons']","['Sverig', 'Stockholm', 'København', 'München']",['kgl: theater'],"['«Hærmændene»', '«Kongsemnerne»']"
10,0,før,,,,,"['chefen', 'din hustru', 'Bjørnsons']","['Sverig', 'Stockholm', 'København', 'München']",['kgl: theater'],"['«Hærmændene»', '«Kongsemnerne»']"
11,0,har,,,,,"['chefen', 'din hustru', 'Bjørnsons']","['Sverig', 'Stockholm', 'København', 'München']",['kgl: theater'],"['«Hærmændene»', '«Kongsemnerne»']"
12,0,besvaret,,,,,"['chefen', 'din hustru', 'Bjørnsons']","['Sverig', 'Stockholm', 'København', 'München']",['kgl: theater'],"['«Hærmændene»', '«Kongsemnerne»']"
13,0,samme.,,,,,"['chefen', 'din hustru', 'Bjørnsons']","['Sverig', 'Stockholm', 'København', 'München']",['kgl: theater'],"['«Hærmændene»', '«Kongsemnerne»']"
14,0,Årsagen,,,,,"['chefen', 'din hustru', 'Bjørnsons']","['Sverig', 'Stockholm', 'København', 'München']",['kgl: theater'],"['«Hærmændene»', '«Kongsemnerne»']"
15,0,hertil,,,,,"['chefen', 'din hustru', 'Bjørnsons']","['Sverig', 'Stockholm', 'København', 'München']",['kgl: theater'],"['«Hærmændene»', '«Kongsemnerne»']"
16,0,er,,,,,"['chefen', 'din hustru', 'Bjørnsons']","['Sverig', 'Stockholm', 'København', 'München']",['kgl: theater'],"['«Hærmændene»', '«Kongsemnerne»']"
17,0,at,,,,,"['chefen', 'din hustru', 'Bjørnsons']","['Sverig', 'Stockholm', 'København', 'München']",['kgl: theater'],"['«Hærmændene»', '«Kongsemnerne»']"
18,0,jeg,,,,,"['chefen', 'din hustru', 'Bjørnsons']","['Sverig', 'Stockholm', 'København', 'München']",['kgl: theater'],"['«Hærmændene»', '«Kongsemnerne»']"
19,0,tænkte,,,,,"['chefen', 'din hustru', 'Bjørnsons']","['Sverig', 'Stockholm', 'København', 'München']",['kgl: theater'],"['«Hærmændene»', '«Kongsemnerne»']"
20,0,at,,,,,"['chefen', 'din hustru', 'Bjørnsons']","['Sverig', 'Stockholm', 'København', 'München']",['kgl: theater'],"['«Hærmændene»', '«Kongsemnerne»']"
21,0,komme,,,,,"['chefen', 'din hustru', 'Bjørnsons']","['Sverig', 'Stockholm', 'København', 'München']",['kgl: theater'],"['«Hærmændene»', '«Kongsemnerne»']"
22,0,til,,,,,"['chefen', 'din hustru', 'Bjørnsons']","['Sverig', 'Stockholm', 'København', 'München']",['kgl: theater'],"['«Hærmændene»', '«Kongsemnerne»']"
23,0,Sverig,,,,,"['chefen', 'din hustru', 'Bjørnsons']","['Sverig', 'Stockholm', 'København', 'München']",['kgl: theater'],"['«Hærmændene»', '«Kongsemnerne»']"
24,0,under,,,,,"['chefen', 'din hustru', 'Bjørnsons']","['Sverig', 'Stockholm', 'København', 'München']",['kgl: theater'],"['«Hærmændene»', '«Kongsemnerne»']"
25,0,studentermødet,,,,,"['chefen', 'din hustru', 'Bjørnsons']","['Sverig', 'Stockholm', 'København', 'München']",['kgl: theater'],"['«Hærmændene»', '«Kongsemnerne»']"
26,0,og,,,,,"['chefen', 'din hustru', 'Bjørnsons']","['Sverig', 'Stockholm', 'København', 'München']",['kgl: theater'],"['«Hærmændene»', '«Kongsemnerne»']"
27,0,håbede,,,,,"['chefen', 'din hustru', 'Bjørnsons']","['Sverig', 'Stockholm', 'København', 'München']",['kgl: theater'],"['«Hærmændene»', '«Kongsemnerne»']"
28,0,da,,,,,"['chefen', 'din hustru', 'Bjørnsons']","['Sverig', 'Stockholm', 'København', 'München']",['kgl: theater'],"['«Hærmændene»', '«Kongsemnerne»']"
29,0,at,,,,,"['chefen', 'din hustru', 'Bjørnsons']","['Sverig', 'Stockholm', 'København', 'München']",['kgl: theater'],"['«Hærmændene»', '«Kongsemnerne»']"
30,0,få,,,,,"['chefen', 'din hustru', 'Bjørnsons']","['Sverig', 'Stockholm', 'København', 'München']",['kgl: theater'],"['«Hærmændene»', '«Kongsemnerne»']"
31,0,tale,,,,,"['chefen', 'din hustru', 'Bjørnsons']","['Sverig', 'Stockholm', 'København', 'München']",['kgl: theater'],"['«Hærmændene»', '«Kongsemnerne»']"
32,0,personligt,,,,,"['chefen', 'din hustru', 'Bjørnsons']","['Sverig', 'Stockholm', 'København', 'München']",['kgl: theater'],"['«Hærmændene»', '«Kongsemnerne»']"
33,0,med,,,,,"['chefen', 'din hustru', 'Bjørnsons']","['Sverig', 'Stockholm', 'København', 'München']",['kgl: theater'],"['«Hærmændene»', '«Kongsemnerne»']"
34,0,Dig.,,,,,"['chefen', 'din hustru', 'Bjørnsons']","['Sverig', 'Stockholm', 'København', 'München']",['kgl: theater'],"['«Hærmændene»', '«Kongsemnerne»']"
35,0,Af,,,,,"['chefen', 'din hustru', 'Bjørnsons']","['Sverig', 'Stockholm', 'København', 'München']",['kgl: theater'],"['«Hærmændene»', '«Kongsemnerne»']"
36,0,denne,,,,,"['chefen', 'din hustru', 'Bjørnsons']","['Sverig', 'Stockholm', 'København', 'München']",['kgl: theater'],"['«Hærmændene»', '«Kongsemnerne»']"
37,0,rejse,,,,,"['chefen', 'din hustru', 'Bjørnsons']","['Sverig', 'Stockholm', 'København', 'München']",['kgl: theater'],"['«Hærmændene»', '«Kongsemnerne»']"
38,0,blev,,,,,"['chefen', 'din hustru', 'Bjørnsons']","['Sverig', 'Stockholm', 'København', 'München']",['kgl: theater'],"['«Hærmændene»', '«Kongsemnerne»']"
39,0,der,,,,,"['chefen', 'din hustru', 'Bjørnsons']","['Sverig', 'Stockholm', 'København', 'München']",['kgl: theater'],"['«Hærmændene»', '«Kongsemnerne»']"
40,0,dog,,,,,"['chefen', 'din hustru', 'Bjørnsons']","['Sverig', 'Stockholm', 'København', 'München']",['kgl: theater'],"['«Hærmændene»', '«Kongsemnerne»']"
41,0,intet,,,,,"['chefen', 'din hustru', 'Bjørnsons']","['Sverig', 'Stockholm', 'København', 'München']",['kgl: theater'],"['«Hærmændene»', '«Kongsemnerne»']"
42,0,og,,,,,"['chefen', 'din hustru', 'Bjørnsons']","['Sverig', 'Stockholm', 'København', 'München']",['kgl: theater'],"['«Hærmændene»', '«Kongsemnerne»']"
43,0,jeg,,,,,"['chefen', 'din hustru', 'Bjørnsons']","['Sverig', 'Stockholm', 'København', 'München']",['kgl: theater'],"['«Hærmændene»', '«Kongsemnerne»']"
44,0,skynder,,,,,"['chefen', 'din hustru', 'Bjørnsons']","['Sverig', 'Stockholm', 'København', 'München']",['kgl: theater'],"['«Hærmændene»', '«Kongsemnerne»']"
45,0,mig,,,,,"['chefen', 'din hustru', 'Bjørnsons']","['Sverig', 'Stockholm', 'København', 'München']",['kgl: theater'],"['«Hærmændene»', '«Kongsemnerne»']"
46,0,derfor,,,,,"['chefen', 'din hustru', 'Bjørnsons']","['Sverig', 'Stockholm', 'København', 'München']",['kgl: theater'],"['«Hærmændene»', '«Kongsemnerne»']"
47,0,at,,,,,"['chefen', 'din hustru', 'Bjørnsons']","['Sverig', 'Stockholm', 'København', 'München']",['kgl: theater'],"['«Hærmændene»', '«Kongsemnerne»']"
48,0,skrive,,,,,"['chefen', 'din hustru', 'Bjørnsons']","['Sverig', 'Stockholm', 'København', 'München']",['kgl: theater'],"['«Hærmændene»', '«Kongsemnerne»']"
49,0,Dig,,,,,"['chefen', 'din hustru', 'Bjørnsons']","['Sverig', 'Stockholm', 'København', 'München']",['kgl: theater'],"['«Hærmændene»', '«Kongsemnerne»']"
50,0,til.Din,,,,,"['chefen', 'din hustru', 'Bjørnsons']","['Sverig', 'Stockholm', 'København', 'München']",['kgl: theater'],"['«Hærmændene»', '«Kongsemnerne»']"
51,0,beslutning,,,,,"['chefen', 'din hustru', 'Bjørnsons']","['Sverig', 'Stockholm', 'København', 'München']",['kgl: theater'],"['«Hærmændene»', '«Kongsemnerne»']"
52,0,at,,,,,"['chefen', 'din hustru', 'Bjørnsons']","['Sverig', 'Stockholm', 'København', 'München']",['kgl: theater'],"['«Hærmændene»', '«Kongsemnerne»']"
53,0,ville,,,,,"['chefen', 'din hustru', 'Bjørnsons']","['Sverig', 'Stockholm', 'København', 'München']",['kgl: theater'],"['«Hærmændene»', '«Kongsemnerne»']"
54,0,opføre,,,,,"['chefen', 'din hustru', 'Bjørnsons']","['Sverig', 'Stockholm', 'København', 'München']",['kgl: theater'],"['«Hærmændene»', '«Kongsemnerne»']"
55,0,«Hærmændene»,,,,,"['chefen', 'din hustru', 'Bjørnsons']","['Sverig', 'Stockholm', 'København', 'München']",['kgl: theater'],"['«Hærmændene»', '«Kongsemnerne»']"
56,0,glæder,,,,,"['chefen', 'din hustru', 'Bjørnsons']","['Sverig', 'Stockholm', 'København', 'München']",['kgl: theater'],"['«Hærmændene»', '«Kongsemnerne»']"
57,0,mig,,,,,"['chefen', 'din hustru', 'Bjørnsons']","['Sverig', 'Stockholm', 'København', 'München']",['kgl: theater'],"['«Hærmændene»', '«Kongsemnerne»']"
58,0,meget,,,,,"['chefen', 'din hustru', 'Bjørnsons']","['Sverig', 'Stockholm', 'København', 'München']",['kgl: theater'],"['«Hærmændene»', '«Kongsemnerne»']"
59,0,og,,,,,"['chefen', 'din hustru', 'Bjørnsons']","['Sverig', 'Stockholm', 'København', 'München']",['kgl: theater'],"['«Hærmændene»', '«Kongsemnerne»']"
60,0,for,,,,,"['chefen', 'din hustru', 'Bjørnsons']","['Sverig', 'Stockholm', 'København', 'München']",['kgl: theater'],"['«Hærmændene»', '«Kongsemnerne»']"
61,0,de,,,,,"['chefen', 'din hustru', 'Bjørnsons']","['Sverig', 'Stockholm', 'København', 'München']",['kgl: theater'],"['«Hærmændene»', '«Kongsemnerne»']"
62,0,tilbudte,,,,,"['chefen', 'din hustru', 'Bjørnsons']","['Sverig', 'Stockholm', 'København', 'München']",['kgl: theater'],"['«Hærmændene»', '«Kongsemnerne»']"
63,0,betingelser,,,,,"['chefen', 'din hustru', 'Bjørnsons']","['Sverig', 'Stockholm', 'København', 'München']",['kgl: theater'],"['«Hærmændene»', '«Kongsemnerne»']"
64,0,er,,,,,"['chefen', 'din hustru', 'Bjørnsons']","['Sverig', 'Stockholm', 'København', 'München']",['kgl: theater'],"['«Hærmændene»', '«Kongsemnerne»']"
65,0,jeg,,,,,"['chefen', 'din hustru', 'Bjørnsons']","['Sverig', 'Stockholm', 'København', 'München']",['kgl: theater'],"['«Hærmændene»', '«Kongsemnerne»']"
66,0,Dig,,,,,"['chefen', 'din hustru', 'Bjørnsons']","['Sverig', 'Stockholm', 'København', 'München']",['kgl: theater'],"['«Hærmændene»', '«Kongsemnerne»']"
67,0,meget,,,,,"['chefen', 'din hustru', 'Bjørnsons']","['Sverig', 'Stockholm', 'København', 'München']",['kgl: theater'],"['«Hærmændene»', '«Kongsemnerne»']"
68,0,forbunden.,,,,,"['chefen', 'din hustru', 'Bjørnsons']","['Sverig', 'Stockholm', 'København', 'München']",['kgl: theater'],"['«Hærmændene»', '«Kongsemnerne»']"
69,0,Der,,,,,"['chefen', 'din hustru', 'Bjørnsons']","['Sverig', 'Stockholm', 'København', 'München']",['kgl: theater'],"['«Hærmændene»', '«Kongsemnerne»']"
70,0,er,,,,,"['chefen', 'din hustru', 'Bjørnsons']","['Sverig', 'Stockholm', 'København', 'München']",['kgl: theater'],"['«Hærmændene»', '«Kongsemnerne»']"
71,0,imidlertid,,,,,"['chefen', 'din hustru', 'Bjørnsons']","['Sverig', 'Stockholm', 'København', 'München']",['kgl: theater'],"['«Hærmændene»', '«Kongsemnerne»']"
72,0,en,,,,,"['chefen', 'din hustru', 'Bjørnsons']","['Sverig', 'Stockholm', 'København', 'München']",['kgl: theater'],"['«Hærmændene»', '«Kongsemnerne»']"
73,0,liden,,,,,"['chefen', 'din hustru', 'Bjørnsons']","['Sverig', 'Stockholm', 'København', 'München']",['kgl: theater'],"['«Hærmændene»', '«Kongsemnerne»']"
74,0,"formalitet,",,,,,"['chefen', 'din hustru', 'Bjørnsons']","['Sverig', 'Stockholm', 'København', 'München']",['kgl: theater'],"['«Hærmændene»', '«Kongsemnerne»']"
75,0,som,,,,,"['chefen', 'din hustru', 'Bjørnsons']","['Sverig', 'Stockholm', 'København', 'München']",['kgl: theater'],"['«Hærmændene»', '«Kongsemnerne»']"
76,0,jeg,,,,,"['chefen', 'din hustru', 'Bjørnsons']","['Sverig', 'Stockholm', 'København', 'München']",['kgl: theater'],"['«Hærmændene»', '«Kongsemnerne»']"
77,0,tror,,,,,"['chefen', 'din hustru', 'Bjørnsons']","['Sverig', 'Stockholm', 'København', 'München']",['kgl: theater'],"['«Hærmændene»', '«Kongsemnerne»']"
78,0,at,,,,,"['chefen', 'din hustru', 'Bjørnsons']","['Sverig', 'Stockholm', 'København', 'München']",['kgl: theater'],"['«Hærmændene»', '«Kongsemnerne»']"
79,0,burde,,,,,"['chefen', 'din hustru', 'Bjørnsons']","['Sverig', 'Stockholm', 'København', 'München']",['kgl: theater'],"['«Hærmændene»', '«Kongsemnerne»']"
80,0,afgøre,,,,,"['chefen', 'din hustru', 'Bjørnsons']","['Sverig', 'Stockholm', 'København', 'München']",['kgl: theater'],"['«Hærmændene»', '«Kongsemnerne»']"
81,0,først.,,,,,"['chefen', 'din hustru', 'Bjørnsons']","['Sverig', 'Stockholm', 'København', 'München']",['kgl: theater'],"['«Hærmændene»', '«Kongsemnerne»']"
82,0,Da,,,,,"['chefen', 'din hustru', 'Bjørnsons']","['Sverig', 'Stockholm', 'København', 'München']",['kgl: theater'],"['«Hærmændene»', '«Kongsemnerne»']"
83,0,jeg,,,,,"['chefen', 'din hustru', 'Bjørnsons']","['Sverig', 'Stockholm', 'København', 'München']",['kgl: theater'],"['«Hærmændene»', '«Kongsemnerne»']"
84,0,sidst,,,,,"['chefen', 'din hustru', 'Bjørnsons']","['Sverig', 'Stockholm', 'København', 'München']",['kgl: theater'],"['«Hærmændene»', '«Kongsemnerne»']"
85,0,var,,,,,"['chefen', 'din hustru', 'Bjørnsons']","['Sverig', 'Stockholm', 'København', 'München']",['kgl: theater'],"['«Hærmændene»', '«Kongsemnerne»']"
86,0,i,,,,,"['chefen', 'din hustru', 'Bjørnsons']","['Sverig', 'Stockholm', 'København', 'München']",['kgl: theater'],"['«Hærmændene»', '«Kongsemnerne»']"
87,0,Stockholm,,,,,"['chefen', 'din hustru', 'Bjørnsons']","['Sverig', 'Stockholm', 'København', 'München']",['kgl: theater'],"['«Hærmændene»', '«Kongsemnerne»']"
88,0,talte,,,,,"['chefen', 'din hustru', 'Bjørnsons']","['Sverig', 'Stockholm', 'København', 'München']",['kgl: theater'],"['«Hærmændene»', '«Kongsemnerne»']"
89,0,nemlig,,,,,"['chefen', 'din hustru', 'Bjørnsons']","['Sverig', 'Stockholm', 'København', 'München']",['kgl: theater'],"['«Hærmændene»', '«Kongsemnerne»']"
90,0,chefen,,,,,"['chefen', 'din hustru', 'Bjørnsons']","['Sverig', 'Stockholm', 'København', 'München']",['kgl: theater'],"['«Hærmændene»', '«Kongsemnerne»']"
91,0,for,,,,,"['chefen', 'din hustru', 'Bjørnsons']","['Sverig', 'Stockholm', 'København', 'München']",['kgl: theater'],"['«Hærmændene»', '«Kongsemnerne»']"
92,0,det,,,,,"['chefen', 'din hustru', 'Bjørnsons']","['Sverig', 'Stockholm', 'København', 'München']",['kgl: theater'],"['«Hærmændene»', '«Kongsemnerne»']"
93,0,kgl:,,,,,"['chefen', 'din hustru', 'Bjørnsons']","['Sverig', 'Stockholm', 'København', 'München']",['kgl: theater'],"['«Hærmændene»', '«Kongsemnerne»']"
94,0,theater,,,,,"['chefen', 'din hustru', 'Bjørnsons']","['Sverig', 'Stockholm', 'København', 'München']",['kgl: theater'],"['«Hærmændene»', '«Kongsemnerne»']"
95,0,ganske,,,,,"['chefen', 'din hustru', 'Bjørnsons']","['Sverig', 'Stockholm', 'København', 'München']",['kgl: theater'],"['«Hærmændene»', '«Kongsemnerne»']"
96,0,løslig,,,,,"['chefen', 'din hustru', 'Bjørnsons']","['Sverig', 'Stockholm', 'København', 'München']",['kgl: theater'],"['«Hærmændene»', '«Kongsemnerne»']"
97,0,om,,,,,"['chefen', 'din hustru', 'Bjørnsons']","['Sverig', 'Stockholm', 'København', 'München']",['kgl: theater'],"['«Hærmændene»', '«Kongsemnerne»']"
98,0,at,,,,,"['chefen', 'din hustru', 'Bjørnsons']","['Sverig', 'Stockholm', 'København', 'München']",['kgl: theater'],"['«Hærmændene»', '«Kongsemnerne»']"
99,0,han,,,,,"['chefen', 'din hustru', 'Bjørnsons']","['Sverig', 'Stockholm', 'København', 'München']",['kgl: theater'],"['«Hærmændene»', '«Kongsemnerne»']"
100,0,tænkte,,,,,"['chefen', 'din hustru', 'Bjørnsons']","['Sverig', 'Stockholm', 'København', 'München']",['kgl: theater'],"['«Hærmændene»', '«Kongsemnerne»']"
101,0,på,,,,,"['chefen', 'din hustru', 'Bjørnsons']","['Sverig', 'Stockholm', 'København', 'München']",['kgl: theater'],"['«Hærmændene»', '«Kongsemnerne»']"
102,0,engang,,,,,"['chefen', 'din hustru', 'Bjørnsons']","['Sverig', 'Stockholm', 'København', 'München']",['kgl: theater'],"['«Hærmændene»', '«Kongsemnerne»']"
103,0,i,,,,,"['chefen', 'din hustru', 'Bjørnsons']","['Sverig', 'Stockholm', 'København', 'München']",['kgl: theater'],"['«Hærmændene»', '«Kongsemnerne»']"
104,0,tiden,,,,,"['chefen', 'din hustru', 'Bjørnsons']","['Sverig', 'Stockholm', 'København', 'München']",['kgl: theater'],"['«Hærmændene»', '«Kongsemnerne»']"
105,0,måske,,,,,"['chefen', 'din hustru', 'Bjørnsons']","['Sverig', 'Stockholm', 'København', 'München']",['kgl: theater'],"['«Hærmændene»', '«Kongsemnerne»']"
106,0,at,,,,,"['chefen', 'din hustru', 'Bjørnsons']","['Sverig', 'Stockholm', 'København', 'München']",['kgl: theater'],"['«Hærmændene»', '«Kongsemnerne»']"
107,0,opføre,,,,,"['chefen', 'din hustru', 'Bjørnsons']","['Sverig', 'Stockholm', 'København', 'München']",['kgl: theater'],"['«Hærmændene»', '«Kongsemnerne»']"
108,0,dette,,,,,"['chefen', 'din hustru', 'Bjørnsons']","['Sverig', 'Stockholm', 'København', 'München']",['kgl: theater'],"['«Hærmændene»', '«Kongsemnerne»']"
109,0,stykke,,,,,"['chefen', 'din hustru', 'Bjørnsons']","['Sverig', 'Stockholm', 'København', 'München']",['kgl: theater'],"['«Hærmændene»', '«Kongsemnerne»']"
110,0,såfremt,,,,,"['chefen', 'din hustru', 'Bjørnsons']","['Sverig', 'Stockholm', 'København', 'München']",['kgl: theater'],"['«Hærmændene»', '«Kongsemnerne»']"
111,0,han,,,,,"['chefen', 'din hustru', 'Bjørnsons']","['Sverig', 'Stockholm', 'København', 'München']",['kgl: theater'],"['«Hærmændene»', '«Kongsemnerne»']"
112,0,kunde,,,,,"['chefen', 'din hustru', 'Bjørnsons']","['Sverig', 'Stockholm', 'København', 'München']",['kgl: theater'],"['«Hærmændene»', '«Kongsemnerne»']"
113,0,få,,,,,"['chefen', 'din hustru', 'Bjørnsons']","['Sverig', 'Stockholm', 'København', 'München']",['kgl: theater'],"['«Hærmændene»', '«Kongsemnerne»']"
114,0,en,,,,,"['chefen', 'din hustru', 'Bjørnsons']","['Sverig', 'Stockholm', 'København', 'München']",['kgl: theater'],"['«Hærmændene»', '«Kongsemnerne»']"
115,0,god,,,,,"['chefen', 'din hustru', 'Bjørnsons']","['Sverig', 'Stockholm', 'København', 'München']",['kgl: theater'],"['«Hærmændene»', '«Kongsemnerne»']"
116,0,"oversættelse,",,,,,"['chefen', 'din hustru', 'Bjørnsons']","['Sverig', 'Stockholm', 'København', 'München']",['kgl: theater'],"['«Hærmændene»', '«Kongsemnerne»']"
117,0,og,,,,,"['chefen', 'din hustru', 'Bjørnsons']","['Sverig', 'Stockholm', 'København', 'München']",['kgl: theater'],"['«Hærmændene»', '«Kongsemnerne»']"
118,0,spurgte,,,,,"['chefen', 'din hustru', 'Bjørnsons']","['Sverig', 'Stockholm', 'København', 'München']",['kgl: theater'],"['«Hærmændene»', '«Kongsemnerne»']"
119,0,om,,,,,"['chefen', 'din hustru', 'Bjørnsons']","['Sverig', 'Stockholm', 'København', 'München']",['kgl: theater'],"['«Hærmændene»', '«Kongsemnerne»']"
120,0,jeg,,,,,"['chefen', 'din hustru', 'Bjørnsons']","['Sverig', 'Stockholm', 'København', 'München']",['kgl: theater'],"['«Hærmændene»', '«Kongsemnerne»']"
121,0,herimod,,,,,"['chefen', 'din hustru', 'Bjørnsons']","['Sverig', 'Stockholm', 'København', 'München']",['kgl: theater'],"['«Hærmændene»', '«Kongsemnerne»']"
122,0,havde,,,,,"['chefen', 'din hustru', 'Bjørnsons']","['Sverig', 'Stockholm', 'København', 'München']",['kgl: theater'],"['«Hærmændene»', '«Kongsemnerne»']"
123,0,noget,,,,,"['chefen', 'din hustru', 'Bjørnsons']","['Sverig', 'Stockholm', 'København', 'München']",['kgl: theater'],"['«Hærmændene»', '«Kongsemnerne»']"
124,0,at,,,,,"['chefen', 'din hustru', 'Bjørnsons']","['Sverig', 'Stockholm', 'København', 'München']",['kgl: theater'],"['«Hærmændene»', '«Kongsemnerne»']"
125,0,indvende.,,,,,"['chefen', 'din hustru', 'Bjørnsons']","['Sverig', 'Stockholm', 'København', 'München']",['kgl: theater'],"['«Hærmændene»', '«Kongsemnerne»']"
126,0,Naturligvis,,,,,"['chefen', 'din hustru', 'Bjørnsons']","['Sverig', 'Stockholm', 'København', 'München']",['kgl: theater'],"['«Hærmændene»', '«Kongsemnerne»']"
127,0,kunde,,,,,"['chefen', 'din hustru', 'Bjørnsons']","['Sverig', 'Stockholm', 'København', 'München']",['kgl: theater'],"['«Hærmændene»', '«Kongsemnerne»']"
128,0,jeg,,,,,"['chefen', 'din hustru', 'Bjørnsons']","['Sverig', 'Stockholm', 'København', 'München']",['kgl: theater'],"['«Hærmændene»', '«Kongsemnerne»']"
129,0,ikke,,,,,"['chefen', 'din hustru', 'Bjørnsons']","['Sverig', 'Stockholm', 'København', 'München']",['kgl: theater'],"['«Hærmændene»', '«Kongsemnerne»']"
130,0,andet,,,,,"['chefen', 'din hustru', 'Bjørnsons']","['Sverig', 'Stockholm', 'København', 'München']",['kgl: theater'],"['«Hærmændene»', '«Kongsemnerne»']"
131,0,end,,,,,"['chefen', 'din hustru', 'Bjørnsons']","['Sverig', 'Stockholm', 'København', 'München']",['kgl: theater'],"['«Hærmændene»', '«Kongsemnerne»']"
132,0,udtale,,,,,"['chefen', 'din hustru', 'Bjørnsons']","['Sverig', 'Stockholm', 'København', 'München']",['kgl: theater'],"['«Hærmændene»', '«Kongsemnerne»']"
133,0,min,,,,,"['chefen', 'din hustru', 'Bjørnsons']","['Sverig', 'Stockholm', 'København', 'München']",['kgl: theater'],"['«Hærmændene»', '«Kongsemnerne»']"
134,0,tilfredshed,,,,,"['chefen', 'din hustru', 'Bjørnsons']","['Sverig', 'Stockholm', 'København', 'München']",['kgl: theater'],"['«Hærmændene»', '«Kongsemnerne»']"
135,0,dermed.,,,,,"['chefen', 'din hustru', 'Bjørnsons']","['Sverig', 'Stockholm', 'København', 'München']",['kgl: theater'],"['«Hærmændene»', '«Kongsemnerne»']"
136,0,Siden,,,,,"['chefen', 'din hustru', 'Bjørnsons']","['Sverig', 'Stockholm', 'København', 'München']",['kgl: theater'],"['«Hærmændene»', '«Kongsemnerne»']"
137,0,har,,,,,"['chefen', 'din hustru', 'Bjørnsons']","['Sverig', 'Stockholm', 'København', 'München']",['kgl: theater'],"['«Hærmændene»', '«Kongsemnerne»']"
138,0,jeg,,,,,"['chefen', 'din hustru', 'Bjørnsons']","['Sverig', 'Stockholm', 'København', 'München']",['kgl: theater'],"['«Hærmændene»', '«Kongsemnerne»']"
139,0,ikke,,,,,"['chefen', 'din hustru', 'Bjørnsons']","['Sverig', 'Stockholm', 'København', 'München']",['kgl: theater'],"['«Hærmændene»', '«Kongsemnerne»']"
140,0,hørt,,,,,"['chefen', 'din hustru', 'Bjørnsons']","['Sverig', 'Stockholm', 'København', 'München']",['kgl: theater'],"['«Hærmændene»', '«Kongsemnerne»']"
141,0,det,,,,,"['chefen', 'din hustru', 'Bjørnsons']","['Sverig', 'Stockholm', 'København', 'München']",['kgl: theater'],"['«Hærmændene»', '«Kongsemnerne»']"
142,0,ringeste,,,,,"['chefen', 'din hustru', 'Bjørnsons']","['Sverig', 'Stockholm', 'København', 'München']",['kgl: theater'],"['«Hærmændene»', '«Kongsemnerne»']"
143,0,om,,,,,"['chefen', 'din hustru', 'Bjørnsons']","['Sverig', 'Stockholm', 'København', 'München']",['kgl: theater'],"['«Hærmændene»', '«Kongsemnerne»']"
144,0,sagen,,,,,"['chefen', 'din hustru', 'Bjørnsons']","['Sverig', 'Stockholm', 'København', 'München']",['kgl: theater'],"['«Hærmændene»', '«Kongsemnerne»']"
145,0,og,,,,,"['chefen', 'din hustru', 'Bjørnsons']","['Sverig', 'Stockholm', 'København', 'München']",['kgl: theater'],"['«Hærmændene»', '«Kongsemnerne»']"
146,0,antager,,,,,"['chefen', 'din hustru', 'Bjørnsons']","['Sverig', 'Stockholm', 'København', 'München']",['kgl: theater'],"['«Hærmændene»', '«Kongsemnerne»']"
147,0,for,,,,,"['chefen', 'din hustru', 'Bjørnsons']","['Sverig', 'Stockholm', 'København', 'München']",['kgl: theater'],"['«Hærmændene»', '«Kongsemnerne»']"
148,0,visst,,,,,"['chefen', 'din hustru', 'Bjørnsons']","['Sverig', 'Stockholm', 'København', 'München']",['kgl: theater'],"['«Hærmændene»', '«Kongsemnerne»']"
149,0,at,,,,,"['chefen', 'din hustru', 'Bjørnsons']","['Sverig', 'Stockholm', 'København', 'München']",['kgl: theater'],"['«Hærmændene»', '«Kongsemnerne»']"
150,0,man,,,,,"['chefen', 'din hustru', 'Bjørnsons']","['Sverig', 'Stockholm', 'København', 'München']",['kgl: theater'],"['«Hærmændene»', '«Kongsemnerne»']"
151,0,ikke,,,,,"['chefen', 'din hustru', 'Bjørnsons']","['Sverig', 'Stockholm', 'København', 'München']",['kgl: theater'],"['«Hærmændene»', '«Kongsemnerne»']"
152,0,tænker,,,,,"['chefen', 'din hustru', 'Bjørnsons']","['Sverig', 'Stockholm', 'København', 'München']",['kgl: theater'],"['«Hærmændene»', '«Kongsemnerne»']"
153,0,mere,,,,,"['chefen', 'din hustru', 'Bjørnsons']","['Sverig', 'Stockholm', 'København', 'München']",['kgl: theater'],"['«Hærmændene»', '«Kongsemnerne»']"
154,0,derpå.,,,,,"['chefen', 'din hustru', 'Bjørnsons']","['Sverig', 'Stockholm', 'København', 'München']",['kgl: theater'],"['«Hærmændene»', '«Kongsemnerne»']"
155,0,For,,,,,"['chefen', 'din hustru', 'Bjørnsons']","['Sverig', 'Stockholm', 'København', 'München']",['kgl: theater'],"['«Hærmændene»', '«Kongsemnerne»']"
156,0,yderligere,,,,,"['chefen', 'din hustru', 'Bjørnsons']","['Sverig', 'Stockholm', 'København', 'München']",['kgl: theater'],"['«Hærmændene»', '«Kongsemnerne»']"
157,0,sikkerheds,,,,,"['chefen', 'din hustru', 'Bjørnsons']","['Sverig', 'Stockholm', 'København', 'München']",['kgl: theater'],"['«Hærmændene»', '«Kongsemnerne»']"
158,0,skyld,,,,,"['chefen', 'din hustru', 'Bjørnsons']","['Sverig', 'Stockholm', 'København', 'München']",['kgl: theater'],"['«Hærmændene»', '«Kongsemnerne»']"
159,0,skriver,,,,,"['chefen', 'din hustru', 'Bjørnsons']","['Sverig', 'Stockholm', 'København', 'München']",['kgl: theater'],"['«Hærmændene»', '«Kongsemnerne»']"
160,0,jeg,,,,,"['chefen', 'din hustru', 'Bjørnsons']","['Sverig', 'Stockholm', 'København', 'München']",['kgl: theater'],"['«Hærmændene»', '«Kongsemnerne»']"
161,0,imidlertid,,,,,"['chefen', 'din hustru', 'Bjørnsons']","['Sverig', 'Stockholm', 'København', 'München']",['kgl: theater'],"['«Hærmændene»', '«Kongsemnerne»']"
162,0,idag,,,,,"['chefen', 'din hustru', 'Bjørnsons']","['Sverig', 'Stockholm', 'København', 'München']",['kgl: theater'],"['«Hærmændene»', '«Kongsemnerne»']"
163,0,til,,,,,"['chefen', 'din hustru', 'Bjørnsons']","['Sverig', 'Stockholm', 'København', 'München']",['kgl: theater'],"['«Hærmændene»', '«Kongsemnerne»']"
164,0,theaterchefen,,,,,"['chefen', 'din hustru', 'Bjørnsons']","['Sverig', 'Stockholm', 'København', 'München']",['kgl: theater'],"['«Hærmændene»', '«Kongsemnerne»']"
165,0,og,,,,,"['chefen', 'din hustru', 'Bjørnsons']","['Sverig', 'Stockholm', 'København', 'München']",['kgl: theater'],"['«Hærmændene»', '«Kongsemnerne»']"
166,0,såsnart,,,,,"['chefen', 'din hustru', 'Bjørnsons']","['Sverig', 'Stockholm', 'København', 'München']",['kgl: theater'],"['«Hærmændene»', '«Kongsemnerne»']"
167,0,jeg,,,,,"['chefen', 'din hustru', 'Bjørnsons']","['Sverig', 'Stockholm', 'København', 'München']",['kgl: theater'],"['«Hærmændene»', '«Kongsemnerne»']"
168,0,har,,,,,"['chefen', 'din hustru', 'Bjørnsons']","['Sverig', 'Stockholm', 'København', 'München']",['kgl: theater'],"['«Hærmændene»', '«Kongsemnerne»']"
169,0,modtaget,,,,,"['chefen', 'din hustru', 'Bjørnsons']","['Sverig', 'Stockholm', 'København', 'München']",['kgl: theater'],"['«Hærmændene»', '«Kongsemnerne»']"
170,0,hans,,,,,"['chefen', 'din hustru', 'Bjørnsons']","['Sverig', 'Stockholm', 'København', 'München']",['kgl: theater'],"['«Hærmændene»', '«Kongsemnerne»']"
171,0,"svar,",,,,,"['chefen', 'din hustru', 'Bjørnsons']","['Sverig', 'Stockholm', 'København', 'München']",['kgl: theater'],"['«Hærmændene»', '«Kongsemnerne»']"
172,0,skal,,,,,"['chefen', 'din hustru', 'Bjørnsons']","['Sverig', 'Stockholm', 'København', 'München']",['kgl: theater'],"['«Hærmændene»', '«Kongsemnerne»']"
173,0,jeg,,,,,"['chefen', 'din hustru', 'Bjørnsons']","['Sverig', 'Stockholm', 'København', 'München']",['kgl: theater'],"['«Hærmændene»', '«Kongsemnerne»']"
174,0,med,,,,,"['chefen', 'din hustru', 'Bjørnsons']","['Sverig', 'Stockholm', 'København', 'München']",['kgl: theater'],"['«Hærmændene»', '«Kongsemnerne»']"
175,0,glæde,,,,,"['chefen', 'din hustru', 'Bjørnsons']","['Sverig', 'Stockholm', 'København', 'München']",['kgl: theater'],"['«Hærmændene»', '«Kongsemnerne»']"
176,0,give,,,,,"['chefen', 'din hustru', 'Bjørnsons']","['Sverig', 'Stockholm', 'København', 'München']",['kgl: theater'],"['«Hærmændene»', '«Kongsemnerne»']"
177,0,Dig,,,,,"['chefen', 'din hustru', 'Bjørnsons']","['Sverig', 'Stockholm', 'København', 'München']",['kgl: theater'],"['«Hærmændene»', '«Kongsemnerne»']"
178,0,den,,,,,"['chefen', 'din hustru', 'Bjørnsons']","['Sverig', 'Stockholm', 'København', 'München']",['kgl: theater'],"['«Hærmændene»', '«Kongsemnerne»']"
179,0,forlangte,,,,,"['chefen', 'din hustru', 'Bjørnsons']","['Sverig', 'Stockholm', 'København', 'München']",['kgl: theater'],"['«Hærmændene»', '«Kongsemnerne»']"
180,0,skriftlige,,,,,"['chefen', 'din hustru', 'Bjørnsons']","['Sverig', 'Stockholm', 'København', 'München']",['kgl: theater'],"['«Hærmændene»', '«Kongsemnerne»']"
181,0,ret,,,,,"['chefen', 'din hustru', 'Bjørnsons']","['Sverig', 'Stockholm', 'København', 'München']",['kgl: theater'],"['«Hærmændene»', '«Kongsemnerne»']"
182,0,til,,,,,"['chefen', 'din hustru', 'Bjørnsons']","['Sverig', 'Stockholm', 'København', 'München']",['kgl: theater'],"['«Hærmændene»', '«Kongsemnerne»']"
183,0,udelukkende,,,,,"['chefen', 'din hustru', 'Bjørnsons']","['Sverig', 'Stockholm', 'København', 'München']",['kgl: theater'],"['«Hærmændene»', '«Kongsemnerne»']"
184,0,at,,,,,"['chefen', 'din hustru', 'Bjørnsons']","['Sverig', 'Stockholm', 'København', 'München']",['kgl: theater'],"['«Hærmændene»', '«Kongsemnerne»']"
185,0,opføre,,,,,"['chefen', 'din hustru', 'Bjørnsons']","['Sverig', 'Stockholm', 'København', 'München']",['kgl: theater'],"['«Hærmændene»', '«Kongsemnerne»']"
186,0,stykket,,,,,"['chefen', 'din hustru', 'Bjørnsons']","['Sverig', 'Stockholm', 'København', 'München']",['kgl: theater'],"['«Hærmændene»', '«Kongsemnerne»']"
187,0,i,,,,,"['chefen', 'din hustru', 'Bjørnsons']","['Sverig', 'Stockholm', 'København', 'München']",['kgl: theater'],"['«Hærmændene»', '«Kongsemnerne»']"
188,0,Stockholm.,,,,,"['chefen', 'din hustru', 'Bjørnsons']","['Sverig', 'Stockholm', 'København', 'München']",['kgl: theater'],"['«Hærmændene»', '«Kongsemnerne»']"
189,0,Jeg,,,,,"['chefen', 'din hustru', 'Bjørnsons']","['Sverig', 'Stockholm', 'København', 'München']",['kgl: theater'],"['«Hærmændene»', '«Kongsemnerne»']"
190,0,håber,,,,,"['chefen', 'din hustru', 'Bjørnsons']","['Sverig', 'Stockholm', 'København', 'München']",['kgl: theater'],"['«Hærmændene»', '«Kongsemnerne»']"
191,0,at,,,,,"['chefen', 'din hustru', 'Bjørnsons']","['Sverig', 'Stockholm', 'København', 'München']",['kgl: theater'],"['«Hærmændene»', '«Kongsemnerne»']"
192,0,Du,,,,,"['chefen', 'din hustru', 'Bjørnsons']","['Sverig', 'Stockholm', 'København', 'München']",['kgl: theater'],"['«Hærmændene»', '«Kongsemnerne»']"
193,0,vil,,,,,"['chefen', 'din hustru', 'Bjørnsons']","['Sverig', 'Stockholm', 'København', 'München']",['kgl: theater'],"['«Hærmændene»', '«Kongsemnerne»']"
194,0,bifalde,,,,,"['chefen', 'din hustru', 'Bjørnsons']","['Sverig', 'Stockholm', 'København', 'München']",['kgl: theater'],"['«Hærmændene»', '«Kongsemnerne»']"
195,0,denne,,,,,"['chefen', 'din hustru', 'Bjørnsons']","['Sverig', 'Stockholm', 'København', 'München']",['kgl: theater'],"['«Hærmændene»', '«Kongsemnerne»']"
196,0,"forsigtighed,",,,,,"['chefen', 'din hustru', 'Bjørnsons']","['Sverig', 'Stockholm', 'København', 'München']",['kgl: theater'],"['«Hærmændene»', '«Kongsemnerne»']"
197,0,der,,,,,"['chefen', 'din hustru', 'Bjørnsons']","['Sverig', 'Stockholm', 'København', 'München']",['kgl: theater'],"['«Hærmændene»', '«Kongsemnerne»']"
198,0,jo,,,,,"['chefen', 'din hustru', 'Bjørnsons']","['Sverig', 'Stockholm', 'København', 'München']",['kgl: theater'],"['«Hærmændene»', '«Kongsemnerne»']"
199,0,er,,,,,"['chefen', 'din hustru', 'Bjørnsons']","['Sverig', 'Stockholm', 'København', 'München']",['kgl: theater'],"['«Hærmændene»', '«Kongsemnerne»']"
200,0,tjenlig,,,,,"['chefen', 'din hustru', 'Bjørnsons']","['Sverig', 'Stockholm', 'København', 'München']",['kgl: theater'],"['«Hærmændene»', '«Kongsemnerne»']"
201,0,for,,,,,"['chefen', 'din hustru', 'Bjørnsons']","['Sverig', 'Stockholm', 'København', 'München']",['kgl: theater'],"['«Hærmændene»', '«Kongsemnerne»']"
202,0,alle,,,,,"['chefen', 'din hustru', 'Bjørnsons']","['Sverig', 'Stockholm', 'København', 'München']",['kgl: theater'],"['«Hærmændene»', '«Kongsemnerne»']"
203,0,parter.,,,,,"['chefen', 'din hustru', 'Bjørnsons']","['Sverig', 'Stockholm', 'København', 'München']",['kgl: theater'],"['«Hærmændene»', '«Kongsemnerne»']"
204,0,Jeg,,,,,"['chefen', 'din hustru', 'Bjørnsons']","['Sverig', 'Stockholm', 'København', 'München']",['kgl: theater'],"['«Hærmændene»', '«Kongsemnerne»']"
205,0,glæder,,,,,"['chefen', 'din hustru', 'Bjørnsons']","['Sverig', 'Stockholm', 'København', 'München']",['kgl: theater'],"['«Hærmændene»', '«Kongsemnerne»']"
206,0,mig,,,,,"['chefen', 'din hustru', 'Bjørnsons']","['Sverig', 'Stockholm', 'København', 'München']",['kgl: theater'],"['«Hærmændene»', '«Kongsemnerne»']"
207,0,meget,,,,,"['chefen', 'din hustru', 'Bjørnsons']","['Sverig', 'Stockholm', 'København', 'München']",['kgl: theater'],"['«Hærmændene»', '«Kongsemnerne»']"
208,0,over,,,,,"['chefen', 'din hustru', 'Bjørnsons']","['Sverig', 'Stockholm', 'København', 'München']",['kgl: theater'],"['«Hærmændene»', '«Kongsemnerne»']"
209,0,at,,,,,"['chefen', 'din hustru', 'Bjørnsons']","['Sverig', 'Stockholm', 'København', 'München']",['kgl: theater'],"['«Hærmændene»', '«Kongsemnerne»']"
210,0,få,,,,,"['chefen', 'din hustru', 'Bjørnsons']","['Sverig', 'Stockholm', 'København', 'München']",['kgl: theater'],"['«Hærmændene»', '«Kongsemnerne»']"
211,0,stykket,,,,,"['chefen', 'din hustru', 'Bjørnsons']","['Sverig', 'Stockholm', 'København', 'München']",['kgl: theater'],"['«Hærmændene»', '«Kongsemnerne»']"
212,0,på,,,,,"['chefen', 'din hustru', 'Bjørnsons']","['Sverig', 'Stockholm', 'København', 'München']",['kgl: theater'],"['«Hærmændene»', '«Kongsemnerne»']"
213,0,scenen,,,,,"['chefen', 'din hustru', 'Bjørnsons']","['Sverig', 'Stockholm', 'København', 'München']",['kgl: theater'],"['«Hærmændene»', '«Kongsemnerne»']"
214,0,i,,,,,"['chefen', 'din hustru', 'Bjørnsons']","['Sverig', 'Stockholm', 'København', 'München']",['kgl: theater'],"['«Hærmændene»', '«Kongsemnerne»']"
215,0,Sverig,,,,,"['chefen', 'din hustru', 'Bjørnsons']","['Sverig', 'Stockholm', 'København', 'München']",['kgl: theater'],"['«Hærmændene»', '«Kongsemnerne»']"
216,0,og,,,,,"['chefen', 'din hustru', 'Bjørnsons']","['Sverig', 'Stockholm', 'København', 'München']",['kgl: theater'],"['«Hærmændene»', '«Kongsemnerne»']"
217,0,er,,,,,"['chefen', 'din hustru', 'Bjørnsons']","['Sverig', 'Stockholm', 'København', 'München']",['kgl: theater'],"['«Hærmændene»', '«Kongsemnerne»']"
218,0,viss,,,,,"['chefen', 'din hustru', 'Bjørnsons']","['Sverig', 'Stockholm', 'København', 'München']",['kgl: theater'],"['«Hærmændene»', '«Kongsemnerne»']"
219,0,på,,,,,"['chefen', 'din hustru', 'Bjørnsons']","['Sverig', 'Stockholm', 'København', 'München']",['kgl: theater'],"['«Hærmændene»', '«Kongsemnerne»']"
220,0,at,,,,,"['chefen', 'din hustru', 'Bjørnsons']","['Sverig', 'Stockholm', 'København', 'München']",['kgl: theater'],"['«Hærmændene»', '«Kongsemnerne»']"
221,0,Du,,,,,"['chefen', 'din hustru', 'Bjørnsons']","['Sverig', 'Stockholm', 'København', 'München']",['kgl: theater'],"['«Hærmændene»', '«Kongsemnerne»']"
222,0,vil,,,,,"['chefen', 'din hustru', 'Bjørnsons']","['Sverig', 'Stockholm', 'København', 'München']",['kgl: theater'],"['«Hærmændene»', '«Kongsemnerne»']"
223,0,tage,,,,,"['chefen', 'din hustru', 'Bjørnsons']","['Sverig', 'Stockholm', 'København', 'München']",['kgl: theater'],"['«Hærmændene»', '«Kongsemnerne»']"
224,0,dig,,,,,"['chefen', 'din hustru', 'Bjørnsons']","['Sverig', 'Stockholm', 'København', 'München']",['kgl: theater'],"['«Hærmændene»', '«Kongsemnerne»']"
225,0,af,,,,,"['chefen', 'din hustru', 'Bjørnsons']","['Sverig', 'Stockholm', 'København', 'München']",['kgl: theater'],"['«Hærmændene»', '«Kongsemnerne»']"
226,0,dets,,,,,"['chefen', 'din hustru', 'Bjørnsons']","['Sverig', 'Stockholm', 'København', 'München']",['kgl: theater'],"['«Hærmændene»', '«Kongsemnerne»']"
227,0,udstyr,,,,,"['chefen', 'din hustru', 'Bjørnsons']","['Sverig', 'Stockholm', 'København', 'München']",['kgl: theater'],"['«Hærmændene»', '«Kongsemnerne»']"
228,0,og,,,,,"['chefen', 'din hustru', 'Bjørnsons']","['Sverig', 'Stockholm', 'København', 'München']",['kgl: theater'],"['«Hærmændene»', '«Kongsemnerne»']"
229,0,opsætning,,,,,"['chefen', 'din hustru', 'Bjørnsons']","['Sverig', 'Stockholm', 'København', 'München']",['kgl: theater'],"['«Hærmændene»', '«Kongsemnerne»']"
230,0,på,,,,,"['chefen', 'din hustru', 'Bjørnsons']","['Sverig', 'Stockholm', 'København', 'München']",['kgl: theater'],"['«Hærmændene»', '«Kongsemnerne»']"
231,0,bedste,,,,,"['chefen', 'din hustru', 'Bjørnsons']","['Sverig', 'Stockholm', 'København', 'München']",['kgl: theater'],"['«Hærmændene»', '«Kongsemnerne»']"
232,0,måde.,,,,,"['chefen', 'din hustru', 'Bjørnsons']","['Sverig', 'Stockholm', 'København', 'München']",['kgl: theater'],"['«Hærmændene»', '«Kongsemnerne»']"
233,0,I,,,,,"['chefen', 'din hustru', 'Bjørnsons']","['Sverig', 'Stockholm', 'København', 'München']",['kgl: theater'],"['«Hærmændene»', '«Kongsemnerne»']"
234,0,København,,,,,"['chefen', 'din hustru', 'Bjørnsons']","['Sverig', 'Stockholm', 'København', 'München']",['kgl: theater'],"['«Hærmændene»', '«Kongsemnerne»']"
235,0,er,,,,,"['chefen', 'din hustru', 'Bjørnsons']","['Sverig', 'Stockholm', 'København', 'München']",['kgl: theater'],"['«Hærmændene»', '«Kongsemnerne»']"
236,0,"det,",,,,,"['chefen', 'din hustru', 'Bjørnsons']","['Sverig', 'Stockholm', 'København', 'München']",['kgl: theater'],"['«Hærmændene»', '«Kongsemnerne»']"
237,0,som,,,,,"['chefen', 'din hustru', 'Bjørnsons']","['Sverig', 'Stockholm', 'København', 'München']",['kgl: theater'],"['«Hærmændene»', '«Kongsemnerne»']"
238,0,Du,,,,,"['chefen', 'din hustru', 'Bjørnsons']","['Sverig', 'Stockholm', 'København', 'München']",['kgl: theater'],"['«Hærmændene»', '«Kongsemnerne»']"
239,0,vel,,,,,"['chefen', 'din hustru', 'Bjørnsons']","['Sverig', 'Stockholm', 'København', 'München']",['kgl: theater'],"['«Hærmændene»', '«Kongsemnerne»']"
240,0,"ved,",,,,,"['chefen', 'din hustru', 'Bjørnsons']","['Sverig', 'Stockholm', 'København', 'München']",['kgl: theater'],"['«Hærmændene»', '«Kongsemnerne»']"
241,0,i,,,,,"['chefen', 'din hustru', 'Bjørnsons']","['Sverig', 'Stockholm', 'København', 'München']",['kgl: theater'],"['«Hærmændene»', '«Kongsemnerne»']"
242,0,afvigte,,,,,"['chefen', 'din hustru', 'Bjørnsons']","['Sverig', 'Stockholm', 'København', 'München']",['kgl: theater'],"['«Hærmændene»', '«Kongsemnerne»']"
243,0,vinter,,,,,"['chefen', 'din hustru', 'Bjørnsons']","['Sverig', 'Stockholm', 'København', 'München']",['kgl: theater'],"['«Hærmændene»', '«Kongsemnerne»']"
244,0,givet,,,,,"['chefen', 'din hustru', 'Bjørnsons']","['Sverig', 'Stockholm', 'København', 'München']",['kgl: theater'],"['«Hærmændene»', '«Kongsemnerne»']"
245,0,med,,,,,"['chefen', 'din hustru', 'Bjørnsons']","['Sverig', 'Stockholm', 'København', 'München']",['kgl: theater'],"['«Hærmændene»', '«Kongsemnerne»']"
246,0,ualmindeligt,,,,,"['chefen', 'din hustru', 'Bjørnsons']","['Sverig', 'Stockholm', 'København', 'München']",['kgl: theater'],"['«Hærmændene»', '«Kongsemnerne»']"
247,0,bifald.Med,,,,,"['chefen', 'din hustru', 'Bjørnsons']","['Sverig', 'Stockholm', 'København', 'München']",['kgl: theater'],"['«Hærmændene»', '«Kongsemnerne»']"
248,0,de,,,,,"['chefen', 'din hustru', 'Bjørnsons']","['Sverig', 'Stockholm', 'København', 'München']",['kgl: theater'],"['«Hærmændene»', '«Kongsemnerne»']"
249,0,hjerteligste,,,,,"['chefen', 'din hustru', 'Bjørnsons']","['Sverig', 'Stockholm', 'København', 'München']",['kgl: theater'],"['«Hærmændene»', '«Kongsemnerne»']"
250,0,hilsninger,,,,,"['chefen', 'din hustru', 'Bjørnsons']","['Sverig', 'Stockholm', 'København', 'München']",['kgl: theater'],"['«Hærmændene»', '«Kongsemnerne»']"
251,0,til,,,,,"['chefen', 'din hustru', 'Bjørnsons']","['Sverig', 'Stockholm', 'København', 'München']",['kgl: theater'],"['«Hærmændene»', '«Kongsemnerne»']"
252,0,din,,,,,"['chefen', 'din hustru', 'Bjørnsons']","['Sverig', 'Stockholm', 'København', 'München']",['kgl: theater'],"['«Hærmændene»', '«Kongsemnerne»']"
253,0,hustru,,,,,"['chefen', 'din hustru', 'Bjørnsons']","['Sverig', 'Stockholm', 'København', 'München']",['kgl: theater'],"['«Hærmændene»', '«Kongsemnerne»']"
254,0,og,,,,,"['chefen', 'din hustru', 'Bjørnsons']","['Sverig', 'Stockholm', 'København', 'München']",['kgl: theater'],"['«Hærmændene»', '«Kongsemnerne»']"
255,0,øvrige,,,,,"['chefen', 'din hustru', 'Bjørnsons']","['Sverig', 'Stockholm', 'København', 'München']",['kgl: theater'],"['«Hærmændene»', '«Kongsemnerne»']"
256,0,familje,,,,,"['chefen', 'din hustru', 'Bjørnsons']","['Sverig', 'Stockholm', 'København', 'München']",['kgl: theater'],"['«Hærmændene»', '«Kongsemnerne»']"
257,0,og,,,,,"['chefen', 'din hustru', 'Bjørnsons']","['Sverig', 'Stockholm', 'København', 'München']",['kgl: theater'],"['«Hærmændene»', '«Kongsemnerne»']"
258,0,med,,,,,"['chefen', 'din hustru', 'Bjørnsons']","['Sverig', 'Stockholm', 'København', 'München']",['kgl: theater'],"['«Hærmændene»', '«Kongsemnerne»']"
259,0,løftet,,,,,"['chefen', 'din hustru', 'Bjørnsons']","['Sverig', 'Stockholm', 'København', 'München']",['kgl: theater'],"['«Hærmændene»', '«Kongsemnerne»']"
260,0,om,,,,,"['chefen', 'din hustru', 'Bjørnsons']","['Sverig', 'Stockholm', 'København', 'München']",['kgl: theater'],"['«Hærmændene»', '«Kongsemnerne»']"
261,0,snart,,,,,"['chefen', 'din hustru', 'Bjørnsons']","['Sverig', 'Stockholm', 'København', 'München']",['kgl: theater'],"['«Hærmændene»', '«Kongsemnerne»']"
262,0,at,,,,,"['chefen', 'din hustru', 'Bjørnsons']","['Sverig', 'Stockholm', 'København', 'München']",['kgl: theater'],"['«Hærmændene»', '«Kongsemnerne»']"
263,0,tilskrive,,,,,"['chefen', 'din hustru', 'Bjørnsons']","['Sverig', 'Stockholm', 'København', 'München']",['kgl: theater'],"['«Hærmændene»', '«Kongsemnerne»']"
264,0,Dig,,,,,"['chefen', 'din hustru', 'Bjørnsons']","['Sverig', 'Stockholm', 'København', 'München']",['kgl: theater'],"['«Hærmændene»', '«Kongsemnerne»']"
265,0,endeligt,,,,,"['chefen', 'din hustru', 'Bjørnsons']","['Sverig', 'Stockholm', 'København', 'München']",['kgl: theater'],"['«Hærmændene»', '«Kongsemnerne»']"
266,0,og,,,,,"['chefen', 'din hustru', 'Bjørnsons']","['Sverig', 'Stockholm', 'København', 'München']",['kgl: theater'],"['«Hærmændene»', '«Kongsemnerne»']"
267,0,afgørende,,,,,"['chefen', 'din hustru', 'Bjørnsons']","['Sverig', 'Stockholm', 'København', 'München']",['kgl: theater'],"['«Hærmændene»', '«Kongsemnerne»']"
268,0,i,,,,,"['chefen', 'din hustru', 'Bjørnsons']","['Sverig', 'Stockholm', 'København', 'München']",['kgl: theater'],"['«Hærmændene»', '«Kongsemnerne»']"
269,0,sagen,,,,,"['chefen', 'din hustru', 'Bjørnsons']","['Sverig', 'Stockholm', 'København', 'München']",['kgl: theater'],"['«Hærmændene»', '«Kongsemnerne»']"
270,0,tegner,,,,,"['chefen', 'din hustru', 'Bjørnsons']","['Sverig', 'Stockholm', 'København', 'München']",['kgl: theater'],"['«Hærmændene»', '«Kongsemnerne»']"
271,0,jeg,,,,,"['chefen', 'din hustru', 'Bjørnsons']","['Sverig', 'Stockholm', 'København', 'München']",['kgl: theater'],"['«Hærmændene»', '«Kongsemnerne»']"
272,0,migP.,,,,,"['chefen', 'din hustru', 'Bjørnsons']","['Sverig', 'Stockholm', 'København', 'München']",['kgl: theater'],"['«Hærmændene»', '«Kongsemnerne»']"
273,0,S.,,,,,"['chefen', 'din hustru', 'Bjørnsons']","['Sverig', 'Stockholm', 'København', 'München']",['kgl: theater'],"['«Hærmændene»', '«Kongsemnerne»']"
274,0,Her,,,,,"['chefen', 'din hustru', 'Bjørnsons']","['Sverig', 'Stockholm', 'København', 'München']",['kgl: theater'],"['«Hærmændene»', '«Kongsemnerne»']"
275,0,i,,,,,"['chefen', 'din hustru', 'Bjørnsons']","['Sverig', 'Stockholm', 'København', 'München']",['kgl: theater'],"['«Hærmændene»', '«Kongsemnerne»']"
276,0,München,,,,,"['chefen', 'din hustru', 'Bjørnsons']","['Sverig', 'Stockholm', 'København', 'München']",['kgl: theater'],"['«Hærmændene»', '«Kongsemnerne»']"
277,0,er,,,,,"['chefen', 'din hustru', 'Bjørnsons']","['Sverig', 'Stockholm', 'København', 'München']",['kgl: theater'],"['«Hærmændene»', '«Kongsemnerne»']"
278,0,nu,,,,,"['chefen', 'din hustru', 'Bjørnsons']","['Sverig', 'Stockholm', 'København', 'München']",['kgl: theater'],"['«Hærmændene»', '«Kongsemnerne»']"
279,0,«Kongsemnerne»,,,,,"['chefen', 'din hustru', 'Bjørnsons']","['Sverig', 'Stockholm', 'København', 'München']",['kgl: theater'],"['«Hærmændene»', '«Kongsemnerne»']"
280,0,definitivt,,,,,"['chefen', 'din hustru', 'Bjørnsons']","['Sverig', 'Stockholm', 'København', 'München']",['kgl: theater'],"['«Hærmændene»', '«Kongsemnerne»']"
281,0,antaget,,,,,"['chefen', 'din hustru', 'Bjørnsons']","['Sverig', 'Stockholm', 'København', 'München']",['kgl: theater'],"['«Hærmændene»', '«Kongsemnerne»']"
282,0,til,,,,,"['chefen', 'din hustru', 'Bjørnsons']","['Sverig', 'Stockholm', 'København', 'München']",['kgl: theater'],"['«Hærmændene»', '«Kongsemnerne»']"
283,0,opførelse,,,,,"['chefen', 'din hustru', 'Bjørnsons']","['Sverig', 'Stockholm', 'København', 'München']",['kgl: theater'],"['«Hærmændene»', '«Kongsemnerne»']"
284,0,på,,,,,"['chefen', 'din hustru', 'Bjørnsons']","['Sverig', 'Stockholm', 'København', 'München']",['kgl: theater'],"['«Hærmændene»', '«Kongsemnerne»']"
285,0,det,,,,,"['chefen', 'din hustru', 'Bjørnsons']","['Sverig', 'Stockholm', 'København', 'München']",['kgl: theater'],"['«Hærmændene»', '«Kongsemnerne»']"
286,0,kgl:,,,,,"['chefen', 'din hustru', 'Bjørnsons']","['Sverig', 'Stockholm', 'København', 'München']",['kgl: theater'],"['«Hærmændene»', '«Kongsemnerne»']"
287,0,theater.,,,,,"['chefen', 'din hustru', 'Bjørnsons']","['Sverig', 'Stockholm', 'København', 'München']",['kgl: theater'],"['«Hærmændene»', '«Kongsemnerne»']"
288,0,Bjørnsons,,,,,"['chefen', 'din hustru', 'Bjørnsons']","['Sverig', 'Stockholm', 'København', 'München']",['kgl: theater'],"['«Hærmændene»', '«Kongsemnerne»']"
289,0,«De,,,,,"['chefen', 'din hustru', 'Bjørnsons']","['Sverig', 'Stockholm', 'København', 'München']",['kgl: theater'],"['«Hærmændene»', '«Kongsemnerne»']"
290,0,nygifte»,,,,,"['chefen', 'din hustru', 'Bjørnsons']","['Sverig', 'Stockholm', 'København', 'München']",['kgl: theater'],"['«Hærmændene»', '«Kongsemnerne»']"
291,0,har,,,,,"['chefen', 'din hustru', 'Bjørnsons']","['Sverig', 'Stockholm', 'København', 'München']",['kgl: theater'],"['«Hærmændene»', '«Kongsemnerne»']"
292,0,været,,,,,"['chefen', 'din hustru', 'Bjørnsons']","['Sverig', 'Stockholm', 'København', 'München']",['kgl: theater'],"['«Hærmændene»', '«Kongsemnerne»']"
293,0,spillet,,,,,"['chefen', 'din hustru', 'Bjørnsons']","['Sverig', 'Stockholm', 'København', 'München']",['kgl: theater'],"['«Hærmændene»', '«Kongsemnerne»']"
294,0,to,,,,,"['chefen', 'din hustru', 'Bjørnsons']","['Sverig', 'Stockholm', 'København', 'München']",['kgl: theater'],"['«Hærmændene»', '«Kongsemnerne»']"
295,0,"gange,",,,,,"['chefen', 'din hustru', 'Bjørnsons']","['Sverig', 'Stockholm', 'København', 'München']",['kgl: theater'],"['«Hærmændene»', '«Kongsemnerne»']"
296,0,men,,,,,"['chefen', 'din hustru', 'Bjørnsons']","['Sverig', 'Stockholm', 'København', 'München']",['kgl: theater'],"['«Hærmændene»', '«Kongsemnerne»']"
297,0,kan,,,,,"['chefen', 'din hustru', 'Bjørnsons']","['Sverig', 'Stockholm', 'København', 'München']",['kgl: theater'],"['«Hærmændene»', '«Kongsemnerne»']"
298,0,ikke,,,,,"['chefen', 'din hustru', 'Bjørnsons']","['Sverig', 'Stockholm', 'København', 'München']",['kgl: theater'],"['«Hærmændene»', '«Kongsemnerne»']"
299,0,siges,,,,,"['chefen', 'din hustru', 'Bjørnsons']","['Sverig', 'Stockholm', 'København', 'München']",['kgl: theater'],"['«Hærmændene»', '«Kongsemnerne»']"
300,0,at,,,,,"['chefen', 'din hustru', 'Bjørnsons']","['Sverig', 'Stockholm', 'København', 'München']",['kgl: theater'],"['«Hærmændene»', '«Kongsemnerne»']"
301,0,have,,,,,"['chefen', 'din hustru', 'Bjørnsons']","['Sverig', 'Stockholm', 'København', 'München']",['kgl: theater'],"['«Hærmændene»', '«Kongsemnerne»']"
302,0,gjort,,,,,"['chefen', 'din hustru', 'Bjørnsons']","['Sverig', 'Stockholm', 'København', 'München']",['kgl: theater'],"['«Hærmændene»', '«Kongsemnerne»']"
303,0,lykke.,,,,,"['chefen', 'din hustru', 'Bjørnsons']","['Sverig', 'Stockholm', 'København', 'München']",['kgl: theater'],"['«Hærmændene»', '«Kongsemnerne»']"
