,,0,human_annotation,who,dacy_medium,spacy_trf,person,place,org,work
0,0,Med,,,,,[],[],[],['«Hærmændene»']
1,0,stor,,,,,[],[],[],['«Hærmændene»']
2,0,glæde,,,,,[],[],[],['«Hærmændene»']
3,0,erfarede,,,,,[],[],[],['«Hærmændene»']
4,0,jeg,,,,,[],[],[],['«Hærmændene»']
5,0,idag,,,,,[],[],[],['«Hærmændene»']
6,0,den,,,,,[],[],[],['«Hærmændene»']
7,0,uventet,,,,,[],[],[],['«Hærmændene»']
8,0,hurtige,,,,,[],[],[],['«Hærmændene»']
9,0,afsætning,,,,,[],[],[],['«Hærmændene»']
10,0,af,,,,,[],[],[],['«Hærmændene»']
11,0,«Hærmændene».,,,,,[],[],[],['«Hærmændene»']
12,0,Jeg,,,,,[],[],[],['«Hærmændene»']
13,0,skynder,,,,,[],[],[],['«Hærmændene»']
14,0,mig,,,,,[],[],[],['«Hærmændene»']
15,0,at,,,,,[],[],[],['«Hærmændene»']
16,0,vedlægge,,,,,[],[],[],['«Hærmændene»']
17,0,en,,,,,[],[],[],['«Hærmændene»']
18,0,liste,,,,,[],[],[],['«Hærmændene»']
19,0,på,,,,,[],[],[],['«Hærmændene»']
20,0,de,,,,,[],[],[],['«Hærmændene»']
21,0,"småfejl,",,,,,[],[],[],['«Hærmændene»']
22,0,som,,,,,[],[],[],['«Hærmændene»']
23,0,jeg,,,,,[],[],[],['«Hærmændene»']
24,0,ønsker,,,,,[],[],[],['«Hærmændene»']
25,0,rettede,,,,,[],[],[],['«Hærmændene»']
26,0,i,,,,,[],[],[],['«Hærmændene»']
27,0,det,,,,,[],[],[],['«Hærmændene»']
28,0,nye,,,,,[],[],[],['«Hærmændene»']
29,0,oplag.,,,,,[],[],[],['«Hærmændene»']
30,0,Gid,,,,,[],[],[],['«Hærmændene»']
31,0,det,,,,,[],[],[],['«Hærmændene»']
32,0,nu,,,,,[],[],[],['«Hærmændene»']
33,0,må,,,,,[],[],[],['«Hærmændene»']
34,0,lykkes,,,,,[],[],[],['«Hærmændene»']
35,0,at,,,,,[],[],[],['«Hærmændene»']
36,0,få,,,,,[],[],[],['«Hærmændene»']
37,0,dette,,,,,[],[],[],['«Hærmændene»']
38,0,færdigt,,,,,[],[],[],['«Hærmændene»']
39,0,så,,,,,[],[],[],['«Hærmændene»']
40,0,betimeligt,,,,,[],[],[],['«Hærmændene»']
41,0,at,,,,,[],[],[],['«Hærmændene»']
42,0,efterspørgslen,,,,,[],[],[],['«Hærmændene»']
43,0,lige,,,,,[],[],[],['«Hærmændene»']
44,0,foran,,,,,[],[],[],['«Hærmændene»']
45,0,julen,,,,,[],[],[],['«Hærmændene»']
46,0,kan,,,,,[],[],[],['«Hærmændene»']
47,0,tilfredsstilles.,,,,,[],[],[],['«Hærmændene»']
48,0,Dette,,,,,[],[],[],['«Hærmændene»']
49,0,i,,,,,[],[],[],['«Hærmændene»']
50,0,al,,,,,[],[],[],['«Hærmændene»']
51,0,hast,,,,,[],[],[],['«Hærmændene»']
52,0,for,,,,,[],[],[],['«Hærmændene»']
53,0,idag.,,,,,[],[],[],['«Hærmændene»']
