,,0,human_annotation,who,dacy_medium,spacy_trf,person,place,org,work
0,0,Med,,,,,[],['Kristiania'],[],[]
1,0,udgangen,,,,,[],['Kristiania'],[],[]
2,0,af,,,,,[],['Kristiania'],[],[]
3,0,Maj,,,,,[],['Kristiania'],[],[]
4,0,måned,,,,,[],['Kristiania'],[],[]
5,0,afslutter,,,,,[],['Kristiania'],[],[]
6,0,theatret,,,,,[],['Kristiania'],[],[]
7,0,rimeligvis,,,,,[],['Kristiania'],[],[]
8,0,sin,,,,,[],['Kristiania'],[],[]
9,0,"sæson,",,,,,[],['Kristiania'],[],[]
10,0,og,,,,,[],['Kristiania'],[],[]
11,0,lang,,,,,[],['Kristiania'],[],[]
12,0,tid,,,,,[],['Kristiania'],[],[]
13,0,vil,,,,,[],['Kristiania'],[],[]
14,0,da,,,,,[],['Kristiania'],[],[]
15,0,ikke,,,,,[],['Kristiania'],[],[]
16,0,kunne,,,,,[],['Kristiania'],[],[]
17,0,gå,,,,,[],['Kristiania'],[],[]
18,0,hen,,,,,[],['Kristiania'],[],[]
19,0,før,,,,,[],['Kristiania'],[],[]
20,0,bestyrelsen,,,,,[],['Kristiania'],[],[]
21,0,må,,,,,[],['Kristiania'],[],[]
22,0,begynde,,,,,[],['Kristiania'],[],[]
23,0,at,,,,,[],['Kristiania'],[],[]
24,0,lægge,,,,,[],['Kristiania'],[],[]
25,0,planer,,,,,[],['Kristiania'],[],[]
26,0,for,,,,,[],['Kristiania'],[],[]
27,0,indretningens,,,,,[],['Kristiania'],[],[]
28,0,virksomhed,,,,,[],['Kristiania'],[],[]
29,0,i,,,,,[],['Kristiania'],[],[]
30,0,det,,,,,[],['Kristiania'],[],[]
31,0,kommende,,,,,[],['Kristiania'],[],[]
32,0,spille-år;,,,,,[],['Kristiania'],[],[]
33,0,den,,,,,[],['Kristiania'],[],[]
34,0,må,,,,,[],['Kristiania'],[],[]
35,0,altså,,,,,[],['Kristiania'],[],[]
36,0,"vide,",,,,,[],['Kristiania'],[],[]
37,0,hvilke,,,,,[],['Kristiania'],[],[]
38,0,kræfter,,,,,[],['Kristiania'],[],[]
39,0,den,,,,,[],['Kristiania'],[],[]
40,0,har,,,,,[],['Kristiania'],[],[]
41,0,at,,,,,[],['Kristiania'],[],[]
42,0,råde,,,,,[],['Kristiania'],[],[]
43,0,over.Men,,,,,[],['Kristiania'],[],[]
44,0,vi,,,,,[],['Kristiania'],[],[]
45,0,dramatiske,,,,,[],['Kristiania'],[],[]
46,0,forfattere,,,,,[],['Kristiania'],[],[]
47,0,må,,,,,[],['Kristiania'],[],[]
48,0,også,,,,,[],['Kristiania'],[],[]
49,0,vide,,,,,[],['Kristiania'],[],[]
50,0,besked,,,,,[],['Kristiania'],[],[]
51,0,om,,,,,[],['Kristiania'],[],[]
52,0,den,,,,,[],['Kristiania'],[],[]
53,0,ting.,,,,,[],['Kristiania'],[],[]
54,0,En,,,,,[],['Kristiania'],[],[]
55,0,digter,,,,,[],['Kristiania'],[],[]
56,0,vil,,,,,[],['Kristiania'],[],[]
57,0,neppe,,,,,[],['Kristiania'],[],[]
58,0,føle,,,,,[],['Kristiania'],[],[]
59,0,sig,,,,,[],['Kristiania'],[],[]
60,0,hendragen,,,,,[],['Kristiania'],[],[]
61,0,mod,,,,,[],['Kristiania'],[],[]
62,0,det,,,,,[],['Kristiania'],[],[]
63,0,dramatiske,,,,,[],['Kristiania'],[],[]
64,0,"felt,",,,,,[],['Kristiania'],[],[]
65,0,hvis,,,,,[],['Kristiania'],[],[]
66,0,der,,,,,[],['Kristiania'],[],[]
67,0,ikke,,,,,[],['Kristiania'],[],[]
68,0,i,,,,,[],['Kristiania'],[],[]
69,0,hans,,,,,[],['Kristiania'],[],[]
70,0,fædreland,,,,,[],['Kristiania'],[],[]
71,0,findes,,,,,[],['Kristiania'],[],[]
72,0,en,,,,,[],['Kristiania'],[],[]
73,0,kunstanstalt,,,,,[],['Kristiania'],[],[]
74,0,at,,,,,[],['Kristiania'],[],[]
75,0,samvirke,,,,,[],['Kristiania'],[],[]
76,0,med.For,,,,,[],['Kristiania'],[],[]
77,0,øjeblikket,,,,,[],['Kristiania'],[],[]
78,0,findes,,,,,[],['Kristiania'],[],[]
79,0,en,,,,,[],['Kristiania'],[],[]
80,0,sådan,,,,,[],['Kristiania'],[],[]
81,0,"ikke,",,,,,[],['Kristiania'],[],[]
82,0,og,,,,,[],['Kristiania'],[],[]
83,0,det,,,,,[],['Kristiania'],[],[]
84,0,har,,,,,[],['Kristiania'],[],[]
85,0,allerede,,,,,[],['Kristiania'],[],[]
86,0,havt,,,,,[],['Kristiania'],[],[]
87,0,sine,,,,,[],['Kristiania'],[],[]
88,0,følger.,,,,,[],['Kristiania'],[],[]
89,0,Jeg,,,,,[],['Kristiania'],[],[]
90,0,for,,,,,[],['Kristiania'],[],[]
91,0,mit,,,,,[],['Kristiania'],[],[]
92,0,vedkommende,,,,,[],['Kristiania'],[],[]
93,0,har,,,,,[],['Kristiania'],[],[]
94,0,i,,,,,[],['Kristiania'],[],[]
95,0,mismod,,,,,[],['Kristiania'],[],[]
96,0,henlagt,,,,,[],['Kristiania'],[],[]
97,0,påbegyndte,,,,,[],['Kristiania'],[],[]
98,0,arbejder;,,,,,[],['Kristiania'],[],[]
99,0,det,,,,,[],['Kristiania'],[],[]
100,0,tør,,,,,[],['Kristiania'],[],[]
101,0,hænde,,,,,[],['Kristiania'],[],[]
102,0,at,,,,,[],['Kristiania'],[],[]
103,0,andre,,,,,[],['Kristiania'],[],[]
104,0,har,,,,,[],['Kristiania'],[],[]
105,0,gjort,,,,,[],['Kristiania'],[],[]
106,0,det,,,,,[],['Kristiania'],[],[]
107,0,samme.Alt,,,,,[],['Kristiania'],[],[]
108,0,i,,,,,[],['Kristiania'],[],[]
109,0,alt,,,,,[],['Kristiania'],[],[]
110,0,taget,,,,,[],['Kristiania'],[],[]
111,0,findes,,,,,[],['Kristiania'],[],[]
112,0,der,,,,,[],['Kristiania'],[],[]
113,0,ikke,,,,,[],['Kristiania'],[],[]
114,0,hos,,,,,[],['Kristiania'],[],[]
115,0,os,,,,,[],['Kristiania'],[],[]
116,0,skuespillerkræfter,,,,,[],['Kristiania'],[],[]
117,0,for,,,,,[],['Kristiania'],[],[]
118,0,mere,,,,,[],['Kristiania'],[],[]
119,0,end,,,,,[],['Kristiania'],[],[]
120,0,et,,,,,[],['Kristiania'],[],[]
121,0,ordentligt,,,,,[],['Kristiania'],[],[]
122,0,theater;,,,,,[],['Kristiania'],[],[]
123,0,heller,,,,,[],['Kristiania'],[],[]
124,0,ikke,,,,,[],['Kristiania'],[],[]
125,0,kan,,,,,[],['Kristiania'],[],[]
126,0,Kristiania,,,,,[],['Kristiania'],[],[]
127,0,med,,,,,[],['Kristiania'],[],[]
128,0,omegn,,,,,[],['Kristiania'],[],[]
129,0,præstere,,,,,[],['Kristiania'],[],[]
130,0,et,,,,,[],['Kristiania'],[],[]
131,0,"publikum,",,,,,[],['Kristiania'],[],[]
132,0,der,,,,,[],['Kristiania'],[],[]
133,0,forslår,,,,,[],['Kristiania'],[],[]
134,0,for,,,,,[],['Kristiania'],[],[]
135,0,mere,,,,,[],['Kristiania'],[],[]
136,0,end,,,,,[],['Kristiania'],[],[]
137,0,et,,,,,[],['Kristiania'],[],[]
138,0,sådant.Nu,,,,,[],['Kristiania'],[],[]
139,0,ivår,,,,,[],['Kristiania'],[],[]
140,0,tilbød,,,,,[],['Kristiania'],[],[]
141,0,der,,,,,[],['Kristiania'],[],[]
142,0,sig,,,,,[],['Kristiania'],[],[]
143,0,en,,,,,[],['Kristiania'],[],[]
144,0,lejlighed,,,,,[],['Kristiania'],[],[]
145,0,til,,,,,[],['Kristiania'],[],[]
146,0,at,,,,,[],['Kristiania'],[],[]
147,0,samle,,,,,[],['Kristiania'],[],[]
148,0,alle,,,,,[],['Kristiania'],[],[]
149,0,kræfter,,,,,[],['Kristiania'],[],[]
150,0,og,,,,,[],['Kristiania'],[],[]
151,0,alle,,,,,[],['Kristiania'],[],[]
152,0,interesser.,,,,,[],['Kristiania'],[],[]
153,0,Den,,,,,[],['Kristiania'],[],[]
154,0,inden,,,,,[],['Kristiania'],[],[]
155,0,theatret,,,,,[],['Kristiania'],[],[]
156,0,rådende,,,,,[],['Kristiania'],[],[]
157,0,administrative,,,,,[],['Kristiania'],[],[]
158,0,og,,,,,[],['Kristiania'],[],[]
159,0,økonomiske,,,,,[],['Kristiania'],[],[]
160,0,"dygtighed,",,,,,[],['Kristiania'],[],[]
161,0,kunde,,,,,[],['Kristiania'],[],[]
162,0,anvises,,,,,[],['Kristiania'],[],[]
163,0,en,,,,,[],['Kristiania'],[],[]
164,0,mere,,,,,[],['Kristiania'],[],[]
165,0,beskedent,,,,,[],['Kristiania'],[],[]
166,0,begrænset,,,,,[],['Kristiania'],[],[]
167,0,"plads,",,,,,[],['Kristiania'],[],[]
168,0,hvor,,,,,[],['Kristiania'],[],[]
169,0,den,,,,,[],['Kristiania'],[],[]
170,0,hører,,,,,[],['Kristiania'],[],[]
171,0,"hjemme,",,,,,[],['Kristiania'],[],[]
172,0,og,,,,,[],['Kristiania'],[],[]
173,0,hvorfra,,,,,[],['Kristiania'],[],[]
174,0,ingen,,,,,[],['Kristiania'],[],[]
175,0,bør,,,,,[],['Kristiania'],[],[]
176,0,ønske,,,,,[],['Kristiania'],[],[]
177,0,den,,,,,[],['Kristiania'],[],[]
178,0,fjernet.,,,,,[],['Kristiania'],[],[]
179,0,Et,,,,,[],['Kristiania'],[],[]
180,0,"element,",,,,,[],['Kristiania'],[],[]
181,0,som,,,,,[],['Kristiania'],[],[]
182,0,ingen,,,,,[],['Kristiania'],[],[]
183,0,virkelig,,,,,[],['Kristiania'],[],[]
184,0,kunstanstalt,,,,,[],['Kristiania'],[],[]
185,0,kan,,,,,[],['Kristiania'],[],[]
186,0,"undvære,",,,,,[],['Kristiania'],[],[]
187,0,vilde,,,,,[],['Kristiania'],[],[]
188,0,igen,,,,,[],['Kristiania'],[],[]
189,0,kunne,,,,,[],['Kristiania'],[],[]
190,0,tilføres,,,,,[],['Kristiania'],[],[]
191,0,"theatret,",,,,,[],['Kristiania'],[],[]
192,0,og,,,,,[],['Kristiania'],[],[]
193,0,skulde,,,,,[],['Kristiania'],[],[]
194,0,"da,",,,,,[],['Kristiania'],[],[]
195,0,stillet,,,,,[],['Kristiania'],[],[]
196,0,under,,,,,[],['Kristiania'],[],[]
197,0,indflydelse,,,,,[],['Kristiania'],[],[]
198,0,af,,,,,[],['Kristiania'],[],[]
199,0,en,,,,,[],['Kristiania'],[],[]
200,0,passelig,,,,,[],['Kristiania'],[],[]
201,0,"modvægt,",,,,,[],['Kristiania'],[],[]
202,0,sikkerlig,,,,,[],['Kristiania'],[],[]
203,0,ikke,,,,,[],['Kristiania'],[],[]
204,0,undlade,,,,,[],['Kristiania'],[],[]
205,0,at,,,,,[],['Kristiania'],[],[]
206,0,øve,,,,,[],['Kristiania'],[],[]
207,0,sin,,,,,[],['Kristiania'],[],[]
208,0,gode,,,,,[],['Kristiania'],[],[]
209,0,og,,,,,[],['Kristiania'],[],[]
210,0,højst,,,,,[],['Kristiania'],[],[]
211,0,fornødne,,,,,[],['Kristiania'],[],[]
212,0,virkning,,,,,[],['Kristiania'],[],[]
213,0,på,,,,,[],['Kristiania'],[],[]
214,0,det,,,,,[],['Kristiania'],[],[]
215,0,hele.Vil,,,,,[],['Kristiania'],[],[]
216,0,man,,,,,[],['Kristiania'],[],[]
217,0,så,,,,,[],['Kristiania'],[],[]
218,0,alligevel,,,,,[],['Kristiania'],[],[]
219,0,lade,,,,,[],['Kristiania'],[],[]
220,0,lejligheden,,,,,[],['Kristiania'],[],[]
221,0,gå,,,,,[],['Kristiania'],[],[]
222,0,unyttet?,,,,,[],['Kristiania'],[],[]
223,0,Vedkender,,,,,[],['Kristiania'],[],[]
224,0,theatrets,,,,,[],['Kristiania'],[],[]
225,0,repræsentantskab,,,,,[],['Kristiania'],[],[]
226,0,sig,,,,,[],['Kristiania'],[],[]
227,0,et,,,,,[],['Kristiania'],[],[]
228,0,moralsk,,,,,[],['Kristiania'],[],[]
229,0,ansvar,,,,,[],['Kristiania'],[],[]
230,0,lige,,,,,[],['Kristiania'],[],[]
231,0,over,,,,,[],['Kristiania'],[],[]
232,0,for,,,,,[],['Kristiania'],[],[]
233,0,trivselen,,,,,[],['Kristiania'],[],[]
234,0,og,,,,,[],['Kristiania'],[],[]
235,0,udviklingen,,,,,[],['Kristiania'],[],[]
236,0,af,,,,,[],['Kristiania'],[],[]
237,0,vor,,,,,[],['Kristiania'],[],[]
238,0,dramatiske,,,,,[],['Kristiania'],[],[]
239,0,"literatur,",,,,,[],['Kristiania'],[],[]
240,0,så,,,,,[],['Kristiania'],[],[]
241,0,skulde,,,,,[],['Kristiania'],[],[]
242,0,det,,,,,[],['Kristiania'],[],[]
243,0,ikke,,,,,[],['Kristiania'],[],[]
244,0,gøre,,,,,[],['Kristiania'],[],[]
245,0,det.,,,,,[],['Kristiania'],[],[]
246,0,Jeg,,,,,[],['Kristiania'],[],[]
247,0,kan,,,,,[],['Kristiania'],[],[]
248,0,rigtignok,,,,,[],['Kristiania'],[],[]
249,0,ikke,,,,,[],['Kristiania'],[],[]
250,0,tale,,,,,[],['Kristiania'],[],[]
251,0,i,,,,,[],['Kristiania'],[],[]
252,0,vore,,,,,[],['Kristiania'],[],[]
253,0,forfatteres,,,,,[],['Kristiania'],[],[]
254,0,navn;,,,,,[],['Kristiania'],[],[]
255,0,jeg,,,,,[],['Kristiania'],[],[]
256,0,står,,,,,[],['Kristiania'],[],[]
257,0,ikke,,,,,[],['Kristiania'],[],[]
258,0,i,,,,,[],['Kristiania'],[],[]
259,0,brevveksling,,,,,[],['Kristiania'],[],[]
260,0,med,,,,,[],['Kristiania'],[],[]
261,0,nogen,,,,,[],['Kristiania'],[],[]
262,0,af,,,,,[],['Kristiania'],[],[]
263,0,dem;,,,,,[],['Kristiania'],[],[]
264,0,men,,,,,[],['Kristiania'],[],[]
265,0,hvad,,,,,[],['Kristiania'],[],[]
266,0,mig,,,,,[],['Kristiania'],[],[]
267,0,selv,,,,,[],['Kristiania'],[],[]
268,0,"angår,",,,,,[],['Kristiania'],[],[]
269,0,så,,,,,[],['Kristiania'],[],[]
270,0,må,,,,,[],['Kristiania'],[],[]
271,0,jeg,,,,,[],['Kristiania'],[],[]
272,0,erklære,,,,,[],['Kristiania'],[],[]
273,0,at,,,,,[],['Kristiania'],[],[]
274,0,for,,,,,[],['Kristiania'],[],[]
275,0,Kristiania,,,,,[],['Kristiania'],[],[]
276,0,theater,,,,,[],['Kristiania'],[],[]
277,0,i,,,,,[],['Kristiania'],[],[]
278,0,dets,,,,,[],['Kristiania'],[],[]
279,0,nuværende,,,,,[],['Kristiania'],[],[]
280,0,skikkelse,,,,,[],['Kristiania'],[],[]
281,0,og,,,,,[],['Kristiania'],[],[]
282,0,stilling,,,,,[],['Kristiania'],[],[]
283,0,hverken,,,,,[],['Kristiania'],[],[]
284,0,kan,,,,,[],['Kristiania'],[],[]
285,0,eller,,,,,[],['Kristiania'],[],[]
286,0,vil,,,,,[],['Kristiania'],[],[]
287,0,jeg,,,,,[],['Kristiania'],[],[]
288,0,arbejde.Den,,,,,[],['Kristiania'],[],[]
289,0,nuværende,,,,,[],['Kristiania'],[],[]
290,0,theaterbestyrelse,,,,,[],['Kristiania'],[],[]
291,0,blev,,,,,[],['Kristiania'],[],[]
292,0,dannet,,,,,[],['Kristiania'],[],[]
293,0,ved,,,,,[],['Kristiania'],[],[]
294,0,en,,,,,[],['Kristiania'],[],[]
295,0,"hastværks-foranstaltning,",,,,,[],['Kristiania'],[],[]
296,0,der,,,,,[],['Kristiania'],[],[]
297,0,i,,,,,[],['Kristiania'],[],[]
298,0,al,,,,,[],['Kristiania'],[],[]
299,0,fald,,,,,[],['Kristiania'],[],[]
300,0,her,,,,,[],['Kristiania'],[],[]
301,0,på,,,,,[],['Kristiania'],[],[]
302,0,frastand,,,,,[],['Kristiania'],[],[]
303,0,tog,,,,,[],['Kristiania'],[],[]
304,0,sig,,,,,[],['Kristiania'],[],[]
305,0,ud,,,,,[],['Kristiania'],[],[]
306,0,som,,,,,[],['Kristiania'],[],[]
307,0,en,,,,,[],['Kristiania'],[],[]
308,0,overrumpling.,,,,,[],['Kristiania'],[],[]
309,0,Jeg,,,,,[],['Kristiania'],[],[]
310,0,ved,,,,,[],['Kristiania'],[],[]
311,0,ikke,,,,,[],['Kristiania'],[],[]
312,0,på,,,,,[],['Kristiania'],[],[]
313,0,basis,,,,,[],['Kristiania'],[],[]
314,0,af,,,,,[],['Kristiania'],[],[]
315,0,hvilket,,,,,[],['Kristiania'],[],[]
316,0,princip,,,,,[],['Kristiania'],[],[]
317,0,den,,,,,[],['Kristiania'],[],[]
318,0,er,,,,,[],['Kristiania'],[],[]
319,0,bleven,,,,,[],['Kristiania'],[],[]
320,0,sammensat;,,,,,[],['Kristiania'],[],[]
321,0,men,,,,,[],['Kristiania'],[],[]
322,0,hvis,,,,,[],['Kristiania'],[],[]
323,0,dens,,,,,[],['Kristiania'],[],[]
324,0,vedbliven,,,,,[],['Kristiania'],[],[]
325,0,skulde,,,,,[],['Kristiania'],[],[]
326,0,være,,,,,[],['Kristiania'],[],[]
327,0,ensbetydende,,,,,[],['Kristiania'],[],[]
328,0,med,,,,,[],['Kristiania'],[],[]
329,0,fortsættelsen,,,,,[],['Kristiania'],[],[]
330,0,af,,,,,[],['Kristiania'],[],[]
331,0,den,,,,,[],['Kristiania'],[],[]
332,0,nuværende,,,,,[],['Kristiania'],[],[]
333,0,splittede,,,,,[],['Kristiania'],[],[]
334,0,"tilstand,",,,,,[],['Kristiania'],[],[]
335,0,så,,,,,[],['Kristiania'],[],[]
336,0,må,,,,,[],['Kristiania'],[],[]
337,0,"jeg,",,,,,[],['Kristiania'],[],[]
338,0,som,,,,,[],['Kristiania'],[],[]
339,0,"forfatter,",,,,,[],['Kristiania'],[],[]
340,0,ærbødigst,,,,,[],['Kristiania'],[],[]
341,0,og,,,,,[],['Kristiania'],[],[]
342,0,indtrængende,,,,,[],['Kristiania'],[],[]
343,0,ansøge,,,,,[],['Kristiania'],[],[]
344,0,det,,,,,[],['Kristiania'],[],[]
345,0,ærede,,,,,[],['Kristiania'],[],[]
346,0,repræsentantskab,,,,,[],['Kristiania'],[],[]
347,0,om,,,,,[],['Kristiania'],[],[]
348,0,snarest,,,,,[],['Kristiania'],[],[]
349,0,muligt,,,,,[],['Kristiania'],[],[]
350,0,at,,,,,[],['Kristiania'],[],[]
351,0,sammenkalde,,,,,[],['Kristiania'],[],[]
352,0,en,,,,,[],['Kristiania'],[],[]
353,0,generalforsamling,,,,,[],['Kristiania'],[],[]
354,0,til,,,,,[],['Kristiania'],[],[]
355,0,nyt,,,,,[],['Kristiania'],[],[]
356,0,valg,,,,,[],['Kristiania'],[],[]
357,0,af,,,,,[],['Kristiania'],[],[]
358,0,direktion,,,,,[],['Kristiania'],[],[]
359,0,for,,,,,[],['Kristiania'],[],[]
360,0,det,,,,,[],['Kristiania'],[],[]
361,0,kommende,,,,,[],['Kristiania'],[],[]
362,0,år.,,,,,[],['Kristiania'],[],[]
363,0,Hvad,,,,,[],['Kristiania'],[],[]
364,0,der,,,,,[],['Kristiania'],[],[]
365,0,er,,,,,[],['Kristiania'],[],[]
366,0,mig,,,,,[],['Kristiania'],[],[]
367,0,af,,,,,[],['Kristiania'],[],[]
368,0,højeste,,,,,[],['Kristiania'],[],[]
369,0,"vigtighed,",,,,,[],['Kristiania'],[],[]
370,0,"er,",,,,,[],['Kristiania'],[],[]
371,0,at,,,,,[],['Kristiania'],[],[]
372,0,få,,,,,[],['Kristiania'],[],[]
373,0,det,,,,,[],['Kristiania'],[],[]
374,0,spørgsmål,,,,,[],['Kristiania'],[],[]
375,0,besvaret:,,,,,[],['Kristiania'],[],[]
376,0,har,,,,,[],['Kristiania'],[],[]
377,0,jeg,,,,,[],['Kristiania'],[],[]
378,0,hjemme,,,,,[],['Kristiania'],[],[]
379,0,et,,,,,[],['Kristiania'],[],[]
380,0,theater,,,,,[],['Kristiania'],[],[]
381,0,at,,,,,[],['Kristiania'],[],[]
382,0,arbejde,,,,,[],['Kristiania'],[],[]
383,0,"for,",,,,,[],['Kristiania'],[],[]
384,0,eller,,,,,[],['Kristiania'],[],[]
385,0,har,,,,,[],['Kristiania'],[],[]
386,0,jeg,,,,,[],['Kristiania'],[],[]
387,0,det,,,,,[],['Kristiania'],[],[]
388,0,ikke?En,,,,,[],['Kristiania'],[],[]
389,0,ved,,,,,[],['Kristiania'],[],[]
390,0,en,,,,,[],['Kristiania'],[],[]
391,0,noget,,,,,[],['Kristiania'],[],[]
392,0,lignende,,,,,[],['Kristiania'],[],[]
393,0,lejlighed,,,,,[],['Kristiania'],[],[]
394,0,indvunden,,,,,[],['Kristiania'],[],[]
395,0,erfaring,,,,,[],['Kristiania'],[],[]
396,0,bringer,,,,,[],['Kristiania'],[],[]
397,0,mig,,,,,[],['Kristiania'],[],[]
398,0,til,,,,,[],['Kristiania'],[],[]
399,0,at,,,,,[],['Kristiania'],[],[]
400,0,foretrække,,,,,[],['Kristiania'],[],[]
401,0,en,,,,,[],['Kristiania'],[],[]
402,0,offentlig,,,,,[],['Kristiania'],[],[]
403,0,henvendelse,,,,,[],['Kristiania'],[],[]
404,0,fremfor,,,,,[],['Kristiania'],[],[]
405,0,privat,,,,,[],['Kristiania'],[],[]
406,0,brevskriveri.,,,,,[],['Kristiania'],[],[]
407,0,Det,,,,,[],['Kristiania'],[],[]
408,0,meget,,,,,[],['Kristiania'],[],[]
409,0,ærede,,,,,[],['Kristiania'],[],[]
410,0,repræsentantskab,,,,,[],['Kristiania'],[],[]
411,0,vil,,,,,[],['Kristiania'],[],[]
412,0,derfor,,,,,[],['Kristiania'],[],[]
413,0,godhedsfuldt,,,,,[],['Kristiania'],[],[]
414,0,tilgive,,,,,[],['Kristiania'],[],[]
415,0,at,,,,,[],['Kristiania'],[],[]
416,0,disse,,,,,[],['Kristiania'],[],[]
417,0,linjer,,,,,[],['Kristiania'],[],[]
418,0,fremkommer,,,,,[],['Kristiania'],[],[]
419,0,gennem,,,,,[],['Kristiania'],[],[]
420,0,pressen.,,,,,[],['Kristiania'],[],[]
