,,0,human_annotation,who,dacy_medium,spacy_trf,person,place,org,work
0,0,Saavidt,,,,,"['Hofmarschal Edholm', 'Orla Lehman', 'Etatsraad Krieger']",['Stokholm'],[],[]
1,0,jeg,,,,,"['Hofmarschal Edholm', 'Orla Lehman', 'Etatsraad Krieger']",['Stokholm'],[],[]
2,0,erindrer,,,,,"['Hofmarschal Edholm', 'Orla Lehman', 'Etatsraad Krieger']",['Stokholm'],[],[]
3,0,anmodede,,,,,"['Hofmarschal Edholm', 'Orla Lehman', 'Etatsraad Krieger']",['Stokholm'],[],[]
4,0,jeg,,,,,"['Hofmarschal Edholm', 'Orla Lehman', 'Etatsraad Krieger']",['Stokholm'],[],[]
5,0,Dem,,,,,"['Hofmarschal Edholm', 'Orla Lehman', 'Etatsraad Krieger']",['Stokholm'],[],[]
6,0,i,,,,,"['Hofmarschal Edholm', 'Orla Lehman', 'Etatsraad Krieger']",['Stokholm'],[],[]
7,0,mit,,,,,"['Hofmarschal Edholm', 'Orla Lehman', 'Etatsraad Krieger']",['Stokholm'],[],[]
8,0,sidste,,,,,"['Hofmarschal Edholm', 'Orla Lehman', 'Etatsraad Krieger']",['Stokholm'],[],[]
9,0,Brev,,,,,"['Hofmarschal Edholm', 'Orla Lehman', 'Etatsraad Krieger']",['Stokholm'],[],[]
10,0,"om,",,,,,"['Hofmarschal Edholm', 'Orla Lehman', 'Etatsraad Krieger']",['Stokholm'],[],[]
11,0,naar,,,,,"['Hofmarschal Edholm', 'Orla Lehman', 'Etatsraad Krieger']",['Stokholm'],[],[]
12,0,Tiden,,,,,"['Hofmarschal Edholm', 'Orla Lehman', 'Etatsraad Krieger']",['Stokholm'],[],[]
13,0,"kom,",,,,,"['Hofmarschal Edholm', 'Orla Lehman', 'Etatsraad Krieger']",['Stokholm'],[],[]
14,0,at,,,,,"['Hofmarschal Edholm', 'Orla Lehman', 'Etatsraad Krieger']",['Stokholm'],[],[]
15,0,sende,,,,,"['Hofmarschal Edholm', 'Orla Lehman', 'Etatsraad Krieger']",['Stokholm'],[],[]
16,0,mig,,,,,"['Hofmarschal Edholm', 'Orla Lehman', 'Etatsraad Krieger']",['Stokholm'],[],[]
17,0,min,,,,,"['Hofmarschal Edholm', 'Orla Lehman', 'Etatsraad Krieger']",['Stokholm'],[],[]
18,0,Gage,,,,,"['Hofmarschal Edholm', 'Orla Lehman', 'Etatsraad Krieger']",['Stokholm'],[],[]
19,0,for,,,,,"['Hofmarschal Edholm', 'Orla Lehman', 'Etatsraad Krieger']",['Stokholm'],[],[]
20,0,2det,,,,,"['Hofmarschal Edholm', 'Orla Lehman', 'Etatsraad Krieger']",['Stokholm'],[],[]
21,0,Kvartal,,,,,"['Hofmarschal Edholm', 'Orla Lehman', 'Etatsraad Krieger']",['Stokholm'],[],[]
22,0,d.,,,,,"['Hofmarschal Edholm', 'Orla Lehman', 'Etatsraad Krieger']",['Stokholm'],[],[]
23,0,A.,,,,,"['Hofmarschal Edholm', 'Orla Lehman', 'Etatsraad Krieger']",['Stokholm'],[],[]
24,0,Skulde,,,,,"['Hofmarschal Edholm', 'Orla Lehman', 'Etatsraad Krieger']",['Stokholm'],[],[]
25,0,jeg,,,,,"['Hofmarschal Edholm', 'Orla Lehman', 'Etatsraad Krieger']",['Stokholm'],[],[]
26,0,imidlertid,,,,,"['Hofmarschal Edholm', 'Orla Lehman', 'Etatsraad Krieger']",['Stokholm'],[],[]
27,0,have,,,,,"['Hofmarschal Edholm', 'Orla Lehman', 'Etatsraad Krieger']",['Stokholm'],[],[]
28,0,glemt,,,,,"['Hofmarschal Edholm', 'Orla Lehman', 'Etatsraad Krieger']",['Stokholm'],[],[]
29,0,"det,",,,,,"['Hofmarschal Edholm', 'Orla Lehman', 'Etatsraad Krieger']",['Stokholm'],[],[]
30,0,saa,,,,,"['Hofmarschal Edholm', 'Orla Lehman', 'Etatsraad Krieger']",['Stokholm'],[],[]
31,0,fremsættes,,,,,"['Hofmarschal Edholm', 'Orla Lehman', 'Etatsraad Krieger']",['Stokholm'],[],[]
32,0,herved,,,,,"['Hofmarschal Edholm', 'Orla Lehman', 'Etatsraad Krieger']",['Stokholm'],[],[]
33,0,Anmodningen,,,,,"['Hofmarschal Edholm', 'Orla Lehman', 'Etatsraad Krieger']",['Stokholm'],[],[]
34,0,med,,,,,"['Hofmarschal Edholm', 'Orla Lehman', 'Etatsraad Krieger']",['Stokholm'],[],[]
35,0,Tillføjende,,,,,"['Hofmarschal Edholm', 'Orla Lehman', 'Etatsraad Krieger']",['Stokholm'],[],[]
36,0,at,,,,,"['Hofmarschal Edholm', 'Orla Lehman', 'Etatsraad Krieger']",['Stokholm'],[],[]
37,0,jeg,,,,,"['Hofmarschal Edholm', 'Orla Lehman', 'Etatsraad Krieger']",['Stokholm'],[],[]
38,0,tillige,,,,,"['Hofmarschal Edholm', 'Orla Lehman', 'Etatsraad Krieger']",['Stokholm'],[],[]
39,0,ønsker,,,,,"['Hofmarschal Edholm', 'Orla Lehman', 'Etatsraad Krieger']",['Stokholm'],[],[]
40,0,udtaget,,,,,"['Hofmarschal Edholm', 'Orla Lehman', 'Etatsraad Krieger']",['Stokholm'],[],[]
41,0,af,,,,,"['Hofmarschal Edholm', 'Orla Lehman', 'Etatsraad Krieger']",['Stokholm'],[],[]
42,0,Banken,,,,,"['Hofmarschal Edholm', 'Orla Lehman', 'Etatsraad Krieger']",['Stokholm'],[],[]
43,0,og,,,,,"['Hofmarschal Edholm', 'Orla Lehman', 'Etatsraad Krieger']",['Stokholm'],[],[]
44,0,tillsendt,,,,,"['Hofmarschal Edholm', 'Orla Lehman', 'Etatsraad Krieger']",['Stokholm'],[],[]
45,0,100,,,,,"['Hofmarschal Edholm', 'Orla Lehman', 'Etatsraad Krieger']",['Stokholm'],[],[]
46,0,Sp,,,,,"['Hofmarschal Edholm', 'Orla Lehman', 'Etatsraad Krieger']",['Stokholm'],[],[]
47,0,–,,,,,"['Hofmarschal Edholm', 'Orla Lehman', 'Etatsraad Krieger']",['Stokholm'],[],[]
48,0,altsaa,,,,,"['Hofmarschal Edholm', 'Orla Lehman', 'Etatsraad Krieger']",['Stokholm'],[],[]
49,0,ialt,,,,,"['Hofmarschal Edholm', 'Orla Lehman', 'Etatsraad Krieger']",['Stokholm'],[],[]
50,0,200,,,,,"['Hofmarschal Edholm', 'Orla Lehman', 'Etatsraad Krieger']",['Stokholm'],[],[]
51,0,Sp;,,,,,"['Hofmarschal Edholm', 'Orla Lehman', 'Etatsraad Krieger']",['Stokholm'],[],[]
52,0,jeg,,,,,"['Hofmarschal Edholm', 'Orla Lehman', 'Etatsraad Krieger']",['Stokholm'],[],[]
53,0,kommer,,,,,"['Hofmarschal Edholm', 'Orla Lehman', 'Etatsraad Krieger']",['Stokholm'],[],[]
54,0,nemlig,,,,,"['Hofmarschal Edholm', 'Orla Lehman', 'Etatsraad Krieger']",['Stokholm'],[],[]
55,0,i,,,,,"['Hofmarschal Edholm', 'Orla Lehman', 'Etatsraad Krieger']",['Stokholm'],[],[]
56,0,denne,,,,,"['Hofmarschal Edholm', 'Orla Lehman', 'Etatsraad Krieger']",['Stokholm'],[],[]
57,0,Maaned,,,,,"['Hofmarschal Edholm', 'Orla Lehman', 'Etatsraad Krieger']",['Stokholm'],[],[]
58,0,till,,,,,"['Hofmarschal Edholm', 'Orla Lehman', 'Etatsraad Krieger']",['Stokholm'],[],[]
59,0,at,,,,,"['Hofmarschal Edholm', 'Orla Lehman', 'Etatsraad Krieger']",['Stokholm'],[],[]
60,0,rejse,,,,,"['Hofmarschal Edholm', 'Orla Lehman', 'Etatsraad Krieger']",['Stokholm'],[],[]
61,0,till,,,,,"['Hofmarschal Edholm', 'Orla Lehman', 'Etatsraad Krieger']",['Stokholm'],[],[]
62,0,Stokholm,,,,,"['Hofmarschal Edholm', 'Orla Lehman', 'Etatsraad Krieger']",['Stokholm'],[],[]
63,0,og,,,,,"['Hofmarschal Edholm', 'Orla Lehman', 'Etatsraad Krieger']",['Stokholm'],[],[]
64,0,det,,,,,"['Hofmarschal Edholm', 'Orla Lehman', 'Etatsraad Krieger']",['Stokholm'],[],[]
65,0,ansøgte,,,,,"['Hofmarschal Edholm', 'Orla Lehman', 'Etatsraad Krieger']",['Stokholm'],[],[]
66,0,"Stipendium,",,,,,"['Hofmarschal Edholm', 'Orla Lehman', 'Etatsraad Krieger']",['Stokholm'],[],[]
67,0,som,,,,,"['Hofmarschal Edholm', 'Orla Lehman', 'Etatsraad Krieger']",['Stokholm'],[],[]
68,0,jeg,,,,,"['Hofmarschal Edholm', 'Orla Lehman', 'Etatsraad Krieger']",['Stokholm'],[],[]
69,0,haaber,,,,,"['Hofmarschal Edholm', 'Orla Lehman', 'Etatsraad Krieger']",['Stokholm'],[],[]
70,0,at,,,,,"['Hofmarschal Edholm', 'Orla Lehman', 'Etatsraad Krieger']",['Stokholm'],[],[]
71,0,"faa,",,,,,"['Hofmarschal Edholm', 'Orla Lehman', 'Etatsraad Krieger']",['Stokholm'],[],[]
72,0,har,,,,,"['Hofmarschal Edholm', 'Orla Lehman', 'Etatsraad Krieger']",['Stokholm'],[],[]
73,0,jeg,,,,,"['Hofmarschal Edholm', 'Orla Lehman', 'Etatsraad Krieger']",['Stokholm'],[],[]
74,0,endnu,,,,,"['Hofmarschal Edholm', 'Orla Lehman', 'Etatsraad Krieger']",['Stokholm'],[],[]
75,0,ikke,,,,,"['Hofmarschal Edholm', 'Orla Lehman', 'Etatsraad Krieger']",['Stokholm'],[],[]
76,0,hørt,,,,,"['Hofmarschal Edholm', 'Orla Lehman', 'Etatsraad Krieger']",['Stokholm'],[],[]
77,0,noget,,,,,"['Hofmarschal Edholm', 'Orla Lehman', 'Etatsraad Krieger']",['Stokholm'],[],[]
78,0,om;,,,,,"['Hofmarschal Edholm', 'Orla Lehman', 'Etatsraad Krieger']",['Stokholm'],[],[]
79,0,jeg,,,,,"['Hofmarschal Edholm', 'Orla Lehman', 'Etatsraad Krieger']",['Stokholm'],[],[]
80,0,maa,,,,,"['Hofmarschal Edholm', 'Orla Lehman', 'Etatsraad Krieger']",['Stokholm'],[],[]
81,0,derfor,,,,,"['Hofmarschal Edholm', 'Orla Lehman', 'Etatsraad Krieger']",['Stokholm'],[],[]
82,0,gjøre,,,,,"['Hofmarschal Edholm', 'Orla Lehman', 'Etatsraad Krieger']",['Stokholm'],[],[]
83,0,Udlægget,,,,,"['Hofmarschal Edholm', 'Orla Lehman', 'Etatsraad Krieger']",['Stokholm'],[],[]
84,0,saalænge.,,,,,"['Hofmarschal Edholm', 'Orla Lehman', 'Etatsraad Krieger']",['Stokholm'],[],[]
85,0,Det,,,,,"['Hofmarschal Edholm', 'Orla Lehman', 'Etatsraad Krieger']",['Stokholm'],[],[]
86,0,vilde,,,,,"['Hofmarschal Edholm', 'Orla Lehman', 'Etatsraad Krieger']",['Stokholm'],[],[]
87,0,være,,,,,"['Hofmarschal Edholm', 'Orla Lehman', 'Etatsraad Krieger']",['Stokholm'],[],[]
88,0,mig,,,,,"['Hofmarschal Edholm', 'Orla Lehman', 'Etatsraad Krieger']",['Stokholm'],[],[]
89,0,meget,,,,,"['Hofmarschal Edholm', 'Orla Lehman', 'Etatsraad Krieger']",['Stokholm'],[],[]
90,0,kjært,,,,,"['Hofmarschal Edholm', 'Orla Lehman', 'Etatsraad Krieger']",['Stokholm'],[],[]
91,0,at,,,,,"['Hofmarschal Edholm', 'Orla Lehman', 'Etatsraad Krieger']",['Stokholm'],[],[]
92,0,faa,,,,,"['Hofmarschal Edholm', 'Orla Lehman', 'Etatsraad Krieger']",['Stokholm'],[],[]
93,0,Pengene,,,,,"['Hofmarschal Edholm', 'Orla Lehman', 'Etatsraad Krieger']",['Stokholm'],[],[]
94,0,med,,,,,"['Hofmarschal Edholm', 'Orla Lehman', 'Etatsraad Krieger']",['Stokholm'],[],[]
95,0,omgaaende,,,,,"['Hofmarschal Edholm', 'Orla Lehman', 'Etatsraad Krieger']",['Stokholm'],[],[]
96,0,Post.,,,,,"['Hofmarschal Edholm', 'Orla Lehman', 'Etatsraad Krieger']",['Stokholm'],[],[]
97,0,Mit,,,,,"['Hofmarschal Edholm', 'Orla Lehman', 'Etatsraad Krieger']",['Stokholm'],[],[]
98,0,nye,,,,,"['Hofmarschal Edholm', 'Orla Lehman', 'Etatsraad Krieger']",['Stokholm'],[],[]
99,0,Stykke,,,,,"['Hofmarschal Edholm', 'Orla Lehman', 'Etatsraad Krieger']",['Stokholm'],[],[]
100,0,er,,,,,"['Hofmarschal Edholm', 'Orla Lehman', 'Etatsraad Krieger']",['Stokholm'],[],[]
101,0,indleveret,,,,,"['Hofmarschal Edholm', 'Orla Lehman', 'Etatsraad Krieger']",['Stokholm'],[],[]
102,0,till,,,,,"['Hofmarschal Edholm', 'Orla Lehman', 'Etatsraad Krieger']",['Stokholm'],[],[]
103,0,alle,,,,,"['Hofmarschal Edholm', 'Orla Lehman', 'Etatsraad Krieger']",['Stokholm'],[],[]
104,0,tre,,,,,"['Hofmarschal Edholm', 'Orla Lehman', 'Etatsraad Krieger']",['Stokholm'],[],[]
105,0,Hovedstadstheatre;,,,,,"['Hofmarschal Edholm', 'Orla Lehman', 'Etatsraad Krieger']",['Stokholm'],[],[]
106,0,jeg,,,,,"['Hofmarschal Edholm', 'Orla Lehman', 'Etatsraad Krieger']",['Stokholm'],[],[]
107,0,haaber,,,,,"['Hofmarschal Edholm', 'Orla Lehman', 'Etatsraad Krieger']",['Stokholm'],[],[]
108,0,det,,,,,"['Hofmarschal Edholm', 'Orla Lehman', 'Etatsraad Krieger']",['Stokholm'],[],[]
109,0,kommer,,,,,"['Hofmarschal Edholm', 'Orla Lehman', 'Etatsraad Krieger']",['Stokholm'],[],[]
110,0,till,,,,,"['Hofmarschal Edholm', 'Orla Lehman', 'Etatsraad Krieger']",['Stokholm'],[],[]
111,0,Oppførelse,,,,,"['Hofmarschal Edholm', 'Orla Lehman', 'Etatsraad Krieger']",['Stokholm'],[],[]
112,0,ivinter.,,,,,"['Hofmarschal Edholm', 'Orla Lehman', 'Etatsraad Krieger']",['Stokholm'],[],[]
113,0,Chefen,,,,,"['Hofmarschal Edholm', 'Orla Lehman', 'Etatsraad Krieger']",['Stokholm'],[],[]
114,0,for,,,,,"['Hofmarschal Edholm', 'Orla Lehman', 'Etatsraad Krieger']",['Stokholm'],[],[]
115,0,det,,,,,"['Hofmarschal Edholm', 'Orla Lehman', 'Etatsraad Krieger']",['Stokholm'],[],[]
116,0,stokholmske,,,,,"['Hofmarschal Edholm', 'Orla Lehman', 'Etatsraad Krieger']",['Stokholm'],[],[]
117,0,"Theater,",,,,,"['Hofmarschal Edholm', 'Orla Lehman', 'Etatsraad Krieger']",['Stokholm'],[],[]
118,0,Hofmarschal,,,,,"['Hofmarschal Edholm', 'Orla Lehman', 'Etatsraad Krieger']",['Stokholm'],[],[]
119,0,Edholm,,,,,"['Hofmarschal Edholm', 'Orla Lehman', 'Etatsraad Krieger']",['Stokholm'],[],[]
120,0,oppsøgte,,,,,"['Hofmarschal Edholm', 'Orla Lehman', 'Etatsraad Krieger']",['Stokholm'],[],[]
121,0,mig,,,,,"['Hofmarschal Edholm', 'Orla Lehman', 'Etatsraad Krieger']",['Stokholm'],[],[]
122,0,paa,,,,,"['Hofmarschal Edholm', 'Orla Lehman', 'Etatsraad Krieger']",['Stokholm'],[],[]
123,0,Gjennemrejse,,,,,"['Hofmarschal Edholm', 'Orla Lehman', 'Etatsraad Krieger']",['Stokholm'],[],[]
124,0,hersteds;,,,,,"['Hofmarschal Edholm', 'Orla Lehman', 'Etatsraad Krieger']",['Stokholm'],[],[]
125,0,desværre,,,,,"['Hofmarschal Edholm', 'Orla Lehman', 'Etatsraad Krieger']",['Stokholm'],[],[]
126,0,traf,,,,,"['Hofmarschal Edholm', 'Orla Lehman', 'Etatsraad Krieger']",['Stokholm'],[],[]
127,0,jeg,,,,,"['Hofmarschal Edholm', 'Orla Lehman', 'Etatsraad Krieger']",['Stokholm'],[],[]
128,0,ham,,,,,"['Hofmarschal Edholm', 'Orla Lehman', 'Etatsraad Krieger']",['Stokholm'],[],[]
129,0,ikke;,,,,,"['Hofmarschal Edholm', 'Orla Lehman', 'Etatsraad Krieger']",['Stokholm'],[],[]
130,0,men,,,,,"['Hofmarschal Edholm', 'Orla Lehman', 'Etatsraad Krieger']",['Stokholm'],[],[]
131,0,alt,,,,,"['Hofmarschal Edholm', 'Orla Lehman', 'Etatsraad Krieger']",['Stokholm'],[],[]
132,0,er,,,,,"['Hofmarschal Edholm', 'Orla Lehman', 'Etatsraad Krieger']",['Stokholm'],[],[]
133,0,i,,,,,"['Hofmarschal Edholm', 'Orla Lehman', 'Etatsraad Krieger']",['Stokholm'],[],[]
134,0,bedste,,,,,"['Hofmarschal Edholm', 'Orla Lehman', 'Etatsraad Krieger']",['Stokholm'],[],[]
135,0,Gang.,,,,,"['Hofmarschal Edholm', 'Orla Lehman', 'Etatsraad Krieger']",['Stokholm'],[],[]
136,0,Forøvrigt,,,,,"['Hofmarschal Edholm', 'Orla Lehman', 'Etatsraad Krieger']",['Stokholm'],[],[]
137,0,lever,,,,,"['Hofmarschal Edholm', 'Orla Lehman', 'Etatsraad Krieger']",['Stokholm'],[],[]
138,0,vi,,,,,"['Hofmarschal Edholm', 'Orla Lehman', 'Etatsraad Krieger']",['Stokholm'],[],[]
139,0,alle,,,,,"['Hofmarschal Edholm', 'Orla Lehman', 'Etatsraad Krieger']",['Stokholm'],[],[]
140,0,vel.,,,,,"['Hofmarschal Edholm', 'Orla Lehman', 'Etatsraad Krieger']",['Stokholm'],[],[]
141,0,Orla,,,,,"['Hofmarschal Edholm', 'Orla Lehman', 'Etatsraad Krieger']",['Stokholm'],[],[]
142,0,Lehman,,,,,"['Hofmarschal Edholm', 'Orla Lehman', 'Etatsraad Krieger']",['Stokholm'],[],[]
143,0,og,,,,,"['Hofmarschal Edholm', 'Orla Lehman', 'Etatsraad Krieger']",['Stokholm'],[],[]
144,0,Etatsraad,,,,,"['Hofmarschal Edholm', 'Orla Lehman', 'Etatsraad Krieger']",['Stokholm'],[],[]
145,0,Krieger,,,,,"['Hofmarschal Edholm', 'Orla Lehman', 'Etatsraad Krieger']",['Stokholm'],[],[]
146,0,har,,,,,"['Hofmarschal Edholm', 'Orla Lehman', 'Etatsraad Krieger']",['Stokholm'],[],[]
147,0,besøgt,,,,,"['Hofmarschal Edholm', 'Orla Lehman', 'Etatsraad Krieger']",['Stokholm'],[],[]
148,0,"os,",,,,,"['Hofmarschal Edholm', 'Orla Lehman', 'Etatsraad Krieger']",['Stokholm'],[],[]
149,0,og,,,,,"['Hofmarschal Edholm', 'Orla Lehman', 'Etatsraad Krieger']",['Stokholm'],[],[]
150,0,jeg,,,,,"['Hofmarschal Edholm', 'Orla Lehman', 'Etatsraad Krieger']",['Stokholm'],[],[]
151,0,har,,,,,"['Hofmarschal Edholm', 'Orla Lehman', 'Etatsraad Krieger']",['Stokholm'],[],[]
152,0,allerede,,,,,"['Hofmarschal Edholm', 'Orla Lehman', 'Etatsraad Krieger']",['Stokholm'],[],[]
153,0,Planen,,,,,"['Hofmarschal Edholm', 'Orla Lehman', 'Etatsraad Krieger']",['Stokholm'],[],[]
154,0,till,,,,,"['Hofmarschal Edholm', 'Orla Lehman', 'Etatsraad Krieger']",['Stokholm'],[],[]
155,0,et,,,,,"['Hofmarschal Edholm', 'Orla Lehman', 'Etatsraad Krieger']",['Stokholm'],[],[]
156,0,nyt,,,,,"['Hofmarschal Edholm', 'Orla Lehman', 'Etatsraad Krieger']",['Stokholm'],[],[]
157,0,Arbejde,,,,,"['Hofmarschal Edholm', 'Orla Lehman', 'Etatsraad Krieger']",['Stokholm'],[],[]
158,0,færdig.,,,,,"['Hofmarschal Edholm', 'Orla Lehman', 'Etatsraad Krieger']",['Stokholm'],[],[]
159,0,Med,,,,,"['Hofmarschal Edholm', 'Orla Lehman', 'Etatsraad Krieger']",['Stokholm'],[],[]
160,0,mange,,,,,"['Hofmarschal Edholm', 'Orla Lehman', 'Etatsraad Krieger']",['Stokholm'],[],[]
161,0,Hilsener,,,,,"['Hofmarschal Edholm', 'Orla Lehman', 'Etatsraad Krieger']",['Stokholm'],[],[]
162,0,og,,,,,"['Hofmarschal Edholm', 'Orla Lehman', 'Etatsraad Krieger']",['Stokholm'],[],[]
163,0,i,,,,,"['Hofmarschal Edholm', 'Orla Lehman', 'Etatsraad Krieger']",['Stokholm'],[],[]
164,0,Haab,,,,,"['Hofmarschal Edholm', 'Orla Lehman', 'Etatsraad Krieger']",['Stokholm'],[],[]
165,0,om,,,,,"['Hofmarschal Edholm', 'Orla Lehman', 'Etatsraad Krieger']",['Stokholm'],[],[]
166,0,snart,,,,,"['Hofmarschal Edholm', 'Orla Lehman', 'Etatsraad Krieger']",['Stokholm'],[],[]
167,0,at,,,,,"['Hofmarschal Edholm', 'Orla Lehman', 'Etatsraad Krieger']",['Stokholm'],[],[]
168,0,høre,,,,,"['Hofmarschal Edholm', 'Orla Lehman', 'Etatsraad Krieger']",['Stokholm'],[],[]
169,0,fra,,,,,"['Hofmarschal Edholm', 'Orla Lehman', 'Etatsraad Krieger']",['Stokholm'],[],[]
170,0,"Dem,",,,,,"['Hofmarschal Edholm', 'Orla Lehman', 'Etatsraad Krieger']",['Stokholm'],[],[]
171,0,tegner,,,,,"['Hofmarschal Edholm', 'Orla Lehman', 'Etatsraad Krieger']",['Stokholm'],[],[]
172,0,jeg,,,,,"['Hofmarschal Edholm', 'Orla Lehman', 'Etatsraad Krieger']",['Stokholm'],[],[]
173,0,mig,,,,,"['Hofmarschal Edholm', 'Orla Lehman', 'Etatsraad Krieger']",['Stokholm'],[],[]
