,,0,human_annotation,who,dacy_medium,spacy_trf,person,place,org,work
0,0,Deres,,,,,"['Cancelliraad Hegel', 'Chr: Richardt', 'Bjørnsons', 'Chr: Janson']","['Danmark', 'Neapel', 'hernede']",[],['Et større forestaaende Arbejde']
1,0,meget,,,,,"['Cancelliraad Hegel', 'Chr: Richardt', 'Bjørnsons', 'Chr: Janson']","['Danmark', 'Neapel', 'hernede']",[],['Et større forestaaende Arbejde']
2,0,ærede,,,,,"['Cancelliraad Hegel', 'Chr: Richardt', 'Bjørnsons', 'Chr: Janson']","['Danmark', 'Neapel', 'hernede']",[],['Et større forestaaende Arbejde']
3,0,og,,,,,"['Cancelliraad Hegel', 'Chr: Richardt', 'Bjørnsons', 'Chr: Janson']","['Danmark', 'Neapel', 'hernede']",[],['Et større forestaaende Arbejde']
4,0,forbindtlige,,,,,"['Cancelliraad Hegel', 'Chr: Richardt', 'Bjørnsons', 'Chr: Janson']","['Danmark', 'Neapel', 'hernede']",[],['Et større forestaaende Arbejde']
5,0,"Skrivelse,",,,,,"['Cancelliraad Hegel', 'Chr: Richardt', 'Bjørnsons', 'Chr: Janson']","['Danmark', 'Neapel', 'hernede']",[],['Et større forestaaende Arbejde']
6,0,som,,,,,"['Cancelliraad Hegel', 'Chr: Richardt', 'Bjørnsons', 'Chr: Janson']","['Danmark', 'Neapel', 'hernede']",[],['Et større forestaaende Arbejde']
7,0,jeg,,,,,"['Cancelliraad Hegel', 'Chr: Richardt', 'Bjørnsons', 'Chr: Janson']","['Danmark', 'Neapel', 'hernede']",[],['Et større forestaaende Arbejde']
8,0,igaar,,,,,"['Cancelliraad Hegel', 'Chr: Richardt', 'Bjørnsons', 'Chr: Janson']","['Danmark', 'Neapel', 'hernede']",[],['Et større forestaaende Arbejde']
9,0,"modtog,",,,,,"['Cancelliraad Hegel', 'Chr: Richardt', 'Bjørnsons', 'Chr: Janson']","['Danmark', 'Neapel', 'hernede']",[],['Et større forestaaende Arbejde']
10,0,skynder,,,,,"['Cancelliraad Hegel', 'Chr: Richardt', 'Bjørnsons', 'Chr: Janson']","['Danmark', 'Neapel', 'hernede']",[],['Et større forestaaende Arbejde']
11,0,jeg,,,,,"['Cancelliraad Hegel', 'Chr: Richardt', 'Bjørnsons', 'Chr: Janson']","['Danmark', 'Neapel', 'hernede']",[],['Et større forestaaende Arbejde']
12,0,"mig,",,,,,"['Cancelliraad Hegel', 'Chr: Richardt', 'Bjørnsons', 'Chr: Janson']","['Danmark', 'Neapel', 'hernede']",[],['Et større forestaaende Arbejde']
13,0,ifølge,,,,,"['Cancelliraad Hegel', 'Chr: Richardt', 'Bjørnsons', 'Chr: Janson']","['Danmark', 'Neapel', 'hernede']",[],['Et større forestaaende Arbejde']
14,0,Deres,,,,,"['Cancelliraad Hegel', 'Chr: Richardt', 'Bjørnsons', 'Chr: Janson']","['Danmark', 'Neapel', 'hernede']",[],['Et større forestaaende Arbejde']
15,0,"Ønske,",,,,,"['Cancelliraad Hegel', 'Chr: Richardt', 'Bjørnsons', 'Chr: Janson']","['Danmark', 'Neapel', 'hernede']",[],['Et større forestaaende Arbejde']
16,0,at,,,,,"['Cancelliraad Hegel', 'Chr: Richardt', 'Bjørnsons', 'Chr: Janson']","['Danmark', 'Neapel', 'hernede']",[],['Et større forestaaende Arbejde']
17,0,"besvare,",,,,,"['Cancelliraad Hegel', 'Chr: Richardt', 'Bjørnsons', 'Chr: Janson']","['Danmark', 'Neapel', 'hernede']",[],['Et større forestaaende Arbejde']
18,0,idet,,,,,"['Cancelliraad Hegel', 'Chr: Richardt', 'Bjørnsons', 'Chr: Janson']","['Danmark', 'Neapel', 'hernede']",[],['Et større forestaaende Arbejde']
19,0,jeg,,,,,"['Cancelliraad Hegel', 'Chr: Richardt', 'Bjørnsons', 'Chr: Janson']","['Danmark', 'Neapel', 'hernede']",[],['Et større forestaaende Arbejde']
20,0,desværre,,,,,"['Cancelliraad Hegel', 'Chr: Richardt', 'Bjørnsons', 'Chr: Janson']","['Danmark', 'Neapel', 'hernede']",[],['Et større forestaaende Arbejde']
21,0,maa,,,,,"['Cancelliraad Hegel', 'Chr: Richardt', 'Bjørnsons', 'Chr: Janson']","['Danmark', 'Neapel', 'hernede']",[],['Et større forestaaende Arbejde']
22,0,erklære,,,,,"['Cancelliraad Hegel', 'Chr: Richardt', 'Bjørnsons', 'Chr: Janson']","['Danmark', 'Neapel', 'hernede']",[],['Et større forestaaende Arbejde']
23,0,det,,,,,"['Cancelliraad Hegel', 'Chr: Richardt', 'Bjørnsons', 'Chr: Janson']","['Danmark', 'Neapel', 'hernede']",[],['Et større forestaaende Arbejde']
24,0,for,,,,,"['Cancelliraad Hegel', 'Chr: Richardt', 'Bjørnsons', 'Chr: Janson']","['Danmark', 'Neapel', 'hernede']",[],['Et større forestaaende Arbejde']
25,0,en,,,,,"['Cancelliraad Hegel', 'Chr: Richardt', 'Bjørnsons', 'Chr: Janson']","['Danmark', 'Neapel', 'hernede']",[],['Et større forestaaende Arbejde']
26,0,Umulighed,,,,,"['Cancelliraad Hegel', 'Chr: Richardt', 'Bjørnsons', 'Chr: Janson']","['Danmark', 'Neapel', 'hernede']",[],['Et større forestaaende Arbejde']
27,0,at,,,,,"['Cancelliraad Hegel', 'Chr: Richardt', 'Bjørnsons', 'Chr: Janson']","['Danmark', 'Neapel', 'hernede']",[],['Et større forestaaende Arbejde']
28,0,kunne,,,,,"['Cancelliraad Hegel', 'Chr: Richardt', 'Bjørnsons', 'Chr: Janson']","['Danmark', 'Neapel', 'hernede']",[],['Et større forestaaende Arbejde']
29,0,levere,,,,,"['Cancelliraad Hegel', 'Chr: Richardt', 'Bjørnsons', 'Chr: Janson']","['Danmark', 'Neapel', 'hernede']",[],['Et større forestaaende Arbejde']
30,0,noget,,,,,"['Cancelliraad Hegel', 'Chr: Richardt', 'Bjørnsons', 'Chr: Janson']","['Danmark', 'Neapel', 'hernede']",[],['Et større forestaaende Arbejde']
31,0,Bidrag,,,,,"['Cancelliraad Hegel', 'Chr: Richardt', 'Bjørnsons', 'Chr: Janson']","['Danmark', 'Neapel', 'hernede']",[],['Et større forestaaende Arbejde']
32,0,till,,,,,"['Cancelliraad Hegel', 'Chr: Richardt', 'Bjørnsons', 'Chr: Janson']","['Danmark', 'Neapel', 'hernede']",[],['Et større forestaaende Arbejde']
33,0,den,,,,,"['Cancelliraad Hegel', 'Chr: Richardt', 'Bjørnsons', 'Chr: Janson']","['Danmark', 'Neapel', 'hernede']",[],['Et større forestaaende Arbejde']
34,0,paatænkte,,,,,"['Cancelliraad Hegel', 'Chr: Richardt', 'Bjørnsons', 'Chr: Janson']","['Danmark', 'Neapel', 'hernede']",[],['Et større forestaaende Arbejde']
35,0,Julebog.,,,,,"['Cancelliraad Hegel', 'Chr: Richardt', 'Bjørnsons', 'Chr: Janson']","['Danmark', 'Neapel', 'hernede']",[],['Et større forestaaende Arbejde']
36,0,Et,,,,,"['Cancelliraad Hegel', 'Chr: Richardt', 'Bjørnsons', 'Chr: Janson']","['Danmark', 'Neapel', 'hernede']",[],['Et større forestaaende Arbejde']
37,0,større,,,,,"['Cancelliraad Hegel', 'Chr: Richardt', 'Bjørnsons', 'Chr: Janson']","['Danmark', 'Neapel', 'hernede']",[],['Et større forestaaende Arbejde']
38,0,forestaaende,,,,,"['Cancelliraad Hegel', 'Chr: Richardt', 'Bjørnsons', 'Chr: Janson']","['Danmark', 'Neapel', 'hernede']",[],['Et større forestaaende Arbejde']
39,0,Arbejde,,,,,"['Cancelliraad Hegel', 'Chr: Richardt', 'Bjørnsons', 'Chr: Janson']","['Danmark', 'Neapel', 'hernede']",[],['Et større forestaaende Arbejde']
40,0,opptager,,,,,"['Cancelliraad Hegel', 'Chr: Richardt', 'Bjørnsons', 'Chr: Janson']","['Danmark', 'Neapel', 'hernede']",[],['Et større forestaaende Arbejde']
41,0,alle,,,,,"['Cancelliraad Hegel', 'Chr: Richardt', 'Bjørnsons', 'Chr: Janson']","['Danmark', 'Neapel', 'hernede']",[],['Et større forestaaende Arbejde']
42,0,mine,,,,,"['Cancelliraad Hegel', 'Chr: Richardt', 'Bjørnsons', 'Chr: Janson']","['Danmark', 'Neapel', 'hernede']",[],['Et større forestaaende Arbejde']
43,0,Tanker,,,,,"['Cancelliraad Hegel', 'Chr: Richardt', 'Bjørnsons', 'Chr: Janson']","['Danmark', 'Neapel', 'hernede']",[],['Et større forestaaende Arbejde']
44,0,og,,,,,"['Cancelliraad Hegel', 'Chr: Richardt', 'Bjørnsons', 'Chr: Janson']","['Danmark', 'Neapel', 'hernede']",[],['Et større forestaaende Arbejde']
45,0,al,,,,,"['Cancelliraad Hegel', 'Chr: Richardt', 'Bjørnsons', 'Chr: Janson']","['Danmark', 'Neapel', 'hernede']",[],['Et større forestaaende Arbejde']
46,0,min,,,,,"['Cancelliraad Hegel', 'Chr: Richardt', 'Bjørnsons', 'Chr: Janson']","['Danmark', 'Neapel', 'hernede']",[],['Et større forestaaende Arbejde']
47,0,"Tid,",,,,,"['Cancelliraad Hegel', 'Chr: Richardt', 'Bjørnsons', 'Chr: Janson']","['Danmark', 'Neapel', 'hernede']",[],['Et større forestaaende Arbejde']
48,0,hvorfor,,,,,"['Cancelliraad Hegel', 'Chr: Richardt', 'Bjørnsons', 'Chr: Janson']","['Danmark', 'Neapel', 'hernede']",[],['Et større forestaaende Arbejde']
49,0,jeg,,,,,"['Cancelliraad Hegel', 'Chr: Richardt', 'Bjørnsons', 'Chr: Janson']","['Danmark', 'Neapel', 'hernede']",[],['Et større forestaaende Arbejde']
50,0,ogsaa,,,,,"['Cancelliraad Hegel', 'Chr: Richardt', 'Bjørnsons', 'Chr: Janson']","['Danmark', 'Neapel', 'hernede']",[],['Et større forestaaende Arbejde']
51,0,tilltrods,,,,,"['Cancelliraad Hegel', 'Chr: Richardt', 'Bjørnsons', 'Chr: Janson']","['Danmark', 'Neapel', 'hernede']",[],['Et større forestaaende Arbejde']
52,0,for,,,,,"['Cancelliraad Hegel', 'Chr: Richardt', 'Bjørnsons', 'Chr: Janson']","['Danmark', 'Neapel', 'hernede']",[],['Et større forestaaende Arbejde']
53,0,mit,,,,,"['Cancelliraad Hegel', 'Chr: Richardt', 'Bjørnsons', 'Chr: Janson']","['Danmark', 'Neapel', 'hernede']",[],['Et større forestaaende Arbejde']
54,0,tidligere,,,,,"['Cancelliraad Hegel', 'Chr: Richardt', 'Bjørnsons', 'Chr: Janson']","['Danmark', 'Neapel', 'hernede']",[],['Et større forestaaende Arbejde']
55,0,givne,,,,,"['Cancelliraad Hegel', 'Chr: Richardt', 'Bjørnsons', 'Chr: Janson']","['Danmark', 'Neapel', 'hernede']",[],['Et større forestaaende Arbejde']
56,0,Tillsagn,,,,,"['Cancelliraad Hegel', 'Chr: Richardt', 'Bjørnsons', 'Chr: Janson']","['Danmark', 'Neapel', 'hernede']",[],['Et større forestaaende Arbejde']
57,0,saavel,,,,,"['Cancelliraad Hegel', 'Chr: Richardt', 'Bjørnsons', 'Chr: Janson']","['Danmark', 'Neapel', 'hernede']",[],['Et større forestaaende Arbejde']
58,0,till,,,,,"['Cancelliraad Hegel', 'Chr: Richardt', 'Bjørnsons', 'Chr: Janson']","['Danmark', 'Neapel', 'hernede']",[],['Et større forestaaende Arbejde']
59,0,Cancelliraad,,,,,"['Cancelliraad Hegel', 'Chr: Richardt', 'Bjørnsons', 'Chr: Janson']","['Danmark', 'Neapel', 'hernede']",[],['Et større forestaaende Arbejde']
60,0,Hegel,,,,,"['Cancelliraad Hegel', 'Chr: Richardt', 'Bjørnsons', 'Chr: Janson']","['Danmark', 'Neapel', 'hernede']",[],['Et større forestaaende Arbejde']
61,0,som,,,,,"['Cancelliraad Hegel', 'Chr: Richardt', 'Bjørnsons', 'Chr: Janson']","['Danmark', 'Neapel', 'hernede']",[],['Et større forestaaende Arbejde']
62,0,till,,,,,"['Cancelliraad Hegel', 'Chr: Richardt', 'Bjørnsons', 'Chr: Janson']","['Danmark', 'Neapel', 'hernede']",[],['Et større forestaaende Arbejde']
63,0,Digteren,,,,,"['Cancelliraad Hegel', 'Chr: Richardt', 'Bjørnsons', 'Chr: Janson']","['Danmark', 'Neapel', 'hernede']",[],['Et større forestaaende Arbejde']
64,0,Chr:,,,,,"['Cancelliraad Hegel', 'Chr: Richardt', 'Bjørnsons', 'Chr: Janson']","['Danmark', 'Neapel', 'hernede']",[],['Et større forestaaende Arbejde']
65,0,Richardt,,,,,"['Cancelliraad Hegel', 'Chr: Richardt', 'Bjørnsons', 'Chr: Janson']","['Danmark', 'Neapel', 'hernede']",[],['Et større forestaaende Arbejde']
66,0,ikke,,,,,"['Cancelliraad Hegel', 'Chr: Richardt', 'Bjørnsons', 'Chr: Janson']","['Danmark', 'Neapel', 'hernede']",[],['Et større forestaaende Arbejde']
67,0,ser,,,,,"['Cancelliraad Hegel', 'Chr: Richardt', 'Bjørnsons', 'Chr: Janson']","['Danmark', 'Neapel', 'hernede']",[],['Et større forestaaende Arbejde']
68,0,mig,,,,,"['Cancelliraad Hegel', 'Chr: Richardt', 'Bjørnsons', 'Chr: Janson']","['Danmark', 'Neapel', 'hernede']",[],['Et større forestaaende Arbejde']
69,0,istand,,,,,"['Cancelliraad Hegel', 'Chr: Richardt', 'Bjørnsons', 'Chr: Janson']","['Danmark', 'Neapel', 'hernede']",[],['Et større forestaaende Arbejde']
70,0,till,,,,,"['Cancelliraad Hegel', 'Chr: Richardt', 'Bjørnsons', 'Chr: Janson']","['Danmark', 'Neapel', 'hernede']",[],['Et større forestaaende Arbejde']
71,0,at,,,,,"['Cancelliraad Hegel', 'Chr: Richardt', 'Bjørnsons', 'Chr: Janson']","['Danmark', 'Neapel', 'hernede']",[],['Et større forestaaende Arbejde']
72,0,assistere,,,,,"['Cancelliraad Hegel', 'Chr: Richardt', 'Bjørnsons', 'Chr: Janson']","['Danmark', 'Neapel', 'hernede']",[],['Et større forestaaende Arbejde']
73,0,ved,,,,,"['Cancelliraad Hegel', 'Chr: Richardt', 'Bjørnsons', 'Chr: Janson']","['Danmark', 'Neapel', 'hernede']",[],['Et større forestaaende Arbejde']
74,0,et,,,,,"['Cancelliraad Hegel', 'Chr: Richardt', 'Bjørnsons', 'Chr: Janson']","['Danmark', 'Neapel', 'hernede']",[],['Et større forestaaende Arbejde']
75,0,i,,,,,"['Cancelliraad Hegel', 'Chr: Richardt', 'Bjørnsons', 'Chr: Janson']","['Danmark', 'Neapel', 'hernede']",[],['Et større forestaaende Arbejde']
76,0,Danmark,,,,,"['Cancelliraad Hegel', 'Chr: Richardt', 'Bjørnsons', 'Chr: Janson']","['Danmark', 'Neapel', 'hernede']",[],['Et større forestaaende Arbejde']
77,0,paatænkt,,,,,"['Cancelliraad Hegel', 'Chr: Richardt', 'Bjørnsons', 'Chr: Janson']","['Danmark', 'Neapel', 'hernede']",[],['Et større forestaaende Arbejde']
78,0,lignende,,,,,"['Cancelliraad Hegel', 'Chr: Richardt', 'Bjørnsons', 'Chr: Janson']","['Danmark', 'Neapel', 'hernede']",[],['Et større forestaaende Arbejde']
79,0,Foretagende.,,,,,"['Cancelliraad Hegel', 'Chr: Richardt', 'Bjørnsons', 'Chr: Janson']","['Danmark', 'Neapel', 'hernede']",[],['Et større forestaaende Arbejde']
80,0,Min,,,,,"['Cancelliraad Hegel', 'Chr: Richardt', 'Bjørnsons', 'Chr: Janson']","['Danmark', 'Neapel', 'hernede']",[],['Et større forestaaende Arbejde']
81,0,Ven,,,,,"['Cancelliraad Hegel', 'Chr: Richardt', 'Bjørnsons', 'Chr: Janson']","['Danmark', 'Neapel', 'hernede']",[],['Et større forestaaende Arbejde']
82,0,Bjørnsons,,,,,"['Cancelliraad Hegel', 'Chr: Richardt', 'Bjørnsons', 'Chr: Janson']","['Danmark', 'Neapel', 'hernede']",[],['Et større forestaaende Arbejde']
83,0,Anmodninger,,,,,"['Cancelliraad Hegel', 'Chr: Richardt', 'Bjørnsons', 'Chr: Janson']","['Danmark', 'Neapel', 'hernede']",[],['Et større forestaaende Arbejde']
84,0,om,,,,,"['Cancelliraad Hegel', 'Chr: Richardt', 'Bjørnsons', 'Chr: Janson']","['Danmark', 'Neapel', 'hernede']",[],['Et større forestaaende Arbejde']
85,0,Bidrag,,,,,"['Cancelliraad Hegel', 'Chr: Richardt', 'Bjørnsons', 'Chr: Janson']","['Danmark', 'Neapel', 'hernede']",[],['Et større forestaaende Arbejde']
86,0,till,,,,,"['Cancelliraad Hegel', 'Chr: Richardt', 'Bjørnsons', 'Chr: Janson']","['Danmark', 'Neapel', 'hernede']",[],['Et større forestaaende Arbejde']
87,0,«Norsk,,,,,"['Cancelliraad Hegel', 'Chr: Richardt', 'Bjørnsons', 'Chr: Janson']","['Danmark', 'Neapel', 'hernede']",[],['Et større forestaaende Arbejde']
88,0,Folkeblad»,,,,,"['Cancelliraad Hegel', 'Chr: Richardt', 'Bjørnsons', 'Chr: Janson']","['Danmark', 'Neapel', 'hernede']",[],['Et større forestaaende Arbejde']
89,0,har,,,,,"['Cancelliraad Hegel', 'Chr: Richardt', 'Bjørnsons', 'Chr: Janson']","['Danmark', 'Neapel', 'hernede']",[],['Et større forestaaende Arbejde']
90,0,jeg,,,,,"['Cancelliraad Hegel', 'Chr: Richardt', 'Bjørnsons', 'Chr: Janson']","['Danmark', 'Neapel', 'hernede']",[],['Et større forestaaende Arbejde']
91,0,af,,,,,"['Cancelliraad Hegel', 'Chr: Richardt', 'Bjørnsons', 'Chr: Janson']","['Danmark', 'Neapel', 'hernede']",[],['Et større forestaaende Arbejde']
92,0,samme,,,,,"['Cancelliraad Hegel', 'Chr: Richardt', 'Bjørnsons', 'Chr: Janson']","['Danmark', 'Neapel', 'hernede']",[],['Et større forestaaende Arbejde']
93,0,Grund,,,,,"['Cancelliraad Hegel', 'Chr: Richardt', 'Bjørnsons', 'Chr: Janson']","['Danmark', 'Neapel', 'hernede']",[],['Et større forestaaende Arbejde']
94,0,ligesaalidt,,,,,"['Cancelliraad Hegel', 'Chr: Richardt', 'Bjørnsons', 'Chr: Janson']","['Danmark', 'Neapel', 'hernede']",[],['Et større forestaaende Arbejde']
95,0,kunnet,,,,,"['Cancelliraad Hegel', 'Chr: Richardt', 'Bjørnsons', 'Chr: Janson']","['Danmark', 'Neapel', 'hernede']",[],['Et større forestaaende Arbejde']
96,0,efterkomme.,,,,,"['Cancelliraad Hegel', 'Chr: Richardt', 'Bjørnsons', 'Chr: Janson']","['Danmark', 'Neapel', 'hernede']",[],['Et større forestaaende Arbejde']
97,0,De,,,,,"['Cancelliraad Hegel', 'Chr: Richardt', 'Bjørnsons', 'Chr: Janson']","['Danmark', 'Neapel', 'hernede']",[],['Et større forestaaende Arbejde']
98,0,ser,,,,,"['Cancelliraad Hegel', 'Chr: Richardt', 'Bjørnsons', 'Chr: Janson']","['Danmark', 'Neapel', 'hernede']",[],['Et større forestaaende Arbejde']
99,0,altsaa,,,,,"['Cancelliraad Hegel', 'Chr: Richardt', 'Bjørnsons', 'Chr: Janson']","['Danmark', 'Neapel', 'hernede']",[],['Et større forestaaende Arbejde']
100,0,at,,,,,"['Cancelliraad Hegel', 'Chr: Richardt', 'Bjørnsons', 'Chr: Janson']","['Danmark', 'Neapel', 'hernede']",[],['Et større forestaaende Arbejde']
101,0,det,,,,,"['Cancelliraad Hegel', 'Chr: Richardt', 'Bjørnsons', 'Chr: Janson']","['Danmark', 'Neapel', 'hernede']",[],['Et større forestaaende Arbejde']
102,0,er,,,,,"['Cancelliraad Hegel', 'Chr: Richardt', 'Bjørnsons', 'Chr: Janson']","['Danmark', 'Neapel', 'hernede']",[],['Et større forestaaende Arbejde']
103,0,den,,,,,"['Cancelliraad Hegel', 'Chr: Richardt', 'Bjørnsons', 'Chr: Janson']","['Danmark', 'Neapel', 'hernede']",[],['Et større forestaaende Arbejde']
104,0,tvingende,,,,,"['Cancelliraad Hegel', 'Chr: Richardt', 'Bjørnsons', 'Chr: Janson']","['Danmark', 'Neapel', 'hernede']",[],['Et større forestaaende Arbejde']
105,0,"Nødvendighed,",,,,,"['Cancelliraad Hegel', 'Chr: Richardt', 'Bjørnsons', 'Chr: Janson']","['Danmark', 'Neapel', 'hernede']",[],['Et større forestaaende Arbejde']
106,0,som,,,,,"['Cancelliraad Hegel', 'Chr: Richardt', 'Bjørnsons', 'Chr: Janson']","['Danmark', 'Neapel', 'hernede']",[],['Et større forestaaende Arbejde']
107,0,volder,,,,,"['Cancelliraad Hegel', 'Chr: Richardt', 'Bjørnsons', 'Chr: Janson']","['Danmark', 'Neapel', 'hernede']",[],['Et større forestaaende Arbejde']
108,0,at,,,,,"['Cancelliraad Hegel', 'Chr: Richardt', 'Bjørnsons', 'Chr: Janson']","['Danmark', 'Neapel', 'hernede']",[],['Et større forestaaende Arbejde']
109,0,jeg,,,,,"['Cancelliraad Hegel', 'Chr: Richardt', 'Bjørnsons', 'Chr: Janson']","['Danmark', 'Neapel', 'hernede']",[],['Et større forestaaende Arbejde']
110,0,ikke,,,,,"['Cancelliraad Hegel', 'Chr: Richardt', 'Bjørnsons', 'Chr: Janson']","['Danmark', 'Neapel', 'hernede']",[],['Et større forestaaende Arbejde']
111,0,kan,,,,,"['Cancelliraad Hegel', 'Chr: Richardt', 'Bjørnsons', 'Chr: Janson']","['Danmark', 'Neapel', 'hernede']",[],['Et større forestaaende Arbejde']
112,0,modtage,,,,,"['Cancelliraad Hegel', 'Chr: Richardt', 'Bjørnsons', 'Chr: Janson']","['Danmark', 'Neapel', 'hernede']",[],['Et større forestaaende Arbejde']
113,0,Deres,,,,,"['Cancelliraad Hegel', 'Chr: Richardt', 'Bjørnsons', 'Chr: Janson']","['Danmark', 'Neapel', 'hernede']",[],['Et større forestaaende Arbejde']
114,0,ærede,,,,,"['Cancelliraad Hegel', 'Chr: Richardt', 'Bjørnsons', 'Chr: Janson']","['Danmark', 'Neapel', 'hernede']",[],['Et større forestaaende Arbejde']
115,0,Tillbud.Den,,,,,"['Cancelliraad Hegel', 'Chr: Richardt', 'Bjørnsons', 'Chr: Janson']","['Danmark', 'Neapel', 'hernede']",[],['Et større forestaaende Arbejde']
116,0,unge,,,,,"['Cancelliraad Hegel', 'Chr: Richardt', 'Bjørnsons', 'Chr: Janson']","['Danmark', 'Neapel', 'hernede']",[],['Et større forestaaende Arbejde']
117,0,norske,,,,,"['Cancelliraad Hegel', 'Chr: Richardt', 'Bjørnsons', 'Chr: Janson']","['Danmark', 'Neapel', 'hernede']",[],['Et større forestaaende Arbejde']
118,0,Forfatter,,,,,"['Cancelliraad Hegel', 'Chr: Richardt', 'Bjørnsons', 'Chr: Janson']","['Danmark', 'Neapel', 'hernede']",[],['Et større forestaaende Arbejde']
119,0,Chr:,,,,,"['Cancelliraad Hegel', 'Chr: Richardt', 'Bjørnsons', 'Chr: Janson']","['Danmark', 'Neapel', 'hernede']",[],['Et større forestaaende Arbejde']
120,0,Janson,,,,,"['Cancelliraad Hegel', 'Chr: Richardt', 'Bjørnsons', 'Chr: Janson']","['Danmark', 'Neapel', 'hernede']",[],['Et større forestaaende Arbejde']
121,0,kommer,,,,,"['Cancelliraad Hegel', 'Chr: Richardt', 'Bjørnsons', 'Chr: Janson']","['Danmark', 'Neapel', 'hernede']",[],['Et større forestaaende Arbejde']
122,0,rimeligvis,,,,,"['Cancelliraad Hegel', 'Chr: Richardt', 'Bjørnsons', 'Chr: Janson']","['Danmark', 'Neapel', 'hernede']",[],['Et større forestaaende Arbejde']
123,0,om,,,,,"['Cancelliraad Hegel', 'Chr: Richardt', 'Bjørnsons', 'Chr: Janson']","['Danmark', 'Neapel', 'hernede']",[],['Et større forestaaende Arbejde']
124,0,nogle,,,,,"['Cancelliraad Hegel', 'Chr: Richardt', 'Bjørnsons', 'Chr: Janson']","['Danmark', 'Neapel', 'hernede']",[],['Et større forestaaende Arbejde']
125,0,Dage,,,,,"['Cancelliraad Hegel', 'Chr: Richardt', 'Bjørnsons', 'Chr: Janson']","['Danmark', 'Neapel', 'hernede']",[],['Et større forestaaende Arbejde']
126,0,hertill,,,,,"['Cancelliraad Hegel', 'Chr: Richardt', 'Bjørnsons', 'Chr: Janson']","['Danmark', 'Neapel', 'hernede']",[],['Et større forestaaende Arbejde']
127,0,fra,,,,,"['Cancelliraad Hegel', 'Chr: Richardt', 'Bjørnsons', 'Chr: Janson']","['Danmark', 'Neapel', 'hernede']",[],['Et større forestaaende Arbejde']
128,0,Neapel.,,,,,"['Cancelliraad Hegel', 'Chr: Richardt', 'Bjørnsons', 'Chr: Janson']","['Danmark', 'Neapel', 'hernede']",[],['Et større forestaaende Arbejde']
129,0,Han,,,,,"['Cancelliraad Hegel', 'Chr: Richardt', 'Bjørnsons', 'Chr: Janson']","['Danmark', 'Neapel', 'hernede']",[],['Et større forestaaende Arbejde']
130,0,"har,",,,,,"['Cancelliraad Hegel', 'Chr: Richardt', 'Bjørnsons', 'Chr: Janson']","['Danmark', 'Neapel', 'hernede']",[],['Et større forestaaende Arbejde']
131,0,som,,,,,"['Cancelliraad Hegel', 'Chr: Richardt', 'Bjørnsons', 'Chr: Janson']","['Danmark', 'Neapel', 'hernede']",[],['Et større forestaaende Arbejde']
132,0,De,,,,,"['Cancelliraad Hegel', 'Chr: Richardt', 'Bjørnsons', 'Chr: Janson']","['Danmark', 'Neapel', 'hernede']",[],['Et større forestaaende Arbejde']
133,0,"ved,",,,,,"['Cancelliraad Hegel', 'Chr: Richardt', 'Bjørnsons', 'Chr: Janson']","['Danmark', 'Neapel', 'hernede']",[],['Et større forestaaende Arbejde']
134,0,allerede,,,,,"['Cancelliraad Hegel', 'Chr: Richardt', 'Bjørnsons', 'Chr: Janson']","['Danmark', 'Neapel', 'hernede']",[],['Et større forestaaende Arbejde']
135,0,vundet,,,,,"['Cancelliraad Hegel', 'Chr: Richardt', 'Bjørnsons', 'Chr: Janson']","['Danmark', 'Neapel', 'hernede']",[],['Et større forestaaende Arbejde']
136,0,et,,,,,"['Cancelliraad Hegel', 'Chr: Richardt', 'Bjørnsons', 'Chr: Janson']","['Danmark', 'Neapel', 'hernede']",[],['Et større forestaaende Arbejde']
137,0,hæderligt,,,,,"['Cancelliraad Hegel', 'Chr: Richardt', 'Bjørnsons', 'Chr: Janson']","['Danmark', 'Neapel', 'hernede']",[],['Et større forestaaende Arbejde']
138,0,Navn,,,,,"['Cancelliraad Hegel', 'Chr: Richardt', 'Bjørnsons', 'Chr: Janson']","['Danmark', 'Neapel', 'hernede']",[],['Et større forestaaende Arbejde']
139,0,ved,,,,,"['Cancelliraad Hegel', 'Chr: Richardt', 'Bjørnsons', 'Chr: Janson']","['Danmark', 'Neapel', 'hernede']",[],['Et større forestaaende Arbejde']
140,0,sin,,,,,"['Cancelliraad Hegel', 'Chr: Richardt', 'Bjørnsons', 'Chr: Janson']","['Danmark', 'Neapel', 'hernede']",[],['Et større forestaaende Arbejde']
141,0,Bog,,,,,"['Cancelliraad Hegel', 'Chr: Richardt', 'Bjørnsons', 'Chr: Janson']","['Danmark', 'Neapel', 'hernede']",[],['Et større forestaaende Arbejde']
142,0,i,,,,,"['Cancelliraad Hegel', 'Chr: Richardt', 'Bjørnsons', 'Chr: Janson']","['Danmark', 'Neapel', 'hernede']",[],['Et større forestaaende Arbejde']
143,0,"Landsmaal,",,,,,"['Cancelliraad Hegel', 'Chr: Richardt', 'Bjørnsons', 'Chr: Janson']","['Danmark', 'Neapel', 'hernede']",[],['Et større forestaaende Arbejde']
144,0,og,,,,,"['Cancelliraad Hegel', 'Chr: Richardt', 'Bjørnsons', 'Chr: Janson']","['Danmark', 'Neapel', 'hernede']",[],['Et større forestaaende Arbejde']
145,0,hvis,,,,,"['Cancelliraad Hegel', 'Chr: Richardt', 'Bjørnsons', 'Chr: Janson']","['Danmark', 'Neapel', 'hernede']",[],['Et større forestaaende Arbejde']
146,0,han,,,,,"['Cancelliraad Hegel', 'Chr: Richardt', 'Bjørnsons', 'Chr: Janson']","['Danmark', 'Neapel', 'hernede']",[],['Et større forestaaende Arbejde']
147,0,ikke,,,,,"['Cancelliraad Hegel', 'Chr: Richardt', 'Bjørnsons', 'Chr: Janson']","['Danmark', 'Neapel', 'hernede']",[],['Et større forestaaende Arbejde']
148,0,allerede,,,,,"['Cancelliraad Hegel', 'Chr: Richardt', 'Bjørnsons', 'Chr: Janson']","['Danmark', 'Neapel', 'hernede']",[],['Et større forestaaende Arbejde']
149,0,er,,,,,"['Cancelliraad Hegel', 'Chr: Richardt', 'Bjørnsons', 'Chr: Janson']","['Danmark', 'Neapel', 'hernede']",[],['Et større forestaaende Arbejde']
150,0,blandt,,,,,"['Cancelliraad Hegel', 'Chr: Richardt', 'Bjørnsons', 'Chr: Janson']","['Danmark', 'Neapel', 'hernede']",[],['Et større forestaaende Arbejde']
151,0,de,,,,,"['Cancelliraad Hegel', 'Chr: Richardt', 'Bjørnsons', 'Chr: Janson']","['Danmark', 'Neapel', 'hernede']",[],['Et større forestaaende Arbejde']
152,0,"Bidragydende,",,,,,"['Cancelliraad Hegel', 'Chr: Richardt', 'Bjørnsons', 'Chr: Janson']","['Danmark', 'Neapel', 'hernede']",[],['Et større forestaaende Arbejde']
153,0,kunde,,,,,"['Cancelliraad Hegel', 'Chr: Richardt', 'Bjørnsons', 'Chr: Janson']","['Danmark', 'Neapel', 'hernede']",[],['Et større forestaaende Arbejde']
154,0,han,,,,,"['Cancelliraad Hegel', 'Chr: Richardt', 'Bjørnsons', 'Chr: Janson']","['Danmark', 'Neapel', 'hernede']",[],['Et større forestaaende Arbejde']
155,0,maaske,,,,,"['Cancelliraad Hegel', 'Chr: Richardt', 'Bjørnsons', 'Chr: Janson']","['Danmark', 'Neapel', 'hernede']",[],['Et større forestaaende Arbejde']
156,0,levere,,,,,"['Cancelliraad Hegel', 'Chr: Richardt', 'Bjørnsons', 'Chr: Janson']","['Danmark', 'Neapel', 'hernede']",[],['Et større forestaaende Arbejde']
157,0,noget.,,,,,"['Cancelliraad Hegel', 'Chr: Richardt', 'Bjørnsons', 'Chr: Janson']","['Danmark', 'Neapel', 'hernede']",[],['Et større forestaaende Arbejde']
158,0,Forudsat,,,,,"['Cancelliraad Hegel', 'Chr: Richardt', 'Bjørnsons', 'Chr: Janson']","['Danmark', 'Neapel', 'hernede']",[],['Et større forestaaende Arbejde']
159,0,at,,,,,"['Cancelliraad Hegel', 'Chr: Richardt', 'Bjørnsons', 'Chr: Janson']","['Danmark', 'Neapel', 'hernede']",[],['Et større forestaaende Arbejde']
160,0,De,,,,,"['Cancelliraad Hegel', 'Chr: Richardt', 'Bjørnsons', 'Chr: Janson']","['Danmark', 'Neapel', 'hernede']",[],['Et større forestaaende Arbejde']
161,0,ønsker,,,,,"['Cancelliraad Hegel', 'Chr: Richardt', 'Bjørnsons', 'Chr: Janson']","['Danmark', 'Neapel', 'hernede']",[],['Et større forestaaende Arbejde']
162,0,"det,",,,,,"['Cancelliraad Hegel', 'Chr: Richardt', 'Bjørnsons', 'Chr: Janson']","['Danmark', 'Neapel', 'hernede']",[],['Et større forestaaende Arbejde']
163,0,og,,,,,"['Cancelliraad Hegel', 'Chr: Richardt', 'Bjørnsons', 'Chr: Janson']","['Danmark', 'Neapel', 'hernede']",[],['Et større forestaaende Arbejde']
164,0,ikke,,,,,"['Cancelliraad Hegel', 'Chr: Richardt', 'Bjørnsons', 'Chr: Janson']","['Danmark', 'Neapel', 'hernede']",[],['Et større forestaaende Arbejde']
165,0,foretrækker,,,,,"['Cancelliraad Hegel', 'Chr: Richardt', 'Bjørnsons', 'Chr: Janson']","['Danmark', 'Neapel', 'hernede']",[],['Et større forestaaende Arbejde']
166,0,selv,,,,,"['Cancelliraad Hegel', 'Chr: Richardt', 'Bjørnsons', 'Chr: Janson']","['Danmark', 'Neapel', 'hernede']",[],['Et større forestaaende Arbejde']
167,0,at,,,,,"['Cancelliraad Hegel', 'Chr: Richardt', 'Bjørnsons', 'Chr: Janson']","['Danmark', 'Neapel', 'hernede']",[],['Et større forestaaende Arbejde']
168,0,tillskrive,,,,,"['Cancelliraad Hegel', 'Chr: Richardt', 'Bjørnsons', 'Chr: Janson']","['Danmark', 'Neapel', 'hernede']",[],['Et større forestaaende Arbejde']
169,0,"ham,",,,,,"['Cancelliraad Hegel', 'Chr: Richardt', 'Bjørnsons', 'Chr: Janson']","['Danmark', 'Neapel', 'hernede']",[],['Et større forestaaende Arbejde']
170,0,skal,,,,,"['Cancelliraad Hegel', 'Chr: Richardt', 'Bjørnsons', 'Chr: Janson']","['Danmark', 'Neapel', 'hernede']",[],['Et større forestaaende Arbejde']
171,0,jeg,,,,,"['Cancelliraad Hegel', 'Chr: Richardt', 'Bjørnsons', 'Chr: Janson']","['Danmark', 'Neapel', 'hernede']",[],['Et større forestaaende Arbejde']
172,0,med,,,,,"['Cancelliraad Hegel', 'Chr: Richardt', 'Bjørnsons', 'Chr: Janson']","['Danmark', 'Neapel', 'hernede']",[],['Et større forestaaende Arbejde']
173,0,Fornøjelse,,,,,"['Cancelliraad Hegel', 'Chr: Richardt', 'Bjørnsons', 'Chr: Janson']","['Danmark', 'Neapel', 'hernede']",[],['Et større forestaaende Arbejde']
174,0,henvende,,,,,"['Cancelliraad Hegel', 'Chr: Richardt', 'Bjørnsons', 'Chr: Janson']","['Danmark', 'Neapel', 'hernede']",[],['Et større forestaaende Arbejde']
175,0,mig,,,,,"['Cancelliraad Hegel', 'Chr: Richardt', 'Bjørnsons', 'Chr: Janson']","['Danmark', 'Neapel', 'hernede']",[],['Et større forestaaende Arbejde']
176,0,till,,,,,"['Cancelliraad Hegel', 'Chr: Richardt', 'Bjørnsons', 'Chr: Janson']","['Danmark', 'Neapel', 'hernede']",[],['Et større forestaaende Arbejde']
177,0,ham,,,,,"['Cancelliraad Hegel', 'Chr: Richardt', 'Bjørnsons', 'Chr: Janson']","['Danmark', 'Neapel', 'hernede']",[],['Et større forestaaende Arbejde']
178,0,paa,,,,,"['Cancelliraad Hegel', 'Chr: Richardt', 'Bjørnsons', 'Chr: Janson']","['Danmark', 'Neapel', 'hernede']",[],['Et større forestaaende Arbejde']
179,0,Deres,,,,,"['Cancelliraad Hegel', 'Chr: Richardt', 'Bjørnsons', 'Chr: Janson']","['Danmark', 'Neapel', 'hernede']",[],['Et større forestaaende Arbejde']
180,0,"Vegne,",,,,,"['Cancelliraad Hegel', 'Chr: Richardt', 'Bjørnsons', 'Chr: Janson']","['Danmark', 'Neapel', 'hernede']",[],['Et større forestaaende Arbejde']
181,0,De,,,,,"['Cancelliraad Hegel', 'Chr: Richardt', 'Bjørnsons', 'Chr: Janson']","['Danmark', 'Neapel', 'hernede']",[],['Et større forestaaende Arbejde']
182,0,behage,,,,,"['Cancelliraad Hegel', 'Chr: Richardt', 'Bjørnsons', 'Chr: Janson']","['Danmark', 'Neapel', 'hernede']",[],['Et større forestaaende Arbejde']
183,0,blot,,,,,"['Cancelliraad Hegel', 'Chr: Richardt', 'Bjørnsons', 'Chr: Janson']","['Danmark', 'Neapel', 'hernede']",[],['Et større forestaaende Arbejde']
184,0,med,,,,,"['Cancelliraad Hegel', 'Chr: Richardt', 'Bjørnsons', 'Chr: Janson']","['Danmark', 'Neapel', 'hernede']",[],['Et større forestaaende Arbejde']
185,0,et,,,,,"['Cancelliraad Hegel', 'Chr: Richardt', 'Bjørnsons', 'Chr: Janson']","['Danmark', 'Neapel', 'hernede']",[],['Et større forestaaende Arbejde']
186,0,Par,,,,,"['Cancelliraad Hegel', 'Chr: Richardt', 'Bjørnsons', 'Chr: Janson']","['Danmark', 'Neapel', 'hernede']",[],['Et større forestaaende Arbejde']
187,0,Ord,,,,,"['Cancelliraad Hegel', 'Chr: Richardt', 'Bjørnsons', 'Chr: Janson']","['Danmark', 'Neapel', 'hernede']",[],['Et større forestaaende Arbejde']
188,0,at,,,,,"['Cancelliraad Hegel', 'Chr: Richardt', 'Bjørnsons', 'Chr: Janson']","['Danmark', 'Neapel', 'hernede']",[],['Et større forestaaende Arbejde']
189,0,underrette,,,,,"['Cancelliraad Hegel', 'Chr: Richardt', 'Bjørnsons', 'Chr: Janson']","['Danmark', 'Neapel', 'hernede']",[],['Et større forestaaende Arbejde']
190,0,mig,,,,,"['Cancelliraad Hegel', 'Chr: Richardt', 'Bjørnsons', 'Chr: Janson']","['Danmark', 'Neapel', 'hernede']",[],['Et større forestaaende Arbejde']
191,0,herom.Det,,,,,"['Cancelliraad Hegel', 'Chr: Richardt', 'Bjørnsons', 'Chr: Janson']","['Danmark', 'Neapel', 'hernede']",[],['Et større forestaaende Arbejde']
192,0,har,,,,,"['Cancelliraad Hegel', 'Chr: Richardt', 'Bjørnsons', 'Chr: Janson']","['Danmark', 'Neapel', 'hernede']",[],['Et større forestaaende Arbejde']
193,0,gjort,,,,,"['Cancelliraad Hegel', 'Chr: Richardt', 'Bjørnsons', 'Chr: Janson']","['Danmark', 'Neapel', 'hernede']",[],['Et større forestaaende Arbejde']
194,0,mig,,,,,"['Cancelliraad Hegel', 'Chr: Richardt', 'Bjørnsons', 'Chr: Janson']","['Danmark', 'Neapel', 'hernede']",[],['Et større forestaaende Arbejde']
195,0,meget,,,,,"['Cancelliraad Hegel', 'Chr: Richardt', 'Bjørnsons', 'Chr: Janson']","['Danmark', 'Neapel', 'hernede']",[],['Et større forestaaende Arbejde']
196,0,ondt,,,,,"['Cancelliraad Hegel', 'Chr: Richardt', 'Bjørnsons', 'Chr: Janson']","['Danmark', 'Neapel', 'hernede']",[],['Et større forestaaende Arbejde']
197,0,af,,,,,"['Cancelliraad Hegel', 'Chr: Richardt', 'Bjørnsons', 'Chr: Janson']","['Danmark', 'Neapel', 'hernede']",[],['Et større forestaaende Arbejde']
198,0,Deres,,,,,"['Cancelliraad Hegel', 'Chr: Richardt', 'Bjørnsons', 'Chr: Janson']","['Danmark', 'Neapel', 'hernede']",[],['Et større forestaaende Arbejde']
199,0,Brev,,,,,"['Cancelliraad Hegel', 'Chr: Richardt', 'Bjørnsons', 'Chr: Janson']","['Danmark', 'Neapel', 'hernede']",[],['Et større forestaaende Arbejde']
200,0,at,,,,,"['Cancelliraad Hegel', 'Chr: Richardt', 'Bjørnsons', 'Chr: Janson']","['Danmark', 'Neapel', 'hernede']",[],['Et større forestaaende Arbejde']
201,0,erfare,,,,,"['Cancelliraad Hegel', 'Chr: Richardt', 'Bjørnsons', 'Chr: Janson']","['Danmark', 'Neapel', 'hernede']",[],['Et større forestaaende Arbejde']
202,0,at,,,,,"['Cancelliraad Hegel', 'Chr: Richardt', 'Bjørnsons', 'Chr: Janson']","['Danmark', 'Neapel', 'hernede']",[],['Et større forestaaende Arbejde']
203,0,Deres,,,,,"['Cancelliraad Hegel', 'Chr: Richardt', 'Bjørnsons', 'Chr: Janson']","['Danmark', 'Neapel', 'hernede']",[],['Et større forestaaende Arbejde']
204,0,Helbred,,,,,"['Cancelliraad Hegel', 'Chr: Richardt', 'Bjørnsons', 'Chr: Janson']","['Danmark', 'Neapel', 'hernede']",[],['Et større forestaaende Arbejde']
205,0,fortiden,,,,,"['Cancelliraad Hegel', 'Chr: Richardt', 'Bjørnsons', 'Chr: Janson']","['Danmark', 'Neapel', 'hernede']",[],['Et større forestaaende Arbejde']
206,0,ikke,,,,,"['Cancelliraad Hegel', 'Chr: Richardt', 'Bjørnsons', 'Chr: Janson']","['Danmark', 'Neapel', 'hernede']",[],['Et større forestaaende Arbejde']
207,0,er,,,,,"['Cancelliraad Hegel', 'Chr: Richardt', 'Bjørnsons', 'Chr: Janson']","['Danmark', 'Neapel', 'hernede']",[],['Et større forestaaende Arbejde']
208,0,den,,,,,"['Cancelliraad Hegel', 'Chr: Richardt', 'Bjørnsons', 'Chr: Janson']","['Danmark', 'Neapel', 'hernede']",[],['Et større forestaaende Arbejde']
209,0,bedste.,,,,,"['Cancelliraad Hegel', 'Chr: Richardt', 'Bjørnsons', 'Chr: Janson']","['Danmark', 'Neapel', 'hernede']",[],['Et større forestaaende Arbejde']
210,0,Jeg,,,,,"['Cancelliraad Hegel', 'Chr: Richardt', 'Bjørnsons', 'Chr: Janson']","['Danmark', 'Neapel', 'hernede']",[],['Et større forestaaende Arbejde']
211,0,havde,,,,,"['Cancelliraad Hegel', 'Chr: Richardt', 'Bjørnsons', 'Chr: Janson']","['Danmark', 'Neapel', 'hernede']",[],['Et større forestaaende Arbejde']
212,0,af,,,,,"['Cancelliraad Hegel', 'Chr: Richardt', 'Bjørnsons', 'Chr: Janson']","['Danmark', 'Neapel', 'hernede']",[],['Et større forestaaende Arbejde']
213,0,Aviserne,,,,,"['Cancelliraad Hegel', 'Chr: Richardt', 'Bjørnsons', 'Chr: Janson']","['Danmark', 'Neapel', 'hernede']",[],['Et større forestaaende Arbejde']
214,0,seet,,,,,"['Cancelliraad Hegel', 'Chr: Richardt', 'Bjørnsons', 'Chr: Janson']","['Danmark', 'Neapel', 'hernede']",[],['Et større forestaaende Arbejde']
215,0,at,,,,,"['Cancelliraad Hegel', 'Chr: Richardt', 'Bjørnsons', 'Chr: Janson']","['Danmark', 'Neapel', 'hernede']",[],['Et større forestaaende Arbejde']
216,0,De,,,,,"['Cancelliraad Hegel', 'Chr: Richardt', 'Bjørnsons', 'Chr: Janson']","['Danmark', 'Neapel', 'hernede']",[],['Et større forestaaende Arbejde']
217,0,havde,,,,,"['Cancelliraad Hegel', 'Chr: Richardt', 'Bjørnsons', 'Chr: Janson']","['Danmark', 'Neapel', 'hernede']",[],['Et større forestaaende Arbejde']
218,0,erholdt,,,,,"['Cancelliraad Hegel', 'Chr: Richardt', 'Bjørnsons', 'Chr: Janson']","['Danmark', 'Neapel', 'hernede']",[],['Et større forestaaende Arbejde']
219,0,Tjenesteledighed,,,,,"['Cancelliraad Hegel', 'Chr: Richardt', 'Bjørnsons', 'Chr: Janson']","['Danmark', 'Neapel', 'hernede']",[],['Et større forestaaende Arbejde']
220,0,for,,,,,"['Cancelliraad Hegel', 'Chr: Richardt', 'Bjørnsons', 'Chr: Janson']","['Danmark', 'Neapel', 'hernede']",[],['Et større forestaaende Arbejde']
221,0,at,,,,,"['Cancelliraad Hegel', 'Chr: Richardt', 'Bjørnsons', 'Chr: Janson']","['Danmark', 'Neapel', 'hernede']",[],['Et større forestaaende Arbejde']
222,0,foretage,,,,,"['Cancelliraad Hegel', 'Chr: Richardt', 'Bjørnsons', 'Chr: Janson']","['Danmark', 'Neapel', 'hernede']",[],['Et større forestaaende Arbejde']
223,0,en,,,,,"['Cancelliraad Hegel', 'Chr: Richardt', 'Bjørnsons', 'Chr: Janson']","['Danmark', 'Neapel', 'hernede']",[],['Et større forestaaende Arbejde']
224,0,"Udenlandsrejse,",,,,,"['Cancelliraad Hegel', 'Chr: Richardt', 'Bjørnsons', 'Chr: Janson']","['Danmark', 'Neapel', 'hernede']",[],['Et større forestaaende Arbejde']
225,0,men,,,,,"['Cancelliraad Hegel', 'Chr: Richardt', 'Bjørnsons', 'Chr: Janson']","['Danmark', 'Neapel', 'hernede']",[],['Et større forestaaende Arbejde']
226,0,troede,,,,,"['Cancelliraad Hegel', 'Chr: Richardt', 'Bjørnsons', 'Chr: Janson']","['Danmark', 'Neapel', 'hernede']",[],['Et større forestaaende Arbejde']
227,0,at,,,,,"['Cancelliraad Hegel', 'Chr: Richardt', 'Bjørnsons', 'Chr: Janson']","['Danmark', 'Neapel', 'hernede']",[],['Et større forestaaende Arbejde']
228,0,det,,,,,"['Cancelliraad Hegel', 'Chr: Richardt', 'Bjørnsons', 'Chr: Janson']","['Danmark', 'Neapel', 'hernede']",[],['Et større forestaaende Arbejde']
229,0,egentlig,,,,,"['Cancelliraad Hegel', 'Chr: Richardt', 'Bjørnsons', 'Chr: Janson']","['Danmark', 'Neapel', 'hernede']",[],['Et større forestaaende Arbejde']
230,0,gjaldt,,,,,"['Cancelliraad Hegel', 'Chr: Richardt', 'Bjørnsons', 'Chr: Janson']","['Danmark', 'Neapel', 'hernede']",[],['Et større forestaaende Arbejde']
231,0,en,,,,,"['Cancelliraad Hegel', 'Chr: Richardt', 'Bjørnsons', 'Chr: Janson']","['Danmark', 'Neapel', 'hernede']",[],['Et større forestaaende Arbejde']
232,0,Fornøjelsestour,,,,,"['Cancelliraad Hegel', 'Chr: Richardt', 'Bjørnsons', 'Chr: Janson']","['Danmark', 'Neapel', 'hernede']",[],['Et større forestaaende Arbejde']
233,0,og,,,,,"['Cancelliraad Hegel', 'Chr: Richardt', 'Bjørnsons', 'Chr: Janson']","['Danmark', 'Neapel', 'hernede']",[],['Et større forestaaende Arbejde']
234,0,havde,,,,,"['Cancelliraad Hegel', 'Chr: Richardt', 'Bjørnsons', 'Chr: Janson']","['Danmark', 'Neapel', 'hernede']",[],['Et større forestaaende Arbejde']
235,0,allerede,,,,,"['Cancelliraad Hegel', 'Chr: Richardt', 'Bjørnsons', 'Chr: Janson']","['Danmark', 'Neapel', 'hernede']",[],['Et større forestaaende Arbejde']
236,0,saa,,,,,"['Cancelliraad Hegel', 'Chr: Richardt', 'Bjørnsons', 'Chr: Janson']","['Danmark', 'Neapel', 'hernede']",[],['Et større forestaaende Arbejde']
237,0,halvt,,,,,"['Cancelliraad Hegel', 'Chr: Richardt', 'Bjørnsons', 'Chr: Janson']","['Danmark', 'Neapel', 'hernede']",[],['Et større forestaaende Arbejde']
238,0,om,,,,,"['Cancelliraad Hegel', 'Chr: Richardt', 'Bjørnsons', 'Chr: Janson']","['Danmark', 'Neapel', 'hernede']",[],['Et større forestaaende Arbejde']
239,0,halvt,,,,,"['Cancelliraad Hegel', 'Chr: Richardt', 'Bjørnsons', 'Chr: Janson']","['Danmark', 'Neapel', 'hernede']",[],['Et større forestaaende Arbejde']
240,0,tænkt,,,,,"['Cancelliraad Hegel', 'Chr: Richardt', 'Bjørnsons', 'Chr: Janson']","['Danmark', 'Neapel', 'hernede']",[],['Et større forestaaende Arbejde']
241,0,mig,,,,,"['Cancelliraad Hegel', 'Chr: Richardt', 'Bjørnsons', 'Chr: Janson']","['Danmark', 'Neapel', 'hernede']",[],['Et større forestaaende Arbejde']
242,0,Muligheden,,,,,"['Cancelliraad Hegel', 'Chr: Richardt', 'Bjørnsons', 'Chr: Janson']","['Danmark', 'Neapel', 'hernede']",[],['Et større forestaaende Arbejde']
243,0,af,,,,,"['Cancelliraad Hegel', 'Chr: Richardt', 'Bjørnsons', 'Chr: Janson']","['Danmark', 'Neapel', 'hernede']",[],['Et større forestaaende Arbejde']
244,0,at,,,,,"['Cancelliraad Hegel', 'Chr: Richardt', 'Bjørnsons', 'Chr: Janson']","['Danmark', 'Neapel', 'hernede']",[],['Et større forestaaende Arbejde']
245,0,faa,,,,,"['Cancelliraad Hegel', 'Chr: Richardt', 'Bjørnsons', 'Chr: Janson']","['Danmark', 'Neapel', 'hernede']",[],['Et større forestaaende Arbejde']
246,0,see,,,,,"['Cancelliraad Hegel', 'Chr: Richardt', 'Bjørnsons', 'Chr: Janson']","['Danmark', 'Neapel', 'hernede']",[],['Et større forestaaende Arbejde']
247,0,Dem,,,,,"['Cancelliraad Hegel', 'Chr: Richardt', 'Bjørnsons', 'Chr: Janson']","['Danmark', 'Neapel', 'hernede']",[],['Et større forestaaende Arbejde']
248,0,hernede.,,,,,"['Cancelliraad Hegel', 'Chr: Richardt', 'Bjørnsons', 'Chr: Janson']","['Danmark', 'Neapel', 'hernede']",[],['Et større forestaaende Arbejde']
249,0,–,,,,,"['Cancelliraad Hegel', 'Chr: Richardt', 'Bjørnsons', 'Chr: Janson']","['Danmark', 'Neapel', 'hernede']",[],['Et større forestaaende Arbejde']
250,0,Idet,,,,,"['Cancelliraad Hegel', 'Chr: Richardt', 'Bjørnsons', 'Chr: Janson']","['Danmark', 'Neapel', 'hernede']",[],['Et større forestaaende Arbejde']
251,0,jeg,,,,,"['Cancelliraad Hegel', 'Chr: Richardt', 'Bjørnsons', 'Chr: Janson']","['Danmark', 'Neapel', 'hernede']",[],['Et større forestaaende Arbejde']
252,0,ønsker,,,,,"['Cancelliraad Hegel', 'Chr: Richardt', 'Bjørnsons', 'Chr: Janson']","['Danmark', 'Neapel', 'hernede']",[],['Et større forestaaende Arbejde']
253,0,Dem,,,,,"['Cancelliraad Hegel', 'Chr: Richardt', 'Bjørnsons', 'Chr: Janson']","['Danmark', 'Neapel', 'hernede']",[],['Et større forestaaende Arbejde']
254,0,en,,,,,"['Cancelliraad Hegel', 'Chr: Richardt', 'Bjørnsons', 'Chr: Janson']","['Danmark', 'Neapel', 'hernede']",[],['Et større forestaaende Arbejde']
255,0,snarlig,,,,,"['Cancelliraad Hegel', 'Chr: Richardt', 'Bjørnsons', 'Chr: Janson']","['Danmark', 'Neapel', 'hernede']",[],['Et større forestaaende Arbejde']
256,0,Bedring,,,,,"['Cancelliraad Hegel', 'Chr: Richardt', 'Bjørnsons', 'Chr: Janson']","['Danmark', 'Neapel', 'hernede']",[],['Et større forestaaende Arbejde']
257,0,og,,,,,"['Cancelliraad Hegel', 'Chr: Richardt', 'Bjørnsons', 'Chr: Janson']","['Danmark', 'Neapel', 'hernede']",[],['Et større forestaaende Arbejde']
258,0,en,,,,,"['Cancelliraad Hegel', 'Chr: Richardt', 'Bjørnsons', 'Chr: Janson']","['Danmark', 'Neapel', 'hernede']",[],['Et større forestaaende Arbejde']
259,0,behagelig,,,,,"['Cancelliraad Hegel', 'Chr: Richardt', 'Bjørnsons', 'Chr: Janson']","['Danmark', 'Neapel', 'hernede']",[],['Et større forestaaende Arbejde']
260,0,Vinter,,,,,"['Cancelliraad Hegel', 'Chr: Richardt', 'Bjørnsons', 'Chr: Janson']","['Danmark', 'Neapel', 'hernede']",[],['Et større forestaaende Arbejde']
261,0,tegner,,,,,"['Cancelliraad Hegel', 'Chr: Richardt', 'Bjørnsons', 'Chr: Janson']","['Danmark', 'Neapel', 'hernede']",[],['Et større forestaaende Arbejde']
262,0,jeg,,,,,"['Cancelliraad Hegel', 'Chr: Richardt', 'Bjørnsons', 'Chr: Janson']","['Danmark', 'Neapel', 'hernede']",[],['Et større forestaaende Arbejde']
263,0,mig,,,,,"['Cancelliraad Hegel', 'Chr: Richardt', 'Bjørnsons', 'Chr: Janson']","['Danmark', 'Neapel', 'hernede']",[],['Et større forestaaende Arbejde']
264,0,–,,,,,"['Cancelliraad Hegel', 'Chr: Richardt', 'Bjørnsons', 'Chr: Janson']","['Danmark', 'Neapel', 'hernede']",[],['Et større forestaaende Arbejde']
