,,0,human_annotation,who,dacy_medium,spacy_trf,person,place,org,work
0,0,I,,,,,"['Hegel', 'Deres ærede frue']",['Rom'],"['det kgl: danske theater', 'den Gyldendalske boghandel']",['«Kongs-emnerne»']
1,0,tillid,,,,,"['Hegel', 'Deres ærede frue']",['Rom'],"['det kgl: danske theater', 'den Gyldendalske boghandel']",['«Kongs-emnerne»']
2,0,til,,,,,"['Hegel', 'Deres ærede frue']",['Rom'],"['det kgl: danske theater', 'den Gyldendalske boghandel']",['«Kongs-emnerne»']
3,0,at,,,,,"['Hegel', 'Deres ærede frue']",['Rom'],"['det kgl: danske theater', 'den Gyldendalske boghandel']",['«Kongs-emnerne»']
4,0,jeg,,,,,"['Hegel', 'Deres ærede frue']",['Rom'],"['det kgl: danske theater', 'den Gyldendalske boghandel']",['«Kongs-emnerne»']
5,0,siden,,,,,"['Hegel', 'Deres ærede frue']",['Rom'],"['det kgl: danske theater', 'den Gyldendalske boghandel']",['«Kongs-emnerne»']
6,0,vort,,,,,"['Hegel', 'Deres ærede frue']",['Rom'],"['det kgl: danske theater', 'den Gyldendalske boghandel']",['«Kongs-emnerne»']
7,0,samvær,,,,,"['Hegel', 'Deres ærede frue']",['Rom'],"['det kgl: danske theater', 'den Gyldendalske boghandel']",['«Kongs-emnerne»']
8,0,i,,,,,"['Hegel', 'Deres ærede frue']",['Rom'],"['det kgl: danske theater', 'den Gyldendalske boghandel']",['«Kongs-emnerne»']
9,0,Rom,,,,,"['Hegel', 'Deres ærede frue']",['Rom'],"['det kgl: danske theater', 'den Gyldendalske boghandel']",['«Kongs-emnerne»']
10,0,har,,,,,"['Hegel', 'Deres ærede frue']",['Rom'],"['det kgl: danske theater', 'den Gyldendalske boghandel']",['«Kongs-emnerne»']
11,0,beholdt,,,,,"['Hegel', 'Deres ærede frue']",['Rom'],"['det kgl: danske theater', 'den Gyldendalske boghandel']",['«Kongs-emnerne»']
12,0,en,,,,,"['Hegel', 'Deres ærede frue']",['Rom'],"['det kgl: danske theater', 'den Gyldendalske boghandel']",['«Kongs-emnerne»']
13,0,plads,,,,,"['Hegel', 'Deres ærede frue']",['Rom'],"['det kgl: danske theater', 'den Gyldendalske boghandel']",['«Kongs-emnerne»']
14,0,i,,,,,"['Hegel', 'Deres ærede frue']",['Rom'],"['det kgl: danske theater', 'den Gyldendalske boghandel']",['«Kongs-emnerne»']
15,0,Deres,,,,,"['Hegel', 'Deres ærede frue']",['Rom'],"['det kgl: danske theater', 'den Gyldendalske boghandel']",['«Kongs-emnerne»']
16,0,venlige,,,,,"['Hegel', 'Deres ærede frue']",['Rom'],"['det kgl: danske theater', 'den Gyldendalske boghandel']",['«Kongs-emnerne»']
17,0,"erindring,",,,,,"['Hegel', 'Deres ærede frue']",['Rom'],"['det kgl: danske theater', 'den Gyldendalske boghandel']",['«Kongs-emnerne»']
18,0,tager,,,,,"['Hegel', 'Deres ærede frue']",['Rom'],"['det kgl: danske theater', 'den Gyldendalske boghandel']",['«Kongs-emnerne»']
19,0,jeg,,,,,"['Hegel', 'Deres ærede frue']",['Rom'],"['det kgl: danske theater', 'den Gyldendalske boghandel']",['«Kongs-emnerne»']
20,0,mig,,,,,"['Hegel', 'Deres ærede frue']",['Rom'],"['det kgl: danske theater', 'den Gyldendalske boghandel']",['«Kongs-emnerne»']
21,0,idag,,,,,"['Hegel', 'Deres ærede frue']",['Rom'],"['det kgl: danske theater', 'den Gyldendalske boghandel']",['«Kongs-emnerne»']
22,0,den,,,,,"['Hegel', 'Deres ærede frue']",['Rom'],"['det kgl: danske theater', 'den Gyldendalske boghandel']",['«Kongs-emnerne»']
23,0,frihed,,,,,"['Hegel', 'Deres ærede frue']",['Rom'],"['det kgl: danske theater', 'den Gyldendalske boghandel']",['«Kongs-emnerne»']
24,0,at,,,,,"['Hegel', 'Deres ærede frue']",['Rom'],"['det kgl: danske theater', 'den Gyldendalske boghandel']",['«Kongs-emnerne»']
25,0,tilskrive,,,,,"['Hegel', 'Deres ærede frue']",['Rom'],"['det kgl: danske theater', 'den Gyldendalske boghandel']",['«Kongs-emnerne»']
26,0,Dem,,,,,"['Hegel', 'Deres ærede frue']",['Rom'],"['det kgl: danske theater', 'den Gyldendalske boghandel']",['«Kongs-emnerne»']
27,0,nogle,,,,,"['Hegel', 'Deres ærede frue']",['Rom'],"['det kgl: danske theater', 'den Gyldendalske boghandel']",['«Kongs-emnerne»']
28,0,linjer.Sagen,,,,,"['Hegel', 'Deres ærede frue']",['Rom'],"['det kgl: danske theater', 'den Gyldendalske boghandel']",['«Kongs-emnerne»']
29,0,er,,,,,"['Hegel', 'Deres ærede frue']",['Rom'],"['det kgl: danske theater', 'den Gyldendalske boghandel']",['«Kongs-emnerne»']
30,0,nemlig,,,,,"['Hegel', 'Deres ærede frue']",['Rom'],"['det kgl: danske theater', 'den Gyldendalske boghandel']",['«Kongs-emnerne»']
31,0,denne:,,,,,"['Hegel', 'Deres ærede frue']",['Rom'],"['det kgl: danske theater', 'den Gyldendalske boghandel']",['«Kongs-emnerne»']
32,0,Af,,,,,"['Hegel', 'Deres ærede frue']",['Rom'],"['det kgl: danske theater', 'den Gyldendalske boghandel']",['«Kongs-emnerne»']
33,0,mit,,,,,"['Hegel', 'Deres ærede frue']",['Rom'],"['det kgl: danske theater', 'den Gyldendalske boghandel']",['«Kongs-emnerne»']
34,0,historiske,,,,,"['Hegel', 'Deres ærede frue']",['Rom'],"['det kgl: danske theater', 'den Gyldendalske boghandel']",['«Kongs-emnerne»']
35,0,skuespil,,,,,"['Hegel', 'Deres ærede frue']",['Rom'],"['det kgl: danske theater', 'den Gyldendalske boghandel']",['«Kongs-emnerne»']
36,0,«Kongs-emnerne»,,,,,"['Hegel', 'Deres ærede frue']",['Rom'],"['det kgl: danske theater', 'den Gyldendalske boghandel']",['«Kongs-emnerne»']
37,0,forberedes,,,,,"['Hegel', 'Deres ærede frue']",['Rom'],"['det kgl: danske theater', 'den Gyldendalske boghandel']",['«Kongs-emnerne»']
38,0,en,,,,,"['Hegel', 'Deres ærede frue']",['Rom'],"['det kgl: danske theater', 'den Gyldendalske boghandel']",['«Kongs-emnerne»']
39,0,ny,,,,,"['Hegel', 'Deres ærede frue']",['Rom'],"['det kgl: danske theater', 'den Gyldendalske boghandel']",['«Kongs-emnerne»']
40,0,gennemseet,,,,,"['Hegel', 'Deres ærede frue']",['Rom'],"['det kgl: danske theater', 'den Gyldendalske boghandel']",['«Kongs-emnerne»']
41,0,udgave,,,,,"['Hegel', 'Deres ærede frue']",['Rom'],"['det kgl: danske theater', 'den Gyldendalske boghandel']",['«Kongs-emnerne»']
42,0,hos,,,,,"['Hegel', 'Deres ærede frue']",['Rom'],"['det kgl: danske theater', 'den Gyldendalske boghandel']",['«Kongs-emnerne»']
43,0,Hegel.,,,,,"['Hegel', 'Deres ærede frue']",['Rom'],"['det kgl: danske theater', 'den Gyldendalske boghandel']",['«Kongs-emnerne»']
44,0,Bogen,,,,,"['Hegel', 'Deres ærede frue']",['Rom'],"['det kgl: danske theater', 'den Gyldendalske boghandel']",['«Kongs-emnerne»']
45,0,vil,,,,,"['Hegel', 'Deres ærede frue']",['Rom'],"['det kgl: danske theater', 'den Gyldendalske boghandel']",['«Kongs-emnerne»']
46,0,rimeligvis,,,,,"['Hegel', 'Deres ærede frue']",['Rom'],"['det kgl: danske theater', 'den Gyldendalske boghandel']",['«Kongs-emnerne»']
47,0,blive,,,,,"['Hegel', 'Deres ærede frue']",['Rom'],"['det kgl: danske theater', 'den Gyldendalske boghandel']",['«Kongs-emnerne»']
48,0,færdig,,,,,"['Hegel', 'Deres ærede frue']",['Rom'],"['det kgl: danske theater', 'den Gyldendalske boghandel']",['«Kongs-emnerne»']
49,0,i,,,,,"['Hegel', 'Deres ærede frue']",['Rom'],"['det kgl: danske theater', 'den Gyldendalske boghandel']",['«Kongs-emnerne»']
50,0,næste,,,,,"['Hegel', 'Deres ærede frue']",['Rom'],"['det kgl: danske theater', 'den Gyldendalske boghandel']",['«Kongs-emnerne»']
51,0,"måned,",,,,,"['Hegel', 'Deres ærede frue']",['Rom'],"['det kgl: danske theater', 'den Gyldendalske boghandel']",['«Kongs-emnerne»']
52,0,og,,,,,"['Hegel', 'Deres ærede frue']",['Rom'],"['det kgl: danske theater', 'den Gyldendalske boghandel']",['«Kongs-emnerne»']
53,0,så,,,,,"['Hegel', 'Deres ærede frue']",['Rom'],"['det kgl: danske theater', 'den Gyldendalske boghandel']",['«Kongs-emnerne»']
54,0,snart,,,,,"['Hegel', 'Deres ærede frue']",['Rom'],"['det kgl: danske theater', 'den Gyldendalske boghandel']",['«Kongs-emnerne»']
55,0,dette,,,,,"['Hegel', 'Deres ærede frue']",['Rom'],"['det kgl: danske theater', 'den Gyldendalske boghandel']",['«Kongs-emnerne»']
56,0,er,,,,,"['Hegel', 'Deres ærede frue']",['Rom'],"['det kgl: danske theater', 'den Gyldendalske boghandel']",['«Kongs-emnerne»']
57,0,"skeet,",,,,,"['Hegel', 'Deres ærede frue']",['Rom'],"['det kgl: danske theater', 'den Gyldendalske boghandel']",['«Kongs-emnerne»']
58,0,indleverer,,,,,"['Hegel', 'Deres ærede frue']",['Rom'],"['det kgl: danske theater', 'den Gyldendalske boghandel']",['«Kongs-emnerne»']
59,0,jeg,,,,,"['Hegel', 'Deres ærede frue']",['Rom'],"['det kgl: danske theater', 'den Gyldendalske boghandel']",['«Kongs-emnerne»']
60,0,stykket,,,,,"['Hegel', 'Deres ærede frue']",['Rom'],"['det kgl: danske theater', 'den Gyldendalske boghandel']",['«Kongs-emnerne»']
61,0,til,,,,,"['Hegel', 'Deres ærede frue']",['Rom'],"['det kgl: danske theater', 'den Gyldendalske boghandel']",['«Kongs-emnerne»']
62,0,det,,,,,"['Hegel', 'Deres ærede frue']",['Rom'],"['det kgl: danske theater', 'den Gyldendalske boghandel']",['«Kongs-emnerne»']
63,0,kgl:,,,,,"['Hegel', 'Deres ærede frue']",['Rom'],"['det kgl: danske theater', 'den Gyldendalske boghandel']",['«Kongs-emnerne»']
64,0,danske,,,,,"['Hegel', 'Deres ærede frue']",['Rom'],"['det kgl: danske theater', 'den Gyldendalske boghandel']",['«Kongs-emnerne»']
65,0,theater.,,,,,"['Hegel', 'Deres ærede frue']",['Rom'],"['det kgl: danske theater', 'den Gyldendalske boghandel']",['«Kongs-emnerne»']
66,0,Efter,,,,,"['Hegel', 'Deres ærede frue']",['Rom'],"['det kgl: danske theater', 'den Gyldendalske boghandel']",['«Kongs-emnerne»']
67,0,hvad,,,,,"['Hegel', 'Deres ærede frue']",['Rom'],"['det kgl: danske theater', 'den Gyldendalske boghandel']",['«Kongs-emnerne»']
68,0,der,,,,,"['Hegel', 'Deres ærede frue']",['Rom'],"['det kgl: danske theater', 'den Gyldendalske boghandel']",['«Kongs-emnerne»']
69,0,privat,,,,,"['Hegel', 'Deres ærede frue']",['Rom'],"['det kgl: danske theater', 'den Gyldendalske boghandel']",['«Kongs-emnerne»']
70,0,er,,,,,"['Hegel', 'Deres ærede frue']",['Rom'],"['det kgl: danske theater', 'den Gyldendalske boghandel']",['«Kongs-emnerne»']
71,0,kommet,,,,,"['Hegel', 'Deres ærede frue']",['Rom'],"['det kgl: danske theater', 'den Gyldendalske boghandel']",['«Kongs-emnerne»']
72,0,mig,,,,,"['Hegel', 'Deres ærede frue']",['Rom'],"['det kgl: danske theater', 'den Gyldendalske boghandel']",['«Kongs-emnerne»']
73,0,for,,,,,"['Hegel', 'Deres ærede frue']",['Rom'],"['det kgl: danske theater', 'den Gyldendalske boghandel']",['«Kongs-emnerne»']
74,0,øre,,,,,"['Hegel', 'Deres ærede frue']",['Rom'],"['det kgl: danske theater', 'den Gyldendalske boghandel']",['«Kongs-emnerne»']
75,0,har,,,,,"['Hegel', 'Deres ærede frue']",['Rom'],"['det kgl: danske theater', 'den Gyldendalske boghandel']",['«Kongs-emnerne»']
76,0,jeg,,,,,"['Hegel', 'Deres ærede frue']",['Rom'],"['det kgl: danske theater', 'den Gyldendalske boghandel']",['«Kongs-emnerne»']
77,0,al,,,,,"['Hegel', 'Deres ærede frue']",['Rom'],"['det kgl: danske theater', 'den Gyldendalske boghandel']",['«Kongs-emnerne»']
78,0,grund,,,,,"['Hegel', 'Deres ærede frue']",['Rom'],"['det kgl: danske theater', 'den Gyldendalske boghandel']",['«Kongs-emnerne»']
79,0,til,,,,,"['Hegel', 'Deres ærede frue']",['Rom'],"['det kgl: danske theater', 'den Gyldendalske boghandel']",['«Kongs-emnerne»']
80,0,at,,,,,"['Hegel', 'Deres ærede frue']",['Rom'],"['det kgl: danske theater', 'den Gyldendalske boghandel']",['«Kongs-emnerne»']
81,0,forudsætte,,,,,"['Hegel', 'Deres ærede frue']",['Rom'],"['det kgl: danske theater', 'den Gyldendalske boghandel']",['«Kongs-emnerne»']
82,0,at,,,,,"['Hegel', 'Deres ærede frue']",['Rom'],"['det kgl: danske theater', 'den Gyldendalske boghandel']",['«Kongs-emnerne»']
83,0,det,,,,,"['Hegel', 'Deres ærede frue']",['Rom'],"['det kgl: danske theater', 'den Gyldendalske boghandel']",['«Kongs-emnerne»']
84,0,bliver,,,,,"['Hegel', 'Deres ærede frue']",['Rom'],"['det kgl: danske theater', 'den Gyldendalske boghandel']",['«Kongs-emnerne»']
85,0,antaget.Nu,,,,,"['Hegel', 'Deres ærede frue']",['Rom'],"['det kgl: danske theater', 'den Gyldendalske boghandel']",['«Kongs-emnerne»']
86,0,er,,,,,"['Hegel', 'Deres ærede frue']",['Rom'],"['det kgl: danske theater', 'den Gyldendalske boghandel']",['«Kongs-emnerne»']
87,0,det,,,,,"['Hegel', 'Deres ærede frue']",['Rom'],"['det kgl: danske theater', 'den Gyldendalske boghandel']",['«Kongs-emnerne»']
88,0,mit,,,,,"['Hegel', 'Deres ærede frue']",['Rom'],"['det kgl: danske theater', 'den Gyldendalske boghandel']",['«Kongs-emnerne»']
89,0,spørgsmål,,,,,"['Hegel', 'Deres ærede frue']",['Rom'],"['det kgl: danske theater', 'den Gyldendalske boghandel']",['«Kongs-emnerne»']
90,0,til,,,,,"['Hegel', 'Deres ærede frue']",['Rom'],"['det kgl: danske theater', 'den Gyldendalske boghandel']",['«Kongs-emnerne»']
91,0,"Dem,",,,,,"['Hegel', 'Deres ærede frue']",['Rom'],"['det kgl: danske theater', 'den Gyldendalske boghandel']",['«Kongs-emnerne»']
92,0,om,,,,,"['Hegel', 'Deres ærede frue']",['Rom'],"['det kgl: danske theater', 'den Gyldendalske boghandel']",['«Kongs-emnerne»']
93,0,De,,,,,"['Hegel', 'Deres ærede frue']",['Rom'],"['det kgl: danske theater', 'den Gyldendalske boghandel']",['«Kongs-emnerne»']
94,0,skulde,,,,,"['Hegel', 'Deres ærede frue']",['Rom'],"['det kgl: danske theater', 'den Gyldendalske boghandel']",['«Kongs-emnerne»']
95,0,ville,,,,,"['Hegel', 'Deres ærede frue']",['Rom'],"['det kgl: danske theater', 'den Gyldendalske boghandel']",['«Kongs-emnerne»']
96,0,komponere,,,,,"['Hegel', 'Deres ærede frue']",['Rom'],"['det kgl: danske theater', 'den Gyldendalske boghandel']",['«Kongs-emnerne»']
97,0,musik,,,,,"['Hegel', 'Deres ærede frue']",['Rom'],"['det kgl: danske theater', 'den Gyldendalske boghandel']",['«Kongs-emnerne»']
98,0,til,,,,,"['Hegel', 'Deres ærede frue']",['Rom'],"['det kgl: danske theater', 'den Gyldendalske boghandel']",['«Kongs-emnerne»']
99,0,stykket?,,,,,"['Hegel', 'Deres ærede frue']",['Rom'],"['det kgl: danske theater', 'den Gyldendalske boghandel']",['«Kongs-emnerne»']
100,0,Der,,,,,"['Hegel', 'Deres ærede frue']",['Rom'],"['det kgl: danske theater', 'den Gyldendalske boghandel']",['«Kongs-emnerne»']
101,0,behøves,,,,,"['Hegel', 'Deres ærede frue']",['Rom'],"['det kgl: danske theater', 'den Gyldendalske boghandel']",['«Kongs-emnerne»']
102,0,ouverture,,,,,"['Hegel', 'Deres ærede frue']",['Rom'],"['det kgl: danske theater', 'den Gyldendalske boghandel']",['«Kongs-emnerne»']
103,0,og,,,,,"['Hegel', 'Deres ærede frue']",['Rom'],"['det kgl: danske theater', 'den Gyldendalske boghandel']",['«Kongs-emnerne»']
104,0,"introductioner,",,,,,"['Hegel', 'Deres ærede frue']",['Rom'],"['det kgl: danske theater', 'den Gyldendalske boghandel']",['«Kongs-emnerne»']
105,0,kirkemusik,,,,,"['Hegel', 'Deres ærede frue']",['Rom'],"['det kgl: danske theater', 'den Gyldendalske boghandel']",['«Kongs-emnerne»']
106,0,og,,,,,"['Hegel', 'Deres ærede frue']",['Rom'],"['det kgl: danske theater', 'den Gyldendalske boghandel']",['«Kongs-emnerne»']
107,0,festmarsch,,,,,"['Hegel', 'Deres ærede frue']",['Rom'],"['det kgl: danske theater', 'den Gyldendalske boghandel']",['«Kongs-emnerne»']
108,0,i,,,,,"['Hegel', 'Deres ærede frue']",['Rom'],"['det kgl: danske theater', 'den Gyldendalske boghandel']",['«Kongs-emnerne»']
109,0,første,,,,,"['Hegel', 'Deres ærede frue']",['Rom'],"['det kgl: danske theater', 'den Gyldendalske boghandel']",['«Kongs-emnerne»']
110,0,"akt,",,,,,"['Hegel', 'Deres ærede frue']",['Rom'],"['det kgl: danske theater', 'den Gyldendalske boghandel']",['«Kongs-emnerne»']
111,0,dands,,,,,"['Hegel', 'Deres ærede frue']",['Rom'],"['det kgl: danske theater', 'den Gyldendalske boghandel']",['«Kongs-emnerne»']
112,0,i,,,,,"['Hegel', 'Deres ærede frue']",['Rom'],"['det kgl: danske theater', 'den Gyldendalske boghandel']",['«Kongs-emnerne»']
113,0,"anden,",,,,,"['Hegel', 'Deres ærede frue']",['Rom'],"['det kgl: danske theater', 'den Gyldendalske boghandel']",['«Kongs-emnerne»']
114,0,bøn,,,,,"['Hegel', 'Deres ærede frue']",['Rom'],"['det kgl: danske theater', 'den Gyldendalske boghandel']",['«Kongs-emnerne»']
115,0,og,,,,,"['Hegel', 'Deres ærede frue']",['Rom'],"['det kgl: danske theater', 'den Gyldendalske boghandel']",['«Kongs-emnerne»']
116,0,vuggesang,,,,,"['Hegel', 'Deres ærede frue']",['Rom'],"['det kgl: danske theater', 'den Gyldendalske boghandel']",['«Kongs-emnerne»']
117,0,i,,,,,"['Hegel', 'Deres ærede frue']",['Rom'],"['det kgl: danske theater', 'den Gyldendalske boghandel']",['«Kongs-emnerne»']
118,0,"tredje,",,,,,"['Hegel', 'Deres ærede frue']",['Rom'],"['det kgl: danske theater', 'den Gyldendalske boghandel']",['«Kongs-emnerne»']
119,0,melodramatisk,,,,,"['Hegel', 'Deres ærede frue']",['Rom'],"['det kgl: danske theater', 'den Gyldendalske boghandel']",['«Kongs-emnerne»']
120,0,ledsagelse,,,,,"['Hegel', 'Deres ærede frue']",['Rom'],"['det kgl: danske theater', 'den Gyldendalske boghandel']",['«Kongs-emnerne»']
121,0,til,,,,,"['Hegel', 'Deres ærede frue']",['Rom'],"['det kgl: danske theater', 'den Gyldendalske boghandel']",['«Kongs-emnerne»']
122,0,kampscenerne,,,,,"['Hegel', 'Deres ærede frue']",['Rom'],"['det kgl: danske theater', 'den Gyldendalske boghandel']",['«Kongs-emnerne»']
123,0,i,,,,,"['Hegel', 'Deres ærede frue']",['Rom'],"['det kgl: danske theater', 'den Gyldendalske boghandel']",['«Kongs-emnerne»']
124,0,"fjerde,",,,,,"['Hegel', 'Deres ærede frue']",['Rom'],"['det kgl: danske theater', 'den Gyldendalske boghandel']",['«Kongs-emnerne»']
125,0,samt,,,,,"['Hegel', 'Deres ærede frue']",['Rom'],"['det kgl: danske theater', 'den Gyldendalske boghandel']",['«Kongs-emnerne»']
126,0,endelig,,,,,"['Hegel', 'Deres ærede frue']",['Rom'],"['det kgl: danske theater', 'den Gyldendalske boghandel']",['«Kongs-emnerne»']
127,0,kvindernes,,,,,"['Hegel', 'Deres ærede frue']",['Rom'],"['det kgl: danske theater', 'den Gyldendalske boghandel']",['«Kongs-emnerne»']
128,0,chor,,,,,"['Hegel', 'Deres ærede frue']",['Rom'],"['det kgl: danske theater', 'den Gyldendalske boghandel']",['«Kongs-emnerne»']
129,0,i,,,,,"['Hegel', 'Deres ærede frue']",['Rom'],"['det kgl: danske theater', 'den Gyldendalske boghandel']",['«Kongs-emnerne»']
130,0,stykkets,,,,,"['Hegel', 'Deres ærede frue']",['Rom'],"['det kgl: danske theater', 'den Gyldendalske boghandel']",['«Kongs-emnerne»']
131,0,slutning.På,,,,,"['Hegel', 'Deres ærede frue']",['Rom'],"['det kgl: danske theater', 'den Gyldendalske boghandel']",['«Kongs-emnerne»']
132,0,forlangende,,,,,"['Hegel', 'Deres ærede frue']",['Rom'],"['det kgl: danske theater', 'den Gyldendalske boghandel']",['«Kongs-emnerne»']
133,0,vil,,,,,"['Hegel', 'Deres ærede frue']",['Rom'],"['det kgl: danske theater', 'den Gyldendalske boghandel']",['«Kongs-emnerne»']
134,0,der,,,,,"['Hegel', 'Deres ærede frue']",['Rom'],"['det kgl: danske theater', 'den Gyldendalske boghandel']",['«Kongs-emnerne»']
135,0,fra,,,,,"['Hegel', 'Deres ærede frue']",['Rom'],"['det kgl: danske theater', 'den Gyldendalske boghandel']",['«Kongs-emnerne»']
136,0,den,,,,,"['Hegel', 'Deres ærede frue']",['Rom'],"['det kgl: danske theater', 'den Gyldendalske boghandel']",['«Kongs-emnerne»']
137,0,Gyldendalske,,,,,"['Hegel', 'Deres ærede frue']",['Rom'],"['det kgl: danske theater', 'den Gyldendalske boghandel']",['«Kongs-emnerne»']
138,0,boghandel,,,,,"['Hegel', 'Deres ærede frue']",['Rom'],"['det kgl: danske theater', 'den Gyldendalske boghandel']",['«Kongs-emnerne»']
139,0,straks,,,,,"['Hegel', 'Deres ærede frue']",['Rom'],"['det kgl: danske theater', 'den Gyldendalske boghandel']",['«Kongs-emnerne»']
140,0,blive,,,,,"['Hegel', 'Deres ærede frue']",['Rom'],"['det kgl: danske theater', 'den Gyldendalske boghandel']",['«Kongs-emnerne»']
141,0,Dem,,,,,"['Hegel', 'Deres ærede frue']",['Rom'],"['det kgl: danske theater', 'den Gyldendalske boghandel']",['«Kongs-emnerne»']
142,0,tilstillet,,,,,"['Hegel', 'Deres ærede frue']",['Rom'],"['det kgl: danske theater', 'den Gyldendalske boghandel']",['«Kongs-emnerne»']
143,0,et,,,,,"['Hegel', 'Deres ærede frue']",['Rom'],"['det kgl: danske theater', 'den Gyldendalske boghandel']",['«Kongs-emnerne»']
144,0,exemplar,,,,,"['Hegel', 'Deres ærede frue']",['Rom'],"['det kgl: danske theater', 'den Gyldendalske boghandel']",['«Kongs-emnerne»']
145,0,af,,,,,"['Hegel', 'Deres ærede frue']",['Rom'],"['det kgl: danske theater', 'den Gyldendalske boghandel']",['«Kongs-emnerne»']
146,0,"stykket,",,,,,"['Hegel', 'Deres ærede frue']",['Rom'],"['det kgl: danske theater', 'den Gyldendalske boghandel']",['«Kongs-emnerne»']
147,0,og,,,,,"['Hegel', 'Deres ærede frue']",['Rom'],"['det kgl: danske theater', 'den Gyldendalske boghandel']",['«Kongs-emnerne»']
148,0,skulde,,,,,"['Hegel', 'Deres ærede frue']",['Rom'],"['det kgl: danske theater', 'den Gyldendalske boghandel']",['«Kongs-emnerne»']
149,0,De,,,,,"['Hegel', 'Deres ærede frue']",['Rom'],"['det kgl: danske theater', 'den Gyldendalske boghandel']",['«Kongs-emnerne»']
150,0,"så,",,,,,"['Hegel', 'Deres ærede frue']",['Rom'],"['det kgl: danske theater', 'den Gyldendalske boghandel']",['«Kongs-emnerne»']
151,0,efter,,,,,"['Hegel', 'Deres ærede frue']",['Rom'],"['det kgl: danske theater', 'den Gyldendalske boghandel']",['«Kongs-emnerne»']
152,0,at,,,,,"['Hegel', 'Deres ærede frue']",['Rom'],"['det kgl: danske theater', 'den Gyldendalske boghandel']",['«Kongs-emnerne»']
153,0,have,,,,,"['Hegel', 'Deres ærede frue']",['Rom'],"['det kgl: danske theater', 'den Gyldendalske boghandel']",['«Kongs-emnerne»']
154,0,gennemlæst,,,,,"['Hegel', 'Deres ærede frue']",['Rom'],"['det kgl: danske theater', 'den Gyldendalske boghandel']",['«Kongs-emnerne»']
155,0,"det,",,,,,"['Hegel', 'Deres ærede frue']",['Rom'],"['det kgl: danske theater', 'den Gyldendalske boghandel']",['«Kongs-emnerne»']
156,0,være,,,,,"['Hegel', 'Deres ærede frue']",['Rom'],"['det kgl: danske theater', 'den Gyldendalske boghandel']",['«Kongs-emnerne»']
157,0,villig,,,,,"['Hegel', 'Deres ærede frue']",['Rom'],"['det kgl: danske theater', 'den Gyldendalske boghandel']",['«Kongs-emnerne»']
158,0,til,,,,,"['Hegel', 'Deres ærede frue']",['Rom'],"['det kgl: danske theater', 'den Gyldendalske boghandel']",['«Kongs-emnerne»']
159,0,at,,,,,"['Hegel', 'Deres ærede frue']",['Rom'],"['det kgl: danske theater', 'den Gyldendalske boghandel']",['«Kongs-emnerne»']
160,0,indgå,,,,,"['Hegel', 'Deres ærede frue']",['Rom'],"['det kgl: danske theater', 'den Gyldendalske boghandel']",['«Kongs-emnerne»']
161,0,på,,,,,"['Hegel', 'Deres ærede frue']",['Rom'],"['det kgl: danske theater', 'den Gyldendalske boghandel']",['«Kongs-emnerne»']
162,0,mit,,,,,"['Hegel', 'Deres ærede frue']",['Rom'],"['det kgl: danske theater', 'den Gyldendalske boghandel']",['«Kongs-emnerne»']
163,0,"forslag,",,,,,"['Hegel', 'Deres ærede frue']",['Rom'],"['det kgl: danske theater', 'den Gyldendalske boghandel']",['«Kongs-emnerne»']
164,0,håber,,,,,"['Hegel', 'Deres ærede frue']",['Rom'],"['det kgl: danske theater', 'den Gyldendalske boghandel']",['«Kongs-emnerne»']
165,0,jeg,,,,,"['Hegel', 'Deres ærede frue']",['Rom'],"['det kgl: danske theater', 'den Gyldendalske boghandel']",['«Kongs-emnerne»']
166,0,De,,,,,"['Hegel', 'Deres ærede frue']",['Rom'],"['det kgl: danske theater', 'den Gyldendalske boghandel']",['«Kongs-emnerne»']
167,0,godhedsfuldt,,,,,"['Hegel', 'Deres ærede frue']",['Rom'],"['det kgl: danske theater', 'den Gyldendalske boghandel']",['«Kongs-emnerne»']
168,0,med,,,,,"['Hegel', 'Deres ærede frue']",['Rom'],"['det kgl: danske theater', 'den Gyldendalske boghandel']",['«Kongs-emnerne»']
169,0,et,,,,,"['Hegel', 'Deres ærede frue']",['Rom'],"['det kgl: danske theater', 'den Gyldendalske boghandel']",['«Kongs-emnerne»']
170,0,par,,,,,"['Hegel', 'Deres ærede frue']",['Rom'],"['det kgl: danske theater', 'den Gyldendalske boghandel']",['«Kongs-emnerne»']
171,0,linjer,,,,,"['Hegel', 'Deres ærede frue']",['Rom'],"['det kgl: danske theater', 'den Gyldendalske boghandel']",['«Kongs-emnerne»']
172,0,underretter,,,,,"['Hegel', 'Deres ærede frue']",['Rom'],"['det kgl: danske theater', 'den Gyldendalske boghandel']",['«Kongs-emnerne»']
173,0,mig,,,,,"['Hegel', 'Deres ærede frue']",['Rom'],"['det kgl: danske theater', 'den Gyldendalske boghandel']",['«Kongs-emnerne»']
174,0,derom.I,,,,,"['Hegel', 'Deres ærede frue']",['Rom'],"['det kgl: danske theater', 'den Gyldendalske boghandel']",['«Kongs-emnerne»']
175,0,håb,,,,,"['Hegel', 'Deres ærede frue']",['Rom'],"['det kgl: danske theater', 'den Gyldendalske boghandel']",['«Kongs-emnerne»']
176,0,om,,,,,"['Hegel', 'Deres ærede frue']",['Rom'],"['det kgl: danske theater', 'den Gyldendalske boghandel']",['«Kongs-emnerne»']
177,0,snart,,,,,"['Hegel', 'Deres ærede frue']",['Rom'],"['det kgl: danske theater', 'den Gyldendalske boghandel']",['«Kongs-emnerne»']
178,0,at,,,,,"['Hegel', 'Deres ærede frue']",['Rom'],"['det kgl: danske theater', 'den Gyldendalske boghandel']",['«Kongs-emnerne»']
179,0,høre,,,,,"['Hegel', 'Deres ærede frue']",['Rom'],"['det kgl: danske theater', 'den Gyldendalske boghandel']",['«Kongs-emnerne»']
180,0,fra,,,,,"['Hegel', 'Deres ærede frue']",['Rom'],"['det kgl: danske theater', 'den Gyldendalske boghandel']",['«Kongs-emnerne»']
181,0,Dem,,,,,"['Hegel', 'Deres ærede frue']",['Rom'],"['det kgl: danske theater', 'den Gyldendalske boghandel']",['«Kongs-emnerne»']
182,0,beder,,,,,"['Hegel', 'Deres ærede frue']",['Rom'],"['det kgl: danske theater', 'den Gyldendalske boghandel']",['«Kongs-emnerne»']
183,0,jeg,,,,,"['Hegel', 'Deres ærede frue']",['Rom'],"['det kgl: danske theater', 'den Gyldendalske boghandel']",['«Kongs-emnerne»']
184,0,Dem,,,,,"['Hegel', 'Deres ærede frue']",['Rom'],"['det kgl: danske theater', 'den Gyldendalske boghandel']",['«Kongs-emnerne»']
185,0,at,,,,,"['Hegel', 'Deres ærede frue']",['Rom'],"['det kgl: danske theater', 'den Gyldendalske boghandel']",['«Kongs-emnerne»']
186,0,frembære,,,,,"['Hegel', 'Deres ærede frue']",['Rom'],"['det kgl: danske theater', 'den Gyldendalske boghandel']",['«Kongs-emnerne»']
187,0,min,,,,,"['Hegel', 'Deres ærede frue']",['Rom'],"['det kgl: danske theater', 'den Gyldendalske boghandel']",['«Kongs-emnerne»']
188,0,ærbødigste,,,,,"['Hegel', 'Deres ærede frue']",['Rom'],"['det kgl: danske theater', 'den Gyldendalske boghandel']",['«Kongs-emnerne»']
189,0,hilsen,,,,,"['Hegel', 'Deres ærede frue']",['Rom'],"['det kgl: danske theater', 'den Gyldendalske boghandel']",['«Kongs-emnerne»']
190,0,til,,,,,"['Hegel', 'Deres ærede frue']",['Rom'],"['det kgl: danske theater', 'den Gyldendalske boghandel']",['«Kongs-emnerne»']
191,0,Deres,,,,,"['Hegel', 'Deres ærede frue']",['Rom'],"['det kgl: danske theater', 'den Gyldendalske boghandel']",['«Kongs-emnerne»']
192,0,ærede,,,,,"['Hegel', 'Deres ærede frue']",['Rom'],"['det kgl: danske theater', 'den Gyldendalske boghandel']",['«Kongs-emnerne»']
193,0,frue,,,,,"['Hegel', 'Deres ærede frue']",['Rom'],"['det kgl: danske theater', 'den Gyldendalske boghandel']",['«Kongs-emnerne»']
194,0,og,,,,,"['Hegel', 'Deres ærede frue']",['Rom'],"['det kgl: danske theater', 'den Gyldendalske boghandel']",['«Kongs-emnerne»']
195,0,tegner,,,,,"['Hegel', 'Deres ærede frue']",['Rom'],"['det kgl: danske theater', 'den Gyldendalske boghandel']",['«Kongs-emnerne»']
196,0,migMin,,,,,"['Hegel', 'Deres ærede frue']",['Rom'],"['det kgl: danske theater', 'den Gyldendalske boghandel']",['«Kongs-emnerne»']
197,0,adresse,,,,,"['Hegel', 'Deres ærede frue']",['Rom'],"['det kgl: danske theater', 'den Gyldendalske boghandel']",['«Kongs-emnerne»']
198,0,er:,,,,,"['Hegel', 'Deres ærede frue']",['Rom'],"['det kgl: danske theater', 'den Gyldendalske boghandel']",['«Kongs-emnerne»']
199,0,"Königsbrücker-Strasse,",,,,,"['Hegel', 'Deres ærede frue']",['Rom'],"['det kgl: danske theater', 'den Gyldendalske boghandel']",['«Kongs-emnerne»']
200,0,No,,,,,"['Hegel', 'Deres ærede frue']",['Rom'],"['det kgl: danske theater', 'den Gyldendalske boghandel']",['«Kongs-emnerne»']
201,0,33.,,,,,"['Hegel', 'Deres ærede frue']",['Rom'],"['det kgl: danske theater', 'den Gyldendalske boghandel']",['«Kongs-emnerne»']
