,,0,human_annotation,who,dacy_medium,spacy_trf,person,place,org,work
0,0,Inden,,,,,['Hr. Laading'],[],[],[]
1,0,jeg,,,,,['Hr. Laading'],[],[],[]
2,0,seer,,,,,['Hr. Laading'],[],[],[]
3,0,mig,,,,,['Hr. Laading'],[],[],[]
4,0,istand,,,,,['Hr. Laading'],[],[],[]
5,0,til,,,,,['Hr. Laading'],[],[],[]
6,0,at,,,,,['Hr. Laading'],[],[],[]
7,0,besvare,,,,,['Hr. Laading'],[],[],[]
8,0,Bestyrelsens,,,,,['Hr. Laading'],[],[],[]
9,0,Skrivelse,,,,,['Hr. Laading'],[],[],[]
10,0,af,,,,,['Hr. Laading'],[],[],[]
11,0,23de,,,,,['Hr. Laading'],[],[],[]
12,0,d:,,,,,['Hr. Laading'],[],[],[]
13,0,"M:,",,,,,['Hr. Laading'],[],[],[]
14,0,nødes,,,,,['Hr. Laading'],[],[],[]
15,0,jeg,,,,,['Hr. Laading'],[],[],[]
16,0,til,,,,,['Hr. Laading'],[],[],[]
17,0,at,,,,,['Hr. Laading'],[],[],[]
18,0,udbede,,,,,['Hr. Laading'],[],[],[]
19,0,mig,,,,,['Hr. Laading'],[],[],[]
20,0,den,,,,,['Hr. Laading'],[],[],[]
21,0,paatænkte,,,,,['Hr. Laading'],[],[],[]
22,0,Forandring,,,,,['Hr. Laading'],[],[],[]
23,0,i,,,,,['Hr. Laading'],[],[],[]
24,0,Instructørstillingerne,,,,,['Hr. Laading'],[],[],[]
25,0,nærmere,,,,,['Hr. Laading'],[],[],[]
26,0,betegnet.,,,,,['Hr. Laading'],[],[],[]
27,0,Af,,,,,['Hr. Laading'],[],[],[]
28,0,Bestyrelsens,,,,,['Hr. Laading'],[],[],[]
29,0,Brev,,,,,['Hr. Laading'],[],[],[]
30,0,"fremgaaer,",,,,,['Hr. Laading'],[],[],[]
31,0,at,,,,,['Hr. Laading'],[],[],[]
32,0,der,,,,,['Hr. Laading'],[],[],[]
33,0,tilsigtes:,,,,,['Hr. Laading'],[],[],[]
34,0,en,,,,,['Hr. Laading'],[],[],[]
35,0,Ombytning,,,,,['Hr. Laading'],[],[],[]
36,0,af,,,,,['Hr. Laading'],[],[],[]
37,0,de,,,,,['Hr. Laading'],[],[],[]
38,0,mig,,,,,['Hr. Laading'],[],[],[]
39,0,og,,,,,['Hr. Laading'],[],[],[]
40,0,Hr.,,,,,['Hr. Laading'],[],[],[]
41,0,Laading,,,,,['Hr. Laading'],[],[],[]
42,0,for,,,,,['Hr. Laading'],[],[],[]
43,0,Tiden,,,,,['Hr. Laading'],[],[],[]
44,0,tillagte,,,,,['Hr. Laading'],[],[],[]
45,0,Functioner,,,,,['Hr. Laading'],[],[],[]
46,0,som,,,,,['Hr. Laading'],[],[],[]
47,0,Instructør.,,,,,['Hr. Laading'],[],[],[]
48,0,–,,,,,['Hr. Laading'],[],[],[]
49,0,Da,,,,,['Hr. Laading'],[],[],[]
50,0,der,,,,,['Hr. Laading'],[],[],[]
51,0,imidlertid,,,,,['Hr. Laading'],[],[],[]
52,0,for,,,,,['Hr. Laading'],[],[],[]
53,0,Tiden,,,,,['Hr. Laading'],[],[],[]
54,0,er,,,,,['Hr. Laading'],[],[],[]
55,0,os,,,,,['Hr. Laading'],[],[],[]
56,0,"Begge,",,,,,['Hr. Laading'],[],[],[]
57,0,som,,,,,['Hr. Laading'],[],[],[]
58,0,"Instructører,",,,,,['Hr. Laading'],[],[],[]
59,0,tillagt,,,,,['Hr. Laading'],[],[],[]
60,0,adskillige,,,,,['Hr. Laading'],[],[],[]
61,0,"Functioner,",,,,,['Hr. Laading'],[],[],[]
62,0,hvilke,,,,,['Hr. Laading'],[],[],[]
63,0,ifølge,,,,,['Hr. Laading'],[],[],[]
64,0,deres,,,,,['Hr. Laading'],[],[],[]
65,0,Begreb,,,,,['Hr. Laading'],[],[],[]
66,0,ere,,,,,['Hr. Laading'],[],[],[]
67,0,Instructionsvæsnet,,,,,['Hr. Laading'],[],[],[]
68,0,"uvedkommende,",,,,,['Hr. Laading'],[],[],[]
69,0,saa,,,,,['Hr. Laading'],[],[],[]
70,0,er,,,,,['Hr. Laading'],[],[],[]
71,0,jeg,,,,,['Hr. Laading'],[],[],[]
72,0,i,,,,,['Hr. Laading'],[],[],[]
73,0,Uvished,,,,,['Hr. Laading'],[],[],[]
74,0,om,,,,,['Hr. Laading'],[],[],[]
75,0,Bestyrelsen,,,,,['Hr. Laading'],[],[],[]
76,0,har,,,,,['Hr. Laading'],[],[],[]
77,0,tænkt,,,,,['Hr. Laading'],[],[],[]
78,0,at,,,,,['Hr. Laading'],[],[],[]
79,0,lægge,,,,,['Hr. Laading'],[],[],[]
80,0,enten,,,,,['Hr. Laading'],[],[],[]
81,0,den,,,,,['Hr. Laading'],[],[],[]
82,0,hos,,,,,['Hr. Laading'],[],[],[]
83,0,os,,,,,['Hr. Laading'],[],[],[]
84,0,hidtil,,,,,['Hr. Laading'],[],[],[]
85,0,gjældende,,,,,['Hr. Laading'],[],[],[]
86,0,"Praxis,",,,,,['Hr. Laading'],[],[],[]
87,0,eller,,,,,['Hr. Laading'],[],[],[]
88,0,Forretningernes,,,,,['Hr. Laading'],[],[],[]
89,0,indre,,,,,['Hr. Laading'],[],[],[]
90,0,Slægtskab,,,,,['Hr. Laading'],[],[],[]
91,0,til,,,,,['Hr. Laading'],[],[],[]
92,0,Grund,,,,,['Hr. Laading'],[],[],[]
93,0,for,,,,,['Hr. Laading'],[],[],[]
94,0,den,,,,,['Hr. Laading'],[],[],[]
95,0,paatænkte,,,,,['Hr. Laading'],[],[],[]
96,0,Forandring.,,,,,['Hr. Laading'],[],[],[]
97,0,Det,,,,,['Hr. Laading'],[],[],[]
98,0,Sidste,,,,,['Hr. Laading'],[],[],[]
99,0,forekommer,,,,,['Hr. Laading'],[],[],[]
100,0,mig,,,,,['Hr. Laading'],[],[],[]
101,0,ubetinget,,,,,['Hr. Laading'],[],[],[]
102,0,at,,,,,['Hr. Laading'],[],[],[]
103,0,være,,,,,['Hr. Laading'],[],[],[]
104,0,det,,,,,['Hr. Laading'],[],[],[]
105,0,hensigtsmæssigste;,,,,,['Hr. Laading'],[],[],[]
106,0,det,,,,,['Hr. Laading'],[],[],[]
107,0,samlede,,,,,['Hr. Laading'],[],[],[]
108,0,Instructionsvæsen,,,,,['Hr. Laading'],[],[],[]
109,0,maatte,,,,,['Hr. Laading'],[],[],[]
110,0,da,,,,,['Hr. Laading'],[],[],[]
111,0,overdrages,,,,,['Hr. Laading'],[],[],[]
112,0,til,,,,,['Hr. Laading'],[],[],[]
113,0,"Een,",,,,,['Hr. Laading'],[],[],[]
114,0,–,,,,,['Hr. Laading'],[],[],[]
115,0,"Regievæsnet,",,,,,['Hr. Laading'],[],[],[]
116,0,samt,,,,,['Hr. Laading'],[],[],[]
117,0,hvad,,,,,['Hr. Laading'],[],[],[]
118,0,dermed,,,,,['Hr. Laading'],[],[],[]
119,0,naturligen,,,,,['Hr. Laading'],[],[],[]
120,0,lader,,,,,['Hr. Laading'],[],[],[]
121,0,sig,,,,,['Hr. Laading'],[],[],[]
122,0,"forene,",,,,,['Hr. Laading'],[],[],[]
123,0,til,,,,,['Hr. Laading'],[],[],[]
124,0,en,,,,,['Hr. Laading'],[],[],[]
125,0,Anden.,,,,,['Hr. Laading'],[],[],[]
126,0,Angaaende,,,,,['Hr. Laading'],[],[],[]
127,0,Gagenedsættelsen,,,,,['Hr. Laading'],[],[],[]
128,0,skal,,,,,['Hr. Laading'],[],[],[]
129,0,jeg,,,,,['Hr. Laading'],[],[],[]
130,0,ikke,,,,,['Hr. Laading'],[],[],[]
131,0,videre,,,,,['Hr. Laading'],[],[],[]
132,0,yttre,,,,,['Hr. Laading'],[],[],[]
133,0,mig,,,,,['Hr. Laading'],[],[],[]
134,0,forinden,,,,,['Hr. Laading'],[],[],[]
135,0,nærmere,,,,,['Hr. Laading'],[],[],[]
136,0,Oplysninger,,,,,['Hr. Laading'],[],[],[]
137,0,fra,,,,,['Hr. Laading'],[],[],[]
138,0,Bestyrelsen,,,,,['Hr. Laading'],[],[],[]
139,0,ere,,,,,['Hr. Laading'],[],[],[]
140,0,blevne,,,,,['Hr. Laading'],[],[],[]
141,0,mig,,,,,['Hr. Laading'],[],[],[]
142,0,meddeelte.,,,,,['Hr. Laading'],[],[],[]
