,,0,human_annotation,who,dacy_medium,spacy_trf,person,place,org,work
0,0,Jeg,,,,,['Herr Thaulow'],"['Christiania', 'Cassel']",[],"['«De unges Forbund»', '«Brand»']"
1,0,er,,,,,['Herr Thaulow'],"['Christiania', 'Cassel']",[],"['«De unges Forbund»', '«Brand»']"
2,0,Dem,,,,,['Herr Thaulow'],"['Christiania', 'Cassel']",[],"['«De unges Forbund»', '«Brand»']"
3,0,særdeles,,,,,['Herr Thaulow'],"['Christiania', 'Cassel']",[],"['«De unges Forbund»', '«Brand»']"
4,0,takknemmelig,,,,,['Herr Thaulow'],"['Christiania', 'Cassel']",[],"['«De unges Forbund»', '«Brand»']"
5,0,for,,,,,['Herr Thaulow'],"['Christiania', 'Cassel']",[],"['«De unges Forbund»', '«Brand»']"
6,0,Deres,,,,,['Herr Thaulow'],"['Christiania', 'Cassel']",[],"['«De unges Forbund»', '«Brand»']"
7,0,Underrettning,,,,,['Herr Thaulow'],"['Christiania', 'Cassel']",[],"['«De unges Forbund»', '«Brand»']"
8,0,angaaende,,,,,['Herr Thaulow'],"['Christiania', 'Cassel']",[],"['«De unges Forbund»', '«Brand»']"
9,0,min,,,,,['Herr Thaulow'],"['Christiania', 'Cassel']",[],"['«De unges Forbund»', '«Brand»']"
10,0,"Biografi,",,,,,['Herr Thaulow'],"['Christiania', 'Cassel']",[],"['«De unges Forbund»', '«Brand»']"
11,0,hvilken,,,,,['Herr Thaulow'],"['Christiania', 'Cassel']",[],"['«De unges Forbund»', '«Brand»']"
12,0,jeg,,,,,['Herr Thaulow'],"['Christiania', 'Cassel']",[],"['«De unges Forbund»', '«Brand»']"
13,0,haaber,,,,,['Herr Thaulow'],"['Christiania', 'Cassel']",[],"['«De unges Forbund»', '«Brand»']"
14,0,De,,,,,['Herr Thaulow'],"['Christiania', 'Cassel']",[],"['«De unges Forbund»', '«Brand»']"
15,0,har,,,,,['Herr Thaulow'],"['Christiania', 'Cassel']",[],"['«De unges Forbund»', '«Brand»']"
16,0,fortsatt,,,,,['Herr Thaulow'],"['Christiania', 'Cassel']",[],"['«De unges Forbund»', '«Brand»']"
17,0,lige,,,,,['Herr Thaulow'],"['Christiania', 'Cassel']",[],"['«De unges Forbund»', '«Brand»']"
18,0,till,,,,,['Herr Thaulow'],"['Christiania', 'Cassel']",[],"['«De unges Forbund»', '«Brand»']"
19,0,den,,,,,['Herr Thaulow'],"['Christiania', 'Cassel']",[],"['«De unges Forbund»', '«Brand»']"
20,0,sidste,,,,,['Herr Thaulow'],"['Christiania', 'Cassel']",[],"['«De unges Forbund»', '«Brand»']"
21,0,"Tid,",,,,,['Herr Thaulow'],"['Christiania', 'Cassel']",[],"['«De unges Forbund»', '«Brand»']"
22,0,og,,,,,['Herr Thaulow'],"['Christiania', 'Cassel']",[],"['«De unges Forbund»', '«Brand»']"
23,0,saaledes,,,,,['Herr Thaulow'],"['Christiania', 'Cassel']",[],"['«De unges Forbund»', '«Brand»']"
24,0,medtaget,,,,,['Herr Thaulow'],"['Christiania', 'Cassel']",[],"['«De unges Forbund»', '«Brand»']"
25,0,baade,,,,,['Herr Thaulow'],"['Christiania', 'Cassel']",[],"['«De unges Forbund»', '«Brand»']"
26,0,min,,,,,['Herr Thaulow'],"['Christiania', 'Cassel']",[],"['«De unges Forbund»', '«Brand»']"
27,0,egyptiske,,,,,['Herr Thaulow'],"['Christiania', 'Cassel']",[],"['«De unges Forbund»', '«Brand»']"
28,0,Rejse,,,,,['Herr Thaulow'],"['Christiania', 'Cassel']",[],"['«De unges Forbund»', '«Brand»']"
29,0,og,,,,,['Herr Thaulow'],"['Christiania', 'Cassel']",[],"['«De unges Forbund»', '«Brand»']"
30,0,«De,,,,,['Herr Thaulow'],"['Christiania', 'Cassel']",[],"['«De unges Forbund»', '«Brand»']"
31,0,unges,,,,,['Herr Thaulow'],"['Christiania', 'Cassel']",[],"['«De unges Forbund»', '«Brand»']"
32,0,Forbund».,,,,,['Herr Thaulow'],"['Christiania', 'Cassel']",[],"['«De unges Forbund»', '«Brand»']"
33,0,Det,,,,,['Herr Thaulow'],"['Christiania', 'Cassel']",[],"['«De unges Forbund»', '«Brand»']"
34,0,er,,,,,['Herr Thaulow'],"['Christiania', 'Cassel']",[],"['«De unges Forbund»', '«Brand»']"
35,0,mig,,,,,['Herr Thaulow'],"['Christiania', 'Cassel']",[],"['«De unges Forbund»', '«Brand»']"
36,0,kjært,,,,,['Herr Thaulow'],"['Christiania', 'Cassel']",[],"['«De unges Forbund»', '«Brand»']"
37,0,at,,,,,['Herr Thaulow'],"['Christiania', 'Cassel']",[],"['«De unges Forbund»', '«Brand»']"
38,0,De,,,,,['Herr Thaulow'],"['Christiania', 'Cassel']",[],"['«De unges Forbund»', '«Brand»']"
39,0,i,,,,,['Herr Thaulow'],"['Christiania', 'Cassel']",[],"['«De unges Forbund»', '«Brand»']"
40,0,Christiania,,,,,['Herr Thaulow'],"['Christiania', 'Cassel']",[],"['«De unges Forbund»', '«Brand»']"
41,0,selv,,,,,['Herr Thaulow'],"['Christiania', 'Cassel']",[],"['«De unges Forbund»', '«Brand»']"
42,0,har,,,,,['Herr Thaulow'],"['Christiania', 'Cassel']",[],"['«De unges Forbund»', '«Brand»']"
43,0,faaet,,,,,['Herr Thaulow'],"['Christiania', 'Cassel']",[],"['«De unges Forbund»', '«Brand»']"
44,0,Anledning,,,,,['Herr Thaulow'],"['Christiania', 'Cassel']",[],"['«De unges Forbund»', '«Brand»']"
45,0,till,,,,,['Herr Thaulow'],"['Christiania', 'Cassel']",[],"['«De unges Forbund»', '«Brand»']"
46,0,at,,,,,['Herr Thaulow'],"['Christiania', 'Cassel']",[],"['«De unges Forbund»', '«Brand»']"
47,0,dømme,,,,,['Herr Thaulow'],"['Christiania', 'Cassel']",[],"['«De unges Forbund»', '«Brand»']"
48,0,om,,,,,['Herr Thaulow'],"['Christiania', 'Cassel']",[],"['«De unges Forbund»', '«Brand»']"
49,0,Stykket;,,,,,['Herr Thaulow'],"['Christiania', 'Cassel']",[],"['«De unges Forbund»', '«Brand»']"
50,0,thi,,,,,['Herr Thaulow'],"['Christiania', 'Cassel']",[],"['«De unges Forbund»', '«Brand»']"
51,0,vor,,,,,['Herr Thaulow'],"['Christiania', 'Cassel']",[],"['«De unges Forbund»', '«Brand»']"
52,0,fælles,,,,,['Herr Thaulow'],"['Christiania', 'Cassel']",[],"['«De unges Forbund»', '«Brand»']"
53,0,"Ven,",,,,,['Herr Thaulow'],"['Christiania', 'Cassel']",[],"['«De unges Forbund»', '«Brand»']"
54,0,Herr,,,,,['Herr Thaulow'],"['Christiania', 'Cassel']",[],"['«De unges Forbund»', '«Brand»']"
55,0,"Thaulow,",,,,,['Herr Thaulow'],"['Christiania', 'Cassel']",[],"['«De unges Forbund»', '«Brand»']"
56,0,er,,,,,['Herr Thaulow'],"['Christiania', 'Cassel']",[],"['«De unges Forbund»', '«Brand»']"
57,0,visstnok,,,,,['Herr Thaulow'],"['Christiania', 'Cassel']",[],"['«De unges Forbund»', '«Brand»']"
58,0,af,,,,,['Herr Thaulow'],"['Christiania', 'Cassel']",[],"['«De unges Forbund»', '«Brand»']"
59,0,politiske,,,,,['Herr Thaulow'],"['Christiania', 'Cassel']",[],"['«De unges Forbund»', '«Brand»']"
60,0,Grunde,,,,,['Herr Thaulow'],"['Christiania', 'Cassel']",[],"['«De unges Forbund»', '«Brand»']"
61,0,en,,,,,['Herr Thaulow'],"['Christiania', 'Cassel']",[],"['«De unges Forbund»', '«Brand»']"
62,0,afgjort,,,,,['Herr Thaulow'],"['Christiania', 'Cassel']",[],"['«De unges Forbund»', '«Brand»']"
63,0,Modstander,,,,,['Herr Thaulow'],"['Christiania', 'Cassel']",[],"['«De unges Forbund»', '«Brand»']"
64,0,deraf.,,,,,['Herr Thaulow'],"['Christiania', 'Cassel']",[],"['«De unges Forbund»', '«Brand»']"
65,0,Jeg,,,,,['Herr Thaulow'],"['Christiania', 'Cassel']",[],"['«De unges Forbund»', '«Brand»']"
66,0,antager,,,,,['Herr Thaulow'],"['Christiania', 'Cassel']",[],"['«De unges Forbund»', '«Brand»']"
67,0,at,,,,,['Herr Thaulow'],"['Christiania', 'Cassel']",[],"['«De unges Forbund»', '«Brand»']"
68,0,Biografien,,,,,['Herr Thaulow'],"['Christiania', 'Cassel']",[],"['«De unges Forbund»', '«Brand»']"
69,0,i,,,,,['Herr Thaulow'],"['Christiania', 'Cassel']",[],"['«De unges Forbund»', '«Brand»']"
70,0,væsentlig,,,,,['Herr Thaulow'],"['Christiania', 'Cassel']",[],"['«De unges Forbund»', '«Brand»']"
71,0,Grad,,,,,['Herr Thaulow'],"['Christiania', 'Cassel']",[],"['«De unges Forbund»', '«Brand»']"
72,0,vil,,,,,['Herr Thaulow'],"['Christiania', 'Cassel']",[],"['«De unges Forbund»', '«Brand»']"
73,0,bidrage,,,,,['Herr Thaulow'],"['Christiania', 'Cassel']",[],"['«De unges Forbund»', '«Brand»']"
74,0,till,,,,,['Herr Thaulow'],"['Christiania', 'Cassel']",[],"['«De unges Forbund»', '«Brand»']"
75,0,at,,,,,['Herr Thaulow'],"['Christiania', 'Cassel']",[],"['«De unges Forbund»', '«Brand»']"
76,0,fjerne,,,,,['Herr Thaulow'],"['Christiania', 'Cassel']",[],"['«De unges Forbund»', '«Brand»']"
77,0,Vanskelighederne,,,,,['Herr Thaulow'],"['Christiania', 'Cassel']",[],"['«De unges Forbund»', '«Brand»']"
78,0,ved,,,,,['Herr Thaulow'],"['Christiania', 'Cassel']",[],"['«De unges Forbund»', '«Brand»']"
79,0,at,,,,,['Herr Thaulow'],"['Christiania', 'Cassel']",[],"['«De unges Forbund»', '«Brand»']"
80,0,finde,,,,,['Herr Thaulow'],"['Christiania', 'Cassel']",[],"['«De unges Forbund»', '«Brand»']"
81,0,en,,,,,['Herr Thaulow'],"['Christiania', 'Cassel']",[],"['«De unges Forbund»', '«Brand»']"
82,0,Forlægger,,,,,['Herr Thaulow'],"['Christiania', 'Cassel']",[],"['«De unges Forbund»', '«Brand»']"
83,0,till,,,,,['Herr Thaulow'],"['Christiania', 'Cassel']",[],"['«De unges Forbund»', '«Brand»']"
84,0,«Brand».I,,,,,['Herr Thaulow'],"['Christiania', 'Cassel']",[],"['«De unges Forbund»', '«Brand»']"
85,0,det,,,,,['Herr Thaulow'],"['Christiania', 'Cassel']",[],"['«De unges Forbund»', '«Brand»']"
86,0,Haab,,,,,['Herr Thaulow'],"['Christiania', 'Cassel']",[],"['«De unges Forbund»', '«Brand»']"
87,0,at,,,,,['Herr Thaulow'],"['Christiania', 'Cassel']",[],"['«De unges Forbund»', '«Brand»']"
88,0,disse,,,,,['Herr Thaulow'],"['Christiania', 'Cassel']",[],"['«De unges Forbund»', '«Brand»']"
89,0,Linjer,,,,,['Herr Thaulow'],"['Christiania', 'Cassel']",[],"['«De unges Forbund»', '«Brand»']"
90,0,vil,,,,,['Herr Thaulow'],"['Christiania', 'Cassel']",[],"['«De unges Forbund»', '«Brand»']"
91,0,indtræffe,,,,,['Herr Thaulow'],"['Christiania', 'Cassel']",[],"['«De unges Forbund»', '«Brand»']"
92,0,før,,,,,['Herr Thaulow'],"['Christiania', 'Cassel']",[],"['«De unges Forbund»', '«Brand»']"
93,0,Deres,,,,,['Herr Thaulow'],"['Christiania', 'Cassel']",[],"['«De unges Forbund»', '«Brand»']"
94,0,Afrejse,,,,,['Herr Thaulow'],"['Christiania', 'Cassel']",[],"['«De unges Forbund»', '«Brand»']"
95,0,fra,,,,,['Herr Thaulow'],"['Christiania', 'Cassel']",[],"['«De unges Forbund»', '«Brand»']"
96,0,Cassel,,,,,['Herr Thaulow'],"['Christiania', 'Cassel']",[],"['«De unges Forbund»', '«Brand»']"
97,0,tegner,,,,,['Herr Thaulow'],"['Christiania', 'Cassel']",[],"['«De unges Forbund»', '«Brand»']"
98,0,jeg,,,,,['Herr Thaulow'],"['Christiania', 'Cassel']",[],"['«De unges Forbund»', '«Brand»']"
99,0,mig,,,,,['Herr Thaulow'],"['Christiania', 'Cassel']",[],"['«De unges Forbund»', '«Brand»']"
100,0,i,,,,,['Herr Thaulow'],"['Christiania', 'Cassel']",[],"['«De unges Forbund»', '«Brand»']"
101,0,al,,,,,['Herr Thaulow'],"['Christiania', 'Cassel']",[],"['«De unges Forbund»', '«Brand»']"
102,0,Hast,,,,,['Herr Thaulow'],"['Christiania', 'Cassel']",[],"['«De unges Forbund»', '«Brand»']"
