,,0,human_annotation,who,dacy_medium,spacy_trf,person,place,org,work
0,0,Tak,,,,,['Adolf Strodtmann'],"['København', 'Dresden', 'Tyskland', 'Sverig']",[],"['mine digte', 'Julian']"
1,0,for,,,,,['Adolf Strodtmann'],"['København', 'Dresden', 'Tyskland', 'Sverig']",[],"['mine digte', 'Julian']"
2,0,Deres,,,,,['Adolf Strodtmann'],"['København', 'Dresden', 'Tyskland', 'Sverig']",[],"['mine digte', 'Julian']"
3,0,sidste,,,,,['Adolf Strodtmann'],"['København', 'Dresden', 'Tyskland', 'Sverig']",[],"['mine digte', 'Julian']"
4,0,linjer.,,,,,['Adolf Strodtmann'],"['København', 'Dresden', 'Tyskland', 'Sverig']",[],"['mine digte', 'Julian']"
5,0,Deres,,,,,['Adolf Strodtmann'],"['København', 'Dresden', 'Tyskland', 'Sverig']",[],"['mine digte', 'Julian']"
6,0,bog,,,,,['Adolf Strodtmann'],"['København', 'Dresden', 'Tyskland', 'Sverig']",[],"['mine digte', 'Julian']"
7,0,til,,,,,['Adolf Strodtmann'],"['København', 'Dresden', 'Tyskland', 'Sverig']",[],"['mine digte', 'Julian']"
8,0,forsvar,,,,,['Adolf Strodtmann'],"['København', 'Dresden', 'Tyskland', 'Sverig']",[],"['mine digte', 'Julian']"
9,0,har,,,,,['Adolf Strodtmann'],"['København', 'Dresden', 'Tyskland', 'Sverig']",[],"['mine digte', 'Julian']"
10,0,jeg,,,,,['Adolf Strodtmann'],"['København', 'Dresden', 'Tyskland', 'Sverig']",[],"['mine digte', 'Julian']"
11,0,læst,,,,,['Adolf Strodtmann'],"['København', 'Dresden', 'Tyskland', 'Sverig']",[],"['mine digte', 'Julian']"
12,0,med,,,,,['Adolf Strodtmann'],"['København', 'Dresden', 'Tyskland', 'Sverig']",[],"['mine digte', 'Julian']"
13,0,stor,,,,,['Adolf Strodtmann'],"['København', 'Dresden', 'Tyskland', 'Sverig']",[],"['mine digte', 'Julian']"
14,0,interesse;,,,,,['Adolf Strodtmann'],"['København', 'Dresden', 'Tyskland', 'Sverig']",[],"['mine digte', 'Julian']"
15,0,men,,,,,['Adolf Strodtmann'],"['København', 'Dresden', 'Tyskland', 'Sverig']",[],"['mine digte', 'Julian']"
16,0,jeg,,,,,['Adolf Strodtmann'],"['København', 'Dresden', 'Tyskland', 'Sverig']",[],"['mine digte', 'Julian']"
17,0,kan,,,,,['Adolf Strodtmann'],"['København', 'Dresden', 'Tyskland', 'Sverig']",[],"['mine digte', 'Julian']"
18,0,ikke,,,,,['Adolf Strodtmann'],"['København', 'Dresden', 'Tyskland', 'Sverig']",[],"['mine digte', 'Julian']"
19,0,komme,,,,,['Adolf Strodtmann'],"['København', 'Dresden', 'Tyskland', 'Sverig']",[],"['mine digte', 'Julian']"
20,0,bort,,,,,['Adolf Strodtmann'],"['København', 'Dresden', 'Tyskland', 'Sverig']",[],"['mine digte', 'Julian']"
21,0,fra,,,,,['Adolf Strodtmann'],"['København', 'Dresden', 'Tyskland', 'Sverig']",[],"['mine digte', 'Julian']"
22,0,den,,,,,['Adolf Strodtmann'],"['København', 'Dresden', 'Tyskland', 'Sverig']",[],"['mine digte', 'Julian']"
23,0,"tanke,",,,,,['Adolf Strodtmann'],"['København', 'Dresden', 'Tyskland', 'Sverig']",[],"['mine digte', 'Julian']"
24,0,som,,,,,['Adolf Strodtmann'],"['København', 'Dresden', 'Tyskland', 'Sverig']",[],"['mine digte', 'Julian']"
25,0,jeg,,,,,['Adolf Strodtmann'],"['København', 'Dresden', 'Tyskland', 'Sverig']",[],"['mine digte', 'Julian']"
26,0,udtalte,,,,,['Adolf Strodtmann'],"['København', 'Dresden', 'Tyskland', 'Sverig']",[],"['mine digte', 'Julian']"
27,0,forinden,,,,,['Adolf Strodtmann'],"['København', 'Dresden', 'Tyskland', 'Sverig']",[],"['mine digte', 'Julian']"
28,0,jeg,,,,,['Adolf Strodtmann'],"['København', 'Dresden', 'Tyskland', 'Sverig']",[],"['mine digte', 'Julian']"
29,0,vidste,,,,,['Adolf Strodtmann'],"['København', 'Dresden', 'Tyskland', 'Sverig']",[],"['mine digte', 'Julian']"
30,0,at,,,,,['Adolf Strodtmann'],"['København', 'Dresden', 'Tyskland', 'Sverig']",[],"['mine digte', 'Julian']"
31,0,en,,,,,['Adolf Strodtmann'],"['København', 'Dresden', 'Tyskland', 'Sverig']",[],"['mine digte', 'Julian']"
32,0,sådan,,,,,['Adolf Strodtmann'],"['København', 'Dresden', 'Tyskland', 'Sverig']",[],"['mine digte', 'Julian']"
33,0,bog,,,,,['Adolf Strodtmann'],"['København', 'Dresden', 'Tyskland', 'Sverig']",[],"['mine digte', 'Julian']"
34,0,skulde,,,,,['Adolf Strodtmann'],"['København', 'Dresden', 'Tyskland', 'Sverig']",[],"['mine digte', 'Julian']"
35,0,"udkomme,",,,,,['Adolf Strodtmann'],"['København', 'Dresden', 'Tyskland', 'Sverig']",[],"['mine digte', 'Julian']"
36,0,–,,,,,['Adolf Strodtmann'],"['København', 'Dresden', 'Tyskland', 'Sverig']",[],"['mine digte', 'Julian']"
37,0,nemlig,,,,,['Adolf Strodtmann'],"['København', 'Dresden', 'Tyskland', 'Sverig']",[],"['mine digte', 'Julian']"
38,0,at,,,,,['Adolf Strodtmann'],"['København', 'Dresden', 'Tyskland', 'Sverig']",[],"['mine digte', 'Julian']"
39,0,De,,,,,['Adolf Strodtmann'],"['København', 'Dresden', 'Tyskland', 'Sverig']",[],"['mine digte', 'Julian']"
40,0,beviser,,,,,['Adolf Strodtmann'],"['København', 'Dresden', 'Tyskland', 'Sverig']",[],"['mine digte', 'Julian']"
41,0,størsteparten,,,,,['Adolf Strodtmann'],"['København', 'Dresden', 'Tyskland', 'Sverig']",[],"['mine digte', 'Julian']"
42,0,af,,,,,['Adolf Strodtmann'],"['København', 'Dresden', 'Tyskland', 'Sverig']",[],"['mine digte', 'Julian']"
43,0,Deres,,,,,['Adolf Strodtmann'],"['København', 'Dresden', 'Tyskland', 'Sverig']",[],"['mine digte', 'Julian']"
44,0,modstandere,,,,,['Adolf Strodtmann'],"['København', 'Dresden', 'Tyskland', 'Sverig']",[],"['mine digte', 'Julian']"
45,0,altfor,,,,,['Adolf Strodtmann'],"['København', 'Dresden', 'Tyskland', 'Sverig']",[],"['mine digte', 'Julian']"
46,0,megen,,,,,['Adolf Strodtmann'],"['København', 'Dresden', 'Tyskland', 'Sverig']",[],"['mine digte', 'Julian']"
47,0,ære,,,,,['Adolf Strodtmann'],"['København', 'Dresden', 'Tyskland', 'Sverig']",[],"['mine digte', 'Julian']"
48,0,når,,,,,['Adolf Strodtmann'],"['København', 'Dresden', 'Tyskland', 'Sverig']",[],"['mine digte', 'Julian']"
49,0,De,,,,,['Adolf Strodtmann'],"['København', 'Dresden', 'Tyskland', 'Sverig']",[],"['mine digte', 'Julian']"
50,0,nedlader,,,,,['Adolf Strodtmann'],"['København', 'Dresden', 'Tyskland', 'Sverig']",[],"['mine digte', 'Julian']"
51,0,Dem,,,,,['Adolf Strodtmann'],"['København', 'Dresden', 'Tyskland', 'Sverig']",[],"['mine digte', 'Julian']"
52,0,til,,,,,['Adolf Strodtmann'],"['København', 'Dresden', 'Tyskland', 'Sverig']",[],"['mine digte', 'Julian']"
53,0,at,,,,,['Adolf Strodtmann'],"['København', 'Dresden', 'Tyskland', 'Sverig']",[],"['mine digte', 'Julian']"
54,0,føre,,,,,['Adolf Strodtmann'],"['København', 'Dresden', 'Tyskland', 'Sverig']",[],"['mine digte', 'Julian']"
55,0,et,,,,,['Adolf Strodtmann'],"['København', 'Dresden', 'Tyskland', 'Sverig']",[],"['mine digte', 'Julian']"
56,0,forsvar.,,,,,['Adolf Strodtmann'],"['København', 'Dresden', 'Tyskland', 'Sverig']",[],"['mine digte', 'Julian']"
57,0,Deres,,,,,['Adolf Strodtmann'],"['København', 'Dresden', 'Tyskland', 'Sverig']",[],"['mine digte', 'Julian']"
58,0,sag,,,,,['Adolf Strodtmann'],"['København', 'Dresden', 'Tyskland', 'Sverig']",[],"['mine digte', 'Julian']"
59,0,er,,,,,['Adolf Strodtmann'],"['København', 'Dresden', 'Tyskland', 'Sverig']",[],"['mine digte', 'Julian']"
60,0,det,,,,,['Adolf Strodtmann'],"['København', 'Dresden', 'Tyskland', 'Sverig']",[],"['mine digte', 'Julian']"
61,0,vordendes,,,,,['Adolf Strodtmann'],"['København', 'Dresden', 'Tyskland', 'Sverig']",[],"['mine digte', 'Julian']"
62,0,"sag,",,,,,['Adolf Strodtmann'],"['København', 'Dresden', 'Tyskland', 'Sverig']",[],"['mine digte', 'Julian']"
63,0,og,,,,,['Adolf Strodtmann'],"['København', 'Dresden', 'Tyskland', 'Sverig']",[],"['mine digte', 'Julian']"
64,0,den,,,,,['Adolf Strodtmann'],"['København', 'Dresden', 'Tyskland', 'Sverig']",[],"['mine digte', 'Julian']"
65,0,forsvarer,,,,,['Adolf Strodtmann'],"['København', 'Dresden', 'Tyskland', 'Sverig']",[],"['mine digte', 'Julian']"
66,0,sig,,,,,['Adolf Strodtmann'],"['København', 'Dresden', 'Tyskland', 'Sverig']",[],"['mine digte', 'Julian']"
67,0,selv,,,,,['Adolf Strodtmann'],"['København', 'Dresden', 'Tyskland', 'Sverig']",[],"['mine digte', 'Julian']"
68,0,når,,,,,['Adolf Strodtmann'],"['København', 'Dresden', 'Tyskland', 'Sverig']",[],"['mine digte', 'Julian']"
69,0,man,,,,,['Adolf Strodtmann'],"['København', 'Dresden', 'Tyskland', 'Sverig']",[],"['mine digte', 'Julian']"
70,0,blot,,,,,['Adolf Strodtmann'],"['København', 'Dresden', 'Tyskland', 'Sverig']",[],"['mine digte', 'Julian']"
71,0,giver,,,,,['Adolf Strodtmann'],"['København', 'Dresden', 'Tyskland', 'Sverig']",[],"['mine digte', 'Julian']"
72,0,tid.Forrige,,,,,['Adolf Strodtmann'],"['København', 'Dresden', 'Tyskland', 'Sverig']",[],"['mine digte', 'Julian']"
73,0,gang,,,,,['Adolf Strodtmann'],"['København', 'Dresden', 'Tyskland', 'Sverig']",[],"['mine digte', 'Julian']"
74,0,skrev,,,,,['Adolf Strodtmann'],"['København', 'Dresden', 'Tyskland', 'Sverig']",[],"['mine digte', 'Julian']"
75,0,jeg,,,,,['Adolf Strodtmann'],"['København', 'Dresden', 'Tyskland', 'Sverig']",[],"['mine digte', 'Julian']"
76,0,i,,,,,['Adolf Strodtmann'],"['København', 'Dresden', 'Tyskland', 'Sverig']",[],"['mine digte', 'Julian']"
77,0,al,,,,,['Adolf Strodtmann'],"['København', 'Dresden', 'Tyskland', 'Sverig']",[],"['mine digte', 'Julian']"
78,0,hast,,,,,['Adolf Strodtmann'],"['København', 'Dresden', 'Tyskland', 'Sverig']",[],"['mine digte', 'Julian']"
79,0,og,,,,,['Adolf Strodtmann'],"['København', 'Dresden', 'Tyskland', 'Sverig']",[],"['mine digte', 'Julian']"
80,0,var,,,,,['Adolf Strodtmann'],"['København', 'Dresden', 'Tyskland', 'Sverig']",[],"['mine digte', 'Julian']"
81,0,således,,,,,['Adolf Strodtmann'],"['København', 'Dresden', 'Tyskland', 'Sverig']",[],"['mine digte', 'Julian']"
82,0,optagen,,,,,['Adolf Strodtmann'],"['København', 'Dresden', 'Tyskland', 'Sverig']",[],"['mine digte', 'Julian']"
83,0,af,,,,,['Adolf Strodtmann'],"['København', 'Dresden', 'Tyskland', 'Sverig']",[],"['mine digte', 'Julian']"
84,0,det,,,,,['Adolf Strodtmann'],"['København', 'Dresden', 'Tyskland', 'Sverig']",[],"['mine digte', 'Julian']"
85,0,ene,,,,,['Adolf Strodtmann'],"['København', 'Dresden', 'Tyskland', 'Sverig']",[],"['mine digte', 'Julian']"
86,0,store,,,,,['Adolf Strodtmann'],"['København', 'Dresden', 'Tyskland', 'Sverig']",[],"['mine digte', 'Julian']"
87,0,thema,,,,,['Adolf Strodtmann'],"['København', 'Dresden', 'Tyskland', 'Sverig']",[],"['mine digte', 'Julian']"
88,0,at,,,,,['Adolf Strodtmann'],"['København', 'Dresden', 'Tyskland', 'Sverig']",[],"['mine digte', 'Julian']"
89,0,jeg,,,,,['Adolf Strodtmann'],"['København', 'Dresden', 'Tyskland', 'Sverig']",[],"['mine digte', 'Julian']"
90,0,ganske,,,,,['Adolf Strodtmann'],"['København', 'Dresden', 'Tyskland', 'Sverig']",[],"['mine digte', 'Julian']"
91,0,glemte,,,,,['Adolf Strodtmann'],"['København', 'Dresden', 'Tyskland', 'Sverig']",[],"['mine digte', 'Julian']"
92,0,at,,,,,['Adolf Strodtmann'],"['København', 'Dresden', 'Tyskland', 'Sverig']",[],"['mine digte', 'Julian']"
93,0,takke,,,,,['Adolf Strodtmann'],"['København', 'Dresden', 'Tyskland', 'Sverig']",[],"['mine digte', 'Julian']"
94,0,Dem,,,,,['Adolf Strodtmann'],"['København', 'Dresden', 'Tyskland', 'Sverig']",[],"['mine digte', 'Julian']"
95,0,for,,,,,['Adolf Strodtmann'],"['København', 'Dresden', 'Tyskland', 'Sverig']",[],"['mine digte', 'Julian']"
96,0,anmeldelsen,,,,,['Adolf Strodtmann'],"['København', 'Dresden', 'Tyskland', 'Sverig']",[],"['mine digte', 'Julian']"
97,0,af,,,,,['Adolf Strodtmann'],"['København', 'Dresden', 'Tyskland', 'Sverig']",[],"['mine digte', 'Julian']"
98,0,mine,,,,,['Adolf Strodtmann'],"['København', 'Dresden', 'Tyskland', 'Sverig']",[],"['mine digte', 'Julian']"
99,0,digte.,,,,,['Adolf Strodtmann'],"['København', 'Dresden', 'Tyskland', 'Sverig']",[],"['mine digte', 'Julian']"
100,0,Den,,,,,['Adolf Strodtmann'],"['København', 'Dresden', 'Tyskland', 'Sverig']",[],"['mine digte', 'Julian']"
101,0,kom,,,,,['Adolf Strodtmann'],"['København', 'Dresden', 'Tyskland', 'Sverig']",[],"['mine digte', 'Julian']"
102,0,til,,,,,['Adolf Strodtmann'],"['København', 'Dresden', 'Tyskland', 'Sverig']",[],"['mine digte', 'Julian']"
103,0,mig,,,,,['Adolf Strodtmann'],"['København', 'Dresden', 'Tyskland', 'Sverig']",[],"['mine digte', 'Julian']"
104,0,som,,,,,['Adolf Strodtmann'],"['København', 'Dresden', 'Tyskland', 'Sverig']",[],"['mine digte', 'Julian']"
105,0,et,,,,,['Adolf Strodtmann'],"['København', 'Dresden', 'Tyskland', 'Sverig']",[],"['mine digte', 'Julian']"
106,0,brev,,,,,['Adolf Strodtmann'],"['København', 'Dresden', 'Tyskland', 'Sverig']",[],"['mine digte', 'Julian']"
107,0,fra,,,,,['Adolf Strodtmann'],"['København', 'Dresden', 'Tyskland', 'Sverig']",[],"['mine digte', 'Julian']"
108,0,en,,,,,['Adolf Strodtmann'],"['København', 'Dresden', 'Tyskland', 'Sverig']",[],"['mine digte', 'Julian']"
109,0,"ven,",,,,,['Adolf Strodtmann'],"['København', 'Dresden', 'Tyskland', 'Sverig']",[],"['mine digte', 'Julian']"
110,0,og,,,,,['Adolf Strodtmann'],"['København', 'Dresden', 'Tyskland', 'Sverig']",[],"['mine digte', 'Julian']"
111,0,som,,,,,['Adolf Strodtmann'],"['København', 'Dresden', 'Tyskland', 'Sverig']",[],"['mine digte', 'Julian']"
112,0,et,,,,,['Adolf Strodtmann'],"['København', 'Dresden', 'Tyskland', 'Sverig']",[],"['mine digte', 'Julian']"
113,0,sådant,,,,,['Adolf Strodtmann'],"['København', 'Dresden', 'Tyskland', 'Sverig']",[],"['mine digte', 'Julian']"
114,0,skulde,,,,,['Adolf Strodtmann'],"['København', 'Dresden', 'Tyskland', 'Sverig']",[],"['mine digte', 'Julian']"
115,0,jeg,,,,,['Adolf Strodtmann'],"['København', 'Dresden', 'Tyskland', 'Sverig']",[],"['mine digte', 'Julian']"
116,0,have,,,,,['Adolf Strodtmann'],"['København', 'Dresden', 'Tyskland', 'Sverig']",[],"['mine digte', 'Julian']"
117,0,besvaret,,,,,['Adolf Strodtmann'],"['København', 'Dresden', 'Tyskland', 'Sverig']",[],"['mine digte', 'Julian']"
118,0,den.,,,,,['Adolf Strodtmann'],"['København', 'Dresden', 'Tyskland', 'Sverig']",[],"['mine digte', 'Julian']"
119,0,Nu,,,,,['Adolf Strodtmann'],"['København', 'Dresden', 'Tyskland', 'Sverig']",[],"['mine digte', 'Julian']"
120,0,er,,,,,['Adolf Strodtmann'],"['København', 'Dresden', 'Tyskland', 'Sverig']",[],"['mine digte', 'Julian']"
121,0,det,,,,,['Adolf Strodtmann'],"['København', 'Dresden', 'Tyskland', 'Sverig']",[],"['mine digte', 'Julian']"
122,0,for,,,,,['Adolf Strodtmann'],"['København', 'Dresden', 'Tyskland', 'Sverig']",[],"['mine digte', 'Julian']"
123,0,sent,,,,,['Adolf Strodtmann'],"['København', 'Dresden', 'Tyskland', 'Sverig']",[],"['mine digte', 'Julian']"
124,0,og,,,,,['Adolf Strodtmann'],"['København', 'Dresden', 'Tyskland', 'Sverig']",[],"['mine digte', 'Julian']"
125,0,jeg,,,,,['Adolf Strodtmann'],"['København', 'Dresden', 'Tyskland', 'Sverig']",[],"['mine digte', 'Julian']"
126,0,vil,,,,,['Adolf Strodtmann'],"['København', 'Dresden', 'Tyskland', 'Sverig']",[],"['mine digte', 'Julian']"
127,0,opsætte,,,,,['Adolf Strodtmann'],"['København', 'Dresden', 'Tyskland', 'Sverig']",[],"['mine digte', 'Julian']"
128,0,det,,,,,['Adolf Strodtmann'],"['København', 'Dresden', 'Tyskland', 'Sverig']",[],"['mine digte', 'Julian']"
129,0,til,,,,,['Adolf Strodtmann'],"['København', 'Dresden', 'Tyskland', 'Sverig']",[],"['mine digte', 'Julian']"
130,0,et,,,,,['Adolf Strodtmann'],"['København', 'Dresden', 'Tyskland', 'Sverig']",[],"['mine digte', 'Julian']"
131,0,personligt,,,,,['Adolf Strodtmann'],"['København', 'Dresden', 'Tyskland', 'Sverig']",[],"['mine digte', 'Julian']"
132,0,"sammentræf.Ja,",,,,,['Adolf Strodtmann'],"['København', 'Dresden', 'Tyskland', 'Sverig']",[],"['mine digte', 'Julian']"
133,0,hvor,,,,,['Adolf Strodtmann'],"['København', 'Dresden', 'Tyskland', 'Sverig']",[],"['mine digte', 'Julian']"
134,0,og,,,,,['Adolf Strodtmann'],"['København', 'Dresden', 'Tyskland', 'Sverig']",[],"['mine digte', 'Julian']"
135,0,hvorledes,,,,,['Adolf Strodtmann'],"['København', 'Dresden', 'Tyskland', 'Sverig']",[],"['mine digte', 'Julian']"
136,0,skal,,,,,['Adolf Strodtmann'],"['København', 'Dresden', 'Tyskland', 'Sverig']",[],"['mine digte', 'Julian']"
137,0,vi,,,,,['Adolf Strodtmann'],"['København', 'Dresden', 'Tyskland', 'Sverig']",[],"['mine digte', 'Julian']"
138,0,kunne,,,,,['Adolf Strodtmann'],"['København', 'Dresden', 'Tyskland', 'Sverig']",[],"['mine digte', 'Julian']"
139,0,mødes,,,,,['Adolf Strodtmann'],"['København', 'Dresden', 'Tyskland', 'Sverig']",[],"['mine digte', 'Julian']"
140,0,i,,,,,['Adolf Strodtmann'],"['København', 'Dresden', 'Tyskland', 'Sverig']",[],"['mine digte', 'Julian']"
141,0,sommer?,,,,,['Adolf Strodtmann'],"['København', 'Dresden', 'Tyskland', 'Sverig']",[],"['mine digte', 'Julian']"
142,0,Til,,,,,['Adolf Strodtmann'],"['København', 'Dresden', 'Tyskland', 'Sverig']",[],"['mine digte', 'Julian']"
143,0,København,,,,,['Adolf Strodtmann'],"['København', 'Dresden', 'Tyskland', 'Sverig']",[],"['mine digte', 'Julian']"
144,0,kan,,,,,['Adolf Strodtmann'],"['København', 'Dresden', 'Tyskland', 'Sverig']",[],"['mine digte', 'Julian']"
145,0,jeg,,,,,['Adolf Strodtmann'],"['København', 'Dresden', 'Tyskland', 'Sverig']",[],"['mine digte', 'Julian']"
146,0,ikke,,,,,['Adolf Strodtmann'],"['København', 'Dresden', 'Tyskland', 'Sverig']",[],"['mine digte', 'Julian']"
147,0,"komme,",,,,,['Adolf Strodtmann'],"['København', 'Dresden', 'Tyskland', 'Sverig']",[],"['mine digte', 'Julian']"
148,0,kan,,,,,['Adolf Strodtmann'],"['København', 'Dresden', 'Tyskland', 'Sverig']",[],"['mine digte', 'Julian']"
149,0,overhovedet,,,,,['Adolf Strodtmann'],"['København', 'Dresden', 'Tyskland', 'Sverig']",[],"['mine digte', 'Julian']"
150,0,knapt,,,,,['Adolf Strodtmann'],"['København', 'Dresden', 'Tyskland', 'Sverig']",[],"['mine digte', 'Julian']"
151,0,forlade,,,,,['Adolf Strodtmann'],"['København', 'Dresden', 'Tyskland', 'Sverig']",[],"['mine digte', 'Julian']"
152,0,Dresden.,,,,,['Adolf Strodtmann'],"['København', 'Dresden', 'Tyskland', 'Sverig']",[],"['mine digte', 'Julian']"
153,0,Men,,,,,['Adolf Strodtmann'],"['København', 'Dresden', 'Tyskland', 'Sverig']",[],"['mine digte', 'Julian']"
154,0,tænker,,,,,['Adolf Strodtmann'],"['København', 'Dresden', 'Tyskland', 'Sverig']",[],"['mine digte', 'Julian']"
155,0,ikke,,,,,['Adolf Strodtmann'],"['København', 'Dresden', 'Tyskland', 'Sverig']",[],"['mine digte', 'Julian']"
156,0,De,,,,,['Adolf Strodtmann'],"['København', 'Dresden', 'Tyskland', 'Sverig']",[],"['mine digte', 'Julian']"
157,0,på,,,,,['Adolf Strodtmann'],"['København', 'Dresden', 'Tyskland', 'Sverig']",[],"['mine digte', 'Julian']"
158,0,at,,,,,['Adolf Strodtmann'],"['København', 'Dresden', 'Tyskland', 'Sverig']",[],"['mine digte', 'Julian']"
159,0,gøre,,,,,['Adolf Strodtmann'],"['København', 'Dresden', 'Tyskland', 'Sverig']",[],"['mine digte', 'Julian']"
160,0,en,,,,,['Adolf Strodtmann'],"['København', 'Dresden', 'Tyskland', 'Sverig']",[],"['mine digte', 'Julian']"
161,0,udflugt,,,,,['Adolf Strodtmann'],"['København', 'Dresden', 'Tyskland', 'Sverig']",[],"['mine digte', 'Julian']"
162,0,og,,,,,['Adolf Strodtmann'],"['København', 'Dresden', 'Tyskland', 'Sverig']",[],"['mine digte', 'Julian']"
163,0,indlede,,,,,['Adolf Strodtmann'],"['København', 'Dresden', 'Tyskland', 'Sverig']",[],"['mine digte', 'Julian']"
164,0,forbindelser,,,,,['Adolf Strodtmann'],"['København', 'Dresden', 'Tyskland', 'Sverig']",[],"['mine digte', 'Julian']"
165,0,her,,,,,['Adolf Strodtmann'],"['København', 'Dresden', 'Tyskland', 'Sverig']",[],"['mine digte', 'Julian']"
166,0,i,,,,,['Adolf Strodtmann'],"['København', 'Dresden', 'Tyskland', 'Sverig']",[],"['mine digte', 'Julian']"
167,0,Tyskland?,,,,,['Adolf Strodtmann'],"['København', 'Dresden', 'Tyskland', 'Sverig']",[],"['mine digte', 'Julian']"
168,0,Tænker,,,,,['Adolf Strodtmann'],"['København', 'Dresden', 'Tyskland', 'Sverig']",[],"['mine digte', 'Julian']"
169,0,De,,,,,['Adolf Strodtmann'],"['København', 'Dresden', 'Tyskland', 'Sverig']",[],"['mine digte', 'Julian']"
170,0,ikke,,,,,['Adolf Strodtmann'],"['København', 'Dresden', 'Tyskland', 'Sverig']",[],"['mine digte', 'Julian']"
171,0,på,,,,,['Adolf Strodtmann'],"['København', 'Dresden', 'Tyskland', 'Sverig']",[],"['mine digte', 'Julian']"
172,0,at,,,,,['Adolf Strodtmann'],"['København', 'Dresden', 'Tyskland', 'Sverig']",[],"['mine digte', 'Julian']"
173,0,oversætte,,,,,['Adolf Strodtmann'],"['København', 'Dresden', 'Tyskland', 'Sverig']",[],"['mine digte', 'Julian']"
174,0,Deres,,,,,['Adolf Strodtmann'],"['København', 'Dresden', 'Tyskland', 'Sverig']",[],"['mine digte', 'Julian']"
175,0,forelæsninger?,,,,,['Adolf Strodtmann'],"['København', 'Dresden', 'Tyskland', 'Sverig']",[],"['mine digte', 'Julian']"
176,0,I,,,,,['Adolf Strodtmann'],"['København', 'Dresden', 'Tyskland', 'Sverig']",[],"['mine digte', 'Julian']"
177,0,et,,,,,['Adolf Strodtmann'],"['København', 'Dresden', 'Tyskland', 'Sverig']",[],"['mine digte', 'Julian']"
178,0,"brev,",,,,,['Adolf Strodtmann'],"['København', 'Dresden', 'Tyskland', 'Sverig']",[],"['mine digte', 'Julian']"
179,0,jeg,,,,,['Adolf Strodtmann'],"['København', 'Dresden', 'Tyskland', 'Sverig']",[],"['mine digte', 'Julian']"
180,0,for,,,,,['Adolf Strodtmann'],"['København', 'Dresden', 'Tyskland', 'Sverig']",[],"['mine digte', 'Julian']"
181,0,nogle,,,,,['Adolf Strodtmann'],"['København', 'Dresden', 'Tyskland', 'Sverig']",[],"['mine digte', 'Julian']"
182,0,dage,,,,,['Adolf Strodtmann'],"['København', 'Dresden', 'Tyskland', 'Sverig']",[],"['mine digte', 'Julian']"
183,0,siden,,,,,['Adolf Strodtmann'],"['København', 'Dresden', 'Tyskland', 'Sverig']",[],"['mine digte', 'Julian']"
184,0,"modtog,",,,,,['Adolf Strodtmann'],"['København', 'Dresden', 'Tyskland', 'Sverig']",[],"['mine digte', 'Julian']"
185,0,betegner,,,,,['Adolf Strodtmann'],"['København', 'Dresden', 'Tyskland', 'Sverig']",[],"['mine digte', 'Julian']"
186,0,Adolf,,,,,['Adolf Strodtmann'],"['København', 'Dresden', 'Tyskland', 'Sverig']",[],"['mine digte', 'Julian']"
187,0,Strodtmann,,,,,['Adolf Strodtmann'],"['København', 'Dresden', 'Tyskland', 'Sverig']",[],"['mine digte', 'Julian']"
188,0,Dem,,,,,['Adolf Strodtmann'],"['København', 'Dresden', 'Tyskland', 'Sverig']",[],"['mine digte', 'Julian']"
189,0,som,,,,,['Adolf Strodtmann'],"['København', 'Dresden', 'Tyskland', 'Sverig']",[],"['mine digte', 'Julian']"
190,0,«den,,,,,['Adolf Strodtmann'],"['København', 'Dresden', 'Tyskland', 'Sverig']",[],"['mine digte', 'Julian']"
191,0,geistvollsten,,,,,['Adolf Strodtmann'],"['København', 'Dresden', 'Tyskland', 'Sverig']",[],"['mine digte', 'Julian']"
192,0,aller,,,,,['Adolf Strodtmann'],"['København', 'Dresden', 'Tyskland', 'Sverig']",[],"['mine digte', 'Julian']"
193,0,moderner,,,,,['Adolf Strodtmann'],"['København', 'Dresden', 'Tyskland', 'Sverig']",[],"['mine digte', 'Julian']"
194,0,Kritiker».,,,,,['Adolf Strodtmann'],"['København', 'Dresden', 'Tyskland', 'Sverig']",[],"['mine digte', 'Julian']"
195,0,At,,,,,['Adolf Strodtmann'],"['København', 'Dresden', 'Tyskland', 'Sverig']",[],"['mine digte', 'Julian']"
196,0,De,,,,,['Adolf Strodtmann'],"['København', 'Dresden', 'Tyskland', 'Sverig']",[],"['mine digte', 'Julian']"
197,0,er,,,,,['Adolf Strodtmann'],"['København', 'Dresden', 'Tyskland', 'Sverig']",[],"['mine digte', 'Julian']"
198,0,både,,,,,['Adolf Strodtmann'],"['København', 'Dresden', 'Tyskland', 'Sverig']",[],"['mine digte', 'Julian']"
199,0,dette,,,,,['Adolf Strodtmann'],"['København', 'Dresden', 'Tyskland', 'Sverig']",[],"['mine digte', 'Julian']"
200,0,og,,,,,['Adolf Strodtmann'],"['København', 'Dresden', 'Tyskland', 'Sverig']",[],"['mine digte', 'Julian']"
201,0,noget,,,,,['Adolf Strodtmann'],"['København', 'Dresden', 'Tyskland', 'Sverig']",[],"['mine digte', 'Julian']"
202,0,meget,,,,,['Adolf Strodtmann'],"['København', 'Dresden', 'Tyskland', 'Sverig']",[],"['mine digte', 'Julian']"
203,0,mere,,,,,['Adolf Strodtmann'],"['København', 'Dresden', 'Tyskland', 'Sverig']",[],"['mine digte', 'Julian']"
204,0,"tillige,",,,,,['Adolf Strodtmann'],"['København', 'Dresden', 'Tyskland', 'Sverig']",[],"['mine digte', 'Julian']"
205,0,det,,,,,['Adolf Strodtmann'],"['København', 'Dresden', 'Tyskland', 'Sverig']",[],"['mine digte', 'Julian']"
206,0,tror,,,,,['Adolf Strodtmann'],"['København', 'Dresden', 'Tyskland', 'Sverig']",[],"['mine digte', 'Julian']"
207,0,og,,,,,['Adolf Strodtmann'],"['København', 'Dresden', 'Tyskland', 'Sverig']",[],"['mine digte', 'Julian']"
208,0,ved,,,,,['Adolf Strodtmann'],"['København', 'Dresden', 'Tyskland', 'Sverig']",[],"['mine digte', 'Julian']"
209,0,"jeg,",,,,,['Adolf Strodtmann'],"['København', 'Dresden', 'Tyskland', 'Sverig']",[],"['mine digte', 'Julian']"
210,0,og,,,,,['Adolf Strodtmann'],"['København', 'Dresden', 'Tyskland', 'Sverig']",[],"['mine digte', 'Julian']"
211,0,derfor,,,,,['Adolf Strodtmann'],"['København', 'Dresden', 'Tyskland', 'Sverig']",[],"['mine digte', 'Julian']"
212,0,ved,,,,,['Adolf Strodtmann'],"['København', 'Dresden', 'Tyskland', 'Sverig']",[],"['mine digte', 'Julian']"
213,0,jeg,,,,,['Adolf Strodtmann'],"['København', 'Dresden', 'Tyskland', 'Sverig']",[],"['mine digte', 'Julian']"
214,0,også,,,,,['Adolf Strodtmann'],"['København', 'Dresden', 'Tyskland', 'Sverig']",[],"['mine digte', 'Julian']"
215,0,at,,,,,['Adolf Strodtmann'],"['København', 'Dresden', 'Tyskland', 'Sverig']",[],"['mine digte', 'Julian']"
216,0,De,,,,,['Adolf Strodtmann'],"['København', 'Dresden', 'Tyskland', 'Sverig']",[],"['mine digte', 'Julian']"
217,0,ikke,,,,,['Adolf Strodtmann'],"['København', 'Dresden', 'Tyskland', 'Sverig']",[],"['mine digte', 'Julian']"
218,0,er,,,,,['Adolf Strodtmann'],"['København', 'Dresden', 'Tyskland', 'Sverig']",[],"['mine digte', 'Julian']"
219,0,sat,,,,,['Adolf Strodtmann'],"['København', 'Dresden', 'Tyskland', 'Sverig']",[],"['mine digte', 'Julian']"
220,0,her,,,,,['Adolf Strodtmann'],"['København', 'Dresden', 'Tyskland', 'Sverig']",[],"['mine digte', 'Julian']"
221,0,i,,,,,['Adolf Strodtmann'],"['København', 'Dresden', 'Tyskland', 'Sverig']",[],"['mine digte', 'Julian']"
222,0,verden,,,,,['Adolf Strodtmann'],"['København', 'Dresden', 'Tyskland', 'Sverig']",[],"['mine digte', 'Julian']"
223,0,for,,,,,['Adolf Strodtmann'],"['København', 'Dresden', 'Tyskland', 'Sverig']",[],"['mine digte', 'Julian']"
224,0,at,,,,,['Adolf Strodtmann'],"['København', 'Dresden', 'Tyskland', 'Sverig']",[],"['mine digte', 'Julian']"
225,0,virke,,,,,['Adolf Strodtmann'],"['København', 'Dresden', 'Tyskland', 'Sverig']",[],"['mine digte', 'Julian']"
226,0,for,,,,,['Adolf Strodtmann'],"['København', 'Dresden', 'Tyskland', 'Sverig']",[],"['mine digte', 'Julian']"
227,0,vort,,,,,['Adolf Strodtmann'],"['København', 'Dresden', 'Tyskland', 'Sverig']",[],"['mine digte', 'Julian']"
228,0,skandinaviske,,,,,['Adolf Strodtmann'],"['København', 'Dresden', 'Tyskland', 'Sverig']",[],"['mine digte', 'Julian']"
229,0,norden,,,,,['Adolf Strodtmann'],"['København', 'Dresden', 'Tyskland', 'Sverig']",[],"['mine digte', 'Julian']"
230,0,alene.,,,,,['Adolf Strodtmann'],"['København', 'Dresden', 'Tyskland', 'Sverig']",[],"['mine digte', 'Julian']"
231,0,Kom,,,,,['Adolf Strodtmann'],"['København', 'Dresden', 'Tyskland', 'Sverig']",[],"['mine digte', 'Julian']"
232,0,"herned,",,,,,['Adolf Strodtmann'],"['København', 'Dresden', 'Tyskland', 'Sverig']",[],"['mine digte', 'Julian']"
233,0,hvis,,,,,['Adolf Strodtmann'],"['København', 'Dresden', 'Tyskland', 'Sverig']",[],"['mine digte', 'Julian']"
234,0,De,,,,,['Adolf Strodtmann'],"['København', 'Dresden', 'Tyskland', 'Sverig']",[],"['mine digte', 'Julian']"
235,0,kan!Det,,,,,['Adolf Strodtmann'],"['København', 'Dresden', 'Tyskland', 'Sverig']",[],"['mine digte', 'Julian']"
236,0,har,,,,,['Adolf Strodtmann'],"['København', 'Dresden', 'Tyskland', 'Sverig']",[],"['mine digte', 'Julian']"
237,0,undret,,,,,['Adolf Strodtmann'],"['København', 'Dresden', 'Tyskland', 'Sverig']",[],"['mine digte', 'Julian']"
238,0,mig,,,,,['Adolf Strodtmann'],"['København', 'Dresden', 'Tyskland', 'Sverig']",[],"['mine digte', 'Julian']"
239,0,at,,,,,['Adolf Strodtmann'],"['København', 'Dresden', 'Tyskland', 'Sverig']",[],"['mine digte', 'Julian']"
240,0,De,,,,,['Adolf Strodtmann'],"['København', 'Dresden', 'Tyskland', 'Sverig']",[],"['mine digte', 'Julian']"
241,0,ikke,,,,,['Adolf Strodtmann'],"['København', 'Dresden', 'Tyskland', 'Sverig']",[],"['mine digte', 'Julian']"
242,0,har,,,,,['Adolf Strodtmann'],"['København', 'Dresden', 'Tyskland', 'Sverig']",[],"['mine digte', 'Julian']"
243,0,tænkt,,,,,['Adolf Strodtmann'],"['København', 'Dresden', 'Tyskland', 'Sverig']",[],"['mine digte', 'Julian']"
244,0,på,,,,,['Adolf Strodtmann'],"['København', 'Dresden', 'Tyskland', 'Sverig']",[],"['mine digte', 'Julian']"
245,0,at,,,,,['Adolf Strodtmann'],"['København', 'Dresden', 'Tyskland', 'Sverig']",[],"['mine digte', 'Julian']"
246,0,holde,,,,,['Adolf Strodtmann'],"['København', 'Dresden', 'Tyskland', 'Sverig']",[],"['mine digte', 'Julian']"
247,0,forelæsninger,,,,,['Adolf Strodtmann'],"['København', 'Dresden', 'Tyskland', 'Sverig']",[],"['mine digte', 'Julian']"
248,0,i,,,,,['Adolf Strodtmann'],"['København', 'Dresden', 'Tyskland', 'Sverig']",[],"['mine digte', 'Julian']"
249,0,Sverig.,,,,,['Adolf Strodtmann'],"['København', 'Dresden', 'Tyskland', 'Sverig']",[],"['mine digte', 'Julian']"
250,0,Svenskerne,,,,,['Adolf Strodtmann'],"['København', 'Dresden', 'Tyskland', 'Sverig']",[],"['mine digte', 'Julian']"
251,0,står,,,,,['Adolf Strodtmann'],"['København', 'Dresden', 'Tyskland', 'Sverig']",[],"['mine digte', 'Julian']"
252,0,i,,,,,['Adolf Strodtmann'],"['København', 'Dresden', 'Tyskland', 'Sverig']",[],"['mine digte', 'Julian']"
253,0,visse,,,,,['Adolf Strodtmann'],"['København', 'Dresden', 'Tyskland', 'Sverig']",[],"['mine digte', 'Julian']"
254,0,henseender,,,,,['Adolf Strodtmann'],"['København', 'Dresden', 'Tyskland', 'Sverig']",[],"['mine digte', 'Julian']"
255,0,i,,,,,['Adolf Strodtmann'],"['København', 'Dresden', 'Tyskland', 'Sverig']",[],"['mine digte', 'Julian']"
256,0,udvikling,,,,,['Adolf Strodtmann'],"['København', 'Dresden', 'Tyskland', 'Sverig']",[],"['mine digte', 'Julian']"
257,0,tilbage,,,,,['Adolf Strodtmann'],"['København', 'Dresden', 'Tyskland', 'Sverig']",[],"['mine digte', 'Julian']"
258,0,for,,,,,['Adolf Strodtmann'],"['København', 'Dresden', 'Tyskland', 'Sverig']",[],"['mine digte', 'Julian']"
259,0,os,,,,,['Adolf Strodtmann'],"['København', 'Dresden', 'Tyskland', 'Sverig']",[],"['mine digte', 'Julian']"
260,0,andre,,,,,['Adolf Strodtmann'],"['København', 'Dresden', 'Tyskland', 'Sverig']",[],"['mine digte', 'Julian']"
261,0,skandinaver;,,,,,['Adolf Strodtmann'],"['København', 'Dresden', 'Tyskland', 'Sverig']",[],"['mine digte', 'Julian']"
262,0,men,,,,,['Adolf Strodtmann'],"['København', 'Dresden', 'Tyskland', 'Sverig']",[],"['mine digte', 'Julian']"
263,0,netop,,,,,['Adolf Strodtmann'],"['København', 'Dresden', 'Tyskland', 'Sverig']",[],"['mine digte', 'Julian']"
264,0,derved,,,,,['Adolf Strodtmann'],"['København', 'Dresden', 'Tyskland', 'Sverig']",[],"['mine digte', 'Julian']"
265,0,står,,,,,['Adolf Strodtmann'],"['København', 'Dresden', 'Tyskland', 'Sverig']",[],"['mine digte', 'Julian']"
266,0,de,,,,,['Adolf Strodtmann'],"['København', 'Dresden', 'Tyskland', 'Sverig']",[],"['mine digte', 'Julian']"
267,0,nærmere,,,,,['Adolf Strodtmann'],"['København', 'Dresden', 'Tyskland', 'Sverig']",[],"['mine digte', 'Julian']"
268,0,ved,,,,,['Adolf Strodtmann'],"['København', 'Dresden', 'Tyskland', 'Sverig']",[],"['mine digte', 'Julian']"
269,0,det,,,,,['Adolf Strodtmann'],"['København', 'Dresden', 'Tyskland', 'Sverig']",[],"['mine digte', 'Julian']"
270,0,kommende;,,,,,['Adolf Strodtmann'],"['København', 'Dresden', 'Tyskland', 'Sverig']",[],"['mine digte', 'Julian']"
271,0,thi,,,,,['Adolf Strodtmann'],"['København', 'Dresden', 'Tyskland', 'Sverig']",[],"['mine digte', 'Julian']"
272,0,vort,,,,,['Adolf Strodtmann'],"['København', 'Dresden', 'Tyskland', 'Sverig']",[],"['mine digte', 'Julian']"
273,0,forspring,,,,,['Adolf Strodtmann'],"['København', 'Dresden', 'Tyskland', 'Sverig']",[],"['mine digte', 'Julian']"
274,0,for,,,,,['Adolf Strodtmann'],"['København', 'Dresden', 'Tyskland', 'Sverig']",[],"['mine digte', 'Julian']"
275,0,dem,,,,,['Adolf Strodtmann'],"['København', 'Dresden', 'Tyskland', 'Sverig']",[],"['mine digte', 'Julian']"
276,0,er,,,,,['Adolf Strodtmann'],"['København', 'Dresden', 'Tyskland', 'Sverig']",[],"['mine digte', 'Julian']"
277,0,et,,,,,['Adolf Strodtmann'],"['København', 'Dresden', 'Tyskland', 'Sverig']",[],"['mine digte', 'Julian']"
278,0,forspring,,,,,['Adolf Strodtmann'],"['København', 'Dresden', 'Tyskland', 'Sverig']",[],"['mine digte', 'Julian']"
279,0,ind,,,,,['Adolf Strodtmann'],"['København', 'Dresden', 'Tyskland', 'Sverig']",[],"['mine digte', 'Julian']"
280,0,på,,,,,['Adolf Strodtmann'],"['København', 'Dresden', 'Tyskland', 'Sverig']",[],"['mine digte', 'Julian']"
281,0,en,,,,,['Adolf Strodtmann'],"['København', 'Dresden', 'Tyskland', 'Sverig']",[],"['mine digte', 'Julian']"
282,0,afvej.,,,,,['Adolf Strodtmann'],"['København', 'Dresden', 'Tyskland', 'Sverig']",[],"['mine digte', 'Julian']"
283,0,–Julian,,,,,['Adolf Strodtmann'],"['København', 'Dresden', 'Tyskland', 'Sverig']",[],"['mine digte', 'Julian']"
284,0,tumler,,,,,['Adolf Strodtmann'],"['København', 'Dresden', 'Tyskland', 'Sverig']",[],"['mine digte', 'Julian']"
285,0,jeg,,,,,['Adolf Strodtmann'],"['København', 'Dresden', 'Tyskland', 'Sverig']",[],"['mine digte', 'Julian']"
286,0,stadigt,,,,,['Adolf Strodtmann'],"['København', 'Dresden', 'Tyskland', 'Sverig']",[],"['mine digte', 'Julian']"
287,0,med.,,,,,['Adolf Strodtmann'],"['København', 'Dresden', 'Tyskland', 'Sverig']",[],"['mine digte', 'Julian']"
288,0,Jeg,,,,,['Adolf Strodtmann'],"['København', 'Dresden', 'Tyskland', 'Sverig']",[],"['mine digte', 'Julian']"
289,0,har,,,,,['Adolf Strodtmann'],"['København', 'Dresden', 'Tyskland', 'Sverig']",[],"['mine digte', 'Julian']"
290,0,den,,,,,['Adolf Strodtmann'],"['København', 'Dresden', 'Tyskland', 'Sverig']",[],"['mine digte', 'Julian']"
291,0,største,,,,,['Adolf Strodtmann'],"['København', 'Dresden', 'Tyskland', 'Sverig']",[],"['mine digte', 'Julian']"
292,0,lyst,,,,,['Adolf Strodtmann'],"['København', 'Dresden', 'Tyskland', 'Sverig']",[],"['mine digte', 'Julian']"
293,0,til,,,,,['Adolf Strodtmann'],"['København', 'Dresden', 'Tyskland', 'Sverig']",[],"['mine digte', 'Julian']"
294,0,at,,,,,['Adolf Strodtmann'],"['København', 'Dresden', 'Tyskland', 'Sverig']",[],"['mine digte', 'Julian']"
295,0,meddele,,,,,['Adolf Strodtmann'],"['København', 'Dresden', 'Tyskland', 'Sverig']",[],"['mine digte', 'Julian']"
296,0,mig,,,,,['Adolf Strodtmann'],"['København', 'Dresden', 'Tyskland', 'Sverig']",[],"['mine digte', 'Julian']"
297,0,til,,,,,['Adolf Strodtmann'],"['København', 'Dresden', 'Tyskland', 'Sverig']",[],"['mine digte', 'Julian']"
298,0,Dem,,,,,['Adolf Strodtmann'],"['København', 'Dresden', 'Tyskland', 'Sverig']",[],"['mine digte', 'Julian']"
299,0,angående,,,,,['Adolf Strodtmann'],"['København', 'Dresden', 'Tyskland', 'Sverig']",[],"['mine digte', 'Julian']"
300,0,dette,,,,,['Adolf Strodtmann'],"['København', 'Dresden', 'Tyskland', 'Sverig']",[],"['mine digte', 'Julian']"
301,0,stykke;,,,,,['Adolf Strodtmann'],"['København', 'Dresden', 'Tyskland', 'Sverig']",[],"['mine digte', 'Julian']"
302,0,men,,,,,['Adolf Strodtmann'],"['København', 'Dresden', 'Tyskland', 'Sverig']",[],"['mine digte', 'Julian']"
303,0,jeg,,,,,['Adolf Strodtmann'],"['København', 'Dresden', 'Tyskland', 'Sverig']",[],"['mine digte', 'Julian']"
304,0,føler,,,,,['Adolf Strodtmann'],"['København', 'Dresden', 'Tyskland', 'Sverig']",[],"['mine digte', 'Julian']"
305,0,at,,,,,['Adolf Strodtmann'],"['København', 'Dresden', 'Tyskland', 'Sverig']",[],"['mine digte', 'Julian']"
306,0,jeg,,,,,['Adolf Strodtmann'],"['København', 'Dresden', 'Tyskland', 'Sverig']",[],"['mine digte', 'Julian']"
307,0,ikke,,,,,['Adolf Strodtmann'],"['København', 'Dresden', 'Tyskland', 'Sverig']",[],"['mine digte', 'Julian']"
308,0,kan,,,,,['Adolf Strodtmann'],"['København', 'Dresden', 'Tyskland', 'Sverig']",[],"['mine digte', 'Julian']"
309,0,det,,,,,['Adolf Strodtmann'],"['København', 'Dresden', 'Tyskland', 'Sverig']",[],"['mine digte', 'Julian']"
310,0,uden,,,,,['Adolf Strodtmann'],"['København', 'Dresden', 'Tyskland', 'Sverig']",[],"['mine digte', 'Julian']"
311,0,at,,,,,['Adolf Strodtmann'],"['København', 'Dresden', 'Tyskland', 'Sverig']",[],"['mine digte', 'Julian']"
312,0,udsætte,,,,,['Adolf Strodtmann'],"['København', 'Dresden', 'Tyskland', 'Sverig']",[],"['mine digte', 'Julian']"
313,0,mig,,,,,['Adolf Strodtmann'],"['København', 'Dresden', 'Tyskland', 'Sverig']",[],"['mine digte', 'Julian']"
314,0,for,,,,,['Adolf Strodtmann'],"['København', 'Dresden', 'Tyskland', 'Sverig']",[],"['mine digte', 'Julian']"
315,0,at,,,,,['Adolf Strodtmann'],"['København', 'Dresden', 'Tyskland', 'Sverig']",[],"['mine digte', 'Julian']"
316,0,blive,,,,,['Adolf Strodtmann'],"['København', 'Dresden', 'Tyskland', 'Sverig']",[],"['mine digte', 'Julian']"
317,0,misforstået.,,,,,['Adolf Strodtmann'],"['København', 'Dresden', 'Tyskland', 'Sverig']",[],"['mine digte', 'Julian']"
318,0,–Jeg,,,,,['Adolf Strodtmann'],"['København', 'Dresden', 'Tyskland', 'Sverig']",[],"['mine digte', 'Julian']"
319,0,vil,,,,,['Adolf Strodtmann'],"['København', 'Dresden', 'Tyskland', 'Sverig']",[],"['mine digte', 'Julian']"
320,0,håbe,,,,,['Adolf Strodtmann'],"['København', 'Dresden', 'Tyskland', 'Sverig']",[],"['mine digte', 'Julian']"
321,0,at,,,,,['Adolf Strodtmann'],"['København', 'Dresden', 'Tyskland', 'Sverig']",[],"['mine digte', 'Julian']"
322,0,mit,,,,,['Adolf Strodtmann'],"['København', 'Dresden', 'Tyskland', 'Sverig']",[],"['mine digte', 'Julian']"
323,0,forrige,,,,,['Adolf Strodtmann'],"['København', 'Dresden', 'Tyskland', 'Sverig']",[],"['mine digte', 'Julian']"
324,0,brev,,,,,['Adolf Strodtmann'],"['København', 'Dresden', 'Tyskland', 'Sverig']",[],"['mine digte', 'Julian']"
325,0,er,,,,,['Adolf Strodtmann'],"['København', 'Dresden', 'Tyskland', 'Sverig']",[],"['mine digte', 'Julian']"
326,0,kommet,,,,,['Adolf Strodtmann'],"['København', 'Dresden', 'Tyskland', 'Sverig']",[],"['mine digte', 'Julian']"
327,0,Dem,,,,,['Adolf Strodtmann'],"['København', 'Dresden', 'Tyskland', 'Sverig']",[],"['mine digte', 'Julian']"
328,0,ihænde?,,,,,['Adolf Strodtmann'],"['København', 'Dresden', 'Tyskland', 'Sverig']",[],"['mine digte', 'Julian']"
329,0,Er,,,,,['Adolf Strodtmann'],"['København', 'Dresden', 'Tyskland', 'Sverig']",[],"['mine digte', 'Julian']"
330,0,det,,,,,['Adolf Strodtmann'],"['København', 'Dresden', 'Tyskland', 'Sverig']",[],"['mine digte', 'Julian']"
331,0,meningen,,,,,['Adolf Strodtmann'],"['København', 'Dresden', 'Tyskland', 'Sverig']",[],"['mine digte', 'Julian']"
332,0,at,,,,,['Adolf Strodtmann'],"['København', 'Dresden', 'Tyskland', 'Sverig']",[],"['mine digte', 'Julian']"
333,0,lade,,,,,['Adolf Strodtmann'],"['København', 'Dresden', 'Tyskland', 'Sverig']",[],"['mine digte', 'Julian']"
334,0,Deres,,,,,['Adolf Strodtmann'],"['København', 'Dresden', 'Tyskland', 'Sverig']",[],"['mine digte', 'Julian']"
335,0,nye,,,,,['Adolf Strodtmann'],"['København', 'Dresden', 'Tyskland', 'Sverig']",[],"['mine digte', 'Julian']"
336,0,forelæsninger,,,,,['Adolf Strodtmann'],"['København', 'Dresden', 'Tyskland', 'Sverig']",[],"['mine digte', 'Julian']"
337,0,trykke,,,,,['Adolf Strodtmann'],"['København', 'Dresden', 'Tyskland', 'Sverig']",[],"['mine digte', 'Julian']"
338,0,strax?Der,,,,,['Adolf Strodtmann'],"['København', 'Dresden', 'Tyskland', 'Sverig']",[],"['mine digte', 'Julian']"
339,0,er,,,,,['Adolf Strodtmann'],"['København', 'Dresden', 'Tyskland', 'Sverig']",[],"['mine digte', 'Julian']"
340,0,en,,,,,['Adolf Strodtmann'],"['København', 'Dresden', 'Tyskland', 'Sverig']",[],"['mine digte', 'Julian']"
341,0,hel,,,,,['Adolf Strodtmann'],"['København', 'Dresden', 'Tyskland', 'Sverig']",[],"['mine digte', 'Julian']"
342,0,del,,,,,['Adolf Strodtmann'],"['København', 'Dresden', 'Tyskland', 'Sverig']",[],"['mine digte', 'Julian']"
343,0,"ting,",,,,,['Adolf Strodtmann'],"['København', 'Dresden', 'Tyskland', 'Sverig']",[],"['mine digte', 'Julian']"
344,0,jeg,,,,,['Adolf Strodtmann'],"['København', 'Dresden', 'Tyskland', 'Sverig']",[],"['mine digte', 'Julian']"
345,0,havde,,,,,['Adolf Strodtmann'],"['København', 'Dresden', 'Tyskland', 'Sverig']",[],"['mine digte', 'Julian']"
346,0,at,,,,,['Adolf Strodtmann'],"['København', 'Dresden', 'Tyskland', 'Sverig']",[],"['mine digte', 'Julian']"
347,0,skrive,,,,,['Adolf Strodtmann'],"['København', 'Dresden', 'Tyskland', 'Sverig']",[],"['mine digte', 'Julian']"
348,0,om;,,,,,['Adolf Strodtmann'],"['København', 'Dresden', 'Tyskland', 'Sverig']",[],"['mine digte', 'Julian']"
349,0,men,,,,,['Adolf Strodtmann'],"['København', 'Dresden', 'Tyskland', 'Sverig']",[],"['mine digte', 'Julian']"
350,0,så,,,,,['Adolf Strodtmann'],"['København', 'Dresden', 'Tyskland', 'Sverig']",[],"['mine digte', 'Julian']"
351,0,længe,,,,,['Adolf Strodtmann'],"['København', 'Dresden', 'Tyskland', 'Sverig']",[],"['mine digte', 'Julian']"
352,0,jeg,,,,,['Adolf Strodtmann'],"['København', 'Dresden', 'Tyskland', 'Sverig']",[],"['mine digte', 'Julian']"
353,0,endnu,,,,,['Adolf Strodtmann'],"['København', 'Dresden', 'Tyskland', 'Sverig']",[],"['mine digte', 'Julian']"
354,0,håber,,,,,['Adolf Strodtmann'],"['København', 'Dresden', 'Tyskland', 'Sverig']",[],"['mine digte', 'Julian']"
355,0,på,,,,,['Adolf Strodtmann'],"['København', 'Dresden', 'Tyskland', 'Sverig']",[],"['mine digte', 'Julian']"
356,0,muligheden,,,,,['Adolf Strodtmann'],"['København', 'Dresden', 'Tyskland', 'Sverig']",[],"['mine digte', 'Julian']"
357,0,af,,,,,['Adolf Strodtmann'],"['København', 'Dresden', 'Tyskland', 'Sverig']",[],"['mine digte', 'Julian']"
358,0,at,,,,,['Adolf Strodtmann'],"['København', 'Dresden', 'Tyskland', 'Sverig']",[],"['mine digte', 'Julian']"
359,0,vi,,,,,['Adolf Strodtmann'],"['København', 'Dresden', 'Tyskland', 'Sverig']",[],"['mine digte', 'Julian']"
360,0,om,,,,,['Adolf Strodtmann'],"['København', 'Dresden', 'Tyskland', 'Sverig']",[],"['mine digte', 'Julian']"
361,0,nogen,,,,,['Adolf Strodtmann'],"['København', 'Dresden', 'Tyskland', 'Sverig']",[],"['mine digte', 'Julian']"
362,0,tid,,,,,['Adolf Strodtmann'],"['København', 'Dresden', 'Tyskland', 'Sverig']",[],"['mine digte', 'Julian']"
363,0,kunde,,,,,['Adolf Strodtmann'],"['København', 'Dresden', 'Tyskland', 'Sverig']",[],"['mine digte', 'Julian']"
364,0,"mødes,",,,,,['Adolf Strodtmann'],"['København', 'Dresden', 'Tyskland', 'Sverig']",[],"['mine digte', 'Julian']"
365,0,vil,,,,,['Adolf Strodtmann'],"['København', 'Dresden', 'Tyskland', 'Sverig']",[],"['mine digte', 'Julian']"
366,0,jeg,,,,,['Adolf Strodtmann'],"['København', 'Dresden', 'Tyskland', 'Sverig']",[],"['mine digte', 'Julian']"
367,0,udsætte,,,,,['Adolf Strodtmann'],"['København', 'Dresden', 'Tyskland', 'Sverig']",[],"['mine digte', 'Julian']"
368,0,dermed.,,,,,['Adolf Strodtmann'],"['København', 'Dresden', 'Tyskland', 'Sverig']",[],"['mine digte', 'Julian']"
369,0,Skriv,,,,,['Adolf Strodtmann'],"['København', 'Dresden', 'Tyskland', 'Sverig']",[],"['mine digte', 'Julian']"
370,0,snart!,,,,,['Adolf Strodtmann'],"['København', 'Dresden', 'Tyskland', 'Sverig']",[],"['mine digte', 'Julian']"
