,,0,human_annotation,who,dacy_medium,spacy_trf,person,place,org,work
0,0,Jeg,,,,,['justitsråd Berner'],['München'],['det kgl: theaters'],"['mit nye stykke', '«Hærmændene»', '«Kongsemnerne»', '«Brand»']"
1,0,ved,,,,,['justitsråd Berner'],['München'],['det kgl: theaters'],"['mit nye stykke', '«Hærmændene»', '«Kongsemnerne»', '«Brand»']"
2,0,ikke,,,,,['justitsråd Berner'],['München'],['det kgl: theaters'],"['mit nye stykke', '«Hærmændene»', '«Kongsemnerne»', '«Brand»']"
3,0,hvorledes,,,,,['justitsråd Berner'],['München'],['det kgl: theaters'],"['mit nye stykke', '«Hærmændene»', '«Kongsemnerne»', '«Brand»']"
4,0,jeg,,,,,['justitsråd Berner'],['München'],['det kgl: theaters'],"['mit nye stykke', '«Hærmændene»', '«Kongsemnerne»', '«Brand»']"
5,0,tilfulde,,,,,['justitsråd Berner'],['München'],['det kgl: theaters'],"['mit nye stykke', '«Hærmændene»', '«Kongsemnerne»', '«Brand»']"
6,0,skal,,,,,['justitsråd Berner'],['München'],['det kgl: theaters'],"['mit nye stykke', '«Hærmændene»', '«Kongsemnerne»', '«Brand»']"
7,0,kunne,,,,,['justitsråd Berner'],['München'],['det kgl: theaters'],"['mit nye stykke', '«Hærmændene»', '«Kongsemnerne»', '«Brand»']"
8,0,takke,,,,,['justitsråd Berner'],['München'],['det kgl: theaters'],"['mit nye stykke', '«Hærmændene»', '«Kongsemnerne»', '«Brand»']"
9,0,Dem,,,,,['justitsråd Berner'],['München'],['det kgl: theaters'],"['mit nye stykke', '«Hærmændene»', '«Kongsemnerne»', '«Brand»']"
10,0,for,,,,,['justitsråd Berner'],['München'],['det kgl: theaters'],"['mit nye stykke', '«Hærmændene»', '«Kongsemnerne»', '«Brand»']"
11,0,det,,,,,['justitsråd Berner'],['München'],['det kgl: theaters'],"['mit nye stykke', '«Hærmændene»', '«Kongsemnerne»', '«Brand»']"
12,0,fornyede,,,,,['justitsråd Berner'],['München'],['det kgl: theaters'],"['mit nye stykke', '«Hærmændene»', '«Kongsemnerne»', '«Brand»']"
13,0,bevis,,,,,['justitsråd Berner'],['München'],['det kgl: theaters'],"['mit nye stykke', '«Hærmændene»', '«Kongsemnerne»', '«Brand»']"
14,0,på,,,,,['justitsråd Berner'],['München'],['det kgl: theaters'],"['mit nye stykke', '«Hærmændene»', '«Kongsemnerne»', '«Brand»']"
15,0,Deres,,,,,['justitsråd Berner'],['München'],['det kgl: theaters'],"['mit nye stykke', '«Hærmændene»', '«Kongsemnerne»', '«Brand»']"
16,0,venskab,,,,,['justitsråd Berner'],['München'],['det kgl: theaters'],"['mit nye stykke', '«Hærmændene»', '«Kongsemnerne»', '«Brand»']"
17,0,og,,,,,['justitsråd Berner'],['München'],['det kgl: theaters'],"['mit nye stykke', '«Hærmændene»', '«Kongsemnerne»', '«Brand»']"
18,0,"velvilje,",,,,,['justitsråd Berner'],['München'],['det kgl: theaters'],"['mit nye stykke', '«Hærmændene»', '«Kongsemnerne»', '«Brand»']"
19,0,som,,,,,['justitsråd Berner'],['München'],['det kgl: theaters'],"['mit nye stykke', '«Hærmændene»', '«Kongsemnerne»', '«Brand»']"
20,0,jeg,,,,,['justitsråd Berner'],['München'],['det kgl: theaters'],"['mit nye stykke', '«Hærmændene»', '«Kongsemnerne»', '«Brand»']"
21,0,modtog,,,,,['justitsråd Berner'],['München'],['det kgl: theaters'],"['mit nye stykke', '«Hærmændene»', '«Kongsemnerne»', '«Brand»']"
22,0,gennem,,,,,['justitsråd Berner'],['München'],['det kgl: theaters'],"['mit nye stykke', '«Hærmændene»', '«Kongsemnerne»', '«Brand»']"
23,0,den,,,,,['justitsråd Berner'],['München'],['det kgl: theaters'],"['mit nye stykke', '«Hærmændene»', '«Kongsemnerne»', '«Brand»']"
24,0,"måde,",,,,,['justitsråd Berner'],['München'],['det kgl: theaters'],"['mit nye stykke', '«Hærmændene»', '«Kongsemnerne»', '«Brand»']"
25,0,hvorpå,,,,,['justitsråd Berner'],['München'],['det kgl: theaters'],"['mit nye stykke', '«Hærmændene»', '«Kongsemnerne»', '«Brand»']"
26,0,De,,,,,['justitsråd Berner'],['München'],['det kgl: theaters'],"['mit nye stykke', '«Hærmændene»', '«Kongsemnerne»', '«Brand»']"
27,0,har,,,,,['justitsråd Berner'],['München'],['det kgl: theaters'],"['mit nye stykke', '«Hærmændene»', '«Kongsemnerne»', '«Brand»']"
28,0,ordnet,,,,,['justitsråd Berner'],['München'],['det kgl: theaters'],"['mit nye stykke', '«Hærmændene»', '«Kongsemnerne»', '«Brand»']"
29,0,den,,,,,['justitsråd Berner'],['München'],['det kgl: theaters'],"['mit nye stykke', '«Hærmændene»', '«Kongsemnerne»', '«Brand»']"
30,0,i,,,,,['justitsråd Berner'],['München'],['det kgl: theaters'],"['mit nye stykke', '«Hærmændene»', '«Kongsemnerne»', '«Brand»']"
31,0,mit,,,,,['justitsråd Berner'],['München'],['det kgl: theaters'],"['mit nye stykke', '«Hærmændene»', '«Kongsemnerne»', '«Brand»']"
32,0,forrige,,,,,['justitsråd Berner'],['München'],['det kgl: theaters'],"['mit nye stykke', '«Hærmændene»', '«Kongsemnerne»', '«Brand»']"
33,0,brev,,,,,['justitsråd Berner'],['München'],['det kgl: theaters'],"['mit nye stykke', '«Hærmændene»', '«Kongsemnerne»', '«Brand»']"
34,0,omskrevne,,,,,['justitsråd Berner'],['München'],['det kgl: theaters'],"['mit nye stykke', '«Hærmændene»', '«Kongsemnerne»', '«Brand»']"
35,0,"sag,",,,,,['justitsråd Berner'],['München'],['det kgl: theaters'],"['mit nye stykke', '«Hærmændene»', '«Kongsemnerne»', '«Brand»']"
36,0,nemlig,,,,,['justitsråd Berner'],['München'],['det kgl: theaters'],"['mit nye stykke', '«Hærmændene»', '«Kongsemnerne»', '«Brand»']"
37,0,ved,,,,,['justitsråd Berner'],['München'],['det kgl: theaters'],"['mit nye stykke', '«Hærmændene»', '«Kongsemnerne»', '«Brand»']"
38,0,selv,,,,,['justitsråd Berner'],['München'],['det kgl: theaters'],"['mit nye stykke', '«Hærmændene»', '«Kongsemnerne»', '«Brand»']"
39,0,at,,,,,['justitsråd Berner'],['München'],['det kgl: theaters'],"['mit nye stykke', '«Hærmændene»', '«Kongsemnerne»', '«Brand»']"
40,0,forstrække,,,,,['justitsråd Berner'],['München'],['det kgl: theaters'],"['mit nye stykke', '«Hærmændene»', '«Kongsemnerne»', '«Brand»']"
41,0,mig,,,,,['justitsråd Berner'],['München'],['det kgl: theaters'],"['mit nye stykke', '«Hærmændene»', '«Kongsemnerne»', '«Brand»']"
42,0,med,,,,,['justitsråd Berner'],['München'],['det kgl: theaters'],"['mit nye stykke', '«Hærmændene»', '«Kongsemnerne»', '«Brand»']"
43,0,de,,,,,['justitsråd Berner'],['München'],['det kgl: theaters'],"['mit nye stykke', '«Hærmændene»', '«Kongsemnerne»', '«Brand»']"
44,0,manglende,,,,,['justitsråd Berner'],['München'],['det kgl: theaters'],"['mit nye stykke', '«Hærmændene»', '«Kongsemnerne»', '«Brand»']"
45,0,610,,,,,['justitsråd Berner'],['München'],['det kgl: theaters'],"['mit nye stykke', '«Hærmændene»', '«Kongsemnerne»', '«Brand»']"
46,0,spdlr.,,,,,['justitsråd Berner'],['München'],['det kgl: theaters'],"['mit nye stykke', '«Hærmændene»', '«Kongsemnerne»', '«Brand»']"
47,0,Kun,,,,,['justitsråd Berner'],['München'],['det kgl: theaters'],"['mit nye stykke', '«Hærmændene»', '«Kongsemnerne»', '«Brand»']"
48,0,beder,,,,,['justitsråd Berner'],['München'],['det kgl: theaters'],"['mit nye stykke', '«Hærmændene»', '«Kongsemnerne»', '«Brand»']"
49,0,jeg,,,,,['justitsråd Berner'],['München'],['det kgl: theaters'],"['mit nye stykke', '«Hærmændene»', '«Kongsemnerne»', '«Brand»']"
50,0,Dem,,,,,['justitsråd Berner'],['München'],['det kgl: theaters'],"['mit nye stykke', '«Hærmændene»', '«Kongsemnerne»', '«Brand»']"
51,0,være,,,,,['justitsråd Berner'],['München'],['det kgl: theaters'],"['mit nye stykke', '«Hærmændene»', '«Kongsemnerne»', '«Brand»']"
52,0,forvisset,,,,,['justitsråd Berner'],['München'],['det kgl: theaters'],"['mit nye stykke', '«Hærmændene»', '«Kongsemnerne»', '«Brand»']"
53,0,om,,,,,['justitsråd Berner'],['München'],['det kgl: theaters'],"['mit nye stykke', '«Hærmændene»', '«Kongsemnerne»', '«Brand»']"
54,0,at,,,,,['justitsråd Berner'],['München'],['det kgl: theaters'],"['mit nye stykke', '«Hærmændene»', '«Kongsemnerne»', '«Brand»']"
55,0,en,,,,,['justitsråd Berner'],['München'],['det kgl: theaters'],"['mit nye stykke', '«Hærmændene»', '«Kongsemnerne»', '«Brand»']"
56,0,sådan,,,,,['justitsråd Berner'],['München'],['det kgl: theaters'],"['mit nye stykke', '«Hærmændene»', '«Kongsemnerne»', '«Brand»']"
57,0,ordning,,,,,['justitsråd Berner'],['München'],['det kgl: theaters'],"['mit nye stykke', '«Hærmændene»', '«Kongsemnerne»', '«Brand»']"
58,0,ikke,,,,,['justitsråd Berner'],['München'],['det kgl: theaters'],"['mit nye stykke', '«Hærmændene»', '«Kongsemnerne»', '«Brand»']"
59,0,lå,,,,,['justitsråd Berner'],['München'],['det kgl: theaters'],"['mit nye stykke', '«Hærmændene»', '«Kongsemnerne»', '«Brand»']"
60,0,i,,,,,['justitsråd Berner'],['München'],['det kgl: theaters'],"['mit nye stykke', '«Hærmændene»', '«Kongsemnerne»', '«Brand»']"
61,0,min,,,,,['justitsråd Berner'],['München'],['det kgl: theaters'],"['mit nye stykke', '«Hærmændene»', '«Kongsemnerne»', '«Brand»']"
62,0,tanke;,,,,,['justitsråd Berner'],['München'],['det kgl: theaters'],"['mit nye stykke', '«Hærmændene»', '«Kongsemnerne»', '«Brand»']"
63,0,thi,,,,,['justitsråd Berner'],['München'],['det kgl: theaters'],"['mit nye stykke', '«Hærmændene»', '«Kongsemnerne»', '«Brand»']"
64,0,vel,,,,,['justitsråd Berner'],['München'],['det kgl: theaters'],"['mit nye stykke', '«Hærmændene»', '«Kongsemnerne»', '«Brand»']"
65,0,kan,,,,,['justitsråd Berner'],['München'],['det kgl: theaters'],"['mit nye stykke', '«Hærmændene»', '«Kongsemnerne»', '«Brand»']"
66,0,jeg,,,,,['justitsråd Berner'],['München'],['det kgl: theaters'],"['mit nye stykke', '«Hærmændene»', '«Kongsemnerne»', '«Brand»']"
67,0,nu,,,,,['justitsråd Berner'],['München'],['det kgl: theaters'],"['mit nye stykke', '«Hærmændene»', '«Kongsemnerne»', '«Brand»']"
68,0,og,,,,,['justitsråd Berner'],['München'],['det kgl: theaters'],"['mit nye stykke', '«Hærmændene»', '«Kongsemnerne»', '«Brand»']"
69,0,da,,,,,['justitsråd Berner'],['München'],['det kgl: theaters'],"['mit nye stykke', '«Hærmændene»', '«Kongsemnerne»', '«Brand»']"
70,0,gøre,,,,,['justitsråd Berner'],['München'],['det kgl: theaters'],"['mit nye stykke', '«Hærmændene»', '«Kongsemnerne»', '«Brand»']"
71,0,brug,,,,,['justitsråd Berner'],['München'],['det kgl: theaters'],"['mit nye stykke', '«Hærmændene»', '«Kongsemnerne»', '«Brand»']"
72,0,af,,,,,['justitsråd Berner'],['München'],['det kgl: theaters'],"['mit nye stykke', '«Hærmændene»', '«Kongsemnerne»', '«Brand»']"
73,0,Deres,,,,,['justitsråd Berner'],['München'],['det kgl: theaters'],"['mit nye stykke', '«Hærmændene»', '«Kongsemnerne»', '«Brand»']"
74,0,venlige,,,,,['justitsråd Berner'],['München'],['det kgl: theaters'],"['mit nye stykke', '«Hærmændene»', '«Kongsemnerne»', '«Brand»']"
75,0,tidligere,,,,,['justitsråd Berner'],['München'],['det kgl: theaters'],"['mit nye stykke', '«Hærmændene»', '«Kongsemnerne»', '«Brand»']"
76,0,tilbud,,,,,['justitsråd Berner'],['München'],['det kgl: theaters'],"['mit nye stykke', '«Hærmændene»', '«Kongsemnerne»', '«Brand»']"
77,0,om,,,,,['justitsråd Berner'],['München'],['det kgl: theaters'],"['mit nye stykke', '«Hærmændene»', '«Kongsemnerne»', '«Brand»']"
78,0,"forskud,",,,,,['justitsråd Berner'],['München'],['det kgl: theaters'],"['mit nye stykke', '«Hærmændene»', '«Kongsemnerne»', '«Brand»']"
79,0,når,,,,,['justitsråd Berner'],['München'],['det kgl: theaters'],"['mit nye stykke', '«Hærmændene»', '«Kongsemnerne»', '«Brand»']"
80,0,det,,,,,['justitsråd Berner'],['München'],['det kgl: theaters'],"['mit nye stykke', '«Hærmændene»', '«Kongsemnerne»', '«Brand»']"
81,0,behøves,,,,,['justitsråd Berner'],['München'],['det kgl: theaters'],"['mit nye stykke', '«Hærmændene»', '«Kongsemnerne»', '«Brand»']"
82,0,til,,,,,['justitsråd Berner'],['München'],['det kgl: theaters'],"['mit nye stykke', '«Hærmændene»', '«Kongsemnerne»', '«Brand»']"
83,0,daglige,,,,,['justitsråd Berner'],['München'],['det kgl: theaters'],"['mit nye stykke', '«Hærmændene»', '«Kongsemnerne»', '«Brand»']"
84,0,udgifter;,,,,,['justitsråd Berner'],['München'],['det kgl: theaters'],"['mit nye stykke', '«Hærmændene»', '«Kongsemnerne»', '«Brand»']"
85,0,men,,,,,['justitsråd Berner'],['München'],['det kgl: theaters'],"['mit nye stykke', '«Hærmændene»', '«Kongsemnerne»', '«Brand»']"
86,0,aldrig,,,,,['justitsråd Berner'],['München'],['det kgl: theaters'],"['mit nye stykke', '«Hærmændene»', '«Kongsemnerne»', '«Brand»']"
87,0,kunde,,,,,['justitsråd Berner'],['München'],['det kgl: theaters'],"['mit nye stykke', '«Hærmændene»', '«Kongsemnerne»', '«Brand»']"
88,0,det,,,,,['justitsråd Berner'],['München'],['det kgl: theaters'],"['mit nye stykke', '«Hærmændene»', '«Kongsemnerne»', '«Brand»']"
89,0,falde,,,,,['justitsråd Berner'],['München'],['det kgl: theaters'],"['mit nye stykke', '«Hærmændene»', '«Kongsemnerne»', '«Brand»']"
90,0,mig,,,,,['justitsråd Berner'],['München'],['det kgl: theaters'],"['mit nye stykke', '«Hærmændene»', '«Kongsemnerne»', '«Brand»']"
91,0,ind,,,,,['justitsråd Berner'],['München'],['det kgl: theaters'],"['mit nye stykke', '«Hærmændene»', '«Kongsemnerne»', '«Brand»']"
92,0,at,,,,,['justitsråd Berner'],['München'],['det kgl: theaters'],"['mit nye stykke', '«Hærmændene»', '«Kongsemnerne»', '«Brand»']"
93,0,ville,,,,,['justitsråd Berner'],['München'],['det kgl: theaters'],"['mit nye stykke', '«Hærmændene»', '«Kongsemnerne»', '«Brand»']"
94,0,låne,,,,,['justitsråd Berner'],['München'],['det kgl: theaters'],"['mit nye stykke', '«Hærmændene»', '«Kongsemnerne»', '«Brand»']"
95,0,penge,,,,,['justitsråd Berner'],['München'],['det kgl: theaters'],"['mit nye stykke', '«Hærmændene»', '«Kongsemnerne»', '«Brand»']"
96,0,af,,,,,['justitsråd Berner'],['München'],['det kgl: theaters'],"['mit nye stykke', '«Hærmændene»', '«Kongsemnerne»', '«Brand»']"
97,0,Dem,,,,,['justitsråd Berner'],['München'],['det kgl: theaters'],"['mit nye stykke', '«Hærmændene»', '«Kongsemnerne»', '«Brand»']"
98,0,for,,,,,['justitsråd Berner'],['München'],['det kgl: theaters'],"['mit nye stykke', '«Hærmændene»', '«Kongsemnerne»', '«Brand»']"
99,0,selv,,,,,['justitsråd Berner'],['München'],['det kgl: theaters'],"['mit nye stykke', '«Hærmændene»', '«Kongsemnerne»', '«Brand»']"
100,0,at,,,,,['justitsråd Berner'],['München'],['det kgl: theaters'],"['mit nye stykke', '«Hærmændene»', '«Kongsemnerne»', '«Brand»']"
101,0,gøre,,,,,['justitsråd Berner'],['München'],['det kgl: theaters'],"['mit nye stykke', '«Hærmændene»', '«Kongsemnerne»', '«Brand»']"
102,0,mig,,,,,['justitsråd Berner'],['München'],['det kgl: theaters'],"['mit nye stykke', '«Hærmændene»', '«Kongsemnerne»', '«Brand»']"
103,0,dem,,,,,['justitsråd Berner'],['München'],['det kgl: theaters'],"['mit nye stykke', '«Hærmændene»', '«Kongsemnerne»', '«Brand»']"
104,0,frugtbringende.,,,,,['justitsråd Berner'],['München'],['det kgl: theaters'],"['mit nye stykke', '«Hærmændene»', '«Kongsemnerne»', '«Brand»']"
105,0,"Alt,",,,,,['justitsråd Berner'],['München'],['det kgl: theaters'],"['mit nye stykke', '«Hærmændene»', '«Kongsemnerne»', '«Brand»']"
106,0,hvad,,,,,['justitsråd Berner'],['München'],['det kgl: theaters'],"['mit nye stykke', '«Hærmændene»', '«Kongsemnerne»', '«Brand»']"
107,0,"jeg,",,,,,['justitsråd Berner'],['München'],['det kgl: theaters'],"['mit nye stykke', '«Hærmændene»', '«Kongsemnerne»', '«Brand»']"
108,0,samtidig,,,,,['justitsråd Berner'],['München'],['det kgl: theaters'],"['mit nye stykke', '«Hærmændene»', '«Kongsemnerne»', '«Brand»']"
109,0,med,,,,,['justitsråd Berner'],['München'],['det kgl: theaters'],"['mit nye stykke', '«Hærmændene»', '«Kongsemnerne»', '«Brand»']"
110,0,en,,,,,['justitsråd Berner'],['München'],['det kgl: theaters'],"['mit nye stykke', '«Hærmændene»', '«Kongsemnerne»', '«Brand»']"
111,0,hjertelig,,,,,['justitsråd Berner'],['München'],['det kgl: theaters'],"['mit nye stykke', '«Hærmændene»', '«Kongsemnerne»', '«Brand»']"
112,0,"tak,",,,,,['justitsråd Berner'],['München'],['det kgl: theaters'],"['mit nye stykke', '«Hærmændene»', '«Kongsemnerne»', '«Brand»']"
113,0,kan,,,,,['justitsråd Berner'],['München'],['det kgl: theaters'],"['mit nye stykke', '«Hærmændene»', '«Kongsemnerne»', '«Brand»']"
114,0,"sige,",,,,,['justitsråd Berner'],['München'],['det kgl: theaters'],"['mit nye stykke', '«Hærmændene»', '«Kongsemnerne»', '«Brand»']"
115,0,er,,,,,['justitsråd Berner'],['München'],['det kgl: theaters'],"['mit nye stykke', '«Hærmændene»', '«Kongsemnerne»', '«Brand»']"
116,0,at,,,,,['justitsråd Berner'],['München'],['det kgl: theaters'],"['mit nye stykke', '«Hærmændene»', '«Kongsemnerne»', '«Brand»']"
117,0,tilfældet,,,,,['justitsråd Berner'],['München'],['det kgl: theaters'],"['mit nye stykke', '«Hærmændene»', '«Kongsemnerne»', '«Brand»']"
118,0,ikke,,,,,['justitsråd Berner'],['München'],['det kgl: theaters'],"['mit nye stykke', '«Hærmændene»', '«Kongsemnerne»', '«Brand»']"
119,0,vil,,,,,['justitsråd Berner'],['München'],['det kgl: theaters'],"['mit nye stykke', '«Hærmændene»', '«Kongsemnerne»', '«Brand»']"
120,0,gentage,,,,,['justitsråd Berner'],['München'],['det kgl: theaters'],"['mit nye stykke', '«Hærmændene»', '«Kongsemnerne»', '«Brand»']"
121,0,sig;,,,,,['justitsråd Berner'],['München'],['det kgl: theaters'],"['mit nye stykke', '«Hærmændene»', '«Kongsemnerne»', '«Brand»']"
122,0,og,,,,,['justitsråd Berner'],['München'],['det kgl: theaters'],"['mit nye stykke', '«Hærmændene»', '«Kongsemnerne»', '«Brand»']"
123,0,jeg,,,,,['justitsråd Berner'],['München'],['det kgl: theaters'],"['mit nye stykke', '«Hærmændene»', '«Kongsemnerne»', '«Brand»']"
124,0,føler,,,,,['justitsråd Berner'],['München'],['det kgl: theaters'],"['mit nye stykke', '«Hærmændene»', '«Kongsemnerne»', '«Brand»']"
125,0,min,,,,,['justitsråd Berner'],['München'],['det kgl: theaters'],"['mit nye stykke', '«Hærmændene»', '«Kongsemnerne»', '«Brand»']"
126,0,forbindtlighedsgæld,,,,,['justitsråd Berner'],['München'],['det kgl: theaters'],"['mit nye stykke', '«Hærmændene»', '«Kongsemnerne»', '«Brand»']"
127,0,til,,,,,['justitsråd Berner'],['München'],['det kgl: theaters'],"['mit nye stykke', '«Hærmændene»', '«Kongsemnerne»', '«Brand»']"
128,0,Dem,,,,,['justitsråd Berner'],['München'],['det kgl: theaters'],"['mit nye stykke', '«Hærmændene»', '«Kongsemnerne»', '«Brand»']"
129,0,så,,,,,['justitsråd Berner'],['München'],['det kgl: theaters'],"['mit nye stykke', '«Hærmændene»', '«Kongsemnerne»', '«Brand»']"
130,0,meget,,,,,['justitsråd Berner'],['München'],['det kgl: theaters'],"['mit nye stykke', '«Hærmændene»', '«Kongsemnerne»', '«Brand»']"
131,0,"mere,",,,,,['justitsråd Berner'],['München'],['det kgl: theaters'],"['mit nye stykke', '«Hærmændene»', '«Kongsemnerne»', '«Brand»']"
132,0,som,,,,,['justitsråd Berner'],['München'],['det kgl: theaters'],"['mit nye stykke', '«Hærmændene»', '«Kongsemnerne»', '«Brand»']"
133,0,jeg,,,,,['justitsråd Berner'],['München'],['det kgl: theaters'],"['mit nye stykke', '«Hærmændene»', '«Kongsemnerne»', '«Brand»']"
134,0,netop,,,,,['justitsråd Berner'],['München'],['det kgl: theaters'],"['mit nye stykke', '«Hærmændene»', '«Kongsemnerne»', '«Brand»']"
135,0,i,,,,,['justitsråd Berner'],['München'],['det kgl: theaters'],"['mit nye stykke', '«Hærmændene»', '«Kongsemnerne»', '«Brand»']"
136,0,dette,,,,,['justitsråd Berner'],['München'],['det kgl: theaters'],"['mit nye stykke', '«Hærmændene»', '«Kongsemnerne»', '«Brand»']"
137,0,øjeblik,,,,,['justitsråd Berner'],['München'],['det kgl: theaters'],"['mit nye stykke', '«Hærmændene»', '«Kongsemnerne»', '«Brand»']"
138,0,nødes,,,,,['justitsråd Berner'],['München'],['det kgl: theaters'],"['mit nye stykke', '«Hærmændene»', '«Kongsemnerne»', '«Brand»']"
139,0,til,,,,,['justitsråd Berner'],['München'],['det kgl: theaters'],"['mit nye stykke', '«Hærmændene»', '«Kongsemnerne»', '«Brand»']"
140,0,at,,,,,['justitsråd Berner'],['München'],['det kgl: theaters'],"['mit nye stykke', '«Hærmændene»', '«Kongsemnerne»', '«Brand»']"
141,0,bede,,,,,['justitsråd Berner'],['München'],['det kgl: theaters'],"['mit nye stykke', '«Hærmændene»', '«Kongsemnerne»', '«Brand»']"
142,0,Dem,,,,,['justitsråd Berner'],['München'],['det kgl: theaters'],"['mit nye stykke', '«Hærmændene»', '«Kongsemnerne»', '«Brand»']"
143,0,om,,,,,['justitsråd Berner'],['München'],['det kgl: theaters'],"['mit nye stykke', '«Hærmændene»', '«Kongsemnerne»', '«Brand»']"
144,0,endnu,,,,,['justitsråd Berner'],['München'],['det kgl: theaters'],"['mit nye stykke', '«Hærmændene»', '«Kongsemnerne»', '«Brand»']"
145,0,en,,,,,['justitsråd Berner'],['München'],['det kgl: theaters'],"['mit nye stykke', '«Hærmændene»', '«Kongsemnerne»', '«Brand»']"
146,0,tjeneste,,,,,['justitsråd Berner'],['München'],['det kgl: theaters'],"['mit nye stykke', '«Hærmændene»', '«Kongsemnerne»', '«Brand»']"
147,0,af,,,,,['justitsråd Berner'],['München'],['det kgl: theaters'],"['mit nye stykke', '«Hærmændene»', '«Kongsemnerne»', '«Brand»']"
148,0,beslægtet,,,,,['justitsråd Berner'],['München'],['det kgl: theaters'],"['mit nye stykke', '«Hærmændene»', '«Kongsemnerne»', '«Brand»']"
149,0,natur.,,,,,['justitsråd Berner'],['München'],['det kgl: theaters'],"['mit nye stykke', '«Hærmændene»', '«Kongsemnerne»', '«Brand»']"
150,0,Mine,,,,,['justitsråd Berner'],['München'],['det kgl: theaters'],"['mit nye stykke', '«Hærmændene»', '«Kongsemnerne»', '«Brand»']"
151,0,rentepenge,,,,,['justitsråd Berner'],['München'],['det kgl: theaters'],"['mit nye stykke', '«Hærmændene»', '«Kongsemnerne»', '«Brand»']"
152,0,for,,,,,['justitsråd Berner'],['München'],['det kgl: theaters'],"['mit nye stykke', '«Hærmændene»', '«Kongsemnerne»', '«Brand»']"
153,0,2det,,,,,['justitsråd Berner'],['München'],['det kgl: theaters'],"['mit nye stykke', '«Hærmændene»', '«Kongsemnerne»', '«Brand»']"
154,0,halvår,,,,,['justitsråd Berner'],['München'],['det kgl: theaters'],"['mit nye stykke', '«Hærmændene»', '«Kongsemnerne»', '«Brand»']"
155,0,er,,,,,['justitsråd Berner'],['München'],['det kgl: theaters'],"['mit nye stykke', '«Hærmændene»', '«Kongsemnerne»', '«Brand»']"
156,0,nemlig,,,,,['justitsråd Berner'],['München'],['det kgl: theaters'],"['mit nye stykke', '«Hærmændene»', '«Kongsemnerne»', '«Brand»']"
157,0,kun,,,,,['justitsråd Berner'],['München'],['det kgl: theaters'],"['mit nye stykke', '«Hærmændene»', '«Kongsemnerne»', '«Brand»']"
158,0,delvis,,,,,['justitsråd Berner'],['München'],['det kgl: theaters'],"['mit nye stykke', '«Hærmændene»', '«Kongsemnerne»', '«Brand»']"
159,0,forfaldne,,,,,['justitsråd Berner'],['München'],['det kgl: theaters'],"['mit nye stykke', '«Hærmændene»', '«Kongsemnerne»', '«Brand»']"
160,0,den,,,,,['justitsråd Berner'],['München'],['det kgl: theaters'],"['mit nye stykke', '«Hærmændene»', '«Kongsemnerne»', '«Brand»']"
161,0,11te,,,,,['justitsråd Berner'],['München'],['det kgl: theaters'],"['mit nye stykke', '«Hærmændene»', '«Kongsemnerne»', '«Brand»']"
162,0,"December,",,,,,['justitsråd Berner'],['München'],['det kgl: theaters'],"['mit nye stykke', '«Hærmændene»', '«Kongsemnerne»', '«Brand»']"
163,0,resten,,,,,['justitsråd Berner'],['München'],['det kgl: theaters'],"['mit nye stykke', '«Hærmændene»', '«Kongsemnerne»', '«Brand»']"
164,0,først,,,,,['justitsråd Berner'],['München'],['det kgl: theaters'],"['mit nye stykke', '«Hærmændene»', '«Kongsemnerne»', '«Brand»']"
165,0,ved,,,,,['justitsråd Berner'],['München'],['det kgl: theaters'],"['mit nye stykke', '«Hærmændene»', '«Kongsemnerne»', '«Brand»']"
166,0,årets,,,,,['justitsråd Berner'],['München'],['det kgl: theaters'],"['mit nye stykke', '«Hærmændene»', '«Kongsemnerne»', '«Brand»']"
167,0,slutning;,,,,,['justitsråd Berner'],['München'],['det kgl: theaters'],"['mit nye stykke', '«Hærmændene»', '«Kongsemnerne»', '«Brand»']"
168,0,men,,,,,['justitsråd Berner'],['München'],['det kgl: theaters'],"['mit nye stykke', '«Hærmændene»', '«Kongsemnerne»', '«Brand»']"
169,0,jeg,,,,,['justitsråd Berner'],['München'],['det kgl: theaters'],"['mit nye stykke', '«Hærmændene»', '«Kongsemnerne»', '«Brand»']"
170,0,tiltrænger,,,,,['justitsråd Berner'],['München'],['det kgl: theaters'],"['mit nye stykke', '«Hærmændene»', '«Kongsemnerne»', '«Brand»']"
171,0,den,,,,,['justitsråd Berner'],['München'],['det kgl: theaters'],"['mit nye stykke', '«Hærmændene»', '«Kongsemnerne»', '«Brand»']"
172,0,hele,,,,,['justitsråd Berner'],['München'],['det kgl: theaters'],"['mit nye stykke', '«Hærmændene»', '«Kongsemnerne»', '«Brand»']"
173,0,sum,,,,,['justitsråd Berner'],['München'],['det kgl: theaters'],"['mit nye stykke', '«Hærmændene»', '«Kongsemnerne»', '«Brand»']"
174,0,(400,,,,,['justitsråd Berner'],['München'],['det kgl: theaters'],"['mit nye stykke', '«Hærmændene»', '«Kongsemnerne»', '«Brand»']"
175,0,kroner),,,,,['justitsråd Berner'],['München'],['det kgl: theaters'],"['mit nye stykke', '«Hærmændene»', '«Kongsemnerne»', '«Brand»']"
176,0,endnu,,,,,['justitsråd Berner'],['München'],['det kgl: theaters'],"['mit nye stykke', '«Hærmændene»', '«Kongsemnerne»', '«Brand»']"
177,0,før,,,,,['justitsråd Berner'],['München'],['det kgl: theaters'],"['mit nye stykke', '«Hærmændene»', '«Kongsemnerne»', '«Brand»']"
178,0,"jul,",,,,,['justitsråd Berner'],['München'],['det kgl: theaters'],"['mit nye stykke', '«Hærmændene»', '«Kongsemnerne»', '«Brand»']"
179,0,og,,,,,['justitsråd Berner'],['München'],['det kgl: theaters'],"['mit nye stykke', '«Hærmændene»', '«Kongsemnerne»', '«Brand»']"
180,0,spørger,,,,,['justitsråd Berner'],['München'],['det kgl: theaters'],"['mit nye stykke', '«Hærmændene»', '«Kongsemnerne»', '«Brand»']"
181,0,Dem,,,,,['justitsråd Berner'],['München'],['det kgl: theaters'],"['mit nye stykke', '«Hærmændene»', '«Kongsemnerne»', '«Brand»']"
182,0,derfor,,,,,['justitsråd Berner'],['München'],['det kgl: theaters'],"['mit nye stykke', '«Hærmændene»', '«Kongsemnerne»', '«Brand»']"
183,0,om,,,,,['justitsråd Berner'],['München'],['det kgl: theaters'],"['mit nye stykke', '«Hærmændene»', '«Kongsemnerne»', '«Brand»']"
184,0,De,,,,,['justitsråd Berner'],['München'],['det kgl: theaters'],"['mit nye stykke', '«Hærmændene»', '«Kongsemnerne»', '«Brand»']"
185,0,godhedsfuldt,,,,,['justitsråd Berner'],['München'],['det kgl: theaters'],"['mit nye stykke', '«Hærmændene»', '«Kongsemnerne»', '«Brand»']"
186,0,skulde,,,,,['justitsråd Berner'],['München'],['det kgl: theaters'],"['mit nye stykke', '«Hærmændene»', '«Kongsemnerne»', '«Brand»']"
187,0,ville,,,,,['justitsråd Berner'],['München'],['det kgl: theaters'],"['mit nye stykke', '«Hærmændene»', '«Kongsemnerne»', '«Brand»']"
188,0,udfylde,,,,,['justitsråd Berner'],['München'],['det kgl: theaters'],"['mit nye stykke', '«Hærmændene»', '«Kongsemnerne»', '«Brand»']"
189,0,og,,,,,['justitsråd Berner'],['München'],['det kgl: theaters'],"['mit nye stykke', '«Hærmændene»', '«Kongsemnerne»', '«Brand»']"
190,0,sende,,,,,['justitsråd Berner'],['München'],['det kgl: theaters'],"['mit nye stykke', '«Hærmændene»', '«Kongsemnerne»', '«Brand»']"
191,0,mig,,,,,['justitsråd Berner'],['München'],['det kgl: theaters'],"['mit nye stykke', '«Hærmændene»', '«Kongsemnerne»', '«Brand»']"
192,0,hele,,,,,['justitsråd Berner'],['München'],['det kgl: theaters'],"['mit nye stykke', '«Hærmændene»', '«Kongsemnerne»', '«Brand»']"
193,0,beløbet,,,,,['justitsråd Berner'],['München'],['det kgl: theaters'],"['mit nye stykke', '«Hærmændene»', '«Kongsemnerne»', '«Brand»']"
194,0,(450,,,,,['justitsråd Berner'],['München'],['det kgl: theaters'],"['mit nye stykke', '«Hærmændene»', '«Kongsemnerne»', '«Brand»']"
195,0,RmՖ.),,,,,['justitsråd Berner'],['München'],['det kgl: theaters'],"['mit nye stykke', '«Hærmændene»', '«Kongsemnerne»', '«Brand»']"
196,0,skønt,,,,,['justitsråd Berner'],['München'],['det kgl: theaters'],"['mit nye stykke', '«Hærmændene»', '«Kongsemnerne»', '«Brand»']"
197,0,det,,,,,['justitsråd Berner'],['München'],['det kgl: theaters'],"['mit nye stykke', '«Hærmændene»', '«Kongsemnerne»', '«Brand»']"
198,0,endnu,,,,,['justitsråd Berner'],['München'],['det kgl: theaters'],"['mit nye stykke', '«Hærmændene»', '«Kongsemnerne»', '«Brand»']"
199,0,ikke,,,,,['justitsråd Berner'],['München'],['det kgl: theaters'],"['mit nye stykke', '«Hærmændene»', '«Kongsemnerne»', '«Brand»']"
200,0,er,,,,,['justitsråd Berner'],['München'],['det kgl: theaters'],"['mit nye stykke', '«Hærmændene»', '«Kongsemnerne»', '«Brand»']"
201,0,forfaldent,,,,,['justitsråd Berner'],['München'],['det kgl: theaters'],"['mit nye stykke', '«Hærmændene»', '«Kongsemnerne»', '«Brand»']"
202,0,til,,,,,['justitsråd Berner'],['München'],['det kgl: theaters'],"['mit nye stykke', '«Hærmændene»', '«Kongsemnerne»', '«Brand»']"
203,0,udbetaling.,,,,,['justitsråd Berner'],['München'],['det kgl: theaters'],"['mit nye stykke', '«Hærmændene»', '«Kongsemnerne»', '«Brand»']"
204,0,–,,,,,['justitsråd Berner'],['München'],['det kgl: theaters'],"['mit nye stykke', '«Hærmændene»', '«Kongsemnerne»', '«Brand»']"
205,0,De,,,,,['justitsråd Berner'],['München'],['det kgl: theaters'],"['mit nye stykke', '«Hærmændene»', '«Kongsemnerne»', '«Brand»']"
206,0,tror,,,,,['justitsråd Berner'],['München'],['det kgl: theaters'],"['mit nye stykke', '«Hærmændene»', '«Kongsemnerne»', '«Brand»']"
207,0,visst,,,,,['justitsråd Berner'],['München'],['det kgl: theaters'],"['mit nye stykke', '«Hærmændene»', '«Kongsemnerne»', '«Brand»']"
208,0,at,,,,,['justitsråd Berner'],['München'],['det kgl: theaters'],"['mit nye stykke', '«Hærmændene»', '«Kongsemnerne»', '«Brand»']"
209,0,jeg,,,,,['justitsråd Berner'],['München'],['det kgl: theaters'],"['mit nye stykke', '«Hærmændene»', '«Kongsemnerne»', '«Brand»']"
210,0,er,,,,,['justitsråd Berner'],['München'],['det kgl: theaters'],"['mit nye stykke', '«Hærmændene»', '«Kongsemnerne»', '«Brand»']"
211,0,bleven,,,,,['justitsråd Berner'],['München'],['det kgl: theaters'],"['mit nye stykke', '«Hærmændene»', '«Kongsemnerne»', '«Brand»']"
212,0,en,,,,,['justitsråd Berner'],['München'],['det kgl: theaters'],"['mit nye stykke', '«Hærmændene»', '«Kongsemnerne»', '«Brand»']"
213,0,ødeland,,,,,['justitsråd Berner'],['München'],['det kgl: theaters'],"['mit nye stykke', '«Hærmændene»', '«Kongsemnerne»', '«Brand»']"
214,0,eller,,,,,['justitsråd Berner'],['München'],['det kgl: theaters'],"['mit nye stykke', '«Hærmændene»', '«Kongsemnerne»', '«Brand»']"
215,0,at,,,,,['justitsråd Berner'],['München'],['det kgl: theaters'],"['mit nye stykke', '«Hærmændene»', '«Kongsemnerne»', '«Brand»']"
216,0,her,,,,,['justitsråd Berner'],['München'],['det kgl: theaters'],"['mit nye stykke', '«Hærmændene»', '«Kongsemnerne»', '«Brand»']"
217,0,er,,,,,['justitsråd Berner'],['München'],['det kgl: theaters'],"['mit nye stykke', '«Hærmændene»', '«Kongsemnerne»', '«Brand»']"
218,0,meget,,,,,['justitsråd Berner'],['München'],['det kgl: theaters'],"['mit nye stykke', '«Hærmændene»', '«Kongsemnerne»', '«Brand»']"
219,0,dyrt,,,,,['justitsråd Berner'],['München'],['det kgl: theaters'],"['mit nye stykke', '«Hærmændene»', '«Kongsemnerne»', '«Brand»']"
220,0,i,,,,,['justitsråd Berner'],['München'],['det kgl: theaters'],"['mit nye stykke', '«Hærmændene»', '«Kongsemnerne»', '«Brand»']"
221,0,"München,",,,,,['justitsråd Berner'],['München'],['det kgl: theaters'],"['mit nye stykke', '«Hærmændene»', '«Kongsemnerne»', '«Brand»']"
222,0,eftersom,,,,,['justitsråd Berner'],['München'],['det kgl: theaters'],"['mit nye stykke', '«Hærmændene»', '«Kongsemnerne»', '«Brand»']"
223,0,jeg,,,,,['justitsråd Berner'],['München'],['det kgl: theaters'],"['mit nye stykke', '«Hærmændene»', '«Kongsemnerne»', '«Brand»']"
224,0,hersteds,,,,,['justitsråd Berner'],['München'],['det kgl: theaters'],"['mit nye stykke', '«Hærmændene»', '«Kongsemnerne»', '«Brand»']"
225,0,bruger,,,,,['justitsråd Berner'],['München'],['det kgl: theaters'],"['mit nye stykke', '«Hærmændene»', '«Kongsemnerne»', '«Brand»']"
226,0,så,,,,,['justitsråd Berner'],['München'],['det kgl: theaters'],"['mit nye stykke', '«Hærmændene»', '«Kongsemnerne»', '«Brand»']"
227,0,mange,,,,,['justitsråd Berner'],['München'],['det kgl: theaters'],"['mit nye stykke', '«Hærmændene»', '«Kongsemnerne»', '«Brand»']"
228,0,penge.,,,,,['justitsråd Berner'],['München'],['det kgl: theaters'],"['mit nye stykke', '«Hærmændene»', '«Kongsemnerne»', '«Brand»']"
229,0,Ingen,,,,,['justitsråd Berner'],['München'],['det kgl: theaters'],"['mit nye stykke', '«Hærmændene»', '«Kongsemnerne»', '«Brand»']"
230,0,af,,,,,['justitsråd Berner'],['München'],['det kgl: theaters'],"['mit nye stykke', '«Hærmændene»', '«Kongsemnerne»', '«Brand»']"
231,0,delene,,,,,['justitsråd Berner'],['München'],['det kgl: theaters'],"['mit nye stykke', '«Hærmændene»', '«Kongsemnerne»', '«Brand»']"
232,0,er,,,,,['justitsråd Berner'],['München'],['det kgl: theaters'],"['mit nye stykke', '«Hærmændene»', '«Kongsemnerne»', '«Brand»']"
233,0,imidlertid,,,,,['justitsråd Berner'],['München'],['det kgl: theaters'],"['mit nye stykke', '«Hærmændene»', '«Kongsemnerne»', '«Brand»']"
234,0,tilfældet;,,,,,['justitsråd Berner'],['München'],['det kgl: theaters'],"['mit nye stykke', '«Hærmændene»', '«Kongsemnerne»', '«Brand»']"
235,0,men,,,,,['justitsråd Berner'],['München'],['det kgl: theaters'],"['mit nye stykke', '«Hærmændene»', '«Kongsemnerne»', '«Brand»']"
236,0,sagen,,,,,['justitsråd Berner'],['München'],['det kgl: theaters'],"['mit nye stykke', '«Hærmændene»', '«Kongsemnerne»', '«Brand»']"
237,0,er,,,,,['justitsråd Berner'],['München'],['det kgl: theaters'],"['mit nye stykke', '«Hærmændene»', '«Kongsemnerne»', '«Brand»']"
238,0,at,,,,,['justitsråd Berner'],['München'],['det kgl: theaters'],"['mit nye stykke', '«Hærmændene»', '«Kongsemnerne»', '«Brand»']"
239,0,vi,,,,,['justitsråd Berner'],['München'],['det kgl: theaters'],"['mit nye stykke', '«Hærmændene»', '«Kongsemnerne»', '«Brand»']"
240,0,har,,,,,['justitsråd Berner'],['München'],['det kgl: theaters'],"['mit nye stykke', '«Hærmændene»', '«Kongsemnerne»', '«Brand»']"
241,0,været,,,,,['justitsråd Berner'],['München'],['det kgl: theaters'],"['mit nye stykke', '«Hærmændene»', '«Kongsemnerne»', '«Brand»']"
242,0,nødt,,,,,['justitsråd Berner'],['München'],['det kgl: theaters'],"['mit nye stykke', '«Hærmændene»', '«Kongsemnerne»', '«Brand»']"
243,0,til,,,,,['justitsråd Berner'],['München'],['det kgl: theaters'],"['mit nye stykke', '«Hærmændene»', '«Kongsemnerne»', '«Brand»']"
244,0,delvis,,,,,['justitsråd Berner'],['München'],['det kgl: theaters'],"['mit nye stykke', '«Hærmændene»', '«Kongsemnerne»', '«Brand»']"
245,0,at,,,,,['justitsråd Berner'],['München'],['det kgl: theaters'],"['mit nye stykke', '«Hærmændene»', '«Kongsemnerne»', '«Brand»']"
246,0,møblere,,,,,['justitsråd Berner'],['München'],['det kgl: theaters'],"['mit nye stykke', '«Hærmændene»', '«Kongsemnerne»', '«Brand»']"
247,0,vor,,,,,['justitsråd Berner'],['München'],['det kgl: theaters'],"['mit nye stykke', '«Hærmændene»', '«Kongsemnerne»', '«Brand»']"
248,0,herværende,,,,,['justitsråd Berner'],['München'],['det kgl: theaters'],"['mit nye stykke', '«Hærmændene»', '«Kongsemnerne»', '«Brand»']"
249,0,"bolig,",,,,,['justitsråd Berner'],['München'],['det kgl: theaters'],"['mit nye stykke', '«Hærmændene»', '«Kongsemnerne»', '«Brand»']"
250,0,hvormed,,,,,['justitsråd Berner'],['München'],['det kgl: theaters'],"['mit nye stykke', '«Hærmændene»', '«Kongsemnerne»', '«Brand»']"
251,0,vi,,,,,['justitsråd Berner'],['München'],['det kgl: theaters'],"['mit nye stykke', '«Hærmændene»', '«Kongsemnerne»', '«Brand»']"
252,0,nu,,,,,['justitsråd Berner'],['München'],['det kgl: theaters'],"['mit nye stykke', '«Hærmændene»', '«Kongsemnerne»', '«Brand»']"
253,0,er,,,,,['justitsråd Berner'],['München'],['det kgl: theaters'],"['mit nye stykke', '«Hærmændene»', '«Kongsemnerne»', '«Brand»']"
254,0,"færdige,",,,,,['justitsråd Berner'],['München'],['det kgl: theaters'],"['mit nye stykke', '«Hærmændene»', '«Kongsemnerne»', '«Brand»']"
255,0,og,,,,,['justitsråd Berner'],['München'],['det kgl: theaters'],"['mit nye stykke', '«Hærmændene»', '«Kongsemnerne»', '«Brand»']"
256,0,hvorefter,,,,,['justitsråd Berner'],['München'],['det kgl: theaters'],"['mit nye stykke', '«Hærmændene»', '«Kongsemnerne»', '«Brand»']"
257,0,vi,,,,,['justitsråd Berner'],['München'],['det kgl: theaters'],"['mit nye stykke', '«Hærmændene»', '«Kongsemnerne»', '«Brand»']"
258,0,for,,,,,['justitsråd Berner'],['München'],['det kgl: theaters'],"['mit nye stykke', '«Hærmændene»', '«Kongsemnerne»', '«Brand»']"
259,0,fremtiden,,,,,['justitsråd Berner'],['München'],['det kgl: theaters'],"['mit nye stykke', '«Hærmændene»', '«Kongsemnerne»', '«Brand»']"
260,0,altså,,,,,['justitsråd Berner'],['München'],['det kgl: theaters'],"['mit nye stykke', '«Hærmændene»', '«Kongsemnerne»', '«Brand»']"
261,0,kommer,,,,,['justitsråd Berner'],['München'],['det kgl: theaters'],"['mit nye stykke', '«Hærmændene»', '«Kongsemnerne»', '«Brand»']"
262,0,til,,,,,['justitsråd Berner'],['München'],['det kgl: theaters'],"['mit nye stykke', '«Hærmændene»', '«Kongsemnerne»', '«Brand»']"
263,0,at,,,,,['justitsråd Berner'],['München'],['det kgl: theaters'],"['mit nye stykke', '«Hærmændene»', '«Kongsemnerne»', '«Brand»']"
264,0,bo,,,,,['justitsråd Berner'],['München'],['det kgl: theaters'],"['mit nye stykke', '«Hærmændene»', '«Kongsemnerne»', '«Brand»']"
265,0,så,,,,,['justitsråd Berner'],['München'],['det kgl: theaters'],"['mit nye stykke', '«Hærmændene»', '«Kongsemnerne»', '«Brand»']"
266,0,meget,,,,,['justitsråd Berner'],['München'],['det kgl: theaters'],"['mit nye stykke', '«Hærmændene»', '«Kongsemnerne»', '«Brand»']"
267,0,billigere;,,,,,['justitsråd Berner'],['München'],['det kgl: theaters'],"['mit nye stykke', '«Hærmændene»', '«Kongsemnerne»', '«Brand»']"
268,0,men,,,,,['justitsråd Berner'],['München'],['det kgl: theaters'],"['mit nye stykke', '«Hærmændene»', '«Kongsemnerne»', '«Brand»']"
269,0,dette,,,,,['justitsråd Berner'],['München'],['det kgl: theaters'],"['mit nye stykke', '«Hærmændene»', '«Kongsemnerne»', '«Brand»']"
270,0,år,,,,,['justitsråd Berner'],['München'],['det kgl: theaters'],"['mit nye stykke', '«Hærmændene»', '«Kongsemnerne»', '«Brand»']"
271,0,har,,,,,['justitsråd Berner'],['München'],['det kgl: theaters'],"['mit nye stykke', '«Hærmændene»', '«Kongsemnerne»', '«Brand»']"
272,0,været,,,,,['justitsråd Berner'],['München'],['det kgl: theaters'],"['mit nye stykke', '«Hærmændene»', '«Kongsemnerne»', '«Brand»']"
273,0,mig,,,,,['justitsråd Berner'],['München'],['det kgl: theaters'],"['mit nye stykke', '«Hærmændene»', '«Kongsemnerne»', '«Brand»']"
274,0,et,,,,,['justitsråd Berner'],['München'],['det kgl: theaters'],"['mit nye stykke', '«Hærmændene»', '«Kongsemnerne»', '«Brand»']"
275,0,dyrt,,,,,['justitsråd Berner'],['München'],['det kgl: theaters'],"['mit nye stykke', '«Hærmændene»', '«Kongsemnerne»', '«Brand»']"
276,0,år.På,,,,,['justitsråd Berner'],['München'],['det kgl: theaters'],"['mit nye stykke', '«Hærmændene»', '«Kongsemnerne»', '«Brand»']"
277,0,mit,,,,,['justitsråd Berner'],['München'],['det kgl: theaters'],"['mit nye stykke', '«Hærmændene»', '«Kongsemnerne»', '«Brand»']"
278,0,nye,,,,,['justitsråd Berner'],['München'],['det kgl: theaters'],"['mit nye stykke', '«Hærmændene»', '«Kongsemnerne»', '«Brand»']"
279,0,stykke,,,,,['justitsråd Berner'],['München'],['det kgl: theaters'],"['mit nye stykke', '«Hærmændene»', '«Kongsemnerne»', '«Brand»']"
280,0,arbejder,,,,,['justitsråd Berner'],['München'],['det kgl: theaters'],"['mit nye stykke', '«Hærmændene»', '«Kongsemnerne»', '«Brand»']"
281,0,jeg,,,,,['justitsråd Berner'],['München'],['det kgl: theaters'],"['mit nye stykke', '«Hærmændene»', '«Kongsemnerne»', '«Brand»']"
282,0,daglig,,,,,['justitsråd Berner'],['München'],['det kgl: theaters'],"['mit nye stykke', '«Hærmændene»', '«Kongsemnerne»', '«Brand»']"
283,0,og,,,,,['justitsråd Berner'],['München'],['det kgl: theaters'],"['mit nye stykke', '«Hærmændene»', '«Kongsemnerne»', '«Brand»']"
284,0,jeg,,,,,['justitsråd Berner'],['München'],['det kgl: theaters'],"['mit nye stykke', '«Hærmændene»', '«Kongsemnerne»', '«Brand»']"
285,0,har,,,,,['justitsråd Berner'],['München'],['det kgl: theaters'],"['mit nye stykke', '«Hærmændene»', '«Kongsemnerne»', '«Brand»']"
286,0,jo,,,,,['justitsråd Berner'],['München'],['det kgl: theaters'],"['mit nye stykke', '«Hærmændene»', '«Kongsemnerne»', '«Brand»']"
287,0,nu,,,,,['justitsråd Berner'],['München'],['det kgl: theaters'],"['mit nye stykke', '«Hærmændene»', '«Kongsemnerne»', '«Brand»']"
288,0,fordoblet,,,,,['justitsråd Berner'],['München'],['det kgl: theaters'],"['mit nye stykke', '«Hærmændene»', '«Kongsemnerne»', '«Brand»']"
289,0,opfordring,,,,,['justitsråd Berner'],['München'],['det kgl: theaters'],"['mit nye stykke', '«Hærmændene»', '«Kongsemnerne»', '«Brand»']"
290,0,til,,,,,['justitsråd Berner'],['München'],['det kgl: theaters'],"['mit nye stykke', '«Hærmændene»', '«Kongsemnerne»', '«Brand»']"
291,0,at,,,,,['justitsråd Berner'],['München'],['det kgl: theaters'],"['mit nye stykke', '«Hærmændene»', '«Kongsemnerne»', '«Brand»']"
292,0,levere,,,,,['justitsråd Berner'],['München'],['det kgl: theaters'],"['mit nye stykke', '«Hærmændene»', '«Kongsemnerne»', '«Brand»']"
293,0,manuskriptet,,,,,['justitsråd Berner'],['München'],['det kgl: theaters'],"['mit nye stykke', '«Hærmændene»', '«Kongsemnerne»', '«Brand»']"
294,0,så,,,,,['justitsråd Berner'],['München'],['det kgl: theaters'],"['mit nye stykke', '«Hærmændene»', '«Kongsemnerne»', '«Brand»']"
295,0,hurtigt,,,,,['justitsråd Berner'],['München'],['det kgl: theaters'],"['mit nye stykke', '«Hærmændene»', '«Kongsemnerne»', '«Brand»']"
296,0,som,,,,,['justitsråd Berner'],['München'],['det kgl: theaters'],"['mit nye stykke', '«Hærmændene»', '«Kongsemnerne»', '«Brand»']"
297,0,muligt.Jeg,,,,,['justitsråd Berner'],['München'],['det kgl: theaters'],"['mit nye stykke', '«Hærmændene»', '«Kongsemnerne»', '«Brand»']"
298,0,frygter,,,,,['justitsråd Berner'],['München'],['det kgl: theaters'],"['mit nye stykke', '«Hærmændene»', '«Kongsemnerne»', '«Brand»']"
299,0,for,,,,,['justitsråd Berner'],['München'],['det kgl: theaters'],"['mit nye stykke', '«Hærmændene»', '«Kongsemnerne»', '«Brand»']"
300,0,at,,,,,['justitsråd Berner'],['München'],['det kgl: theaters'],"['mit nye stykke', '«Hærmændene»', '«Kongsemnerne»', '«Brand»']"
301,0,jeg,,,,,['justitsråd Berner'],['München'],['det kgl: theaters'],"['mit nye stykke', '«Hærmændene»', '«Kongsemnerne»', '«Brand»']"
302,0,i,,,,,['justitsråd Berner'],['München'],['det kgl: theaters'],"['mit nye stykke', '«Hærmændene»', '«Kongsemnerne»', '«Brand»']"
303,0,mit,,,,,['justitsråd Berner'],['München'],['det kgl: theaters'],"['mit nye stykke', '«Hærmændene»', '«Kongsemnerne»', '«Brand»']"
304,0,forrige,,,,,['justitsråd Berner'],['München'],['det kgl: theaters'],"['mit nye stykke', '«Hærmændene»', '«Kongsemnerne»', '«Brand»']"
305,0,"brev,",,,,,['justitsråd Berner'],['München'],['det kgl: theaters'],"['mit nye stykke', '«Hærmændene»', '«Kongsemnerne»', '«Brand»']"
306,0,da,,,,,['justitsråd Berner'],['München'],['det kgl: theaters'],"['mit nye stykke', '«Hærmændene»', '«Kongsemnerne»', '«Brand»']"
307,0,jeg,,,,,['justitsråd Berner'],['München'],['det kgl: theaters'],"['mit nye stykke', '«Hærmændene»', '«Kongsemnerne»', '«Brand»']"
308,0,skrev,,,,,['justitsråd Berner'],['München'],['det kgl: theaters'],"['mit nye stykke', '«Hærmændene»', '«Kongsemnerne»', '«Brand»']"
309,0,om,,,,,['justitsråd Berner'],['München'],['det kgl: theaters'],"['mit nye stykke', '«Hærmændene»', '«Kongsemnerne»', '«Brand»']"
310,0,«Hærmændene»,,,,,['justitsråd Berner'],['München'],['det kgl: theaters'],"['mit nye stykke', '«Hærmændene»', '«Kongsemnerne»', '«Brand»']"
311,0,og,,,,,['justitsråd Berner'],['München'],['det kgl: theaters'],"['mit nye stykke', '«Hærmændene»', '«Kongsemnerne»', '«Brand»']"
312,0,"«Kongsemnerne»,",,,,,['justitsråd Berner'],['München'],['det kgl: theaters'],"['mit nye stykke', '«Hærmændene»', '«Kongsemnerne»', '«Brand»']"
313,0,ikke,,,,,['justitsråd Berner'],['München'],['det kgl: theaters'],"['mit nye stykke', '«Hærmændene»', '«Kongsemnerne»', '«Brand»']"
314,0,har,,,,,['justitsråd Berner'],['München'],['det kgl: theaters'],"['mit nye stykke', '«Hærmændene»', '«Kongsemnerne»', '«Brand»']"
315,0,udtrykt,,,,,['justitsråd Berner'],['München'],['det kgl: theaters'],"['mit nye stykke', '«Hærmændene»', '«Kongsemnerne»', '«Brand»']"
316,0,min,,,,,['justitsråd Berner'],['München'],['det kgl: theaters'],"['mit nye stykke', '«Hærmændene»', '«Kongsemnerne»', '«Brand»']"
317,0,opfatning,,,,,['justitsråd Berner'],['München'],['det kgl: theaters'],"['mit nye stykke', '«Hærmændene»', '«Kongsemnerne»', '«Brand»']"
318,0,ganske,,,,,['justitsråd Berner'],['München'],['det kgl: theaters'],"['mit nye stykke', '«Hærmændene»', '«Kongsemnerne»', '«Brand»']"
319,0,tydeligt;,,,,,['justitsråd Berner'],['München'],['det kgl: theaters'],"['mit nye stykke', '«Hærmændene»', '«Kongsemnerne»', '«Brand»']"
320,0,thi,,,,,['justitsråd Berner'],['München'],['det kgl: theaters'],"['mit nye stykke', '«Hærmændene»', '«Kongsemnerne»', '«Brand»']"
321,0,De,,,,,['justitsråd Berner'],['München'],['det kgl: theaters'],"['mit nye stykke', '«Hærmændene»', '«Kongsemnerne»', '«Brand»']"
322,0,siger,,,,,['justitsråd Berner'],['München'],['det kgl: theaters'],"['mit nye stykke', '«Hærmændene»', '«Kongsemnerne»', '«Brand»']"
323,0,at,,,,,['justitsråd Berner'],['München'],['det kgl: theaters'],"['mit nye stykke', '«Hærmændene»', '«Kongsemnerne»', '«Brand»']"
324,0,begge,,,,,['justitsråd Berner'],['München'],['det kgl: theaters'],"['mit nye stykke', '«Hærmændene»', '«Kongsemnerne»', '«Brand»']"
325,0,var,,,,,['justitsråd Berner'],['München'],['det kgl: theaters'],"['mit nye stykke', '«Hærmændene»', '«Kongsemnerne»', '«Brand»']"
326,0,ældre,,,,,['justitsråd Berner'],['München'],['det kgl: theaters'],"['mit nye stykke', '«Hærmændene»', '«Kongsemnerne»', '«Brand»']"
327,0,stykker,,,,,['justitsråd Berner'],['München'],['det kgl: theaters'],"['mit nye stykke', '«Hærmændene»', '«Kongsemnerne»', '«Brand»']"
328,0,da,,,,,['justitsråd Berner'],['München'],['det kgl: theaters'],"['mit nye stykke', '«Hærmændene»', '«Kongsemnerne»', '«Brand»']"
329,0,de,,,,,['justitsråd Berner'],['München'],['det kgl: theaters'],"['mit nye stykke', '«Hærmændene»', '«Kongsemnerne»', '«Brand»']"
330,0,kom,,,,,['justitsråd Berner'],['München'],['det kgl: theaters'],"['mit nye stykke', '«Hærmændene»', '«Kongsemnerne»', '«Brand»']"
331,0,på,,,,,['justitsråd Berner'],['München'],['det kgl: theaters'],"['mit nye stykke', '«Hærmændene»', '«Kongsemnerne»', '«Brand»']"
332,0,det,,,,,['justitsråd Berner'],['München'],['det kgl: theaters'],"['mit nye stykke', '«Hærmændene»', '«Kongsemnerne»', '«Brand»']"
333,0,kgl:,,,,,['justitsråd Berner'],['München'],['det kgl: theaters'],"['mit nye stykke', '«Hærmændene»', '«Kongsemnerne»', '«Brand»']"
334,0,theaters,,,,,['justitsråd Berner'],['München'],['det kgl: theaters'],"['mit nye stykke', '«Hærmændene»', '«Kongsemnerne»', '«Brand»']"
335,0,scene.,,,,,['justitsråd Berner'],['München'],['det kgl: theaters'],"['mit nye stykke', '«Hærmændene»', '«Kongsemnerne»', '«Brand»']"
336,0,"Ja,",,,,,['justitsråd Berner'],['München'],['det kgl: theaters'],"['mit nye stykke', '«Hærmændene»', '«Kongsemnerne»', '«Brand»']"
337,0,ganske,,,,,['justitsråd Berner'],['München'],['det kgl: theaters'],"['mit nye stykke', '«Hærmændene»', '«Kongsemnerne»', '«Brand»']"
338,0,visst;,,,,,['justitsråd Berner'],['München'],['det kgl: theaters'],"['mit nye stykke', '«Hærmændene»', '«Kongsemnerne»', '«Brand»']"
339,0,men,,,,,['justitsråd Berner'],['München'],['det kgl: theaters'],"['mit nye stykke', '«Hærmændene»', '«Kongsemnerne»', '«Brand»']"
340,0,«Hærmændene»,,,,,['justitsråd Berner'],['München'],['det kgl: theaters'],"['mit nye stykke', '«Hærmændene»', '«Kongsemnerne»', '«Brand»']"
341,0,var,,,,,['justitsråd Berner'],['München'],['det kgl: theaters'],"['mit nye stykke', '«Hærmændene»', '«Kongsemnerne»', '«Brand»']"
342,0,komplet,,,,,['justitsråd Berner'],['München'],['det kgl: theaters'],"['mit nye stykke', '«Hærmændene»', '«Kongsemnerne»', '«Brand»']"
343,0,nyt,,,,,['justitsråd Berner'],['München'],['det kgl: theaters'],"['mit nye stykke', '«Hærmændene»', '«Kongsemnerne»', '«Brand»']"
344,0,da,,,,,['justitsråd Berner'],['München'],['det kgl: theaters'],"['mit nye stykke', '«Hærmændene»', '«Kongsemnerne»', '«Brand»']"
345,0,jeg,,,,,['justitsråd Berner'],['München'],['det kgl: theaters'],"['mit nye stykke', '«Hærmændene»', '«Kongsemnerne»', '«Brand»']"
346,0,1858,,,,,['justitsråd Berner'],['München'],['det kgl: theaters'],"['mit nye stykke', '«Hærmændene»', '«Kongsemnerne»', '«Brand»']"
347,0,indleverede,,,,,['justitsråd Berner'],['München'],['det kgl: theaters'],"['mit nye stykke', '«Hærmændene»', '«Kongsemnerne»', '«Brand»']"
348,0,det,,,,,['justitsråd Berner'],['München'],['det kgl: theaters'],"['mit nye stykke', '«Hærmændene»', '«Kongsemnerne»', '«Brand»']"
349,0,til,,,,,['justitsråd Berner'],['München'],['det kgl: theaters'],"['mit nye stykke', '«Hærmændene»', '«Kongsemnerne»', '«Brand»']"
350,0,"theatret,",,,,,['justitsråd Berner'],['München'],['det kgl: theaters'],"['mit nye stykke', '«Hærmændene»', '«Kongsemnerne»', '«Brand»']"
351,0,og,,,,,['justitsråd Berner'],['München'],['det kgl: theaters'],"['mit nye stykke', '«Hærmændene»', '«Kongsemnerne»', '«Brand»']"
352,0,ligeså,,,,,['justitsråd Berner'],['München'],['det kgl: theaters'],"['mit nye stykke', '«Hærmændene»', '«Kongsemnerne»', '«Brand»']"
353,0,«Kongsemnerne»,,,,,['justitsråd Berner'],['München'],['det kgl: theaters'],"['mit nye stykke', '«Hærmændene»', '«Kongsemnerne»', '«Brand»']"
354,0,da,,,,,['justitsråd Berner'],['München'],['det kgl: theaters'],"['mit nye stykke', '«Hærmændene»', '«Kongsemnerne»', '«Brand»']"
355,0,det,,,,,['justitsråd Berner'],['München'],['det kgl: theaters'],"['mit nye stykke', '«Hærmændene»', '«Kongsemnerne»', '«Brand»']"
356,0,indleveredes,,,,,['justitsråd Berner'],['München'],['det kgl: theaters'],"['mit nye stykke', '«Hærmændene»', '«Kongsemnerne»', '«Brand»']"
357,0,i,,,,,['justitsråd Berner'],['München'],['det kgl: theaters'],"['mit nye stykke', '«Hærmændene»', '«Kongsemnerne»', '«Brand»']"
358,0,"1863,",,,,,['justitsråd Berner'],['München'],['det kgl: theaters'],"['mit nye stykke', '«Hærmændene»', '«Kongsemnerne»', '«Brand»']"
359,0,begge,,,,,['justitsråd Berner'],['München'],['det kgl: theaters'],"['mit nye stykke', '«Hærmændene»', '«Kongsemnerne»', '«Brand»']"
360,0,i,,,,,['justitsråd Berner'],['München'],['det kgl: theaters'],"['mit nye stykke', '«Hærmændene»', '«Kongsemnerne»', '«Brand»']"
361,0,manuskript.,,,,,['justitsråd Berner'],['München'],['det kgl: theaters'],"['mit nye stykke', '«Hærmændene»', '«Kongsemnerne»', '«Brand»']"
362,0,Derfor,,,,,['justitsråd Berner'],['München'],['det kgl: theaters'],"['mit nye stykke', '«Hærmændene»', '«Kongsemnerne»', '«Brand»']"
363,0,mener,,,,,['justitsråd Berner'],['München'],['det kgl: theaters'],"['mit nye stykke', '«Hærmændene»', '«Kongsemnerne»', '«Brand»']"
364,0,jeg,,,,,['justitsråd Berner'],['München'],['det kgl: theaters'],"['mit nye stykke', '«Hærmændene»', '«Kongsemnerne»', '«Brand»']"
365,0,at,,,,,['justitsråd Berner'],['München'],['det kgl: theaters'],"['mit nye stykke', '«Hærmændene»', '«Kongsemnerne»', '«Brand»']"
366,0,man,,,,,['justitsråd Berner'],['München'],['det kgl: theaters'],"['mit nye stykke', '«Hærmændene»', '«Kongsemnerne»', '«Brand»']"
367,0,burde,,,,,['justitsråd Berner'],['München'],['det kgl: theaters'],"['mit nye stykke', '«Hærmændene»', '«Kongsemnerne»', '«Brand»']"
368,0,have,,,,,['justitsråd Berner'],['München'],['det kgl: theaters'],"['mit nye stykke', '«Hærmændene»', '«Kongsemnerne»', '«Brand»']"
369,0,honoreret,,,,,['justitsråd Berner'],['München'],['det kgl: theaters'],"['mit nye stykke', '«Hærmændene»', '«Kongsemnerne»', '«Brand»']"
370,0,begge,,,,,['justitsråd Berner'],['München'],['det kgl: theaters'],"['mit nye stykke', '«Hærmændene»', '«Kongsemnerne»', '«Brand»']"
371,0,"således,",,,,,['justitsråd Berner'],['München'],['det kgl: theaters'],"['mit nye stykke', '«Hærmændene»', '«Kongsemnerne»', '«Brand»']"
372,0,som,,,,,['justitsråd Berner'],['München'],['det kgl: theaters'],"['mit nye stykke', '«Hærmændene»', '«Kongsemnerne»', '«Brand»']"
373,0,man,,,,,['justitsråd Berner'],['München'],['det kgl: theaters'],"['mit nye stykke', '«Hærmændene»', '«Kongsemnerne»', '«Brand»']"
374,0,vilde,,,,,['justitsråd Berner'],['München'],['det kgl: theaters'],"['mit nye stykke', '«Hærmændene»', '«Kongsemnerne»', '«Brand»']"
375,0,været,,,,,['justitsråd Berner'],['München'],['det kgl: theaters'],"['mit nye stykke', '«Hærmændene»', '«Kongsemnerne»', '«Brand»']"
376,0,nødt,,,,,['justitsråd Berner'],['München'],['det kgl: theaters'],"['mit nye stykke', '«Hærmændene»', '«Kongsemnerne»', '«Brand»']"
377,0,til,,,,,['justitsråd Berner'],['München'],['det kgl: theaters'],"['mit nye stykke', '«Hærmændene»', '«Kongsemnerne»', '«Brand»']"
378,0,hvis,,,,,['justitsråd Berner'],['München'],['det kgl: theaters'],"['mit nye stykke', '«Hærmændene»', '«Kongsemnerne»', '«Brand»']"
379,0,man,,,,,['justitsråd Berner'],['München'],['det kgl: theaters'],"['mit nye stykke', '«Hærmændene»', '«Kongsemnerne»', '«Brand»']"
380,0,straks,,,,,['justitsråd Berner'],['München'],['det kgl: theaters'],"['mit nye stykke', '«Hærmændene»', '«Kongsemnerne»', '«Brand»']"
381,0,havde,,,,,['justitsråd Berner'],['München'],['det kgl: theaters'],"['mit nye stykke', '«Hærmændene»', '«Kongsemnerne»', '«Brand»']"
382,0,antaget,,,,,['justitsråd Berner'],['München'],['det kgl: theaters'],"['mit nye stykke', '«Hærmændene»', '«Kongsemnerne»', '«Brand»']"
383,0,dem.,,,,,['justitsråd Berner'],['München'],['det kgl: theaters'],"['mit nye stykke', '«Hærmændene»', '«Kongsemnerne»', '«Brand»']"
384,0,Jeg,,,,,['justitsråd Berner'],['München'],['det kgl: theaters'],"['mit nye stykke', '«Hærmændene»', '«Kongsemnerne»', '«Brand»']"
385,0,skriver,,,,,['justitsråd Berner'],['München'],['det kgl: theaters'],"['mit nye stykke', '«Hærmændene»', '«Kongsemnerne»', '«Brand»']"
386,0,om,,,,,['justitsråd Berner'],['München'],['det kgl: theaters'],"['mit nye stykke', '«Hærmændene»', '«Kongsemnerne»', '«Brand»']"
387,0,dette,,,,,['justitsråd Berner'],['München'],['det kgl: theaters'],"['mit nye stykke', '«Hærmændene»', '«Kongsemnerne»', '«Brand»']"
388,0,fordi,,,,,['justitsråd Berner'],['München'],['det kgl: theaters'],"['mit nye stykke', '«Hærmændene»', '«Kongsemnerne»', '«Brand»']"
389,0,jeg,,,,,['justitsråd Berner'],['München'],['det kgl: theaters'],"['mit nye stykke', '«Hærmændene»', '«Kongsemnerne»', '«Brand»']"
390,0,er,,,,,['justitsråd Berner'],['München'],['det kgl: theaters'],"['mit nye stykke', '«Hærmændene»', '«Kongsemnerne»', '«Brand»']"
391,0,sikker,,,,,['justitsråd Berner'],['München'],['det kgl: theaters'],"['mit nye stykke', '«Hærmændene»', '«Kongsemnerne»', '«Brand»']"
392,0,på,,,,,['justitsråd Berner'],['München'],['det kgl: theaters'],"['mit nye stykke', '«Hærmændene»', '«Kongsemnerne»', '«Brand»']"
393,0,at,,,,,['justitsråd Berner'],['München'],['det kgl: theaters'],"['mit nye stykke', '«Hærmændene»', '«Kongsemnerne»', '«Brand»']"
394,0,justitsråd,,,,,['justitsråd Berner'],['München'],['det kgl: theaters'],"['mit nye stykke', '«Hærmændene»', '«Kongsemnerne»', '«Brand»']"
395,0,Berner,,,,,['justitsråd Berner'],['München'],['det kgl: theaters'],"['mit nye stykke', '«Hærmændene»', '«Kongsemnerne»', '«Brand»']"
396,0,vil,,,,,['justitsråd Berner'],['München'],['det kgl: theaters'],"['mit nye stykke', '«Hærmændene»', '«Kongsemnerne»', '«Brand»']"
397,0,følge,,,,,['justitsråd Berner'],['München'],['det kgl: theaters'],"['mit nye stykke', '«Hærmændene»', '«Kongsemnerne»', '«Brand»']"
398,0,samme,,,,,['justitsråd Berner'],['München'],['det kgl: theaters'],"['mit nye stykke', '«Hærmændene»', '«Kongsemnerne»', '«Brand»']"
399,0,taktik,,,,,['justitsråd Berner'],['München'],['det kgl: theaters'],"['mit nye stykke', '«Hærmændene»', '«Kongsemnerne»', '«Brand»']"
400,0,ligeover,,,,,['justitsråd Berner'],['München'],['det kgl: theaters'],"['mit nye stykke', '«Hærmændene»', '«Kongsemnerne»', '«Brand»']"
401,0,for,,,,,['justitsråd Berner'],['München'],['det kgl: theaters'],"['mit nye stykke', '«Hærmændene»', '«Kongsemnerne»', '«Brand»']"
402,0,mit,,,,,['justitsråd Berner'],['München'],['det kgl: theaters'],"['mit nye stykke', '«Hærmændene»', '«Kongsemnerne»', '«Brand»']"
403,0,nye,,,,,['justitsråd Berner'],['München'],['det kgl: theaters'],"['mit nye stykke', '«Hærmændene»', '«Kongsemnerne»', '«Brand»']"
404,0,stykke;,,,,,['justitsråd Berner'],['München'],['det kgl: theaters'],"['mit nye stykke', '«Hærmændene»', '«Kongsemnerne»', '«Brand»']"
405,0,han,,,,,['justitsråd Berner'],['München'],['det kgl: theaters'],"['mit nye stykke', '«Hærmændene»', '«Kongsemnerne»', '«Brand»']"
406,0,vil,,,,,['justitsråd Berner'],['München'],['det kgl: theaters'],"['mit nye stykke', '«Hærmændene»', '«Kongsemnerne»', '«Brand»']"
407,0,antage,,,,,['justitsråd Berner'],['München'],['det kgl: theaters'],"['mit nye stykke', '«Hærmændene»', '«Kongsemnerne»', '«Brand»']"
408,0,det,,,,,['justitsråd Berner'],['München'],['det kgl: theaters'],"['mit nye stykke', '«Hærmændene»', '«Kongsemnerne»', '«Brand»']"
409,0,til,,,,,['justitsråd Berner'],['München'],['det kgl: theaters'],"['mit nye stykke', '«Hærmændene»', '«Kongsemnerne»', '«Brand»']"
410,0,opførelse,,,,,['justitsråd Berner'],['München'],['det kgl: theaters'],"['mit nye stykke', '«Hærmændene»', '«Kongsemnerne»', '«Brand»']"
411,0,men,,,,,['justitsråd Berner'],['München'],['det kgl: theaters'],"['mit nye stykke', '«Hærmændene»', '«Kongsemnerne»', '«Brand»']"
412,0,sætte,,,,,['justitsråd Berner'],['München'],['det kgl: theaters'],"['mit nye stykke', '«Hærmændene»', '«Kongsemnerne»', '«Brand»']"
413,0,en,,,,,['justitsråd Berner'],['München'],['det kgl: theaters'],"['mit nye stykke', '«Hærmændene»', '«Kongsemnerne»', '«Brand»']"
414,0,så,,,,,['justitsråd Berner'],['München'],['det kgl: theaters'],"['mit nye stykke', '«Hærmændene»', '«Kongsemnerne»', '«Brand»']"
415,0,lang,,,,,['justitsråd Berner'],['München'],['det kgl: theaters'],"['mit nye stykke', '«Hærmændene»', '«Kongsemnerne»', '«Brand»']"
416,0,frist,,,,,['justitsråd Berner'],['München'],['det kgl: theaters'],"['mit nye stykke', '«Hærmændene»', '«Kongsemnerne»', '«Brand»']"
417,0,for,,,,,['justitsråd Berner'],['München'],['det kgl: theaters'],"['mit nye stykke', '«Hærmændene»', '«Kongsemnerne»', '«Brand»']"
418,0,denne,,,,,['justitsråd Berner'],['München'],['det kgl: theaters'],"['mit nye stykke', '«Hærmændene»', '«Kongsemnerne»', '«Brand»']"
419,0,at,,,,,['justitsråd Berner'],['München'],['det kgl: theaters'],"['mit nye stykke', '«Hærmændene»', '«Kongsemnerne»', '«Brand»']"
420,0,han,,,,,['justitsråd Berner'],['München'],['det kgl: theaters'],"['mit nye stykke', '«Hærmændene»', '«Kongsemnerne»', '«Brand»']"
421,0,ved,,,,,['justitsråd Berner'],['München'],['det kgl: theaters'],"['mit nye stykke', '«Hærmændene»', '«Kongsemnerne»', '«Brand»']"
422,0,at,,,,,['justitsråd Berner'],['München'],['det kgl: theaters'],"['mit nye stykke', '«Hærmændene»', '«Kongsemnerne»', '«Brand»']"
423,0,vi,,,,,['justitsråd Berner'],['München'],['det kgl: theaters'],"['mit nye stykke', '«Hærmændene»', '«Kongsemnerne»', '«Brand»']"
424,0,umuligt,,,,,['justitsråd Berner'],['München'],['det kgl: theaters'],"['mit nye stykke', '«Hærmændene»', '«Kongsemnerne»', '«Brand»']"
425,0,indtil,,,,,['justitsråd Berner'],['München'],['det kgl: theaters'],"['mit nye stykke', '«Hærmændene»', '«Kongsemnerne»', '«Brand»']"
426,0,da,,,,,['justitsråd Berner'],['München'],['det kgl: theaters'],"['mit nye stykke', '«Hærmændene»', '«Kongsemnerne»', '«Brand»']"
427,0,kan,,,,,['justitsråd Berner'],['München'],['det kgl: theaters'],"['mit nye stykke', '«Hærmændene»', '«Kongsemnerne»', '«Brand»']"
428,0,holde,,,,,['justitsråd Berner'],['München'],['det kgl: theaters'],"['mit nye stykke', '«Hærmændene»', '«Kongsemnerne»', '«Brand»']"
429,0,det,,,,,['justitsråd Berner'],['München'],['det kgl: theaters'],"['mit nye stykke', '«Hærmændene»', '«Kongsemnerne»', '«Brand»']"
430,0,ude,,,,,['justitsråd Berner'],['München'],['det kgl: theaters'],"['mit nye stykke', '«Hærmændene»', '«Kongsemnerne»', '«Brand»']"
431,0,af,,,,,['justitsråd Berner'],['München'],['det kgl: theaters'],"['mit nye stykke', '«Hærmændene»', '«Kongsemnerne»', '«Brand»']"
432,0,boghandelen;,,,,,['justitsråd Berner'],['München'],['det kgl: theaters'],"['mit nye stykke', '«Hærmændene»', '«Kongsemnerne»', '«Brand»']"
433,0,og,,,,,['justitsråd Berner'],['München'],['det kgl: theaters'],"['mit nye stykke', '«Hærmændene»', '«Kongsemnerne»', '«Brand»']"
434,0,når,,,,,['justitsråd Berner'],['München'],['det kgl: theaters'],"['mit nye stykke', '«Hærmændene»', '«Kongsemnerne»', '«Brand»']"
435,0,det,,,,,['justitsråd Berner'],['München'],['det kgl: theaters'],"['mit nye stykke', '«Hærmændene»', '«Kongsemnerne»', '«Brand»']"
436,0,så,,,,,['justitsråd Berner'],['München'],['det kgl: theaters'],"['mit nye stykke', '«Hærmændene»', '«Kongsemnerne»', '«Brand»']"
437,0,"udkommer,",,,,,['justitsråd Berner'],['München'],['det kgl: theaters'],"['mit nye stykke', '«Hærmændene»', '«Kongsemnerne»', '«Brand»']"
438,0,vil,,,,,['justitsråd Berner'],['München'],['det kgl: theaters'],"['mit nye stykke', '«Hærmændene»', '«Kongsemnerne»', '«Brand»']"
439,0,herr,,,,,['justitsråd Berner'],['München'],['det kgl: theaters'],"['mit nye stykke', '«Hærmændene»', '«Kongsemnerne»', '«Brand»']"
440,0,Berner,,,,,['justitsråd Berner'],['München'],['det kgl: theaters'],"['mit nye stykke', '«Hærmændene»', '«Kongsemnerne»', '«Brand»']"
441,0,"sige,",,,,,['justitsråd Berner'],['München'],['det kgl: theaters'],"['mit nye stykke', '«Hærmændene»', '«Kongsemnerne»', '«Brand»']"
442,0,ja,,,,,['justitsråd Berner'],['München'],['det kgl: theaters'],"['mit nye stykke', '«Hærmændene»', '«Kongsemnerne»', '«Brand»']"
443,0,nu,,,,,['justitsråd Berner'],['München'],['det kgl: theaters'],"['mit nye stykke', '«Hærmændene»', '«Kongsemnerne»', '«Brand»']"
444,0,er,,,,,['justitsråd Berner'],['München'],['det kgl: theaters'],"['mit nye stykke', '«Hærmændene»', '«Kongsemnerne»', '«Brand»']"
445,0,stykket,,,,,['justitsråd Berner'],['München'],['det kgl: theaters'],"['mit nye stykke', '«Hærmændene»', '«Kongsemnerne»', '«Brand»']"
446,0,trykt;,,,,,['justitsråd Berner'],['München'],['det kgl: theaters'],"['mit nye stykke', '«Hærmændene»', '«Kongsemnerne»', '«Brand»']"
447,0,nu,,,,,['justitsråd Berner'],['München'],['det kgl: theaters'],"['mit nye stykke', '«Hærmændene»', '«Kongsemnerne»', '«Brand»']"
448,0,må,,,,,['justitsråd Berner'],['München'],['det kgl: theaters'],"['mit nye stykke', '«Hærmændene»', '«Kongsemnerne»', '«Brand»']"
449,0,jeg,,,,,['justitsråd Berner'],['München'],['det kgl: theaters'],"['mit nye stykke', '«Hærmændene»', '«Kongsemnerne»', '«Brand»']"
450,0,have,,,,,['justitsråd Berner'],['München'],['det kgl: theaters'],"['mit nye stykke', '«Hærmændene»', '«Kongsemnerne»', '«Brand»']"
451,0,det,,,,,['justitsråd Berner'],['München'],['det kgl: theaters'],"['mit nye stykke', '«Hærmændene»', '«Kongsemnerne»', '«Brand»']"
452,0,så,,,,,['justitsråd Berner'],['München'],['det kgl: theaters'],"['mit nye stykke', '«Hærmændene»', '«Kongsemnerne»', '«Brand»']"
453,0,og,,,,,['justitsråd Berner'],['München'],['det kgl: theaters'],"['mit nye stykke', '«Hærmændene»', '«Kongsemnerne»', '«Brand»']"
454,0,så,,,,,['justitsråd Berner'],['München'],['det kgl: theaters'],"['mit nye stykke', '«Hærmændene»', '«Kongsemnerne»', '«Brand»']"
455,0,meget,,,,,['justitsråd Berner'],['München'],['det kgl: theaters'],"['mit nye stykke', '«Hærmændene»', '«Kongsemnerne»', '«Brand»']"
456,0,billigere!,,,,,['justitsråd Berner'],['München'],['det kgl: theaters'],"['mit nye stykke', '«Hærmændene»', '«Kongsemnerne»', '«Brand»']"
457,0,–I,,,,,['justitsråd Berner'],['München'],['det kgl: theaters'],"['mit nye stykke', '«Hærmændene»', '«Kongsemnerne»', '«Brand»']"
458,0,denne,,,,,['justitsråd Berner'],['München'],['det kgl: theaters'],"['mit nye stykke', '«Hærmændene»', '«Kongsemnerne»', '«Brand»']"
459,0,tid,,,,,['justitsråd Berner'],['München'],['det kgl: theaters'],"['mit nye stykke', '«Hærmændene»', '«Kongsemnerne»', '«Brand»']"
460,0,er,,,,,['justitsråd Berner'],['München'],['det kgl: theaters'],"['mit nye stykke', '«Hærmændene»', '«Kongsemnerne»', '«Brand»']"
461,0,det,,,,,['justitsråd Berner'],['München'],['det kgl: theaters'],"['mit nye stykke', '«Hærmændene»', '«Kongsemnerne»', '«Brand»']"
462,0,10,,,,,['justitsråd Berner'],['München'],['det kgl: theaters'],"['mit nye stykke', '«Hærmændene»', '«Kongsemnerne»', '«Brand»']"
463,0,år,,,,,['justitsråd Berner'],['München'],['det kgl: theaters'],"['mit nye stykke', '«Hærmændene»', '«Kongsemnerne»', '«Brand»']"
464,0,siden,,,,,['justitsråd Berner'],['München'],['det kgl: theaters'],"['mit nye stykke', '«Hærmændene»', '«Kongsemnerne»', '«Brand»']"
465,0,jeg,,,,,['justitsråd Berner'],['München'],['det kgl: theaters'],"['mit nye stykke', '«Hærmændene»', '«Kongsemnerne»', '«Brand»']"
466,0,med,,,,,['justitsråd Berner'],['München'],['det kgl: theaters'],"['mit nye stykke', '«Hærmændene»', '«Kongsemnerne»', '«Brand»']"
467,0,uro,,,,,['justitsråd Berner'],['München'],['det kgl: theaters'],"['mit nye stykke', '«Hærmændene»', '«Kongsemnerne»', '«Brand»']"
468,0,ventede,,,,,['justitsråd Berner'],['München'],['det kgl: theaters'],"['mit nye stykke', '«Hærmændene»', '«Kongsemnerne»', '«Brand»']"
469,0,på,,,,,['justitsråd Berner'],['München'],['det kgl: theaters'],"['mit nye stykke', '«Hærmændene»', '«Kongsemnerne»', '«Brand»']"
470,0,udgivelsen,,,,,['justitsråd Berner'],['München'],['det kgl: theaters'],"['mit nye stykke', '«Hærmændene»', '«Kongsemnerne»', '«Brand»']"
471,0,af,,,,,['justitsråd Berner'],['München'],['det kgl: theaters'],"['mit nye stykke', '«Hærmændene»', '«Kongsemnerne»', '«Brand»']"
472,0,«Brand».,,,,,['justitsråd Berner'],['München'],['det kgl: theaters'],"['mit nye stykke', '«Hærmændene»', '«Kongsemnerne»', '«Brand»']"
473,0,Tak,,,,,['justitsråd Berner'],['München'],['det kgl: theaters'],"['mit nye stykke', '«Hærmændene»', '«Kongsemnerne»', '«Brand»']"
474,0,for,,,,,['justitsråd Berner'],['München'],['det kgl: theaters'],"['mit nye stykke', '«Hærmændene»', '«Kongsemnerne»', '«Brand»']"
475,0,den,,,,,['justitsråd Berner'],['München'],['det kgl: theaters'],"['mit nye stykke', '«Hærmændene»', '«Kongsemnerne»', '«Brand»']"
476,0,tid,,,,,['justitsråd Berner'],['München'],['det kgl: theaters'],"['mit nye stykke', '«Hærmændene»', '«Kongsemnerne»', '«Brand»']"
477,0,som,,,,,['justitsråd Berner'],['München'],['det kgl: theaters'],"['mit nye stykke', '«Hærmændene»', '«Kongsemnerne»', '«Brand»']"
478,0,ligger,,,,,['justitsråd Berner'],['München'],['det kgl: theaters'],"['mit nye stykke', '«Hærmændene»', '«Kongsemnerne»', '«Brand»']"
479,0,imellem!,,,,,['justitsråd Berner'],['München'],['det kgl: theaters'],"['mit nye stykke', '«Hærmændene»', '«Kongsemnerne»', '«Brand»']"
480,0,Ingen,,,,,['justitsråd Berner'],['München'],['det kgl: theaters'],"['mit nye stykke', '«Hærmændene»', '«Kongsemnerne»', '«Brand»']"
481,0,har,,,,,['justitsråd Berner'],['München'],['det kgl: theaters'],"['mit nye stykke', '«Hærmændene»', '«Kongsemnerne»', '«Brand»']"
482,0,således,,,,,['justitsråd Berner'],['München'],['det kgl: theaters'],"['mit nye stykke', '«Hærmændene»', '«Kongsemnerne»', '«Brand»']"
483,0,som,,,,,['justitsråd Berner'],['München'],['det kgl: theaters'],"['mit nye stykke', '«Hærmændene»', '«Kongsemnerne»', '«Brand»']"
484,0,De,,,,,['justitsråd Berner'],['München'],['det kgl: theaters'],"['mit nye stykke', '«Hærmændene»', '«Kongsemnerne»', '«Brand»']"
485,0,bidraget,,,,,['justitsråd Berner'],['München'],['det kgl: theaters'],"['mit nye stykke', '«Hærmændene»', '«Kongsemnerne»', '«Brand»']"
486,0,til,,,,,['justitsråd Berner'],['München'],['det kgl: theaters'],"['mit nye stykke', '«Hærmændene»', '«Kongsemnerne»', '«Brand»']"
487,0,forskellen,,,,,['justitsråd Berner'],['München'],['det kgl: theaters'],"['mit nye stykke', '«Hærmændene»', '«Kongsemnerne»', '«Brand»']"
488,0,mellem,,,,,['justitsråd Berner'],['München'],['det kgl: theaters'],"['mit nye stykke', '«Hærmændene»', '«Kongsemnerne»', '«Brand»']"
489,0,nu,,,,,['justitsråd Berner'],['München'],['det kgl: theaters'],"['mit nye stykke', '«Hærmændene»', '«Kongsemnerne»', '«Brand»']"
490,0,og,,,,,['justitsråd Berner'],['München'],['det kgl: theaters'],"['mit nye stykke', '«Hærmændene»', '«Kongsemnerne»', '«Brand»']"
491,0,da,,,,,['justitsråd Berner'],['München'],['det kgl: theaters'],"['mit nye stykke', '«Hærmændene»', '«Kongsemnerne»', '«Brand»']"
492,0,for,,,,,['justitsråd Berner'],['München'],['det kgl: theaters'],"['mit nye stykke', '«Hærmændene»', '«Kongsemnerne»', '«Brand»']"
493,0,mit,,,,,['justitsråd Berner'],['München'],['det kgl: theaters'],"['mit nye stykke', '«Hærmændene»', '«Kongsemnerne»', '«Brand»']"
494,0,vedkommende.,,,,,['justitsråd Berner'],['München'],['det kgl: theaters'],"['mit nye stykke', '«Hærmændene»', '«Kongsemnerne»', '«Brand»']"
495,0,Vær,,,,,['justitsråd Berner'],['München'],['det kgl: theaters'],"['mit nye stykke', '«Hærmændene»', '«Kongsemnerne»', '«Brand»']"
496,0,forvisset,,,,,['justitsråd Berner'],['München'],['det kgl: theaters'],"['mit nye stykke', '«Hærmændene»', '«Kongsemnerne»', '«Brand»']"
497,0,om,,,,,['justitsråd Berner'],['München'],['det kgl: theaters'],"['mit nye stykke', '«Hærmændene»', '«Kongsemnerne»', '«Brand»']"
498,0,at,,,,,['justitsråd Berner'],['München'],['det kgl: theaters'],"['mit nye stykke', '«Hærmændene»', '«Kongsemnerne»', '«Brand»']"
499,0,jeg,,,,,['justitsråd Berner'],['München'],['det kgl: theaters'],"['mit nye stykke', '«Hærmændene»', '«Kongsemnerne»', '«Brand»']"
500,0,aldrig,,,,,['justitsråd Berner'],['München'],['det kgl: theaters'],"['mit nye stykke', '«Hærmændene»', '«Kongsemnerne»', '«Brand»']"
501,0,glemmer,,,,,['justitsråd Berner'],['München'],['det kgl: theaters'],"['mit nye stykke', '«Hærmændene»', '«Kongsemnerne»', '«Brand»']"
502,0,dette.,,,,,['justitsråd Berner'],['München'],['det kgl: theaters'],"['mit nye stykke', '«Hærmændene»', '«Kongsemnerne»', '«Brand»']"
503,0,Med,,,,,['justitsråd Berner'],['München'],['det kgl: theaters'],"['mit nye stykke', '«Hærmændene»', '«Kongsemnerne»', '«Brand»']"
504,0,hjertelig,,,,,['justitsråd Berner'],['München'],['det kgl: theaters'],"['mit nye stykke', '«Hærmændene»', '«Kongsemnerne»', '«Brand»']"
505,0,hilsen,,,,,['justitsråd Berner'],['München'],['det kgl: theaters'],"['mit nye stykke', '«Hærmændene»', '«Kongsemnerne»', '«Brand»']"
506,0,til,,,,,['justitsråd Berner'],['München'],['det kgl: theaters'],"['mit nye stykke', '«Hærmændene»', '«Kongsemnerne»', '«Brand»']"
507,0,Deres,,,,,['justitsråd Berner'],['München'],['det kgl: theaters'],"['mit nye stykke', '«Hærmændene»', '«Kongsemnerne»', '«Brand»']"
508,0,børn,,,,,['justitsråd Berner'],['München'],['det kgl: theaters'],"['mit nye stykke', '«Hærmændene»', '«Kongsemnerne»', '«Brand»']"
509,0,tegner,,,,,['justitsråd Berner'],['München'],['det kgl: theaters'],"['mit nye stykke', '«Hærmændene»', '«Kongsemnerne»', '«Brand»']"
510,0,jeg,,,,,['justitsråd Berner'],['München'],['det kgl: theaters'],"['mit nye stykke', '«Hærmændene»', '«Kongsemnerne»', '«Brand»']"
511,0,mig,,,,,['justitsråd Berner'],['München'],['det kgl: theaters'],"['mit nye stykke', '«Hærmændene»', '«Kongsemnerne»', '«Brand»']"
