,,0,human_annotation,who,dacy_medium,spacy_trf,person,place,org,work
0,0,Deres,,,,,[],['Kristiania'],['Illustr: Nyhedsblad'],"['bogen', '«Fru Inger»', 'Hærmændene', '«Kærl: Kom:»']"
1,0,venlige,,,,,[],['Kristiania'],['Illustr: Nyhedsblad'],"['bogen', '«Fru Inger»', 'Hærmændene', '«Kærl: Kom:»']"
2,0,"brev,",,,,,[],['Kristiania'],['Illustr: Nyhedsblad'],"['bogen', '«Fru Inger»', 'Hærmændene', '«Kærl: Kom:»']"
3,0,som,,,,,[],['Kristiania'],['Illustr: Nyhedsblad'],"['bogen', '«Fru Inger»', 'Hærmændene', '«Kærl: Kom:»']"
4,0,jeg,,,,,[],['Kristiania'],['Illustr: Nyhedsblad'],"['bogen', '«Fru Inger»', 'Hærmændene', '«Kærl: Kom:»']"
5,0,i,,,,,[],['Kristiania'],['Illustr: Nyhedsblad'],"['bogen', '«Fru Inger»', 'Hærmændene', '«Kærl: Kom:»']"
6,0,dette,,,,,[],['Kristiania'],['Illustr: Nyhedsblad'],"['bogen', '«Fru Inger»', 'Hærmændene', '«Kærl: Kom:»']"
7,0,øjeblik,,,,,[],['Kristiania'],['Illustr: Nyhedsblad'],"['bogen', '«Fru Inger»', 'Hærmændene', '«Kærl: Kom:»']"
8,0,"modtog,",,,,,[],['Kristiania'],['Illustr: Nyhedsblad'],"['bogen', '«Fru Inger»', 'Hærmændene', '«Kærl: Kom:»']"
9,0,iler,,,,,[],['Kristiania'],['Illustr: Nyhedsblad'],"['bogen', '«Fru Inger»', 'Hærmændene', '«Kærl: Kom:»']"
10,0,jeg,,,,,[],['Kristiania'],['Illustr: Nyhedsblad'],"['bogen', '«Fru Inger»', 'Hærmændene', '«Kærl: Kom:»']"
11,0,med,,,,,[],['Kristiania'],['Illustr: Nyhedsblad'],"['bogen', '«Fru Inger»', 'Hærmændene', '«Kærl: Kom:»']"
12,0,i,,,,,[],['Kristiania'],['Illustr: Nyhedsblad'],"['bogen', '«Fru Inger»', 'Hærmændene', '«Kærl: Kom:»']"
13,0,al,,,,,[],['Kristiania'],['Illustr: Nyhedsblad'],"['bogen', '«Fru Inger»', 'Hærmændene', '«Kærl: Kom:»']"
14,0,korthed,,,,,[],['Kristiania'],['Illustr: Nyhedsblad'],"['bogen', '«Fru Inger»', 'Hærmændene', '«Kærl: Kom:»']"
15,0,at,,,,,[],['Kristiania'],['Illustr: Nyhedsblad'],"['bogen', '«Fru Inger»', 'Hærmændene', '«Kærl: Kom:»']"
16,0,besvare.Jeg,,,,,[],['Kristiania'],['Illustr: Nyhedsblad'],"['bogen', '«Fru Inger»', 'Hærmændene', '«Kærl: Kom:»']"
17,0,foretrækker,,,,,[],['Kristiania'],['Illustr: Nyhedsblad'],"['bogen', '«Fru Inger»', 'Hærmændene', '«Kærl: Kom:»']"
18,0,at,,,,,[],['Kristiania'],['Illustr: Nyhedsblad'],"['bogen', '«Fru Inger»', 'Hærmændene', '«Kærl: Kom:»']"
19,0,lade,,,,,[],['Kristiania'],['Illustr: Nyhedsblad'],"['bogen', '«Fru Inger»', 'Hærmændene', '«Kærl: Kom:»']"
20,0,bogen,,,,,[],['Kristiania'],['Illustr: Nyhedsblad'],"['bogen', '«Fru Inger»', 'Hærmændene', '«Kærl: Kom:»']"
21,0,trykke,,,,,[],['Kristiania'],['Illustr: Nyhedsblad'],"['bogen', '«Fru Inger»', 'Hærmændene', '«Kærl: Kom:»']"
22,0,med,,,,,[],['Kristiania'],['Illustr: Nyhedsblad'],"['bogen', '«Fru Inger»', 'Hærmændene', '«Kærl: Kom:»']"
23,0,de,,,,,[],['Kristiania'],['Illustr: Nyhedsblad'],"['bogen', '«Fru Inger»', 'Hærmændene', '«Kærl: Kom:»']"
24,0,gamle,,,,,[],['Kristiania'],['Illustr: Nyhedsblad'],"['bogen', '«Fru Inger»', 'Hærmændene', '«Kærl: Kom:»']"
25,0,"typer,",,,,,[],['Kristiania'],['Illustr: Nyhedsblad'],"['bogen', '«Fru Inger»', 'Hærmændene', '«Kærl: Kom:»']"
26,0,når,,,,,[],['Kristiania'],['Illustr: Nyhedsblad'],"['bogen', '«Fru Inger»', 'Hærmændene', '«Kærl: Kom:»']"
27,0,den,,,,,[],['Kristiania'],['Illustr: Nyhedsblad'],"['bogen', '«Fru Inger»', 'Hærmændene', '«Kærl: Kom:»']"
28,0,derved,,,,,[],['Kristiania'],['Illustr: Nyhedsblad'],"['bogen', '«Fru Inger»', 'Hærmændene', '«Kærl: Kom:»']"
29,0,kan,,,,,[],['Kristiania'],['Illustr: Nyhedsblad'],"['bogen', '«Fru Inger»', 'Hærmændene', '«Kærl: Kom:»']"
30,0,komme,,,,,[],['Kristiania'],['Illustr: Nyhedsblad'],"['bogen', '«Fru Inger»', 'Hærmændene', '«Kærl: Kom:»']"
31,0,des,,,,,[],['Kristiania'],['Illustr: Nyhedsblad'],"['bogen', '«Fru Inger»', 'Hærmændene', '«Kærl: Kom:»']"
32,0,hurtigere,,,,,[],['Kristiania'],['Illustr: Nyhedsblad'],"['bogen', '«Fru Inger»', 'Hærmændene', '«Kærl: Kom:»']"
33,0,ud.«Fru,,,,,[],['Kristiania'],['Illustr: Nyhedsblad'],"['bogen', '«Fru Inger»', 'Hærmændene', '«Kærl: Kom:»']"
34,0,Inger»,,,,,[],['Kristiania'],['Illustr: Nyhedsblad'],"['bogen', '«Fru Inger»', 'Hærmændene', '«Kærl: Kom:»']"
35,0,er,,,,,[],['Kristiania'],['Illustr: Nyhedsblad'],"['bogen', '«Fru Inger»', 'Hærmændene', '«Kærl: Kom:»']"
36,0,trykt,,,,,[],['Kristiania'],['Illustr: Nyhedsblad'],"['bogen', '«Fru Inger»', 'Hærmændene', '«Kærl: Kom:»']"
37,0,i,,,,,[],['Kristiania'],['Illustr: Nyhedsblad'],"['bogen', '«Fru Inger»', 'Hærmændene', '«Kærl: Kom:»']"
38,0,Illustr:,,,,,[],['Kristiania'],['Illustr: Nyhedsblad'],"['bogen', '«Fru Inger»', 'Hærmændene', '«Kærl: Kom:»']"
39,0,Nyhedsblad,,,,,[],['Kristiania'],['Illustr: Nyhedsblad'],"['bogen', '«Fru Inger»', 'Hærmændene', '«Kærl: Kom:»']"
40,0,og,,,,,[],['Kristiania'],['Illustr: Nyhedsblad'],"['bogen', '«Fru Inger»', 'Hærmændene', '«Kærl: Kom:»']"
41,0,jeg,,,,,[],['Kristiania'],['Illustr: Nyhedsblad'],"['bogen', '«Fru Inger»', 'Hærmændene', '«Kærl: Kom:»']"
42,0,håber,,,,,[],['Kristiania'],['Illustr: Nyhedsblad'],"['bogen', '«Fru Inger»', 'Hærmændene', '«Kærl: Kom:»']"
43,0,at,,,,,[],['Kristiania'],['Illustr: Nyhedsblad'],"['bogen', '«Fru Inger»', 'Hærmændene', '«Kærl: Kom:»']"
44,0,kunne,,,,,[],['Kristiania'],['Illustr: Nyhedsblad'],"['bogen', '«Fru Inger»', 'Hærmændene', '«Kærl: Kom:»']"
45,0,få,,,,,[],['Kristiania'],['Illustr: Nyhedsblad'],"['bogen', '«Fru Inger»', 'Hærmændene', '«Kærl: Kom:»']"
46,0,de,,,,,[],['Kristiania'],['Illustr: Nyhedsblad'],"['bogen', '«Fru Inger»', 'Hærmændene', '«Kærl: Kom:»']"
47,0,betræffende,,,,,[],['Kristiania'],['Illustr: Nyhedsblad'],"['bogen', '«Fru Inger»', 'Hærmændene', '«Kærl: Kom:»']"
48,0,nummere,,,,,[],['Kristiania'],['Illustr: Nyhedsblad'],"['bogen', '«Fru Inger»', 'Hærmændene', '«Kærl: Kom:»']"
49,0,fra,,,,,[],['Kristiania'],['Illustr: Nyhedsblad'],"['bogen', '«Fru Inger»', 'Hærmændene', '«Kærl: Kom:»']"
50,0,Kristiania.,,,,,[],['Kristiania'],['Illustr: Nyhedsblad'],"['bogen', '«Fru Inger»', 'Hærmændene', '«Kærl: Kom:»']"
51,0,Hærmændene,,,,,[],['Kristiania'],['Illustr: Nyhedsblad'],"['bogen', '«Fru Inger»', 'Hærmændene', '«Kærl: Kom:»']"
52,0,tror,,,,,[],['Kristiania'],['Illustr: Nyhedsblad'],"['bogen', '«Fru Inger»', 'Hærmændene', '«Kærl: Kom:»']"
53,0,jeg,,,,,[],['Kristiania'],['Illustr: Nyhedsblad'],"['bogen', '«Fru Inger»', 'Hærmændene', '«Kærl: Kom:»']"
54,0,ligeledes,,,,,[],['Kristiania'],['Illustr: Nyhedsblad'],"['bogen', '«Fru Inger»', 'Hærmændene', '«Kærl: Kom:»']"
55,0,at,,,,,[],['Kristiania'],['Illustr: Nyhedsblad'],"['bogen', '«Fru Inger»', 'Hærmændene', '«Kærl: Kom:»']"
56,0,kunne,,,,,[],['Kristiania'],['Illustr: Nyhedsblad'],"['bogen', '«Fru Inger»', 'Hærmændene', '«Kærl: Kom:»']"
57,0,skaffe,,,,,[],['Kristiania'],['Illustr: Nyhedsblad'],"['bogen', '«Fru Inger»', 'Hærmændene', '«Kærl: Kom:»']"
58,0,mig.,,,,,[],['Kristiania'],['Illustr: Nyhedsblad'],"['bogen', '«Fru Inger»', 'Hærmændene', '«Kærl: Kom:»']"
59,0,Tak,,,,,[],['Kristiania'],['Illustr: Nyhedsblad'],"['bogen', '«Fru Inger»', 'Hærmændene', '«Kærl: Kom:»']"
60,0,for,,,,,[],['Kristiania'],['Illustr: Nyhedsblad'],"['bogen', '«Fru Inger»', 'Hærmændene', '«Kærl: Kom:»']"
61,0,Deres,,,,,[],['Kristiania'],['Illustr: Nyhedsblad'],"['bogen', '«Fru Inger»', 'Hærmændene', '«Kærl: Kom:»']"
62,0,umage!,,,,,[],['Kristiania'],['Illustr: Nyhedsblad'],"['bogen', '«Fru Inger»', 'Hærmændene', '«Kærl: Kom:»']"
63,0,–Hvad,,,,,[],['Kristiania'],['Illustr: Nyhedsblad'],"['bogen', '«Fru Inger»', 'Hærmændene', '«Kærl: Kom:»']"
64,0,jeg,,,,,[],['Kristiania'],['Illustr: Nyhedsblad'],"['bogen', '«Fru Inger»', 'Hærmændene', '«Kærl: Kom:»']"
65,0,i,,,,,[],['Kristiania'],['Illustr: Nyhedsblad'],"['bogen', '«Fru Inger»', 'Hærmændene', '«Kærl: Kom:»']"
66,0,mit,,,,,[],['Kristiania'],['Illustr: Nyhedsblad'],"['bogen', '«Fru Inger»', 'Hærmændene', '«Kærl: Kom:»']"
67,0,forrige,,,,,[],['Kristiania'],['Illustr: Nyhedsblad'],"['bogen', '«Fru Inger»', 'Hærmændene', '«Kærl: Kom:»']"
68,0,brev,,,,,[],['Kristiania'],['Illustr: Nyhedsblad'],"['bogen', '«Fru Inger»', 'Hærmændene', '«Kærl: Kom:»']"
69,0,skrev,,,,,[],['Kristiania'],['Illustr: Nyhedsblad'],"['bogen', '«Fru Inger»', 'Hærmændene', '«Kærl: Kom:»']"
70,0,om,,,,,[],['Kristiania'],['Illustr: Nyhedsblad'],"['bogen', '«Fru Inger»', 'Hærmændene', '«Kærl: Kom:»']"
71,0,pagineringen,,,,,[],['Kristiania'],['Illustr: Nyhedsblad'],"['bogen', '«Fru Inger»', 'Hærmændene', '«Kærl: Kom:»']"
72,0,af,,,,,[],['Kristiania'],['Illustr: Nyhedsblad'],"['bogen', '«Fru Inger»', 'Hærmændene', '«Kærl: Kom:»']"
73,0,1ste,,,,,[],['Kristiania'],['Illustr: Nyhedsblad'],"['bogen', '«Fru Inger»', 'Hærmændene', '«Kærl: Kom:»']"
74,0,"ark,",,,,,[],['Kristiania'],['Illustr: Nyhedsblad'],"['bogen', '«Fru Inger»', 'Hærmændene', '«Kærl: Kom:»']"
75,0,behøver,,,,,[],['Kristiania'],['Illustr: Nyhedsblad'],"['bogen', '«Fru Inger»', 'Hærmændene', '«Kærl: Kom:»']"
76,0,De,,,,,[],['Kristiania'],['Illustr: Nyhedsblad'],"['bogen', '«Fru Inger»', 'Hærmændene', '«Kærl: Kom:»']"
77,0,ikke,,,,,[],['Kristiania'],['Illustr: Nyhedsblad'],"['bogen', '«Fru Inger»', 'Hærmændene', '«Kærl: Kom:»']"
78,0,at,,,,,[],['Kristiania'],['Illustr: Nyhedsblad'],"['bogen', '«Fru Inger»', 'Hærmændene', '«Kærl: Kom:»']"
79,0,rette,,,,,[],['Kristiania'],['Illustr: Nyhedsblad'],"['bogen', '«Fru Inger»', 'Hærmændene', '«Kærl: Kom:»']"
80,0,Dem,,,,,[],['Kristiania'],['Illustr: Nyhedsblad'],"['bogen', '«Fru Inger»', 'Hærmændene', '«Kærl: Kom:»']"
81,0,"efter,",,,,,[],['Kristiania'],['Illustr: Nyhedsblad'],"['bogen', '«Fru Inger»', 'Hærmændene', '«Kærl: Kom:»']"
82,0,hvis,,,,,[],['Kristiania'],['Illustr: Nyhedsblad'],"['bogen', '«Fru Inger»', 'Hærmændene', '«Kærl: Kom:»']"
83,0,det,,,,,[],['Kristiania'],['Illustr: Nyhedsblad'],"['bogen', '«Fru Inger»', 'Hærmændene', '«Kærl: Kom:»']"
84,0,skulde,,,,,[],['Kristiania'],['Illustr: Nyhedsblad'],"['bogen', '«Fru Inger»', 'Hærmændene', '«Kærl: Kom:»']"
85,0,stride,,,,,[],['Kristiania'],['Illustr: Nyhedsblad'],"['bogen', '«Fru Inger»', 'Hærmændene', '«Kærl: Kom:»']"
86,0,mod,,,,,[],['Kristiania'],['Illustr: Nyhedsblad'],"['bogen', '«Fru Inger»', 'Hærmændene', '«Kærl: Kom:»']"
87,0,sædvane.,,,,,[],['Kristiania'],['Illustr: Nyhedsblad'],"['bogen', '«Fru Inger»', 'Hærmændene', '«Kærl: Kom:»']"
88,0,Min,,,,,[],['Kristiania'],['Illustr: Nyhedsblad'],"['bogen', '«Fru Inger»', 'Hærmændene', '«Kærl: Kom:»']"
89,0,hensigt,,,,,[],['Kristiania'],['Illustr: Nyhedsblad'],"['bogen', '«Fru Inger»', 'Hærmændene', '«Kærl: Kom:»']"
90,0,var,,,,,[],['Kristiania'],['Illustr: Nyhedsblad'],"['bogen', '«Fru Inger»', 'Hærmændene', '«Kærl: Kom:»']"
91,0,kun,,,,,[],['Kristiania'],['Illustr: Nyhedsblad'],"['bogen', '«Fru Inger»', 'Hærmændene', '«Kærl: Kom:»']"
92,0,at,,,,,[],['Kristiania'],['Illustr: Nyhedsblad'],"['bogen', '«Fru Inger»', 'Hærmændene', '«Kærl: Kom:»']"
93,0,minde,,,,,[],['Kristiania'],['Illustr: Nyhedsblad'],"['bogen', '«Fru Inger»', 'Hærmændene', '«Kærl: Kom:»']"
94,0,om,,,,,[],['Kristiania'],['Illustr: Nyhedsblad'],"['bogen', '«Fru Inger»', 'Hærmændene', '«Kærl: Kom:»']"
95,0,at,,,,,[],['Kristiania'],['Illustr: Nyhedsblad'],"['bogen', '«Fru Inger»', 'Hærmændene', '«Kærl: Kom:»']"
96,0,der,,,,,[],['Kristiania'],['Illustr: Nyhedsblad'],"['bogen', '«Fru Inger»', 'Hærmændene', '«Kærl: Kom:»']"
97,0,vilde,,,,,[],['Kristiania'],['Illustr: Nyhedsblad'],"['bogen', '«Fru Inger»', 'Hærmændene', '«Kærl: Kom:»']"
98,0,falde,,,,,[],['Kristiania'],['Illustr: Nyhedsblad'],"['bogen', '«Fru Inger»', 'Hærmændene', '«Kærl: Kom:»']"
99,0,et,,,,,[],['Kristiania'],['Illustr: Nyhedsblad'],"['bogen', '«Fru Inger»', 'Hærmændene', '«Kærl: Kom:»']"
100,0,titelblad,,,,,[],['Kristiania'],['Illustr: Nyhedsblad'],"['bogen', '«Fru Inger»', 'Hærmændene', '«Kærl: Kom:»']"
101,0,midt,,,,,[],['Kristiania'],['Illustr: Nyhedsblad'],"['bogen', '«Fru Inger»', 'Hærmændene', '«Kærl: Kom:»']"
102,0,inde,,,,,[],['Kristiania'],['Illustr: Nyhedsblad'],"['bogen', '«Fru Inger»', 'Hærmændene', '«Kærl: Kom:»']"
103,0,i,,,,,[],['Kristiania'],['Illustr: Nyhedsblad'],"['bogen', '«Fru Inger»', 'Hærmændene', '«Kærl: Kom:»']"
104,0,bogen.«Kærl:,,,,,[],['Kristiania'],['Illustr: Nyhedsblad'],"['bogen', '«Fru Inger»', 'Hærmændene', '«Kærl: Kom:»']"
105,0,Kom:»,,,,,[],['Kristiania'],['Illustr: Nyhedsblad'],"['bogen', '«Fru Inger»', 'Hærmændene', '«Kærl: Kom:»']"
106,0,skal,,,,,[],['Kristiania'],['Illustr: Nyhedsblad'],"['bogen', '«Fru Inger»', 'Hærmændene', '«Kærl: Kom:»']"
107,0,jeg,,,,,[],['Kristiania'],['Illustr: Nyhedsblad'],"['bogen', '«Fru Inger»', 'Hærmændene', '«Kærl: Kom:»']"
108,0,sende,,,,,[],['Kristiania'],['Illustr: Nyhedsblad'],"['bogen', '«Fru Inger»', 'Hærmændene', '«Kærl: Kom:»']"
109,0,snarest,,,,,[],['Kristiania'],['Illustr: Nyhedsblad'],"['bogen', '«Fru Inger»', 'Hærmændene', '«Kærl: Kom:»']"
110,0,muligt.,,,,,[],['Kristiania'],['Illustr: Nyhedsblad'],"['bogen', '«Fru Inger»', 'Hærmændene', '«Kærl: Kom:»']"
111,0,Hjertelige,,,,,[],['Kristiania'],['Illustr: Nyhedsblad'],"['bogen', '«Fru Inger»', 'Hærmændene', '«Kærl: Kom:»']"
112,0,hilsener.Imorgen,,,,,[],['Kristiania'],['Illustr: Nyhedsblad'],"['bogen', '«Fru Inger»', 'Hærmændene', '«Kærl: Kom:»']"
113,0,afgår,,,,,[],['Kristiania'],['Illustr: Nyhedsblad'],"['bogen', '«Fru Inger»', 'Hærmændene', '«Kærl: Kom:»']"
114,0,herfra,,,,,[],['Kristiania'],['Illustr: Nyhedsblad'],"['bogen', '«Fru Inger»', 'Hærmændene', '«Kærl: Kom:»']"
115,0,en,,,,,[],['Kristiania'],['Illustr: Nyhedsblad'],"['bogen', '«Fru Inger»', 'Hærmændene', '«Kærl: Kom:»']"
116,0,ny,,,,,[],['Kristiania'],['Illustr: Nyhedsblad'],"['bogen', '«Fru Inger»', 'Hærmændene', '«Kærl: Kom:»']"
117,0,sending,,,,,[],['Kristiania'],['Illustr: Nyhedsblad'],"['bogen', '«Fru Inger»', 'Hærmændene', '«Kærl: Kom:»']"
118,0,manuskript.,,,,,[],['Kristiania'],['Illustr: Nyhedsblad'],"['bogen', '«Fru Inger»', 'Hærmændene', '«Kærl: Kom:»']"
