,,0,human_annotation,who,dacy_medium,spacy_trf,person,place,org,work
0,0,Overensstemmende,,,,,"['Herr Bjørnson', 'herr Nandrup', 'svensk dame']",[],[],"['«Peer Gynt»', '«Ballonbrev»']"
1,0,med,,,,,"['Herr Bjørnson', 'herr Nandrup', 'svensk dame']",[],[],"['«Peer Gynt»', '«Ballonbrev»']"
2,0,Deres,,,,,"['Herr Bjørnson', 'herr Nandrup', 'svensk dame']",[],[],"['«Peer Gynt»', '«Ballonbrev»']"
3,0,ønske,,,,,"['Herr Bjørnson', 'herr Nandrup', 'svensk dame']",[],[],"['«Peer Gynt»', '«Ballonbrev»']"
4,0,skynder,,,,,"['Herr Bjørnson', 'herr Nandrup', 'svensk dame']",[],[],"['«Peer Gynt»', '«Ballonbrev»']"
5,0,jeg,,,,,"['Herr Bjørnson', 'herr Nandrup', 'svensk dame']",[],[],"['«Peer Gynt»', '«Ballonbrev»']"
6,0,mig,,,,,"['Herr Bjørnson', 'herr Nandrup', 'svensk dame']",[],[],"['«Peer Gynt»', '«Ballonbrev»']"
7,0,at,,,,,"['Herr Bjørnson', 'herr Nandrup', 'svensk dame']",[],[],"['«Peer Gynt»', '«Ballonbrev»']"
8,0,besvare,,,,,"['Herr Bjørnson', 'herr Nandrup', 'svensk dame']",[],[],"['«Peer Gynt»', '«Ballonbrev»']"
9,0,Deres,,,,,"['Herr Bjørnson', 'herr Nandrup', 'svensk dame']",[],[],"['«Peer Gynt»', '«Ballonbrev»']"
10,0,venskabelige,,,,,"['Herr Bjørnson', 'herr Nandrup', 'svensk dame']",[],[],"['«Peer Gynt»', '«Ballonbrev»']"
11,0,skrivelse,,,,,"['Herr Bjørnson', 'herr Nandrup', 'svensk dame']",[],[],"['«Peer Gynt»', '«Ballonbrev»']"
12,0,af,,,,,"['Herr Bjørnson', 'herr Nandrup', 'svensk dame']",[],[],"['«Peer Gynt»', '«Ballonbrev»']"
13,0,17de,,,,,"['Herr Bjørnson', 'herr Nandrup', 'svensk dame']",[],[],"['«Peer Gynt»', '«Ballonbrev»']"
14,0,"dennes,",,,,,"['Herr Bjørnson', 'herr Nandrup', 'svensk dame']",[],[],"['«Peer Gynt»', '«Ballonbrev»']"
15,0,hvilken,,,,,"['Herr Bjørnson', 'herr Nandrup', 'svensk dame']",[],[],"['«Peer Gynt»', '«Ballonbrev»']"
16,0,først,,,,,"['Herr Bjørnson', 'herr Nandrup', 'svensk dame']",[],[],"['«Peer Gynt»', '«Ballonbrev»']"
17,0,indløb,,,,,"['Herr Bjørnson', 'herr Nandrup', 'svensk dame']",[],[],"['«Peer Gynt»', '«Ballonbrev»']"
18,0,hertil,,,,,"['Herr Bjørnson', 'herr Nandrup', 'svensk dame']",[],[],"['«Peer Gynt»', '«Ballonbrev»']"
19,0,igår,,,,,"['Herr Bjørnson', 'herr Nandrup', 'svensk dame']",[],[],"['«Peer Gynt»', '«Ballonbrev»']"
20,0,middag.«Peer,,,,,"['Herr Bjørnson', 'herr Nandrup', 'svensk dame']",[],[],"['«Peer Gynt»', '«Ballonbrev»']"
21,0,Gynt»,,,,,"['Herr Bjørnson', 'herr Nandrup', 'svensk dame']",[],[],"['«Peer Gynt»', '«Ballonbrev»']"
22,0,er,,,,,"['Herr Bjørnson', 'herr Nandrup', 'svensk dame']",[],[],"['«Peer Gynt»', '«Ballonbrev»']"
23,0,for,,,,,"['Herr Bjørnson', 'herr Nandrup', 'svensk dame']",[],[],"['«Peer Gynt»', '«Ballonbrev»']"
24,0,tiden,,,,,"['Herr Bjørnson', 'herr Nandrup', 'svensk dame']",[],[],"['«Peer Gynt»', '«Ballonbrev»']"
25,0,under,,,,,"['Herr Bjørnson', 'herr Nandrup', 'svensk dame']",[],[],"['«Peer Gynt»', '«Ballonbrev»']"
26,0,bearbejdelse,,,,,"['Herr Bjørnson', 'herr Nandrup', 'svensk dame']",[],[],"['«Peer Gynt»', '«Ballonbrev»']"
27,0,af,,,,,"['Herr Bjørnson', 'herr Nandrup', 'svensk dame']",[],[],"['«Peer Gynt»', '«Ballonbrev»']"
28,0,en,,,,,"['Herr Bjørnson', 'herr Nandrup', 'svensk dame']",[],[],"['«Peer Gynt»', '«Ballonbrev»']"
29,0,dansk,,,,,"['Herr Bjørnson', 'herr Nandrup', 'svensk dame']",[],[],"['«Peer Gynt»', '«Ballonbrev»']"
30,0,"æsthetiker,",,,,,"['Herr Bjørnson', 'herr Nandrup', 'svensk dame']",[],[],"['«Peer Gynt»', '«Ballonbrev»']"
31,0,der,,,,,"['Herr Bjørnson', 'herr Nandrup', 'svensk dame']",[],[],"['«Peer Gynt»', '«Ballonbrev»']"
32,0,har,,,,,"['Herr Bjørnson', 'herr Nandrup', 'svensk dame']",[],[],"['«Peer Gynt»', '«Ballonbrev»']"
33,0,erholdt,,,,,"['Herr Bjørnson', 'herr Nandrup', 'svensk dame']",[],[],"['«Peer Gynt»', '«Ballonbrev»']"
34,0,min,,,,,"['Herr Bjørnson', 'herr Nandrup', 'svensk dame']",[],[],"['«Peer Gynt»', '«Ballonbrev»']"
35,0,tilladelse,,,,,"['Herr Bjørnson', 'herr Nandrup', 'svensk dame']",[],[],"['«Peer Gynt»', '«Ballonbrev»']"
36,0,til,,,,,"['Herr Bjørnson', 'herr Nandrup', 'svensk dame']",[],[],"['«Peer Gynt»', '«Ballonbrev»']"
37,0,at,,,,,"['Herr Bjørnson', 'herr Nandrup', 'svensk dame']",[],[],"['«Peer Gynt»', '«Ballonbrev»']"
38,0,indrette,,,,,"['Herr Bjørnson', 'herr Nandrup', 'svensk dame']",[],[],"['«Peer Gynt»', '«Ballonbrev»']"
39,0,stykket,,,,,"['Herr Bjørnson', 'herr Nandrup', 'svensk dame']",[],[],"['«Peer Gynt»', '«Ballonbrev»']"
40,0,til,,,,,"['Herr Bjørnson', 'herr Nandrup', 'svensk dame']",[],[],"['«Peer Gynt»', '«Ballonbrev»']"
41,0,brug,,,,,"['Herr Bjørnson', 'herr Nandrup', 'svensk dame']",[],[],"['«Peer Gynt»', '«Ballonbrev»']"
42,0,for,,,,,"['Herr Bjørnson', 'herr Nandrup', 'svensk dame']",[],[],"['«Peer Gynt»', '«Ballonbrev»']"
43,0,skuepladsen.,,,,,"['Herr Bjørnson', 'herr Nandrup', 'svensk dame']",[],[],"['«Peer Gynt»', '«Ballonbrev»']"
44,0,–,,,,,"['Herr Bjørnson', 'herr Nandrup', 'svensk dame']",[],[],"['«Peer Gynt»', '«Ballonbrev»']"
45,0,Hvis,,,,,"['Herr Bjørnson', 'herr Nandrup', 'svensk dame']",[],[],"['«Peer Gynt»', '«Ballonbrev»']"
46,0,imidlertid,,,,,"['Herr Bjørnson', 'herr Nandrup', 'svensk dame']",[],[],"['«Peer Gynt»', '«Ballonbrev»']"
47,0,det,,,,,"['Herr Bjørnson', 'herr Nandrup', 'svensk dame']",[],[],"['«Peer Gynt»', '«Ballonbrev»']"
48,0,norske,,,,,"['Herr Bjørnson', 'herr Nandrup', 'svensk dame']",[],[],"['«Peer Gynt»', '«Ballonbrev»']"
49,0,theater,,,,,"['Herr Bjørnson', 'herr Nandrup', 'svensk dame']",[],[],"['«Peer Gynt»', '«Ballonbrev»']"
50,0,ønsker,,,,,"['Herr Bjørnson', 'herr Nandrup', 'svensk dame']",[],[],"['«Peer Gynt»', '«Ballonbrev»']"
51,0,at,,,,,"['Herr Bjørnson', 'herr Nandrup', 'svensk dame']",[],[],"['«Peer Gynt»', '«Ballonbrev»']"
52,0,opføre,,,,,"['Herr Bjørnson', 'herr Nandrup', 'svensk dame']",[],[],"['«Peer Gynt»', '«Ballonbrev»']"
53,0,det,,,,,"['Herr Bjørnson', 'herr Nandrup', 'svensk dame']",[],[],"['«Peer Gynt»', '«Ballonbrev»']"
54,0,efter,,,,,"['Herr Bjørnson', 'herr Nandrup', 'svensk dame']",[],[],"['«Peer Gynt»', '«Ballonbrev»']"
55,0,et,,,,,"['Herr Bjørnson', 'herr Nandrup', 'svensk dame']",[],[],"['«Peer Gynt»', '«Ballonbrev»']"
56,0,originalt,,,,,"['Herr Bjørnson', 'herr Nandrup', 'svensk dame']",[],[],"['«Peer Gynt»', '«Ballonbrev»']"
57,0,og,,,,,"['Herr Bjørnson', 'herr Nandrup', 'svensk dame']",[],[],"['«Peer Gynt»', '«Ballonbrev»']"
58,0,selvstændigt,,,,,"['Herr Bjørnson', 'herr Nandrup', 'svensk dame']",[],[],"['«Peer Gynt»', '«Ballonbrev»']"
59,0,"scenearrangement,",,,,,"['Herr Bjørnson', 'herr Nandrup', 'svensk dame']",[],[],"['«Peer Gynt»', '«Ballonbrev»']"
60,0,så,,,,,"['Herr Bjørnson', 'herr Nandrup', 'svensk dame']",[],[],"['«Peer Gynt»', '«Ballonbrev»']"
61,0,har,,,,,"['Herr Bjørnson', 'herr Nandrup', 'svensk dame']",[],[],"['«Peer Gynt»', '«Ballonbrev»']"
62,0,jeg,,,,,"['Herr Bjørnson', 'herr Nandrup', 'svensk dame']",[],[],"['«Peer Gynt»', '«Ballonbrev»']"
63,0,intet,,,,,"['Herr Bjørnson', 'herr Nandrup', 'svensk dame']",[],[],"['«Peer Gynt»', '«Ballonbrev»']"
64,0,herimod,,,,,"['Herr Bjørnson', 'herr Nandrup', 'svensk dame']",[],[],"['«Peer Gynt»', '«Ballonbrev»']"
65,0,at,,,,,"['Herr Bjørnson', 'herr Nandrup', 'svensk dame']",[],[],"['«Peer Gynt»', '«Ballonbrev»']"
66,0,indvende.Som,,,,,"['Herr Bjørnson', 'herr Nandrup', 'svensk dame']",[],[],"['«Peer Gynt»', '«Ballonbrev»']"
67,0,honorar,,,,,"['Herr Bjørnson', 'herr Nandrup', 'svensk dame']",[],[],"['«Peer Gynt»', '«Ballonbrev»']"
68,0,ønsker,,,,,"['Herr Bjørnson', 'herr Nandrup', 'svensk dame']",[],[],"['«Peer Gynt»', '«Ballonbrev»']"
69,0,jeg,,,,,"['Herr Bjørnson', 'herr Nandrup', 'svensk dame']",[],[],"['«Peer Gynt»', '«Ballonbrev»']"
70,0,bruttoindtægten,,,,,"['Herr Bjørnson', 'herr Nandrup', 'svensk dame']",[],[],"['«Peer Gynt»', '«Ballonbrev»']"
71,0,af,,,,,"['Herr Bjørnson', 'herr Nandrup', 'svensk dame']",[],[],"['«Peer Gynt»', '«Ballonbrev»']"
72,0,1ste,,,,,"['Herr Bjørnson', 'herr Nandrup', 'svensk dame']",[],[],"['«Peer Gynt»', '«Ballonbrev»']"
73,0,"forestilling,",,,,,"['Herr Bjørnson', 'herr Nandrup', 'svensk dame']",[],[],"['«Peer Gynt»', '«Ballonbrev»']"
74,0,der,,,,,"['Herr Bjørnson', 'herr Nandrup', 'svensk dame']",[],[],"['«Peer Gynt»', '«Ballonbrev»']"
75,0,bliver,,,,,"['Herr Bjørnson', 'herr Nandrup', 'svensk dame']",[],[],"['«Peer Gynt»', '«Ballonbrev»']"
76,0,at,,,,,"['Herr Bjørnson', 'herr Nandrup', 'svensk dame']",[],[],"['«Peer Gynt»', '«Ballonbrev»']"
77,0,give,,,,,"['Herr Bjørnson', 'herr Nandrup', 'svensk dame']",[],[],"['«Peer Gynt»', '«Ballonbrev»']"
78,0,på,,,,,"['Herr Bjørnson', 'herr Nandrup', 'svensk dame']",[],[],"['«Peer Gynt»', '«Ballonbrev»']"
79,0,en,,,,,"['Herr Bjørnson', 'herr Nandrup', 'svensk dame']",[],[],"['«Peer Gynt»', '«Ballonbrev»']"
80,0,af,,,,,"['Herr Bjørnson', 'herr Nandrup', 'svensk dame']",[],[],"['«Peer Gynt»', '«Ballonbrev»']"
81,0,theatrets,,,,,"['Herr Bjørnson', 'herr Nandrup', 'svensk dame']",[],[],"['«Peer Gynt»', '«Ballonbrev»']"
82,0,ordinære,,,,,"['Herr Bjørnson', 'herr Nandrup', 'svensk dame']",[],[],"['«Peer Gynt»', '«Ballonbrev»']"
83,0,"spilledage,",,,,,"['Herr Bjørnson', 'herr Nandrup', 'svensk dame']",[],[],"['«Peer Gynt»', '«Ballonbrev»']"
84,0,og,,,,,"['Herr Bjørnson', 'herr Nandrup', 'svensk dame']",[],[],"['«Peer Gynt»', '«Ballonbrev»']"
85,0,således,,,,,"['Herr Bjørnson', 'herr Nandrup', 'svensk dame']",[],[],"['«Peer Gynt»', '«Ballonbrev»']"
86,0,at,,,,,"['Herr Bjørnson', 'herr Nandrup', 'svensk dame']",[],[],"['«Peer Gynt»', '«Ballonbrev»']"
87,0,theatrets,,,,,"['Herr Bjørnson', 'herr Nandrup', 'svensk dame']",[],[],"['«Peer Gynt»', '«Ballonbrev»']"
88,0,styrelse,,,,,"['Herr Bjørnson', 'herr Nandrup', 'svensk dame']",[],[],"['«Peer Gynt»', '«Ballonbrev»']"
89,0,i,,,,,"['Herr Bjørnson', 'herr Nandrup', 'svensk dame']",[],[],"['«Peer Gynt»', '«Ballonbrev»']"
90,0,bindende,,,,,"['Herr Bjørnson', 'herr Nandrup', 'svensk dame']",[],[],"['«Peer Gynt»', '«Ballonbrev»']"
91,0,form,,,,,"['Herr Bjørnson', 'herr Nandrup', 'svensk dame']",[],[],"['«Peer Gynt»', '«Ballonbrev»']"
92,0,tilsikkrer,,,,,"['Herr Bjørnson', 'herr Nandrup', 'svensk dame']",[],[],"['«Peer Gynt»', '«Ballonbrev»']"
93,0,mig,,,,,"['Herr Bjørnson', 'herr Nandrup', 'svensk dame']",[],[],"['«Peer Gynt»', '«Ballonbrev»']"
94,0,et,,,,,"['Herr Bjørnson', 'herr Nandrup', 'svensk dame']",[],[],"['«Peer Gynt»', '«Ballonbrev»']"
95,0,minimums-beløb,,,,,"['Herr Bjørnson', 'herr Nandrup', 'svensk dame']",[],[],"['«Peer Gynt»', '«Ballonbrev»']"
96,0,af,,,,,"['Herr Bjørnson', 'herr Nandrup', 'svensk dame']",[],[],"['«Peer Gynt»', '«Ballonbrev»']"
97,0,150,,,,,"['Herr Bjørnson', 'herr Nandrup', 'svensk dame']",[],[],"['«Peer Gynt»', '«Ballonbrev»']"
98,0,Spdlr.,,,,,"['Herr Bjørnson', 'herr Nandrup', 'svensk dame']",[],[],"['«Peer Gynt»', '«Ballonbrev»']"
99,0,Herr,,,,,"['Herr Bjørnson', 'herr Nandrup', 'svensk dame']",[],[],"['«Peer Gynt»', '«Ballonbrev»']"
100,0,Bjørnson,,,,,"['Herr Bjørnson', 'herr Nandrup', 'svensk dame']",[],[],"['«Peer Gynt»', '«Ballonbrev»']"
101,0,"selv,",,,,,"['Herr Bjørnson', 'herr Nandrup', 'svensk dame']",[],[],"['«Peer Gynt»', '«Ballonbrev»']"
102,0,som,,,,,"['Herr Bjørnson', 'herr Nandrup', 'svensk dame']",[],[],"['«Peer Gynt»', '«Ballonbrev»']"
103,0,dramatisk,,,,,"['Herr Bjørnson', 'herr Nandrup', 'svensk dame']",[],[],"['«Peer Gynt»', '«Ballonbrev»']"
104,0,"digter,",,,,,"['Herr Bjørnson', 'herr Nandrup', 'svensk dame']",[],[],"['«Peer Gynt»', '«Ballonbrev»']"
105,0,vil,,,,,"['Herr Bjørnson', 'herr Nandrup', 'svensk dame']",[],[],"['«Peer Gynt»', '«Ballonbrev»']"
106,0,finde,,,,,"['Herr Bjørnson', 'herr Nandrup', 'svensk dame']",[],[],"['«Peer Gynt»', '«Ballonbrev»']"
107,0,mine,,,,,"['Herr Bjørnson', 'herr Nandrup', 'svensk dame']",[],[],"['«Peer Gynt»', '«Ballonbrev»']"
108,0,fordringer,,,,,"['Herr Bjørnson', 'herr Nandrup', 'svensk dame']",[],[],"['«Peer Gynt»', '«Ballonbrev»']"
109,0,"billige,",,,,,"['Herr Bjørnson', 'herr Nandrup', 'svensk dame']",[],[],"['«Peer Gynt»', '«Ballonbrev»']"
110,0,og,,,,,"['Herr Bjørnson', 'herr Nandrup', 'svensk dame']",[],[],"['«Peer Gynt»', '«Ballonbrev»']"
111,0,jeg,,,,,"['Herr Bjørnson', 'herr Nandrup', 'svensk dame']",[],[],"['«Peer Gynt»', '«Ballonbrev»']"
112,0,holder,,,,,"['Herr Bjørnson', 'herr Nandrup', 'svensk dame']",[],[],"['«Peer Gynt»', '«Ballonbrev»']"
113,0,principmæssigt,,,,,"['Herr Bjørnson', 'herr Nandrup', 'svensk dame']",[],[],"['«Peer Gynt»', '«Ballonbrev»']"
114,0,fast,,,,,"['Herr Bjørnson', 'herr Nandrup', 'svensk dame']",[],[],"['«Peer Gynt»', '«Ballonbrev»']"
115,0,derpå,,,,,"['Herr Bjørnson', 'herr Nandrup', 'svensk dame']",[],[],"['«Peer Gynt»', '«Ballonbrev»']"
116,0,for,,,,,"['Herr Bjørnson', 'herr Nandrup', 'svensk dame']",[],[],"['«Peer Gynt»', '«Ballonbrev»']"
117,0,at,,,,,"['Herr Bjørnson', 'herr Nandrup', 'svensk dame']",[],[],"['«Peer Gynt»', '«Ballonbrev»']"
118,0,betage,,,,,"['Herr Bjørnson', 'herr Nandrup', 'svensk dame']",[],[],"['«Peer Gynt»', '«Ballonbrev»']"
119,0,vore,,,,,"['Herr Bjørnson', 'herr Nandrup', 'svensk dame']",[],[],"['«Peer Gynt»', '«Ballonbrev»']"
120,0,skuespillere,,,,,"['Herr Bjørnson', 'herr Nandrup', 'svensk dame']",[],[],"['«Peer Gynt»', '«Ballonbrev»']"
121,0,den,,,,,"['Herr Bjørnson', 'herr Nandrup', 'svensk dame']",[],[],"['«Peer Gynt»', '«Ballonbrev»']"
122,0,gængse,,,,,"['Herr Bjørnson', 'herr Nandrup', 'svensk dame']",[],[],"['«Peer Gynt»', '«Ballonbrev»']"
123,0,idé,,,,,"['Herr Bjørnson', 'herr Nandrup', 'svensk dame']",[],[],"['«Peer Gynt»', '«Ballonbrev»']"
124,0,at,,,,,"['Herr Bjørnson', 'herr Nandrup', 'svensk dame']",[],[],"['«Peer Gynt»', '«Ballonbrev»']"
125,0,forfatterne,,,,,"['Herr Bjørnson', 'herr Nandrup', 'svensk dame']",[],[],"['«Peer Gynt»', '«Ballonbrev»']"
126,0,kan,,,,,"['Herr Bjørnson', 'herr Nandrup', 'svensk dame']",[],[],"['«Peer Gynt»', '«Ballonbrev»']"
127,0,afspises,,,,,"['Herr Bjørnson', 'herr Nandrup', 'svensk dame']",[],[],"['«Peer Gynt»', '«Ballonbrev»']"
128,0,med,,,,,"['Herr Bjørnson', 'herr Nandrup', 'svensk dame']",[],[],"['«Peer Gynt»', '«Ballonbrev»']"
129,0,en,,,,,"['Herr Bjørnson', 'herr Nandrup', 'svensk dame']",[],[],"['«Peer Gynt»', '«Ballonbrev»']"
130,0,bagatel.,,,,,"['Herr Bjørnson', 'herr Nandrup', 'svensk dame']",[],[],"['«Peer Gynt»', '«Ballonbrev»']"
131,0,–Da,,,,,"['Herr Bjørnson', 'herr Nandrup', 'svensk dame']",[],[],"['«Peer Gynt»', '«Ballonbrev»']"
132,0,jeg,,,,,"['Herr Bjørnson', 'herr Nandrup', 'svensk dame']",[],[],"['«Peer Gynt»', '«Ballonbrev»']"
133,0,intet,,,,,"['Herr Bjørnson', 'herr Nandrup', 'svensk dame']",[],[],"['«Peer Gynt»', '«Ballonbrev»']"
134,0,har,,,,,"['Herr Bjørnson', 'herr Nandrup', 'svensk dame']",[],[],"['«Peer Gynt»', '«Ballonbrev»']"
135,0,på,,,,,"['Herr Bjørnson', 'herr Nandrup', 'svensk dame']",[],[],"['«Peer Gynt»', '«Ballonbrev»']"
136,0,samvittigheden,,,,,"['Herr Bjørnson', 'herr Nandrup', 'svensk dame']",[],[],"['«Peer Gynt»', '«Ballonbrev»']"
137,0,ligeoverfor,,,,,"['Herr Bjørnson', 'herr Nandrup', 'svensk dame']",[],[],"['«Peer Gynt»', '«Ballonbrev»']"
138,0,herr,,,,,"['Herr Bjørnson', 'herr Nandrup', 'svensk dame']",[],[],"['«Peer Gynt»', '«Ballonbrev»']"
139,0,"Bjørnson,",,,,,"['Herr Bjørnson', 'herr Nandrup', 'svensk dame']",[],[],"['«Peer Gynt»', '«Ballonbrev»']"
140,0,så,,,,,"['Herr Bjørnson', 'herr Nandrup', 'svensk dame']",[],[],"['«Peer Gynt»', '«Ballonbrev»']"
141,0,vilde,,,,,"['Herr Bjørnson', 'herr Nandrup', 'svensk dame']",[],[],"['«Peer Gynt»', '«Ballonbrev»']"
142,0,jeg,,,,,"['Herr Bjørnson', 'herr Nandrup', 'svensk dame']",[],[],"['«Peer Gynt»', '«Ballonbrev»']"
143,0,heller,,,,,"['Herr Bjørnson', 'herr Nandrup', 'svensk dame']",[],[],"['«Peer Gynt»', '«Ballonbrev»']"
144,0,ikke,,,,,"['Herr Bjørnson', 'herr Nandrup', 'svensk dame']",[],[],"['«Peer Gynt»', '«Ballonbrev»']"
145,0,kunne,,,,,"['Herr Bjørnson', 'herr Nandrup', 'svensk dame']",[],[],"['«Peer Gynt»', '«Ballonbrev»']"
146,0,have,,,,,"['Herr Bjørnson', 'herr Nandrup', 'svensk dame']",[],[],"['«Peer Gynt»', '«Ballonbrev»']"
147,0,noget,,,,,"['Herr Bjørnson', 'herr Nandrup', 'svensk dame']",[],[],"['«Peer Gynt»', '«Ballonbrev»']"
148,0,imod,,,,,"['Herr Bjørnson', 'herr Nandrup', 'svensk dame']",[],[],"['«Peer Gynt»', '«Ballonbrev»']"
149,0,at,,,,,"['Herr Bjørnson', 'herr Nandrup', 'svensk dame']",[],[],"['«Peer Gynt»', '«Ballonbrev»']"
150,0,forhandle,,,,,"['Herr Bjørnson', 'herr Nandrup', 'svensk dame']",[],[],"['«Peer Gynt»', '«Ballonbrev»']"
151,0,direkte,,,,,"['Herr Bjørnson', 'herr Nandrup', 'svensk dame']",[],[],"['«Peer Gynt»', '«Ballonbrev»']"
152,0,med,,,,,"['Herr Bjørnson', 'herr Nandrup', 'svensk dame']",[],[],"['«Peer Gynt»', '«Ballonbrev»']"
153,0,ham;,,,,,"['Herr Bjørnson', 'herr Nandrup', 'svensk dame']",[],[],"['«Peer Gynt»', '«Ballonbrev»']"
154,0,men,,,,,"['Herr Bjørnson', 'herr Nandrup', 'svensk dame']",[],[],"['«Peer Gynt»', '«Ballonbrev»']"
155,0,da,,,,,"['Herr Bjørnson', 'herr Nandrup', 'svensk dame']",[],[],"['«Peer Gynt»', '«Ballonbrev»']"
156,0,De,,,,,"['Herr Bjørnson', 'herr Nandrup', 'svensk dame']",[],[],"['«Peer Gynt»', '«Ballonbrev»']"
157,0,så,,,,,"['Herr Bjørnson', 'herr Nandrup', 'svensk dame']",[],[],"['«Peer Gynt»', '«Ballonbrev»']"
158,0,velvilligt,,,,,"['Herr Bjørnson', 'herr Nandrup', 'svensk dame']",[],[],"['«Peer Gynt»', '«Ballonbrev»']"
159,0,og,,,,,"['Herr Bjørnson', 'herr Nandrup', 'svensk dame']",[],[],"['«Peer Gynt»', '«Ballonbrev»']"
160,0,på,,,,,"['Herr Bjørnson', 'herr Nandrup', 'svensk dame']",[],[],"['«Peer Gynt»', '«Ballonbrev»']"
161,0,en,,,,,"['Herr Bjørnson', 'herr Nandrup', 'svensk dame']",[],[],"['«Peer Gynt»', '«Ballonbrev»']"
162,0,så,,,,,"['Herr Bjørnson', 'herr Nandrup', 'svensk dame']",[],[],"['«Peer Gynt»', '«Ballonbrev»']"
163,0,fortræffelig,,,,,"['Herr Bjørnson', 'herr Nandrup', 'svensk dame']",[],[],"['«Peer Gynt»', '«Ballonbrev»']"
164,0,måde,,,,,"['Herr Bjørnson', 'herr Nandrup', 'svensk dame']",[],[],"['«Peer Gynt»', '«Ballonbrev»']"
165,0,tager,,,,,"['Herr Bjørnson', 'herr Nandrup', 'svensk dame']",[],[],"['«Peer Gynt»', '«Ballonbrev»']"
166,0,Dem,,,,,"['Herr Bjørnson', 'herr Nandrup', 'svensk dame']",[],[],"['«Peer Gynt»', '«Ballonbrev»']"
167,0,af,,,,,"['Herr Bjørnson', 'herr Nandrup', 'svensk dame']",[],[],"['«Peer Gynt»', '«Ballonbrev»']"
168,0,mine,,,,,"['Herr Bjørnson', 'herr Nandrup', 'svensk dame']",[],[],"['«Peer Gynt»', '«Ballonbrev»']"
169,0,øvrige,,,,,"['Herr Bjørnson', 'herr Nandrup', 'svensk dame']",[],[],"['«Peer Gynt»', '«Ballonbrev»']"
170,0,"anliggender,",,,,,"['Herr Bjørnson', 'herr Nandrup', 'svensk dame']",[],[],"['«Peer Gynt»', '«Ballonbrev»']"
171,0,så,,,,,"['Herr Bjørnson', 'herr Nandrup', 'svensk dame']",[],[],"['«Peer Gynt»', '«Ballonbrev»']"
172,0,ønsker,,,,,"['Herr Bjørnson', 'herr Nandrup', 'svensk dame']",[],[],"['«Peer Gynt»', '«Ballonbrev»']"
173,0,jeg,,,,,"['Herr Bjørnson', 'herr Nandrup', 'svensk dame']",[],[],"['«Peer Gynt»', '«Ballonbrev»']"
174,0,naturligvis,,,,,"['Herr Bjørnson', 'herr Nandrup', 'svensk dame']",[],[],"['«Peer Gynt»', '«Ballonbrev»']"
175,0,helst,,,,,"['Herr Bjørnson', 'herr Nandrup', 'svensk dame']",[],[],"['«Peer Gynt»', '«Ballonbrev»']"
176,0,at,,,,,"['Herr Bjørnson', 'herr Nandrup', 'svensk dame']",[],[],"['«Peer Gynt»', '«Ballonbrev»']"
177,0,De,,,,,"['Herr Bjørnson', 'herr Nandrup', 'svensk dame']",[],[],"['«Peer Gynt»', '«Ballonbrev»']"
178,0,også,,,,,"['Herr Bjørnson', 'herr Nandrup', 'svensk dame']",[],[],"['«Peer Gynt»', '«Ballonbrev»']"
179,0,i,,,,,"['Herr Bjørnson', 'herr Nandrup', 'svensk dame']",[],[],"['«Peer Gynt»', '«Ballonbrev»']"
180,0,denne,,,,,"['Herr Bjørnson', 'herr Nandrup', 'svensk dame']",[],[],"['«Peer Gynt»', '«Ballonbrev»']"
181,0,sag,,,,,"['Herr Bjørnson', 'herr Nandrup', 'svensk dame']",[],[],"['«Peer Gynt»', '«Ballonbrev»']"
182,0,vil,,,,,"['Herr Bjørnson', 'herr Nandrup', 'svensk dame']",[],[],"['«Peer Gynt»', '«Ballonbrev»']"
183,0,være,,,,,"['Herr Bjørnson', 'herr Nandrup', 'svensk dame']",[],[],"['«Peer Gynt»', '«Ballonbrev»']"
184,0,min,,,,,"['Herr Bjørnson', 'herr Nandrup', 'svensk dame']",[],[],"['«Peer Gynt»', '«Ballonbrev»']"
185,0,stedfortræder.Hvad,,,,,"['Herr Bjørnson', 'herr Nandrup', 'svensk dame']",[],[],"['«Peer Gynt»', '«Ballonbrev»']"
186,0,mit,,,,,"['Herr Bjørnson', 'herr Nandrup', 'svensk dame']",[],[],"['«Peer Gynt»', '«Ballonbrev»']"
187,0,nye,,,,,"['Herr Bjørnson', 'herr Nandrup', 'svensk dame']",[],[],"['«Peer Gynt»', '«Ballonbrev»']"
188,0,dramatiske,,,,,"['Herr Bjørnson', 'herr Nandrup', 'svensk dame']",[],[],"['«Peer Gynt»', '«Ballonbrev»']"
189,0,arbejde,,,,,"['Herr Bjørnson', 'herr Nandrup', 'svensk dame']",[],[],"['«Peer Gynt»', '«Ballonbrev»']"
190,0,"angår,",,,,,"['Herr Bjørnson', 'herr Nandrup', 'svensk dame']",[],[],"['«Peer Gynt»', '«Ballonbrev»']"
191,0,så,,,,,"['Herr Bjørnson', 'herr Nandrup', 'svensk dame']",[],[],"['«Peer Gynt»', '«Ballonbrev»']"
192,0,kan,,,,,"['Herr Bjørnson', 'herr Nandrup', 'svensk dame']",[],[],"['«Peer Gynt»', '«Ballonbrev»']"
193,0,jeg,,,,,"['Herr Bjørnson', 'herr Nandrup', 'svensk dame']",[],[],"['«Peer Gynt»', '«Ballonbrev»']"
194,0,endnu,,,,,"['Herr Bjørnson', 'herr Nandrup', 'svensk dame']",[],[],"['«Peer Gynt»', '«Ballonbrev»']"
195,0,intet,,,,,"['Herr Bjørnson', 'herr Nandrup', 'svensk dame']",[],[],"['«Peer Gynt»', '«Ballonbrev»']"
196,0,tilsagn,,,,,"['Herr Bjørnson', 'herr Nandrup', 'svensk dame']",[],[],"['«Peer Gynt»', '«Ballonbrev»']"
197,0,give.,,,,,"['Herr Bjørnson', 'herr Nandrup', 'svensk dame']",[],[],"['«Peer Gynt»', '«Ballonbrev»']"
198,0,Det,,,,,"['Herr Bjørnson', 'herr Nandrup', 'svensk dame']",[],[],"['«Peer Gynt»', '«Ballonbrev»']"
199,0,er,,,,,"['Herr Bjørnson', 'herr Nandrup', 'svensk dame']",[],[],"['«Peer Gynt»', '«Ballonbrev»']"
200,0,en,,,,,"['Herr Bjørnson', 'herr Nandrup', 'svensk dame']",[],[],"['«Peer Gynt»', '«Ballonbrev»']"
201,0,selvfølge,,,,,"['Herr Bjørnson', 'herr Nandrup', 'svensk dame']",[],[],"['«Peer Gynt»', '«Ballonbrev»']"
202,0,at,,,,,"['Herr Bjørnson', 'herr Nandrup', 'svensk dame']",[],[],"['«Peer Gynt»', '«Ballonbrev»']"
203,0,jeg,,,,,"['Herr Bjørnson', 'herr Nandrup', 'svensk dame']",[],[],"['«Peer Gynt»', '«Ballonbrev»']"
204,0,indleverer,,,,,"['Herr Bjørnson', 'herr Nandrup', 'svensk dame']",[],[],"['«Peer Gynt»', '«Ballonbrev»']"
205,0,stykket,,,,,"['Herr Bjørnson', 'herr Nandrup', 'svensk dame']",[],[],"['«Peer Gynt»', '«Ballonbrev»']"
206,0,til,,,,,"['Herr Bjørnson', 'herr Nandrup', 'svensk dame']",[],[],"['«Peer Gynt»', '«Ballonbrev»']"
207,0,det,,,,,"['Herr Bjørnson', 'herr Nandrup', 'svensk dame']",[],[],"['«Peer Gynt»', '«Ballonbrev»']"
208,0,"theater,",,,,,"['Herr Bjørnson', 'herr Nandrup', 'svensk dame']",[],[],"['«Peer Gynt»', '«Ballonbrev»']"
209,0,hvis,,,,,"['Herr Bjørnson', 'herr Nandrup', 'svensk dame']",[],[],"['«Peer Gynt»', '«Ballonbrev»']"
210,0,kræfter,,,,,"['Herr Bjørnson', 'herr Nandrup', 'svensk dame']",[],[],"['«Peer Gynt»', '«Ballonbrev»']"
211,0,garanterer,,,,,"['Herr Bjørnson', 'herr Nandrup', 'svensk dame']",[],[],"['«Peer Gynt»', '«Ballonbrev»']"
212,0,den,,,,,"['Herr Bjørnson', 'herr Nandrup', 'svensk dame']",[],[],"['«Peer Gynt»', '«Ballonbrev»']"
213,0,bedste,,,,,"['Herr Bjørnson', 'herr Nandrup', 'svensk dame']",[],[],"['«Peer Gynt»', '«Ballonbrev»']"
214,0,udførelse.,,,,,"['Herr Bjørnson', 'herr Nandrup', 'svensk dame']",[],[],"['«Peer Gynt»', '«Ballonbrev»']"
215,0,Experimentet,,,,,"['Herr Bjørnson', 'herr Nandrup', 'svensk dame']",[],[],"['«Peer Gynt»', '«Ballonbrev»']"
216,0,med,,,,,"['Herr Bjørnson', 'herr Nandrup', 'svensk dame']",[],[],"['«Peer Gynt»', '«Ballonbrev»']"
217,0,«Peer,,,,,"['Herr Bjørnson', 'herr Nandrup', 'svensk dame']",[],[],"['«Peer Gynt»', '«Ballonbrev»']"
218,0,Gynt»,,,,,"['Herr Bjørnson', 'herr Nandrup', 'svensk dame']",[],[],"['«Peer Gynt»', '«Ballonbrev»']"
219,0,vil,,,,,"['Herr Bjørnson', 'herr Nandrup', 'svensk dame']",[],[],"['«Peer Gynt»', '«Ballonbrev»']"
220,0,måské,,,,,"['Herr Bjørnson', 'herr Nandrup', 'svensk dame']",[],[],"['«Peer Gynt»', '«Ballonbrev»']"
221,0,i,,,,,"['Herr Bjørnson', 'herr Nandrup', 'svensk dame']",[],[],"['«Peer Gynt»', '«Ballonbrev»']"
222,0,så,,,,,"['Herr Bjørnson', 'herr Nandrup', 'svensk dame']",[],[],"['«Peer Gynt»', '«Ballonbrev»']"
223,0,henseende,,,,,"['Herr Bjørnson', 'herr Nandrup', 'svensk dame']",[],[],"['«Peer Gynt»', '«Ballonbrev»']"
224,0,kunne,,,,,"['Herr Bjørnson', 'herr Nandrup', 'svensk dame']",[],[],"['«Peer Gynt»', '«Ballonbrev»']"
225,0,afgive,,,,,"['Herr Bjørnson', 'herr Nandrup', 'svensk dame']",[],[],"['«Peer Gynt»', '«Ballonbrev»']"
226,0,den,,,,,"['Herr Bjørnson', 'herr Nandrup', 'svensk dame']",[],[],"['«Peer Gynt»', '«Ballonbrev»']"
227,0,fornødne,,,,,"['Herr Bjørnson', 'herr Nandrup', 'svensk dame']",[],[],"['«Peer Gynt»', '«Ballonbrev»']"
228,0,målestok.Foranstående,,,,,"['Herr Bjørnson', 'herr Nandrup', 'svensk dame']",[],[],"['«Peer Gynt»', '«Ballonbrev»']"
229,0,ønskes,,,,,"['Herr Bjørnson', 'herr Nandrup', 'svensk dame']",[],[],"['«Peer Gynt»', '«Ballonbrev»']"
230,0,i,,,,,"['Herr Bjørnson', 'herr Nandrup', 'svensk dame']",[],[],"['«Peer Gynt»', '«Ballonbrev»']"
231,0,sin,,,,,"['Herr Bjørnson', 'herr Nandrup', 'svensk dame']",[],[],"['«Peer Gynt»', '«Ballonbrev»']"
232,0,helhed,,,,,"['Herr Bjørnson', 'herr Nandrup', 'svensk dame']",[],[],"['«Peer Gynt»', '«Ballonbrev»']"
233,0,meddelt,,,,,"['Herr Bjørnson', 'herr Nandrup', 'svensk dame']",[],[],"['«Peer Gynt»', '«Ballonbrev»']"
234,0,rette,,,,,"['Herr Bjørnson', 'herr Nandrup', 'svensk dame']",[],[],"['«Peer Gynt»', '«Ballonbrev»']"
235,0,vedkommende.,,,,,"['Herr Bjørnson', 'herr Nandrup', 'svensk dame']",[],[],"['«Peer Gynt»', '«Ballonbrev»']"
236,0,–Jeg,,,,,"['Herr Bjørnson', 'herr Nandrup', 'svensk dame']",[],[],"['«Peer Gynt»', '«Ballonbrev»']"
237,0,takker,,,,,"['Herr Bjørnson', 'herr Nandrup', 'svensk dame']",[],[],"['«Peer Gynt»', '«Ballonbrev»']"
238,0,Dem,,,,,"['Herr Bjørnson', 'herr Nandrup', 'svensk dame']",[],[],"['«Peer Gynt»', '«Ballonbrev»']"
239,0,om,,,,,"['Herr Bjørnson', 'herr Nandrup', 'svensk dame']",[],[],"['«Peer Gynt»', '«Ballonbrev»']"
240,0,De,,,,,"['Herr Bjørnson', 'herr Nandrup', 'svensk dame']",[],[],"['«Peer Gynt»', '«Ballonbrev»']"
241,0,for,,,,,"['Herr Bjørnson', 'herr Nandrup', 'svensk dame']",[],[],"['«Peer Gynt»', '«Ballonbrev»']"
242,0,min,,,,,"['Herr Bjørnson', 'herr Nandrup', 'svensk dame']",[],[],"['«Peer Gynt»', '«Ballonbrev»']"
243,0,regning,,,,,"['Herr Bjørnson', 'herr Nandrup', 'svensk dame']",[],[],"['«Peer Gynt»', '«Ballonbrev»']"
244,0,vil,,,,,"['Herr Bjørnson', 'herr Nandrup', 'svensk dame']",[],[],"['«Peer Gynt»', '«Ballonbrev»']"
245,0,udbetale,,,,,"['Herr Bjørnson', 'herr Nandrup', 'svensk dame']",[],[],"['«Peer Gynt»', '«Ballonbrev»']"
246,0,herr,,,,,"['Herr Bjørnson', 'herr Nandrup', 'svensk dame']",[],[],"['«Peer Gynt»', '«Ballonbrev»']"
247,0,Nandrup,,,,,"['Herr Bjørnson', 'herr Nandrup', 'svensk dame']",[],[],"['«Peer Gynt»', '«Ballonbrev»']"
248,0,50,,,,,"['Herr Bjørnson', 'herr Nandrup', 'svensk dame']",[],[],"['«Peer Gynt»', '«Ballonbrev»']"
249,0,Spdlr:Til,,,,,"['Herr Bjørnson', 'herr Nandrup', 'svensk dame']",[],[],"['«Peer Gynt»', '«Ballonbrev»']"
250,0,Deres,,,,,"['Herr Bjørnson', 'herr Nandrup', 'svensk dame']",[],[],"['«Peer Gynt»', '«Ballonbrev»']"
251,0,eventuelle,,,,,"['Herr Bjørnson', 'herr Nandrup', 'svensk dame']",[],[],"['«Peer Gynt»', '«Ballonbrev»']"
252,0,udnævnelse,,,,,"['Herr Bjørnson', 'herr Nandrup', 'svensk dame']",[],[],"['«Peer Gynt»', '«Ballonbrev»']"
253,0,til,,,,,"['Herr Bjørnson', 'herr Nandrup', 'svensk dame']",[],[],"['«Peer Gynt»', '«Ballonbrev»']"
254,0,bureauchef,,,,,"['Herr Bjørnson', 'herr Nandrup', 'svensk dame']",[],[],"['«Peer Gynt»', '«Ballonbrev»']"
255,0,gratulerer,,,,,"['Herr Bjørnson', 'herr Nandrup', 'svensk dame']",[],[],"['«Peer Gynt»', '«Ballonbrev»']"
256,0,vi,,,,,"['Herr Bjørnson', 'herr Nandrup', 'svensk dame']",[],[],"['«Peer Gynt»', '«Ballonbrev»']"
257,0,alle,,,,,"['Herr Bjørnson', 'herr Nandrup', 'svensk dame']",[],[],"['«Peer Gynt»', '«Ballonbrev»']"
258,0,af,,,,,"['Herr Bjørnson', 'herr Nandrup', 'svensk dame']",[],[],"['«Peer Gynt»', '«Ballonbrev»']"
259,0,ganske,,,,,"['Herr Bjørnson', 'herr Nandrup', 'svensk dame']",[],[],"['«Peer Gynt»', '«Ballonbrev»']"
260,0,hjerte.,,,,,"['Herr Bjørnson', 'herr Nandrup', 'svensk dame']",[],[],"['«Peer Gynt»', '«Ballonbrev»']"
261,0,Vi,,,,,"['Herr Bjørnson', 'herr Nandrup', 'svensk dame']",[],[],"['«Peer Gynt»', '«Ballonbrev»']"
262,0,har,,,,,"['Herr Bjørnson', 'herr Nandrup', 'svensk dame']",[],[],"['«Peer Gynt»', '«Ballonbrev»']"
263,0,naturligvis,,,,,"['Herr Bjørnson', 'herr Nandrup', 'svensk dame']",[],[],"['«Peer Gynt»', '«Ballonbrev»']"
264,0,ansét,,,,,"['Herr Bjørnson', 'herr Nandrup', 'svensk dame']",[],[],"['«Peer Gynt»', '«Ballonbrev»']"
265,0,det,,,,,"['Herr Bjørnson', 'herr Nandrup', 'svensk dame']",[],[],"['«Peer Gynt»', '«Ballonbrev»']"
266,0,for,,,,,"['Herr Bjørnson', 'herr Nandrup', 'svensk dame']",[],[],"['«Peer Gynt»', '«Ballonbrev»']"
267,0,en,,,,,"['Herr Bjørnson', 'herr Nandrup', 'svensk dame']",[],[],"['«Peer Gynt»', '«Ballonbrev»']"
268,0,selvfølge,,,,,"['Herr Bjørnson', 'herr Nandrup', 'svensk dame']",[],[],"['«Peer Gynt»', '«Ballonbrev»']"
269,0,at,,,,,"['Herr Bjørnson', 'herr Nandrup', 'svensk dame']",[],[],"['«Peer Gynt»', '«Ballonbrev»']"
270,0,så,,,,,"['Herr Bjørnson', 'herr Nandrup', 'svensk dame']",[],[],"['«Peer Gynt»', '«Ballonbrev»']"
271,0,vilde,,,,,"['Herr Bjørnson', 'herr Nandrup', 'svensk dame']",[],[],"['«Peer Gynt»', '«Ballonbrev»']"
272,0,ske.,,,,,"['Herr Bjørnson', 'herr Nandrup', 'svensk dame']",[],[],"['«Peer Gynt»', '«Ballonbrev»']"
273,0,Jeg,,,,,"['Herr Bjørnson', 'herr Nandrup', 'svensk dame']",[],[],"['«Peer Gynt»', '«Ballonbrev»']"
274,0,har,,,,,"['Herr Bjørnson', 'herr Nandrup', 'svensk dame']",[],[],"['«Peer Gynt»', '«Ballonbrev»']"
275,0,i,,,,,"['Herr Bjørnson', 'herr Nandrup', 'svensk dame']",[],[],"['«Peer Gynt»', '«Ballonbrev»']"
276,0,disse,,,,,"['Herr Bjørnson', 'herr Nandrup', 'svensk dame']",[],[],"['«Peer Gynt»', '«Ballonbrev»']"
277,0,dage,,,,,"['Herr Bjørnson', 'herr Nandrup', 'svensk dame']",[],[],"['«Peer Gynt»', '«Ballonbrev»']"
278,0,skrevet,,,,,"['Herr Bjørnson', 'herr Nandrup', 'svensk dame']",[],[],"['«Peer Gynt»', '«Ballonbrev»']"
279,0,et,,,,,"['Herr Bjørnson', 'herr Nandrup', 'svensk dame']",[],[],"['«Peer Gynt»', '«Ballonbrev»']"
280,0,længere,,,,,"['Herr Bjørnson', 'herr Nandrup', 'svensk dame']",[],[],"['«Peer Gynt»', '«Ballonbrev»']"
281,0,"digt,",,,,,"['Herr Bjørnson', 'herr Nandrup', 'svensk dame']",[],[],"['«Peer Gynt»', '«Ballonbrev»']"
282,0,et,,,,,"['Herr Bjørnson', 'herr Nandrup', 'svensk dame']",[],[],"['«Peer Gynt»', '«Ballonbrev»']"
283,0,såkaldt,,,,,"['Herr Bjørnson', 'herr Nandrup', 'svensk dame']",[],[],"['«Peer Gynt»', '«Ballonbrev»']"
284,0,«Ballonbrev»,,,,,"['Herr Bjørnson', 'herr Nandrup', 'svensk dame']",[],[],"['«Peer Gynt»', '«Ballonbrev»']"
285,0,til,,,,,"['Herr Bjørnson', 'herr Nandrup', 'svensk dame']",[],[],"['«Peer Gynt»', '«Ballonbrev»']"
286,0,en,,,,,"['Herr Bjørnson', 'herr Nandrup', 'svensk dame']",[],[],"['«Peer Gynt»', '«Ballonbrev»']"
287,0,svensk,,,,,"['Herr Bjørnson', 'herr Nandrup', 'svensk dame']",[],[],"['«Peer Gynt»', '«Ballonbrev»']"
288,0,"dame,",,,,,"['Herr Bjørnson', 'herr Nandrup', 'svensk dame']",[],[],"['«Peer Gynt»', '«Ballonbrev»']"
289,0,hvilket,,,,,"['Herr Bjørnson', 'herr Nandrup', 'svensk dame']",[],[],"['«Peer Gynt»', '«Ballonbrev»']"
290,0,snarest,,,,,"['Herr Bjørnson', 'herr Nandrup', 'svensk dame']",[],[],"['«Peer Gynt»', '«Ballonbrev»']"
291,0,muligt,,,,,"['Herr Bjørnson', 'herr Nandrup', 'svensk dame']",[],[],"['«Peer Gynt»', '«Ballonbrev»']"
292,0,kommer,,,,,"['Herr Bjørnson', 'herr Nandrup', 'svensk dame']",[],[],"['«Peer Gynt»', '«Ballonbrev»']"
293,0,i,,,,,"['Herr Bjørnson', 'herr Nandrup', 'svensk dame']",[],[],"['«Peer Gynt»', '«Ballonbrev»']"
294,0,Morgenbladet.Her,,,,,"['Herr Bjørnson', 'herr Nandrup', 'svensk dame']",[],[],"['«Peer Gynt»', '«Ballonbrev»']"
295,0,er,,,,,"['Herr Bjørnson', 'herr Nandrup', 'svensk dame']",[],[],"['«Peer Gynt»', '«Ballonbrev»']"
296,0,i,,,,,"['Herr Bjørnson', 'herr Nandrup', 'svensk dame']",[],[],"['«Peer Gynt»', '«Ballonbrev»']"
297,0,denne,,,,,"['Herr Bjørnson', 'herr Nandrup', 'svensk dame']",[],[],"['«Peer Gynt»', '«Ballonbrev»']"
298,0,tid,,,,,"['Herr Bjørnson', 'herr Nandrup', 'svensk dame']",[],[],"['«Peer Gynt»', '«Ballonbrev»']"
299,0,bidende,,,,,"['Herr Bjørnson', 'herr Nandrup', 'svensk dame']",[],[],"['«Peer Gynt»', '«Ballonbrev»']"
300,0,koldt;,,,,,"['Herr Bjørnson', 'herr Nandrup', 'svensk dame']",[],[],"['«Peer Gynt»', '«Ballonbrev»']"
301,0,men,,,,,"['Herr Bjørnson', 'herr Nandrup', 'svensk dame']",[],[],"['«Peer Gynt»', '«Ballonbrev»']"
302,0,i,,,,,"['Herr Bjørnson', 'herr Nandrup', 'svensk dame']",[],[],"['«Peer Gynt»', '«Ballonbrev»']"
303,0,vort,,,,,"['Herr Bjørnson', 'herr Nandrup', 'svensk dame']",[],[],"['«Peer Gynt»', '«Ballonbrev»']"
304,0,smukke,,,,,"['Herr Bjørnson', 'herr Nandrup', 'svensk dame']",[],[],"['«Peer Gynt»', '«Ballonbrev»']"
305,0,og,,,,,"['Herr Bjørnson', 'herr Nandrup', 'svensk dame']",[],[],"['«Peer Gynt»', '«Ballonbrev»']"
306,0,lune,,,,,"['Herr Bjørnson', 'herr Nandrup', 'svensk dame']",[],[],"['«Peer Gynt»', '«Ballonbrev»']"
307,0,hjem,,,,,"['Herr Bjørnson', 'herr Nandrup', 'svensk dame']",[],[],"['«Peer Gynt»', '«Ballonbrev»']"
308,0,havde,,,,,"['Herr Bjørnson', 'herr Nandrup', 'svensk dame']",[],[],"['«Peer Gynt»', '«Ballonbrev»']"
309,0,vi,,,,,"['Herr Bjørnson', 'herr Nandrup', 'svensk dame']",[],[],"['«Peer Gynt»', '«Ballonbrev»']"
310,0,igår,,,,,"['Herr Bjørnson', 'herr Nandrup', 'svensk dame']",[],[],"['«Peer Gynt»', '«Ballonbrev»']"
311,0,en,,,,,"['Herr Bjørnson', 'herr Nandrup', 'svensk dame']",[],[],"['«Peer Gynt»', '«Ballonbrev»']"
312,0,hyggelig,,,,,"['Herr Bjørnson', 'herr Nandrup', 'svensk dame']",[],[],"['«Peer Gynt»', '«Ballonbrev»']"
313,0,julaften.,,,,,"['Herr Bjørnson', 'herr Nandrup', 'svensk dame']",[],[],"['«Peer Gynt»', '«Ballonbrev»']"
314,0,Vi,,,,,"['Herr Bjørnson', 'herr Nandrup', 'svensk dame']",[],[],"['«Peer Gynt»', '«Ballonbrev»']"
315,0,befinder,,,,,"['Herr Bjørnson', 'herr Nandrup', 'svensk dame']",[],[],"['«Peer Gynt»', '«Ballonbrev»']"
316,0,os,,,,,"['Herr Bjørnson', 'herr Nandrup', 'svensk dame']",[],[],"['«Peer Gynt»', '«Ballonbrev»']"
317,0,alle,,,,,"['Herr Bjørnson', 'herr Nandrup', 'svensk dame']",[],[],"['«Peer Gynt»', '«Ballonbrev»']"
318,0,"vel,",,,,,"['Herr Bjørnson', 'herr Nandrup', 'svensk dame']",[],[],"['«Peer Gynt»', '«Ballonbrev»']"
319,0,og,,,,,"['Herr Bjørnson', 'herr Nandrup', 'svensk dame']",[],[],"['«Peer Gynt»', '«Ballonbrev»']"
320,0,ønsker,,,,,"['Herr Bjørnson', 'herr Nandrup', 'svensk dame']",[],[],"['«Peer Gynt»', '«Ballonbrev»']"
321,0,Dem,,,,,"['Herr Bjørnson', 'herr Nandrup', 'svensk dame']",[],[],"['«Peer Gynt»', '«Ballonbrev»']"
322,0,et,,,,,"['Herr Bjørnson', 'herr Nandrup', 'svensk dame']",[],[],"['«Peer Gynt»', '«Ballonbrev»']"
323,0,godt,,,,,"['Herr Bjørnson', 'herr Nandrup', 'svensk dame']",[],[],"['«Peer Gynt»', '«Ballonbrev»']"
324,0,og,,,,,"['Herr Bjørnson', 'herr Nandrup', 'svensk dame']",[],[],"['«Peer Gynt»', '«Ballonbrev»']"
325,0,glædeligt,,,,,"['Herr Bjørnson', 'herr Nandrup', 'svensk dame']",[],[],"['«Peer Gynt»', '«Ballonbrev»']"
326,0,nytår,,,,,"['Herr Bjørnson', 'herr Nandrup', 'svensk dame']",[],[],"['«Peer Gynt»', '«Ballonbrev»']"
327,0,i,,,,,"['Herr Bjørnson', 'herr Nandrup', 'svensk dame']",[],[],"['«Peer Gynt»', '«Ballonbrev»']"
328,0,alle,,,,,"['Herr Bjørnson', 'herr Nandrup', 'svensk dame']",[],[],"['«Peer Gynt»', '«Ballonbrev»']"
329,0,måder.,,,,,"['Herr Bjørnson', 'herr Nandrup', 'svensk dame']",[],[],"['«Peer Gynt»', '«Ballonbrev»']"
