,,0,human_annotation,who,dacy_medium,spacy_trf,person,place,org,work
0,0,Over,,,,,['Sohlman'],[],[],[]
1,0,min,,,,,['Sohlman'],[],[],[]
2,0,afdøde,,,,,['Sohlman'],[],[],[]
3,0,ven,,,,,['Sohlman'],[],[],[]
4,0,Sohlman,,,,,['Sohlman'],[],[],[]
5,0,er,,,,,['Sohlman'],[],[],[]
6,0,det,,,,,['Sohlman'],[],[],[]
7,0,mig,,,,,['Sohlman'],[],[],[]
8,0,under,,,,,['Sohlman'],[],[],[]
9,0,de,,,,,['Sohlman'],[],[],[]
10,0,forhåndenværende,,,,,['Sohlman'],[],[],[]
11,0,omstændigheder,,,,,['Sohlman'],[],[],[]
12,0,umuligt,,,,,['Sohlman'],[],[],[]
13,0,at,,,,,['Sohlman'],[],[],[]
14,0,skrive,,,,,['Sohlman'],[],[],[]
15,0,noget,,,,,['Sohlman'],[],[],[]
16,0,digt.,,,,,['Sohlman'],[],[],[]
17,0,Til,,,,,['Sohlman'],[],[],[]
18,0,et,,,,,['Sohlman'],[],[],[]
19,0,sådant,,,,,['Sohlman'],[],[],[]
20,0,arbejde,,,,,['Sohlman'],[],[],[]
21,0,kræves,,,,,['Sohlman'],[],[],[]
22,0,en,,,,,['Sohlman'],[],[],[]
23,0,ganske,,,,,['Sohlman'],[],[],[]
24,0,anden,,,,,['Sohlman'],[],[],[]
25,0,ro,,,,,['Sohlman'],[],[],[]
26,0,og,,,,,['Sohlman'],[],[],[]
27,0,"forberedelse,",,,,,['Sohlman'],[],[],[]
28,0,end,,,,,['Sohlman'],[],[],[]
29,0,"den,",,,,,['Sohlman'],[],[],[]
30,0,der,,,,,['Sohlman'],[],[],[]
31,0,i,,,,,['Sohlman'],[],[],[]
32,0,disse,,,,,['Sohlman'],[],[],[]
33,0,dage,,,,,['Sohlman'],[],[],[]
34,0,og,,,,,['Sohlman'],[],[],[]
35,0,med,,,,,['Sohlman'],[],[],[]
36,0,så,,,,,['Sohlman'],[],[],[]
37,0,kort,,,,,['Sohlman'],[],[],[]
38,0,frist,,,,,['Sohlman'],[],[],[]
39,0,kan,,,,,['Sohlman'],[],[],[]
40,0,blive,,,,,['Sohlman'],[],[],[]
41,0,mig,,,,,['Sohlman'],[],[],[]
42,0,til,,,,,['Sohlman'],[],[],[]
43,0,del.,,,,,['Sohlman'],[],[],[]
44,0,Fra,,,,,['Sohlman'],[],[],[]
45,0,lejlighedsdigtningen,,,,,['Sohlman'],[],[],[]
46,0,overhovedet,,,,,['Sohlman'],[],[],[]
47,0,har,,,,,['Sohlman'],[],[],[]
48,0,jeg,,,,,['Sohlman'],[],[],[]
49,0,også,,,,,['Sohlman'],[],[],[]
50,0,sågodtsom,,,,,['Sohlman'],[],[],[]
51,0,ganske,,,,,['Sohlman'],[],[],[]
52,0,trukket,,,,,['Sohlman'],[],[],[]
53,0,mig,,,,,['Sohlman'],[],[],[]
54,0,tilbage.,,,,,['Sohlman'],[],[],[]
55,0,Selv,,,,,['Sohlman'],[],[],[]
56,0,over,,,,,['Sohlman'],[],[],[]
57,0,"mænd,",,,,,['Sohlman'],[],[],[]
58,0,der,,,,,['Sohlman'],[],[],[]
59,0,i,,,,,['Sohlman'],[],[],[]
60,0,livet,,,,,['Sohlman'],[],[],[]
61,0,stod,,,,,['Sohlman'],[],[],[]
62,0,mig,,,,,['Sohlman'],[],[],[]
63,0,nærmere,,,,,['Sohlman'],[],[],[]
64,0,end,,,,,['Sohlman'],[],[],[]
65,0,"Sohlman,",,,,,['Sohlman'],[],[],[]
66,0,har,,,,,['Sohlman'],[],[],[]
67,0,jeg,,,,,['Sohlman'],[],[],[]
68,0,intet,,,,,['Sohlman'],[],[],[]
69,0,skrevet.Når,,,,,['Sohlman'],[],[],[]
70,0,Deres,,,,,['Sohlman'],[],[],[]
71,0,vej,,,,,['Sohlman'],[],[],[]
72,0,fører,,,,,['Sohlman'],[],[],[]
73,0,Dem,,,,,['Sohlman'],[],[],[]
74,0,i,,,,,['Sohlman'],[],[],[]
75,0,vort,,,,,['Sohlman'],[],[],[]
76,0,"nabolag,",,,,,['Sohlman'],[],[],[]
77,0,vil,,,,,['Sohlman'],[],[],[]
78,0,det,,,,,['Sohlman'],[],[],[]
79,0,altid,,,,,['Sohlman'],[],[],[]
80,0,være,,,,,['Sohlman'],[],[],[]
81,0,os,,,,,['Sohlman'],[],[],[]
82,0,kært,,,,,['Sohlman'],[],[],[]
83,0,at,,,,,['Sohlman'],[],[],[]
84,0,se,,,,,['Sohlman'],[],[],[]
85,0,Dem,,,,,['Sohlman'],[],[],[]
86,0,oppe,,,,,['Sohlman'],[],[],[]
87,0,hos,,,,,['Sohlman'],[],[],[]
88,0,os.,,,,,['Sohlman'],[],[],[]
