,,0,human_annotation,who,dacy_medium,spacy_trf,person,place,org,work
0,0,Som,,,,,"['korrektør', 'Bresemanns', 'Deres søn']",[],[],['«Kongs-emnerne»']
1,0,svar,,,,,"['korrektør', 'Bresemanns', 'Deres søn']",[],[],['«Kongs-emnerne»']
2,0,på,,,,,"['korrektør', 'Bresemanns', 'Deres søn']",[],[],['«Kongs-emnerne»']
3,0,Deres,,,,,"['korrektør', 'Bresemanns', 'Deres søn']",[],[],['«Kongs-emnerne»']
4,0,venlige,,,,,"['korrektør', 'Bresemanns', 'Deres søn']",[],[],['«Kongs-emnerne»']
5,0,skrivelse,,,,,"['korrektør', 'Bresemanns', 'Deres søn']",[],[],['«Kongs-emnerne»']
6,0,af,,,,,"['korrektør', 'Bresemanns', 'Deres søn']",[],[],['«Kongs-emnerne»']
7,0,4de,,,,,"['korrektør', 'Bresemanns', 'Deres søn']",[],[],['«Kongs-emnerne»']
8,0,dennes,,,,,"['korrektør', 'Bresemanns', 'Deres søn']",[],[],['«Kongs-emnerne»']
9,0,skynder,,,,,"['korrektør', 'Bresemanns', 'Deres søn']",[],[],['«Kongs-emnerne»']
10,0,jeg,,,,,"['korrektør', 'Bresemanns', 'Deres søn']",[],[],['«Kongs-emnerne»']
11,0,mig,,,,,"['korrektør', 'Bresemanns', 'Deres søn']",[],[],['«Kongs-emnerne»']
12,0,at,,,,,"['korrektør', 'Bresemanns', 'Deres søn']",[],[],['«Kongs-emnerne»']
13,0,meddele,,,,,"['korrektør', 'Bresemanns', 'Deres søn']",[],[],['«Kongs-emnerne»']
14,0,at,,,,,"['korrektør', 'Bresemanns', 'Deres søn']",[],[],['«Kongs-emnerne»']
15,0,jeg,,,,,"['korrektør', 'Bresemanns', 'Deres søn']",[],[],['«Kongs-emnerne»']
16,0,ingen,,,,,"['korrektør', 'Bresemanns', 'Deres søn']",[],[],['«Kongs-emnerne»']
17,0,rettelser,,,,,"['korrektør', 'Bresemanns', 'Deres søn']",[],[],['«Kongs-emnerne»']
18,0,finder,,,,,"['korrektør', 'Bresemanns', 'Deres søn']",[],[],['«Kongs-emnerne»']
19,0,at,,,,,"['korrektør', 'Bresemanns', 'Deres søn']",[],[],['«Kongs-emnerne»']
20,0,burde,,,,,"['korrektør', 'Bresemanns', 'Deres søn']",[],[],['«Kongs-emnerne»']
21,0,foretage,,,,,"['korrektør', 'Bresemanns', 'Deres søn']",[],[],['«Kongs-emnerne»']
22,0,i,,,,,"['korrektør', 'Bresemanns', 'Deres søn']",[],[],['«Kongs-emnerne»']
23,0,"«Kongs-emnerne»,",,,,,"['korrektør', 'Bresemanns', 'Deres søn']",[],[],['«Kongs-emnerne»']
24,0,hvorfor,,,,,"['korrektør', 'Bresemanns', 'Deres søn']",[],[],['«Kongs-emnerne»']
25,0,trykningen,,,,,"['korrektør', 'Bresemanns', 'Deres søn']",[],[],['«Kongs-emnerne»']
26,0,altså,,,,,"['korrektør', 'Bresemanns', 'Deres søn']",[],[],['«Kongs-emnerne»']
27,0,straks,,,,,"['korrektør', 'Bresemanns', 'Deres søn']",[],[],['«Kongs-emnerne»']
28,0,kan,,,,,"['korrektør', 'Bresemanns', 'Deres søn']",[],[],['«Kongs-emnerne»']
29,0,påbegyndes.,,,,,"['korrektør', 'Bresemanns', 'Deres søn']",[],[],['«Kongs-emnerne»']
30,0,Skulde,,,,,"['korrektør', 'Bresemanns', 'Deres søn']",[],[],['«Kongs-emnerne»']
31,0,muligens,,,,,"['korrektør', 'Bresemanns', 'Deres søn']",[],[],['«Kongs-emnerne»']
32,0,en,,,,,"['korrektør', 'Bresemanns', 'Deres søn']",[],[],['«Kongs-emnerne»']
33,0,eller,,,,,"['korrektør', 'Bresemanns', 'Deres søn']",[],[],['«Kongs-emnerne»']
34,0,anden,,,,,"['korrektør', 'Bresemanns', 'Deres søn']",[],[],['«Kongs-emnerne»']
35,0,trykfejl,,,,,"['korrektør', 'Bresemanns', 'Deres søn']",[],[],['«Kongs-emnerne»']
36,0,findes,,,,,"['korrektør', 'Bresemanns', 'Deres søn']",[],[],['«Kongs-emnerne»']
37,0,i,,,,,"['korrektør', 'Bresemanns', 'Deres søn']",[],[],['«Kongs-emnerne»']
38,0,2det,,,,,"['korrektør', 'Bresemanns', 'Deres søn']",[],[],['«Kongs-emnerne»']
39,0,"oplag,",,,,,"['korrektør', 'Bresemanns', 'Deres søn']",[],[],['«Kongs-emnerne»']
40,0,stoler,,,,,"['korrektør', 'Bresemanns', 'Deres søn']",[],[],['«Kongs-emnerne»']
41,0,jeg,,,,,"['korrektør', 'Bresemanns', 'Deres søn']",[],[],['«Kongs-emnerne»']
42,0,i,,,,,"['korrektør', 'Bresemanns', 'Deres søn']",[],[],['«Kongs-emnerne»']
43,0,så,,,,,"['korrektør', 'Bresemanns', 'Deres søn']",[],[],['«Kongs-emnerne»']
44,0,henseende,,,,,"['korrektør', 'Bresemanns', 'Deres søn']",[],[],['«Kongs-emnerne»']
45,0,på,,,,,"['korrektør', 'Bresemanns', 'Deres søn']",[],[],['«Kongs-emnerne»']
46,0,Deres,,,,,"['korrektør', 'Bresemanns', 'Deres søn']",[],[],['«Kongs-emnerne»']
47,0,omhyggelige,,,,,"['korrektør', 'Bresemanns', 'Deres søn']",[],[],['«Kongs-emnerne»']
48,0,og,,,,,"['korrektør', 'Bresemanns', 'Deres søn']",[],[],['«Kongs-emnerne»']
49,0,kyndige,,,,,"['korrektør', 'Bresemanns', 'Deres søn']",[],[],['«Kongs-emnerne»']
50,0,korrektør.Til,,,,,"['korrektør', 'Bresemanns', 'Deres søn']",[],[],['«Kongs-emnerne»']
51,0,de,,,,,"['korrektør', 'Bresemanns', 'Deres søn']",[],[],['«Kongs-emnerne»']
52,0,i,,,,,"['korrektør', 'Bresemanns', 'Deres søn']",[],[],['«Kongs-emnerne»']
53,0,Deres,,,,,"['korrektør', 'Bresemanns', 'Deres søn']",[],[],['«Kongs-emnerne»']
54,0,brev,,,,,"['korrektør', 'Bresemanns', 'Deres søn']",[],[],['«Kongs-emnerne»']
55,0,nævnte,,,,,"['korrektør', 'Bresemanns', 'Deres søn']",[],[],['«Kongs-emnerne»']
56,0,venner,,,,,"['korrektør', 'Bresemanns', 'Deres søn']",[],[],['«Kongs-emnerne»']
57,0,beder,,,,,"['korrektør', 'Bresemanns', 'Deres søn']",[],[],['«Kongs-emnerne»']
58,0,jeg,,,,,"['korrektør', 'Bresemanns', 'Deres søn']",[],[],['«Kongs-emnerne»']
59,0,Dem,,,,,"['korrektør', 'Bresemanns', 'Deres søn']",[],[],['«Kongs-emnerne»']
60,0,overbringe,,,,,"['korrektør', 'Bresemanns', 'Deres søn']",[],[],['«Kongs-emnerne»']
61,0,min,,,,,"['korrektør', 'Bresemanns', 'Deres søn']",[],[],['«Kongs-emnerne»']
62,0,varmeste,,,,,"['korrektør', 'Bresemanns', 'Deres søn']",[],[],['«Kongs-emnerne»']
63,0,genhilsen.,,,,,"['korrektør', 'Bresemanns', 'Deres søn']",[],[],['«Kongs-emnerne»']
64,0,Jeg,,,,,"['korrektør', 'Bresemanns', 'Deres søn']",[],[],['«Kongs-emnerne»']
65,0,lever,,,,,"['korrektør', 'Bresemanns', 'Deres søn']",[],[],['«Kongs-emnerne»']
66,0,temmelig,,,,,"['korrektør', 'Bresemanns', 'Deres søn']",[],[],['«Kongs-emnerne»']
67,0,ensomt,,,,,"['korrektør', 'Bresemanns', 'Deres søn']",[],[],['«Kongs-emnerne»']
68,0,"her,",,,,,"['korrektør', 'Bresemanns', 'Deres søn']",[],[],['«Kongs-emnerne»']
69,0,og,,,,,"['korrektør', 'Bresemanns', 'Deres søn']",[],[],['«Kongs-emnerne»']
70,0,glæder,,,,,"['korrektør', 'Bresemanns', 'Deres søn']",[],[],['«Kongs-emnerne»']
71,0,mig,,,,,"['korrektør', 'Bresemanns', 'Deres søn']",[],[],['«Kongs-emnerne»']
72,0,altid,,,,,"['korrektør', 'Bresemanns', 'Deres søn']",[],[],['«Kongs-emnerne»']
73,0,ved,,,,,"['korrektør', 'Bresemanns', 'Deres søn']",[],[],['«Kongs-emnerne»']
74,0,at,,,,,"['korrektør', 'Bresemanns', 'Deres søn']",[],[],['«Kongs-emnerne»']
75,0,erfare,,,,,"['korrektør', 'Bresemanns', 'Deres søn']",[],[],['«Kongs-emnerne»']
76,0,at,,,,,"['korrektør', 'Bresemanns', 'Deres søn']",[],[],['«Kongs-emnerne»']
77,0,man,,,,,"['korrektør', 'Bresemanns', 'Deres søn']",[],[],['«Kongs-emnerne»']
78,0,har,,,,,"['korrektør', 'Bresemanns', 'Deres søn']",[],[],['«Kongs-emnerne»']
79,0,mig,,,,,"['korrektør', 'Bresemanns', 'Deres søn']",[],[],['«Kongs-emnerne»']
80,0,i,,,,,"['korrektør', 'Bresemanns', 'Deres søn']",[],[],['«Kongs-emnerne»']
81,0,venlig,,,,,"['korrektør', 'Bresemanns', 'Deres søn']",[],[],['«Kongs-emnerne»']
82,0,erindring,,,,,"['korrektør', 'Bresemanns', 'Deres søn']",[],[],['«Kongs-emnerne»']
83,0,hjemme.,,,,,"['korrektør', 'Bresemanns', 'Deres søn']",[],[],['«Kongs-emnerne»']
84,0,«Den,,,,,"['korrektør', 'Bresemanns', 'Deres søn']",[],[],['«Kongs-emnerne»']
85,0,skotske,,,,,"['korrektør', 'Bresemanns', 'Deres søn']",[],[],['«Kongs-emnerne»']
86,0,Kvinde»,,,,,"['korrektør', 'Bresemanns', 'Deres søn']",[],[],['«Kongs-emnerne»']
87,0,har,,,,,"['korrektør', 'Bresemanns', 'Deres søn']",[],[],['«Kongs-emnerne»']
88,0,jeg,,,,,"['korrektør', 'Bresemanns', 'Deres søn']",[],[],['«Kongs-emnerne»']
89,0,læst,,,,,"['korrektør', 'Bresemanns', 'Deres søn']",[],[],['«Kongs-emnerne»']
90,0,med,,,,,"['korrektør', 'Bresemanns', 'Deres søn']",[],[],['«Kongs-emnerne»']
91,0,stor,,,,,"['korrektør', 'Bresemanns', 'Deres søn']",[],[],['«Kongs-emnerne»']
92,0,"interesse,",,,,,"['korrektør', 'Bresemanns', 'Deres søn']",[],[],['«Kongs-emnerne»']
93,0,mest,,,,,"['korrektør', 'Bresemanns', 'Deres søn']",[],[],['«Kongs-emnerne»']
94,0,for,,,,,"['korrektør', 'Bresemanns', 'Deres søn']",[],[],['«Kongs-emnerne»']
95,0,de,,,,,"['korrektør', 'Bresemanns', 'Deres søn']",[],[],['«Kongs-emnerne»']
96,0,fortrinlige,,,,,"['korrektør', 'Bresemanns', 'Deres søn']",[],[],['«Kongs-emnerne»']
97,0,skildringer,,,,,"['korrektør', 'Bresemanns', 'Deres søn']",[],[],['«Kongs-emnerne»']
98,0,af,,,,,"['korrektør', 'Bresemanns', 'Deres søn']",[],[],['«Kongs-emnerne»']
99,0,"tid,",,,,,"['korrektør', 'Bresemanns', 'Deres søn']",[],[],['«Kongs-emnerne»']
100,0,sæder,,,,,"['korrektør', 'Bresemanns', 'Deres søn']",[],[],['«Kongs-emnerne»']
101,0,og,,,,,"['korrektør', 'Bresemanns', 'Deres søn']",[],[],['«Kongs-emnerne»']
102,0,skikke;,,,,,"['korrektør', 'Bresemanns', 'Deres søn']",[],[],['«Kongs-emnerne»']
103,0,der,,,,,"['korrektør', 'Bresemanns', 'Deres søn']",[],[],['«Kongs-emnerne»']
104,0,er,,,,,"['korrektør', 'Bresemanns', 'Deres søn']",[],[],['«Kongs-emnerne»']
105,0,i,,,,,"['korrektør', 'Bresemanns', 'Deres søn']",[],[],['«Kongs-emnerne»']
106,0,alt,,,,,"['korrektør', 'Bresemanns', 'Deres søn']",[],[],['«Kongs-emnerne»']
107,0,dette,,,,,"['korrektør', 'Bresemanns', 'Deres søn']",[],[],['«Kongs-emnerne»']
108,0,en,,,,,"['korrektør', 'Bresemanns', 'Deres søn']",[],[],['«Kongs-emnerne»']
109,0,sandhed,,,,,"['korrektør', 'Bresemanns', 'Deres søn']",[],[],['«Kongs-emnerne»']
110,0,og,,,,,"['korrektør', 'Bresemanns', 'Deres søn']",[],[],['«Kongs-emnerne»']
111,0,"nøjagtighed,",,,,,"['korrektør', 'Bresemanns', 'Deres søn']",[],[],['«Kongs-emnerne»']
112,0,som,,,,,"['korrektør', 'Bresemanns', 'Deres søn']",[],[],['«Kongs-emnerne»']
113,0,vistnok,,,,,"['korrektør', 'Bresemanns', 'Deres søn']",[],[],['«Kongs-emnerne»']
114,0,hidindtil,,,,,"['korrektør', 'Bresemanns', 'Deres søn']",[],[],['«Kongs-emnerne»']
115,0,står,,,,,"['korrektør', 'Bresemanns', 'Deres søn']",[],[],['«Kongs-emnerne»']
116,0,uovertruffen.,,,,,"['korrektør', 'Bresemanns', 'Deres søn']",[],[],['«Kongs-emnerne»']
117,0,Karaktererne,,,,,"['korrektør', 'Bresemanns', 'Deres søn']",[],[],['«Kongs-emnerne»']
118,0,forekommer,,,,,"['korrektør', 'Bresemanns', 'Deres søn']",[],[],['«Kongs-emnerne»']
119,0,mig,,,,,"['korrektør', 'Bresemanns', 'Deres søn']",[],[],['«Kongs-emnerne»']
120,0,derimod,,,,,"['korrektør', 'Bresemanns', 'Deres søn']",[],[],['«Kongs-emnerne»']
121,0,mindre,,,,,"['korrektør', 'Bresemanns', 'Deres søn']",[],[],['«Kongs-emnerne»']
122,0,"ejendommelige,",,,,,"['korrektør', 'Bresemanns', 'Deres søn']",[],[],['«Kongs-emnerne»']
123,0,skønt,,,,,"['korrektør', 'Bresemanns', 'Deres søn']",[],[],['«Kongs-emnerne»']
124,0,vistnok,,,,,"['korrektør', 'Bresemanns', 'Deres søn']",[],[],['«Kongs-emnerne»']
125,0,fuldkommen,,,,,"['korrektør', 'Bresemanns', 'Deres søn']",[],[],['«Kongs-emnerne»']
126,0,svarende,,,,,"['korrektør', 'Bresemanns', 'Deres søn']",[],[],['«Kongs-emnerne»']
127,0,til,,,,,"['korrektør', 'Bresemanns', 'Deres søn']",[],[],['«Kongs-emnerne»']
128,0,tid,,,,,"['korrektør', 'Bresemanns', 'Deres søn']",[],[],['«Kongs-emnerne»']
129,0,og,,,,,"['korrektør', 'Bresemanns', 'Deres søn']",[],[],['«Kongs-emnerne»']
130,0,omstændigheder.,,,,,"['korrektør', 'Bresemanns', 'Deres søn']",[],[],['«Kongs-emnerne»']
131,0,Jeg,,,,,"['korrektør', 'Bresemanns', 'Deres søn']",[],[],['«Kongs-emnerne»']
132,0,kan,,,,,"['korrektør', 'Bresemanns', 'Deres søn']",[],[],['«Kongs-emnerne»']
133,0,imidlertid,,,,,"['korrektør', 'Bresemanns', 'Deres søn']",[],[],['«Kongs-emnerne»']
134,0,ikke,,,,,"['korrektør', 'Bresemanns', 'Deres søn']",[],[],['«Kongs-emnerne»']
135,0,nægte,,,,,"['korrektør', 'Bresemanns', 'Deres søn']",[],[],['«Kongs-emnerne»']
136,0,at,,,,,"['korrektør', 'Bresemanns', 'Deres søn']",[],[],['«Kongs-emnerne»']
137,0,jeg,,,,,"['korrektør', 'Bresemanns', 'Deres søn']",[],[],['«Kongs-emnerne»']
138,0,for,,,,,"['korrektør', 'Bresemanns', 'Deres søn']",[],[],['«Kongs-emnerne»']
139,0,mit,,,,,"['korrektør', 'Bresemanns', 'Deres søn']",[],[],['«Kongs-emnerne»']
140,0,vedkommende,,,,,"['korrektør', 'Bresemanns', 'Deres søn']",[],[],['«Kongs-emnerne»']
141,0,foretrækker,,,,,"['korrektør', 'Bresemanns', 'Deres søn']",[],[],['«Kongs-emnerne»']
142,0,Evalds,,,,,"['korrektør', 'Bresemanns', 'Deres søn']",[],[],['«Kongs-emnerne»']
143,0,romaner,,,,,"['korrektør', 'Bresemanns', 'Deres søn']",[],[],['«Kongs-emnerne»']
144,0,af,,,,,"['korrektør', 'Bresemanns', 'Deres søn']",[],[],['«Kongs-emnerne»']
145,0,"nutidslivet,",,,,,"['korrektør', 'Bresemanns', 'Deres søn']",[],[],['«Kongs-emnerne»']
146,0,især,,,,,"['korrektør', 'Bresemanns', 'Deres søn']",[],[],['«Kongs-emnerne»']
147,0,«Johannes,,,,,"['korrektør', 'Bresemanns', 'Deres søn']",[],[],['«Kongs-emnerne»']
148,0,Falk»,,,,,"['korrektør', 'Bresemanns', 'Deres søn']",[],[],['«Kongs-emnerne»']
149,0,og,,,,,"['korrektør', 'Bresemanns', 'Deres søn']",[],[],['«Kongs-emnerne»']
150,0,«Familien,,,,,"['korrektør', 'Bresemanns', 'Deres søn']",[],[],['«Kongs-emnerne»']
151,0,Norby.»,,,,,"['korrektør', 'Bresemanns', 'Deres søn']",[],[],['«Kongs-emnerne»']
152,0,–Tør,,,,,"['korrektør', 'Bresemanns', 'Deres søn']",[],[],['«Kongs-emnerne»']
153,0,jeg,,,,,"['korrektør', 'Bresemanns', 'Deres søn']",[],[],['«Kongs-emnerne»']
154,0,bede,,,,,"['korrektør', 'Bresemanns', 'Deres søn']",[],[],['«Kongs-emnerne»']
155,0,Dem,,,,,"['korrektør', 'Bresemanns', 'Deres søn']",[],[],['«Kongs-emnerne»']
156,0,vise,,,,,"['korrektør', 'Bresemanns', 'Deres søn']",[],[],['«Kongs-emnerne»']
157,0,mig,,,,,"['korrektør', 'Bresemanns', 'Deres søn']",[],[],['«Kongs-emnerne»']
158,0,den,,,,,"['korrektør', 'Bresemanns', 'Deres søn']",[],[],['«Kongs-emnerne»']
159,0,store,,,,,"['korrektør', 'Bresemanns', 'Deres søn']",[],[],['«Kongs-emnerne»']
160,0,tjeneste,,,,,"['korrektør', 'Bresemanns', 'Deres søn']",[],[],['«Kongs-emnerne»']
161,0,at,,,,,"['korrektør', 'Bresemanns', 'Deres søn']",[],[],['«Kongs-emnerne»']
162,0,lade,,,,,"['korrektør', 'Bresemanns', 'Deres søn']",[],[],['«Kongs-emnerne»']
163,0,købe,,,,,"['korrektør', 'Bresemanns', 'Deres søn']",[],[],['«Kongs-emnerne»']
164,0,for,,,,,"['korrektør', 'Bresemanns', 'Deres søn']",[],[],['«Kongs-emnerne»']
165,0,min,,,,,"['korrektør', 'Bresemanns', 'Deres søn']",[],[],['«Kongs-emnerne»']
166,0,regning,,,,,"['korrektør', 'Bresemanns', 'Deres søn']",[],[],['«Kongs-emnerne»']
167,0,og,,,,,"['korrektør', 'Bresemanns', 'Deres søn']",[],[],['«Kongs-emnerne»']
168,0,sende,,,,,"['korrektør', 'Bresemanns', 'Deres søn']",[],[],['«Kongs-emnerne»']
169,0,mig,,,,,"['korrektør', 'Bresemanns', 'Deres søn']",[],[],['«Kongs-emnerne»']
170,0,under,,,,,"['korrektør', 'Bresemanns', 'Deres søn']",[],[],['«Kongs-emnerne»']
171,0,korsbånd,,,,,"['korrektør', 'Bresemanns', 'Deres søn']",[],[],['«Kongs-emnerne»']
172,0,et,,,,,"['korrektør', 'Bresemanns', 'Deres søn']",[],[],['«Kongs-emnerne»']
173,0,exemplar,,,,,"['korrektør', 'Bresemanns', 'Deres søn']",[],[],['«Kongs-emnerne»']
174,0,af,,,,,"['korrektør', 'Bresemanns', 'Deres søn']",[],[],['«Kongs-emnerne»']
175,0,Bresemanns,,,,,"['korrektør', 'Bresemanns', 'Deres søn']",[],[],['«Kongs-emnerne»']
176,0,danske,,,,,"['korrektør', 'Bresemanns', 'Deres søn']",[],[],['«Kongs-emnerne»']
177,0,gramatik,,,,,"['korrektør', 'Bresemanns', 'Deres søn']",[],[],['«Kongs-emnerne»']
178,0,for,,,,,"['korrektør', 'Bresemanns', 'Deres søn']",[],[],['«Kongs-emnerne»']
179,0,tysktalende.,,,,,"['korrektør', 'Bresemanns', 'Deres søn']",[],[],['«Kongs-emnerne»']
180,0,Der,,,,,"['korrektør', 'Bresemanns', 'Deres søn']",[],[],['«Kongs-emnerne»']
181,0,er,,,,,"['korrektør', 'Bresemanns', 'Deres søn']",[],[],['«Kongs-emnerne»']
182,0,nemlig,,,,,"['korrektør', 'Bresemanns', 'Deres søn']",[],[],['«Kongs-emnerne»']
183,0,påkommet,,,,,"['korrektør', 'Bresemanns', 'Deres søn']",[],[],['«Kongs-emnerne»']
184,0,vor,,,,,"['korrektør', 'Bresemanns', 'Deres søn']",[],[],['«Kongs-emnerne»']
185,0,omgangskreds,,,,,"['korrektør', 'Bresemanns', 'Deres søn']",[],[],['«Kongs-emnerne»']
186,0,af,,,,,"['korrektør', 'Bresemanns', 'Deres søn']",[],[],['«Kongs-emnerne»']
187,0,damer,,,,,"['korrektør', 'Bresemanns', 'Deres søn']",[],[],['«Kongs-emnerne»']
188,0,et,,,,,"['korrektør', 'Bresemanns', 'Deres søn']",[],[],['«Kongs-emnerne»']
189,0,raseri,,,,,"['korrektør', 'Bresemanns', 'Deres søn']",[],[],['«Kongs-emnerne»']
190,0,efter,,,,,"['korrektør', 'Bresemanns', 'Deres søn']",[],[],['«Kongs-emnerne»']
191,0,at,,,,,"['korrektør', 'Bresemanns', 'Deres søn']",[],[],['«Kongs-emnerne»']
192,0,lære,,,,,"['korrektør', 'Bresemanns', 'Deres søn']",[],[],['«Kongs-emnerne»']
193,0,"dansk,",,,,,"['korrektør', 'Bresemanns', 'Deres søn']",[],[],['«Kongs-emnerne»']
194,0,og,,,,,"['korrektør', 'Bresemanns', 'Deres søn']",[],[],['«Kongs-emnerne»']
195,0,et,,,,,"['korrektør', 'Bresemanns', 'Deres søn']",[],[],['«Kongs-emnerne»']
196,0,sådant,,,,,"['korrektør', 'Bresemanns', 'Deres søn']",[],[],['«Kongs-emnerne»']
197,0,hjælpemiddel,,,,,"['korrektør', 'Bresemanns', 'Deres søn']",[],[],['«Kongs-emnerne»']
198,0,savnes.Med,,,,,"['korrektør', 'Bresemanns', 'Deres søn']",[],[],['«Kongs-emnerne»']
199,0,de,,,,,"['korrektør', 'Bresemanns', 'Deres søn']",[],[],['«Kongs-emnerne»']
200,0,bedste,,,,,"['korrektør', 'Bresemanns', 'Deres søn']",[],[],['«Kongs-emnerne»']
201,0,hilsener,,,,,"['korrektør', 'Bresemanns', 'Deres søn']",[],[],['«Kongs-emnerne»']
202,0,til,,,,,"['korrektør', 'Bresemanns', 'Deres søn']",[],[],['«Kongs-emnerne»']
203,0,Dem,,,,,"['korrektør', 'Bresemanns', 'Deres søn']",[],[],['«Kongs-emnerne»']
204,0,og,,,,,"['korrektør', 'Bresemanns', 'Deres søn']",[],[],['«Kongs-emnerne»']
205,0,Deres,,,,,"['korrektør', 'Bresemanns', 'Deres søn']",[],[],['«Kongs-emnerne»']
206,0,søn,,,,,"['korrektør', 'Bresemanns', 'Deres søn']",[],[],['«Kongs-emnerne»']
207,0,tegner,,,,,"['korrektør', 'Bresemanns', 'Deres søn']",[],[],['«Kongs-emnerne»']
208,0,jeg,,,,,"['korrektør', 'Bresemanns', 'Deres søn']",[],[],['«Kongs-emnerne»']
209,0,migP.,,,,,"['korrektør', 'Bresemanns', 'Deres søn']",[],[],['«Kongs-emnerne»']
210,0,s.,,,,,"['korrektør', 'Bresemanns', 'Deres søn']",[],[],['«Kongs-emnerne»']
211,0,Skulde,,,,,"['korrektør', 'Bresemanns', 'Deres søn']",[],[],['«Kongs-emnerne»']
212,0,mod,,,,,"['korrektør', 'Bresemanns', 'Deres søn']",[],[],['«Kongs-emnerne»']
213,0,formodning,,,,,"['korrektør', 'Bresemanns', 'Deres søn']",[],[],['«Kongs-emnerne»']
214,0,min,,,,,"['korrektør', 'Bresemanns', 'Deres søn']",[],[],['«Kongs-emnerne»']
215,0,hukommelse,,,,,"['korrektør', 'Bresemanns', 'Deres søn']",[],[],['«Kongs-emnerne»']
216,0,slå,,,,,"['korrektør', 'Bresemanns', 'Deres søn']",[],[],['«Kongs-emnerne»']
217,0,mig,,,,,"['korrektør', 'Bresemanns', 'Deres søn']",[],[],['«Kongs-emnerne»']
218,0,fejl,,,,,"['korrektør', 'Bresemanns', 'Deres søn']",[],[],['«Kongs-emnerne»']
219,0,og,,,,,"['korrektør', 'Bresemanns', 'Deres søn']",[],[],['«Kongs-emnerne»']
220,0,den,,,,,"['korrektør', 'Bresemanns', 'Deres søn']",[],[],['«Kongs-emnerne»']
221,0,ovennævnte,,,,,"['korrektør', 'Bresemanns', 'Deres søn']",[],[],['«Kongs-emnerne»']
222,0,bog,,,,,"['korrektør', 'Bresemanns', 'Deres søn']",[],[],['«Kongs-emnerne»']
223,0,ikke,,,,,"['korrektør', 'Bresemanns', 'Deres søn']",[],[],['«Kongs-emnerne»']
224,0,existere,,,,,"['korrektør', 'Bresemanns', 'Deres søn']",[],[],['«Kongs-emnerne»']
225,0,ønskede,,,,,"['korrektør', 'Bresemanns', 'Deres søn']",[],[],['«Kongs-emnerne»']
226,0,jeg,,,,,"['korrektør', 'Bresemanns', 'Deres søn']",[],[],['«Kongs-emnerne»']
227,0,gerne,,,,,"['korrektør', 'Bresemanns', 'Deres søn']",[],[],['«Kongs-emnerne»']
228,0,en,,,,,"['korrektør', 'Bresemanns', 'Deres søn']",[],[],['«Kongs-emnerne»']
229,0,anden,,,,,"['korrektør', 'Bresemanns', 'Deres søn']",[],[],['«Kongs-emnerne»']
230,0,til,,,,,"['korrektør', 'Bresemanns', 'Deres søn']",[],[],['«Kongs-emnerne»']
231,0,øjemedet,,,,,"['korrektør', 'Bresemanns', 'Deres søn']",[],[],['«Kongs-emnerne»']
232,0,svarende.,,,,,"['korrektør', 'Bresemanns', 'Deres søn']",[],[],['«Kongs-emnerne»']
