,,0,human_annotation,who,dacy_medium,spacy_trf,person,place,org,work
0,0,Foruden,,,,,[],[],['det kgl: Theater'],[]
1,0,de,,,,,[],[],['det kgl: Theater'],[]
2,0,øvrige,,,,,[],[],['det kgl: Theater'],[]
3,0,Sager,,,,,[],[],['det kgl: Theater'],[]
4,0,bedes,,,,,[],[],['det kgl: Theater'],[]
5,0,endelig,,,,,[],[],['det kgl: Theater'],[]
6,0,anskaffet:Et,,,,,[],[],['det kgl: Theater'],[]
7,0,trykt,,,,,[],[],['det kgl: Theater'],[]
8,0,Expl:,,,,,[],[],['det kgl: Theater'],[]
9,0,af,,,,,[],[],['det kgl: Theater'],[]
10,0,«Den,,,,,[],[],['det kgl: Theater'],[]
11,0,lille,,,,,[],[],['det kgl: Theater'],[]
12,0,Rødhætte»,,,,,[],[],['det kgl: Theater'],[]
13,0,(2det,,,,,[],[],['det kgl: Theater'],[]
14,0,Oplag)Partitur,,,,,[],[],['det kgl: Theater'],[]
15,0,til,,,,,[],[],['det kgl: Theater'],[]
16,0,«Den,,,,,[],[],['det kgl: Theater'],[]
17,0,lille,,,,,[],[],['det kgl: Theater'],[]
18,0,Rødhætte»,,,,,[],[],['det kgl: Theater'],[]
19,0,afskreven,,,,,[],[],['det kgl: Theater'],[]
20,0,ved,,,,,[],[],['det kgl: Theater'],[]
21,0,det,,,,,[],[],['det kgl: Theater'],[]
22,0,kgl:,,,,,[],[],['det kgl: Theater'],[]
23,0,Theater.Afskrift,,,,,[],[],['det kgl: Theater'],[]
24,0,af,,,,,[],[],['det kgl: Theater'],[]
25,0,«De,,,,,[],[],['det kgl: Theater'],[]
26,0,to,,,,,[],[],['det kgl: Theater'],[]
27,0,"Grenaderer»,",,,,,[],[],['det kgl: Theater'],[]
28,0,fra,,,,,[],[],['det kgl: Theater'],[]
29,0,det,,,,,[],[],['det kgl: Theater'],[]
30,0,kgl:,,,,,[],[],['det kgl: Theater'],[]
31,0,Theater,,,,,[],[],['det kgl: Theater'],[]
32,0,–,,,,,[],[],['det kgl: Theater'],[]
