,,0,human_annotation,who,dacy_medium,spacy_trf,person,place,org,work
0,0,Idet,,,,,[],[],['den skandinaviske Forening i Rom'],[]
1,0,Bestyrelsen,,,,,[],[],['den skandinaviske Forening i Rom'],[]
2,0,for,,,,,[],[],['den skandinaviske Forening i Rom'],[]
3,0,den,,,,,[],[],['den skandinaviske Forening i Rom'],[]
4,0,skandinaviske,,,,,[],[],['den skandinaviske Forening i Rom'],[]
5,0,Forening,,,,,[],[],['den skandinaviske Forening i Rom'],[]
6,0,i,,,,,[],[],['den skandinaviske Forening i Rom'],[]
7,0,Rom,,,,,[],[],['den skandinaviske Forening i Rom'],[]
8,0,erkjender,,,,,[],[],['den skandinaviske Forening i Rom'],[]
9,0,Modtagelsen,,,,,[],[],['den skandinaviske Forening i Rom'],[]
10,0,af,,,,,[],[],['den skandinaviske Forening i Rom'],[]
11,0,Deres,,,,,[],[],['den skandinaviske Forening i Rom'],[]
12,0,venlige,,,,,[],[],['den skandinaviske Forening i Rom'],[]
13,0,Skrivelse,,,,,[],[],['den skandinaviske Forening i Rom'],[]
14,0,af,,,,,[],[],['den skandinaviske Forening i Rom'],[]
15,0,26,,,,,[],[],['den skandinaviske Forening i Rom'],[]
16,0,f.,,,,,[],[],['den skandinaviske Forening i Rom'],[]
17,0,"M.,",,,,,[],[],['den skandinaviske Forening i Rom'],[]
18,0,iler,,,,,[],[],['den skandinaviske Forening i Rom'],[]
19,0,den,,,,,[],[],['den skandinaviske Forening i Rom'],[]
20,0,til,,,,,[],[],['den skandinaviske Forening i Rom'],[]
21,0,med,,,,,[],[],['den skandinaviske Forening i Rom'],[]
22,0,at,,,,,[],[],['den skandinaviske Forening i Rom'],[]
23,0,udtale,,,,,[],[],['den skandinaviske Forening i Rom'],[]
24,0,Foreningens,,,,,[],[],['den skandinaviske Forening i Rom'],[]
25,0,og,,,,,[],[],['den skandinaviske Forening i Rom'],[]
26,0,sin,,,,,[],[],['den skandinaviske Forening i Rom'],[]
27,0,egen,,,,,[],[],['den skandinaviske Forening i Rom'],[]
28,0,varmeste,,,,,[],[],['den skandinaviske Forening i Rom'],[]
29,0,Paaskjønnelse,,,,,[],[],['den skandinaviske Forening i Rom'],[]
30,0,for,,,,,[],[],['den skandinaviske Forening i Rom'],[]
31,0,Opfyldelsen,,,,,[],[],['den skandinaviske Forening i Rom'],[]
32,0,af,,,,,[],[],['den skandinaviske Forening i Rom'],[]
33,0,det,,,,,[],[],['den skandinaviske Forening i Rom'],[]
34,0,af,,,,,[],[],['den skandinaviske Forening i Rom'],[]
35,0,Deres,,,,,[],[],['den skandinaviske Forening i Rom'],[]
36,0,Høivelbaarenhed,,,,,[],[],['den skandinaviske Forening i Rom'],[]
37,0,under,,,,,[],[],['den skandinaviske Forening i Rom'],[]
38,0,Deres,,,,,[],[],['den skandinaviske Forening i Rom'],[]
39,0,korte,,,,,[],[],['den skandinaviske Forening i Rom'],[]
40,0,Ophold,,,,,[],[],['den skandinaviske Forening i Rom'],[]
41,0,her,,,,,[],[],['den skandinaviske Forening i Rom'],[]
42,0,i,,,,,[],[],['den skandinaviske Forening i Rom'],[]
43,0,Sluttningen,,,,,[],[],['den skandinaviske Forening i Rom'],[]
44,0,af,,,,,[],[],['den skandinaviske Forening i Rom'],[]
45,0,f.,,,,,[],[],['den skandinaviske Forening i Rom'],[]
46,0,A.,,,,,[],[],['den skandinaviske Forening i Rom'],[]
47,0,givne,,,,,[],[],['den skandinaviske Forening i Rom'],[]
48,0,Løfte,,,,,[],[],['den skandinaviske Forening i Rom'],[]
49,0,om,,,,,[],[],['den skandinaviske Forening i Rom'],[]
50,0,et,,,,,[],[],['den skandinaviske Forening i Rom'],[]
51,0,portofrit,,,,,[],[],['den skandinaviske Forening i Rom'],[]
52,0,tilsendt,,,,,[],[],['den skandinaviske Forening i Rom'],[]
53,0,Exemplar,,,,,[],[],['den skandinaviske Forening i Rom'],[]
54,0,af,,,,,[],[],['den skandinaviske Forening i Rom'],[]
55,0,Berlingske,,,,,[],[],['den skandinaviske Forening i Rom'],[]
56,0,polit:,,,,,[],[],['den skandinaviske Forening i Rom'],[]
57,0,og,,,,,[],[],['den skandinaviske Forening i Rom'],[]
58,0,Avertissements-Tidende.,,,,,[],[],['den skandinaviske Forening i Rom'],[]
59,0,Den,,,,,[],[],['den skandinaviske Forening i Rom'],[]
60,0,danske,,,,,[],[],['den skandinaviske Forening i Rom'],[]
61,0,Presse,,,,,[],[],['den skandinaviske Forening i Rom'],[]
62,0,var,,,,,[],[],['den skandinaviske Forening i Rom'],[]
63,0,hidentil,,,,,[],[],['den skandinaviske Forening i Rom'],[]
64,0,paa,,,,,[],[],['den skandinaviske Forening i Rom'],[]
65,0,Grund,,,,,[],[],['den skandinaviske Forening i Rom'],[]
66,0,af,,,,,[],[],['den skandinaviske Forening i Rom'],[]
67,0,Foreningens,,,,,[],[],['den skandinaviske Forening i Rom'],[]
68,0,indskrænkede,,,,,[],[],['den skandinaviske Forening i Rom'],[]
69,0,Midler,,,,,[],[],['den skandinaviske Forening i Rom'],[]
70,0,temmelig,,,,,[],[],['den skandinaviske Forening i Rom'],[]
71,0,mangelfuldt,,,,,[],[],['den skandinaviske Forening i Rom'],[]
72,0,"repræsenteret,",,,,,[],[],['den skandinaviske Forening i Rom'],[]
73,0,og,,,,,[],[],['den skandinaviske Forening i Rom'],[]
74,0,De,,,,,[],[],['den skandinaviske Forening i Rom'],[]
75,0,har,,,,,[],[],['den skandinaviske Forening i Rom'],[]
76,0,derfor,,,,,[],[],['den skandinaviske Forening i Rom'],[]
77,0,ved,,,,,[],[],['den skandinaviske Forening i Rom'],[]
78,0,den,,,,,[],[],['den skandinaviske Forening i Rom'],[]
79,0,af,,,,,[],[],['den skandinaviske Forening i Rom'],[]
80,0,Dem,,,,,[],[],['den skandinaviske Forening i Rom'],[]
81,0,viste,,,,,[],[],['den skandinaviske Forening i Rom'],[]
82,0,Gavmildhed,,,,,[],[],['den skandinaviske Forening i Rom'],[]
83,0,bidraget,,,,,[],[],['den skandinaviske Forening i Rom'],[]
84,0,meget,,,,,[],[],['den skandinaviske Forening i Rom'],[]
85,0,til,,,,,[],[],['den skandinaviske Forening i Rom'],[]
86,0,at,,,,,[],[],['den skandinaviske Forening i Rom'],[]
87,0,afskjedige,,,,,[],[],['den skandinaviske Forening i Rom'],[]
88,0,et,,,,,[],[],['den skandinaviske Forening i Rom'],[]
89,0,"Savn,",,,,,[],[],['den skandinaviske Forening i Rom'],[]
90,0,der,,,,,[],[],['den skandinaviske Forening i Rom'],[]
91,0,føltes,,,,,[],[],['den skandinaviske Forening i Rom'],[]
92,0,af,,,,,[],[],['den skandinaviske Forening i Rom'],[]
93,0,Mange,,,,,[],[],['den skandinaviske Forening i Rom'],[]
94,0,blandt,,,,,[],[],['den skandinaviske Forening i Rom'],[]
95,0,Foreningens,,,,,[],[],['den skandinaviske Forening i Rom'],[]
96,0,Medlemmer.–,,,,,[],[],['den skandinaviske Forening i Rom'],[]
97,0,Idet,,,,,[],[],['den skandinaviske Forening i Rom'],[]
98,0,vi,,,,,[],[],['den skandinaviske Forening i Rom'],[]
99,0,derfor,,,,,[],[],['den skandinaviske Forening i Rom'],[]
100,0,bede,,,,,[],[],['den skandinaviske Forening i Rom'],[]
101,0,Hr.,,,,,[],[],['den skandinaviske Forening i Rom'],[]
102,0,Kammerherren,,,,,[],[],['den skandinaviske Forening i Rom'],[]
103,0,modtage,,,,,[],[],['den skandinaviske Forening i Rom'],[]
104,0,Forsikkringen,,,,,[],[],['den skandinaviske Forening i Rom'],[]
105,0,om,,,,,[],[],['den skandinaviske Forening i Rom'],[]
106,0,vor,,,,,[],[],['den skandinaviske Forening i Rom'],[]
107,0,oprigtige,,,,,[],[],['den skandinaviske Forening i Rom'],[]
108,0,Paaskjønnelse,,,,,[],[],['den skandinaviske Forening i Rom'],[]
109,0,"heraf,",,,,,[],[],['den skandinaviske Forening i Rom'],[]
110,0,skulle,,,,,[],[],['den skandinaviske Forening i Rom'],[]
111,0,vi,,,,,[],[],['den skandinaviske Forening i Rom'],[]
112,0,ikke,,,,,[],[],['den skandinaviske Forening i Rom'],[]
113,0,undlade,,,,,[],[],['den skandinaviske Forening i Rom'],[]
114,0,at,,,,,[],[],['den skandinaviske Forening i Rom'],[]
115,0,fremhæve,,,,,[],[],['den skandinaviske Forening i Rom'],[]
116,0,en,,,,,[],[],['den skandinaviske Forening i Rom'],[]
117,0,"Omstendighed,",,,,,[],[],['den skandinaviske Forening i Rom'],[]
118,0,som,,,,,[],[],['den skandinaviske Forening i Rom'],[]
119,0,bidrager,,,,,[],[],['den skandinaviske Forening i Rom'],[]
120,0,væsentligt,,,,,[],[],['den skandinaviske Forening i Rom'],[]
121,0,"til,",,,,,[],[],['den skandinaviske Forening i Rom'],[]
122,0,at,,,,,[],[],['den skandinaviske Forening i Rom'],[]
123,0,man,,,,,[],[],['den skandinaviske Forening i Rom'],[]
124,0,høster,,,,,[],[],['den skandinaviske Forening i Rom'],[]
125,0,dobbel,,,,,[],[],['den skandinaviske Forening i Rom'],[]
126,0,Nytte,,,,,[],[],['den skandinaviske Forening i Rom'],[]
127,0,af,,,,,[],[],['den skandinaviske Forening i Rom'],[]
128,0,Deres,,,,,[],[],['den skandinaviske Forening i Rom'],[]
129,0,ærede,,,,,[],[],['den skandinaviske Forening i Rom'],[]
130,0,Blad.,,,,,[],[],['den skandinaviske Forening i Rom'],[]
131,0,Siden,,,,,[],[],['den skandinaviske Forening i Rom'],[]
132,0,Modtagelsen,,,,,[],[],['den skandinaviske Forening i Rom'],[]
133,0,af,,,,,[],[],['den skandinaviske Forening i Rom'],[]
134,0,den,,,,,[],[],['den skandinaviske Forening i Rom'],[]
135,0,første,,,,,[],[],['den skandinaviske Forening i Rom'],[]
136,0,Sending,,,,,[],[],['den skandinaviske Forening i Rom'],[]
137,0,er,,,,,[],[],['den skandinaviske Forening i Rom'],[]
138,0,der,,,,,[],[],['den skandinaviske Forening i Rom'],[]
139,0,nemlig,,,,,[],[],['den skandinaviske Forening i Rom'],[]
140,0,hver,,,,,[],[],['den skandinaviske Forening i Rom'],[]
141,0,Dag,,,,,[],[],['den skandinaviske Forening i Rom'],[]
142,0,indtruffen,,,,,[],[],['den skandinaviske Forening i Rom'],[]
143,0,1,,,,,[],[],['den skandinaviske Forening i Rom'],[]
144,0,Nummer,,,,,[],[],['den skandinaviske Forening i Rom'],[]
145,0,af,,,,,[],[],['den skandinaviske Forening i Rom'],[]
146,0,Berl.Tid.–,,,,,[],[],['den skandinaviske Forening i Rom'],[]
147,0,en,,,,,[],[],['den skandinaviske Forening i Rom'],[]
148,0,meget,,,,,[],[],['den skandinaviske Forening i Rom'],[]
149,0,hensigtsmæssig,,,,,[],[],['den skandinaviske Forening i Rom'],[]
150,0,"Foranstaltning,",,,,,[],[],['den skandinaviske Forening i Rom'],[]
151,0,som,,,,,[],[],['den skandinaviske Forening i Rom'],[]
152,0,har,,,,,[],[],['den skandinaviske Forening i Rom'],[]
153,0,vunden,,,,,[],[],['den skandinaviske Forening i Rom'],[]
154,0,almindelig,,,,,[],[],['den skandinaviske Forening i Rom'],[]
155,0,Anerkjendelse,,,,,[],[],['den skandinaviske Forening i Rom'],[]
156,0,i,,,,,[],[],['den skandinaviske Forening i Rom'],[]
157,0,"Foreningen,",,,,,[],[],['den skandinaviske Forening i Rom'],[]
158,0,da,,,,,[],[],['den skandinaviske Forening i Rom'],[]
159,0,det,,,,,[],[],['den skandinaviske Forening i Rom'],[]
160,0,er,,,,,[],[],['den skandinaviske Forening i Rom'],[]
161,0,en,,,,,[],[],['den skandinaviske Forening i Rom'],[]
162,0,"Selvfølge,",,,,,[],[],['den skandinaviske Forening i Rom'],[]
163,0,at,,,,,[],[],['den skandinaviske Forening i Rom'],[]
164,0,man,,,,,[],[],['den skandinaviske Forening i Rom'],[]
165,0,langtfra,,,,,[],[],['den skandinaviske Forening i Rom'],[]
166,0,kan,,,,,[],[],['den skandinaviske Forening i Rom'],[]
167,0,læse,,,,,[],[],['den skandinaviske Forening i Rom'],[]
168,0,et,,,,,[],[],['den skandinaviske Forening i Rom'],[]
169,0,Dagblad,,,,,[],[],['den skandinaviske Forening i Rom'],[]
170,0,med,,,,,[],[],['den skandinaviske Forening i Rom'],[]
171,0,den,,,,,[],[],['den skandinaviske Forening i Rom'],[]
172,0,udeelte,,,,,[],[],['den skandinaviske Forening i Rom'],[]
173,0,Interesse,,,,,[],[],['den skandinaviske Forening i Rom'],[]
174,0,og,,,,,[],[],['den skandinaviske Forening i Rom'],[]
175,0,"Opmærksomhed,",,,,,[],[],['den skandinaviske Forening i Rom'],[]
176,0,naar,,,,,[],[],['den skandinaviske Forening i Rom'],[]
177,0,man,,,,,[],[],['den skandinaviske Forening i Rom'],[]
178,0,faaer,,,,,[],[],['den skandinaviske Forening i Rom'],[]
179,0,3,,,,,[],[],['den skandinaviske Forening i Rom'],[]
180,0,Numere,,,,,[],[],['den skandinaviske Forening i Rom'],[]
181,0,2,,,,,[],[],['den skandinaviske Forening i Rom'],[]
182,0,Gange,,,,,[],[],['den skandinaviske Forening i Rom'],[]
183,0,om,,,,,[],[],['den skandinaviske Forening i Rom'],[]
184,0,"Ugen,",,,,,[],[],['den skandinaviske Forening i Rom'],[]
185,0,som,,,,,[],[],['den skandinaviske Forening i Rom'],[]
186,0,naar,,,,,[],[],['den skandinaviske Forening i Rom'],[]
187,0,man,,,,,[],[],['den skandinaviske Forening i Rom'],[]
188,0,daglig,,,,,[],[],['den skandinaviske Forening i Rom'],[]
189,0,faaer,,,,,[],[],['den skandinaviske Forening i Rom'],[]
190,0,1.Idet,,,,,[],[],['den skandinaviske Forening i Rom'],[]
191,0,vi,,,,,[],[],['den skandinaviske Forening i Rom'],[]
192,0,bede,,,,,[],[],['den skandinaviske Forening i Rom'],[]
193,0,Hr.,,,,,[],[],['den skandinaviske Forening i Rom'],[]
194,0,Kammerherren,,,,,[],[],['den skandinaviske Forening i Rom'],[]
195,0,fremdeles,,,,,[],[],['den skandinaviske Forening i Rom'],[]
196,0,at,,,,,[],[],['den skandinaviske Forening i Rom'],[]
197,0,bevare,,,,,[],[],['den skandinaviske Forening i Rom'],[]
198,0,Deres,,,,,[],[],['den skandinaviske Forening i Rom'],[]
199,0,Velvillie,,,,,[],[],['den skandinaviske Forening i Rom'],[]
200,0,og,,,,,[],[],['den skandinaviske Forening i Rom'],[]
201,0,Interesse,,,,,[],[],['den skandinaviske Forening i Rom'],[]
202,0,for,,,,,[],[],['den skandinaviske Forening i Rom'],[]
203,0,den,,,,,[],[],['den skandinaviske Forening i Rom'],[]
204,0,skandinaviske,,,,,[],[],['den skandinaviske Forening i Rom'],[]
205,0,"Forening,",,,,,[],[],['den skandinaviske Forening i Rom'],[]
206,0,modtage,,,,,[],[],['den skandinaviske Forening i Rom'],[]
207,0,De,,,,,[],[],['den skandinaviske Forening i Rom'],[]
208,0,Forsikkringen,,,,,[],[],['den skandinaviske Forening i Rom'],[]
209,0,om,,,,,[],[],['den skandinaviske Forening i Rom'],[]
210,0,vor,,,,,[],[],['den skandinaviske Forening i Rom'],[]
211,0,ærbødigste,,,,,[],[],['den skandinaviske Forening i Rom'],[]
212,0,Høiagtelse.,,,,,[],[],['den skandinaviske Forening i Rom'],[]
