,,0,human_annotation,who,dacy_medium,spacy_trf,person,place,org,work
0,0,Da,,,,,[],['Götheborg'],[],['«Fru Inger til Østråt»']
1,0,jeg,,,,,[],['Götheborg'],[],['«Fru Inger til Østråt»']
2,0,har,,,,,[],['Götheborg'],[],['«Fru Inger til Østråt»']
3,0,bragt,,,,,[],['Götheborg'],[],['«Fru Inger til Østråt»']
4,0,i,,,,,[],['Götheborg'],[],['«Fru Inger til Østråt»']
5,0,erfaring,,,,,[],['Götheborg'],[],['«Fru Inger til Østråt»']
6,0,at,,,,,[],['Götheborg'],[],['«Fru Inger til Østråt»']
7,0,man,,,,,[],['Götheborg'],[],['«Fru Inger til Østråt»']
8,0,i,,,,,[],['Götheborg'],[],['«Fru Inger til Østråt»']
9,0,Götheborg,,,,,[],['Götheborg'],[],['«Fru Inger til Østråt»']
10,0,har,,,,,[],['Götheborg'],[],['«Fru Inger til Østråt»']
11,0,oprettet,,,,,[],['Götheborg'],[],['«Fru Inger til Østråt»']
12,0,et,,,,,[],['Götheborg'],[],['«Fru Inger til Østråt»']
13,0,fast,,,,,[],['Götheborg'],[],['«Fru Inger til Østråt»']
14,0,"theater,",,,,,[],['Götheborg'],[],['«Fru Inger til Østråt»']
15,0,så,,,,,[],['Götheborg'],[],['«Fru Inger til Østråt»']
16,0,giver,,,,,[],['Götheborg'],[],['«Fru Inger til Østråt»']
17,0,jeg,,,,,[],['Götheborg'],[],['«Fru Inger til Østråt»']
18,0,mig,,,,,[],['Götheborg'],[],['«Fru Inger til Østråt»']
19,0,herved,,,,,[],['Götheborg'],[],['«Fru Inger til Østråt»']
20,0,den,,,,,[],['Götheborg'],[],['«Fru Inger til Østråt»']
21,0,ære,,,,,[],['Götheborg'],[],['«Fru Inger til Østråt»']
22,0,at,,,,,[],['Götheborg'],[],['«Fru Inger til Østråt»']
23,0,oversende,,,,,[],['Götheborg'],[],['«Fru Inger til Østråt»']
24,0,direktionen,,,,,[],['Götheborg'],[],['«Fru Inger til Østråt»']
25,0,et,,,,,[],['Götheborg'],[],['«Fru Inger til Østråt»']
26,0,exemplar,,,,,[],['Götheborg'],[],['«Fru Inger til Østråt»']
27,0,af,,,,,[],['Götheborg'],[],['«Fru Inger til Østråt»']
28,0,mit,,,,,[],['Götheborg'],[],['«Fru Inger til Østråt»']
29,0,skuespil,,,,,[],['Götheborg'],[],['«Fru Inger til Østråt»']
30,0,«Fru,,,,,[],['Götheborg'],[],['«Fru Inger til Østråt»']
31,0,Inger,,,,,[],['Götheborg'],[],['«Fru Inger til Østråt»']
32,0,til,,,,,[],['Götheborg'],[],['«Fru Inger til Østråt»']
33,0,"Østråt»,",,,,,[],['Götheborg'],[],['«Fru Inger til Østråt»']
34,0,med,,,,,[],['Götheborg'],[],['«Fru Inger til Østråt»']
35,0,forespørgsel,,,,,[],['Götheborg'],[],['«Fru Inger til Østråt»']
36,0,om,,,,,[],['Götheborg'],[],['«Fru Inger til Østråt»']
37,0,hvorvidt,,,,,[],['Götheborg'],[],['«Fru Inger til Østråt»']
38,0,man,,,,,[],['Götheborg'],[],['«Fru Inger til Østråt»']
39,0,måtte,,,,,[],['Götheborg'],[],['«Fru Inger til Østråt»']
40,0,være,,,,,[],['Götheborg'],[],['«Fru Inger til Østråt»']
41,0,villig,,,,,[],['Götheborg'],[],['«Fru Inger til Østråt»']
42,0,til,,,,,[],['Götheborg'],[],['«Fru Inger til Østråt»']
43,0,at,,,,,[],['Götheborg'],[],['«Fru Inger til Østråt»']
44,0,antage,,,,,[],['Götheborg'],[],['«Fru Inger til Østråt»']
45,0,samme,,,,,[],['Götheborg'],[],['«Fru Inger til Østråt»']
46,0,til,,,,,[],['Götheborg'],[],['«Fru Inger til Østråt»']
47,0,opførelse,,,,,[],['Götheborg'],[],['«Fru Inger til Østråt»']
48,0,på,,,,,[],['Götheborg'],[],['«Fru Inger til Østråt»']
49,0,Deres,,,,,[],['Götheborg'],[],['«Fru Inger til Østråt»']
50,0,scene.Imødeseende,,,,,[],['Götheborg'],[],['«Fru Inger til Østråt»']
51,0,bestyrelsens,,,,,[],['Götheborg'],[],['«Fru Inger til Østråt»']
52,0,godhedsfulde,,,,,[],['Götheborg'],[],['«Fru Inger til Østråt»']
53,0,"svar,",,,,,[],['Götheborg'],[],['«Fru Inger til Østråt»']
54,0,tegner,,,,,[],['Götheborg'],[],['«Fru Inger til Østråt»']
55,0,jeg,,,,,[],['Götheborg'],[],['«Fru Inger til Østråt»']
56,0,mig,,,,,[],['Götheborg'],[],['«Fru Inger til Østråt»']
57,0,med,,,,,[],['Götheborg'],[],['«Fru Inger til Østråt»']
58,0,højagtelseP:,,,,,[],['Götheborg'],[],['«Fru Inger til Østråt»']
59,0,s:,,,,,[],['Götheborg'],[],['«Fru Inger til Østråt»']
60,0,Det,,,,,[],['Götheborg'],[],['«Fru Inger til Østråt»']
61,0,bemærkes,,,,,[],['Götheborg'],[],['«Fru Inger til Østråt»']
62,0,at,,,,,[],['Götheborg'],[],['«Fru Inger til Østråt»']
63,0,stykket,,,,,[],['Götheborg'],[],['«Fru Inger til Østråt»']
64,0,i,,,,,[],['Götheborg'],[],['«Fru Inger til Østråt»']
65,0,denne,,,,,[],['Götheborg'],[],['«Fru Inger til Østråt»']
66,0,nye,,,,,[],['Götheborg'],[],['«Fru Inger til Østråt»']
67,0,udgave,,,,,[],['Götheborg'],[],['«Fru Inger til Østråt»']
68,0,foreligger,,,,,[],['Götheborg'],[],['«Fru Inger til Østråt»']
69,0,i,,,,,[],['Götheborg'],[],['«Fru Inger til Østråt»']
70,0,rettet,,,,,[],['Götheborg'],[],['«Fru Inger til Østråt»']
71,0,og,,,,,[],['Götheborg'],[],['«Fru Inger til Østråt»']
72,0,gennemarbejdet,,,,,[],['Götheborg'],[],['«Fru Inger til Østråt»']
73,0,skikkelse.,,,,,[],['Götheborg'],[],['«Fru Inger til Østråt»']
