,,0,human_annotation,who,dacy_medium,spacy_trf,person,place,org,work
0,0,Hvad,,,,,"['Hrr Hyltén Cavallius', 'Fougstad']","['Hardanger', 'Kjøbenhavn', 'Stockholm']",['Nyhedsbladet'],"['mit Stykke', '«Hærmændene paa Helgeland»', '«Til Carl Johans Minde»']"
1,0,maa,,,,,"['Hrr Hyltén Cavallius', 'Fougstad']","['Hardanger', 'Kjøbenhavn', 'Stockholm']",['Nyhedsbladet'],"['mit Stykke', '«Hærmændene paa Helgeland»', '«Til Carl Johans Minde»']"
2,0,De,,,,,"['Hrr Hyltén Cavallius', 'Fougstad']","['Hardanger', 'Kjøbenhavn', 'Stockholm']",['Nyhedsbladet'],"['mit Stykke', '«Hærmændene paa Helgeland»', '«Til Carl Johans Minde»']"
3,0,vel,,,,,"['Hrr Hyltén Cavallius', 'Fougstad']","['Hardanger', 'Kjøbenhavn', 'Stockholm']",['Nyhedsbladet'],"['mit Stykke', '«Hærmændene paa Helgeland»', '«Til Carl Johans Minde»']"
4,0,dømme,,,,,"['Hrr Hyltén Cavallius', 'Fougstad']","['Hardanger', 'Kjøbenhavn', 'Stockholm']",['Nyhedsbladet'],"['mit Stykke', '«Hærmændene paa Helgeland»', '«Til Carl Johans Minde»']"
5,0,om,,,,,"['Hrr Hyltén Cavallius', 'Fougstad']","['Hardanger', 'Kjøbenhavn', 'Stockholm']",['Nyhedsbladet'],"['mit Stykke', '«Hærmændene paa Helgeland»', '«Til Carl Johans Minde»']"
6,0,"mig,",,,,,"['Hrr Hyltén Cavallius', 'Fougstad']","['Hardanger', 'Kjøbenhavn', 'Stockholm']",['Nyhedsbladet'],"['mit Stykke', '«Hærmændene paa Helgeland»', '«Til Carl Johans Minde»']"
7,0,som,,,,,"['Hrr Hyltén Cavallius', 'Fougstad']","['Hardanger', 'Kjøbenhavn', 'Stockholm']",['Nyhedsbladet'],"['mit Stykke', '«Hærmændene paa Helgeland»', '«Til Carl Johans Minde»']"
8,0,nu,,,,,"['Hrr Hyltén Cavallius', 'Fougstad']","['Hardanger', 'Kjøbenhavn', 'Stockholm']",['Nyhedsbladet'],"['mit Stykke', '«Hærmændene paa Helgeland»', '«Til Carl Johans Minde»']"
9,0,først,,,,,"['Hrr Hyltén Cavallius', 'Fougstad']","['Hardanger', 'Kjøbenhavn', 'Stockholm']",['Nyhedsbladet'],"['mit Stykke', '«Hærmændene paa Helgeland»', '«Til Carl Johans Minde»']"
10,0,efter,,,,,"['Hrr Hyltén Cavallius', 'Fougstad']","['Hardanger', 'Kjøbenhavn', 'Stockholm']",['Nyhedsbladet'],"['mit Stykke', '«Hærmændene paa Helgeland»', '«Til Carl Johans Minde»']"
11,0,saa,,,,,"['Hrr Hyltén Cavallius', 'Fougstad']","['Hardanger', 'Kjøbenhavn', 'Stockholm']",['Nyhedsbladet'],"['mit Stykke', '«Hærmændene paa Helgeland»', '«Til Carl Johans Minde»']"
12,0,lang,,,,,"['Hrr Hyltén Cavallius', 'Fougstad']","['Hardanger', 'Kjøbenhavn', 'Stockholm']",['Nyhedsbladet'],"['mit Stykke', '«Hærmændene paa Helgeland»', '«Til Carl Johans Minde»']"
13,0,Nølen,,,,,"['Hrr Hyltén Cavallius', 'Fougstad']","['Hardanger', 'Kjøbenhavn', 'Stockholm']",['Nyhedsbladet'],"['mit Stykke', '«Hærmændene paa Helgeland»', '«Til Carl Johans Minde»']"
14,0,sender,,,,,"['Hrr Hyltén Cavallius', 'Fougstad']","['Hardanger', 'Kjøbenhavn', 'Stockholm']",['Nyhedsbladet'],"['mit Stykke', '«Hærmændene paa Helgeland»', '«Til Carl Johans Minde»']"
15,0,Dem,,,,,"['Hrr Hyltén Cavallius', 'Fougstad']","['Hardanger', 'Kjøbenhavn', 'Stockholm']",['Nyhedsbladet'],"['mit Stykke', '«Hærmændene paa Helgeland»', '«Til Carl Johans Minde»']"
16,0,nogle,,,,,"['Hrr Hyltén Cavallius', 'Fougstad']","['Hardanger', 'Kjøbenhavn', 'Stockholm']",['Nyhedsbladet'],"['mit Stykke', '«Hærmændene paa Helgeland»', '«Til Carl Johans Minde»']"
17,0,Ord,,,,,"['Hrr Hyltén Cavallius', 'Fougstad']","['Hardanger', 'Kjøbenhavn', 'Stockholm']",['Nyhedsbladet'],"['mit Stykke', '«Hærmændene paa Helgeland»', '«Til Carl Johans Minde»']"
18,0,til,,,,,"['Hrr Hyltén Cavallius', 'Fougstad']","['Hardanger', 'Kjøbenhavn', 'Stockholm']",['Nyhedsbladet'],"['mit Stykke', '«Hærmændene paa Helgeland»', '«Til Carl Johans Minde»']"
19,0,Gjensvar,,,,,"['Hrr Hyltén Cavallius', 'Fougstad']","['Hardanger', 'Kjøbenhavn', 'Stockholm']",['Nyhedsbladet'],"['mit Stykke', '«Hærmændene paa Helgeland»', '«Til Carl Johans Minde»']"
20,0,paa,,,,,"['Hrr Hyltén Cavallius', 'Fougstad']","['Hardanger', 'Kjøbenhavn', 'Stockholm']",['Nyhedsbladet'],"['mit Stykke', '«Hærmændene paa Helgeland»', '«Til Carl Johans Minde»']"
21,0,Deres,,,,,"['Hrr Hyltén Cavallius', 'Fougstad']","['Hardanger', 'Kjøbenhavn', 'Stockholm']",['Nyhedsbladet'],"['mit Stykke', '«Hærmændene paa Helgeland»', '«Til Carl Johans Minde»']"
22,0,tre,,,,,"['Hrr Hyltén Cavallius', 'Fougstad']","['Hardanger', 'Kjøbenhavn', 'Stockholm']",['Nyhedsbladet'],"['mit Stykke', '«Hærmændene paa Helgeland»', '«Til Carl Johans Minde»']"
23,0,venskabelige,,,,,"['Hrr Hyltén Cavallius', 'Fougstad']","['Hardanger', 'Kjøbenhavn', 'Stockholm']",['Nyhedsbladet'],"['mit Stykke', '«Hærmændene paa Helgeland»', '«Til Carl Johans Minde»']"
24,0,Breve;,,,,,"['Hrr Hyltén Cavallius', 'Fougstad']","['Hardanger', 'Kjøbenhavn', 'Stockholm']",['Nyhedsbladet'],"['mit Stykke', '«Hærmændene paa Helgeland»', '«Til Carl Johans Minde»']"
25,0,thi,,,,,"['Hrr Hyltén Cavallius', 'Fougstad']","['Hardanger', 'Kjøbenhavn', 'Stockholm']",['Nyhedsbladet'],"['mit Stykke', '«Hærmændene paa Helgeland»', '«Til Carl Johans Minde»']"
26,0,jeg,,,,,"['Hrr Hyltén Cavallius', 'Fougstad']","['Hardanger', 'Kjøbenhavn', 'Stockholm']",['Nyhedsbladet'],"['mit Stykke', '«Hærmændene paa Helgeland»', '«Til Carl Johans Minde»']"
27,0,har,,,,,"['Hrr Hyltén Cavallius', 'Fougstad']","['Hardanger', 'Kjøbenhavn', 'Stockholm']",['Nyhedsbladet'],"['mit Stykke', '«Hærmændene paa Helgeland»', '«Til Carl Johans Minde»']"
28,0,virkelig,,,,,"['Hrr Hyltén Cavallius', 'Fougstad']","['Hardanger', 'Kjøbenhavn', 'Stockholm']",['Nyhedsbladet'],"['mit Stykke', '«Hærmændene paa Helgeland»', '«Til Carl Johans Minde»']"
29,0,modtaget,,,,,"['Hrr Hyltén Cavallius', 'Fougstad']","['Hardanger', 'Kjøbenhavn', 'Stockholm']",['Nyhedsbladet'],"['mit Stykke', '«Hærmændene paa Helgeland»', '«Til Carl Johans Minde»']"
30,0,dem,,,,,"['Hrr Hyltén Cavallius', 'Fougstad']","['Hardanger', 'Kjøbenhavn', 'Stockholm']",['Nyhedsbladet'],"['mit Stykke', '«Hærmændene paa Helgeland»', '«Til Carl Johans Minde»']"
31,0,alle,,,,,"['Hrr Hyltén Cavallius', 'Fougstad']","['Hardanger', 'Kjøbenhavn', 'Stockholm']",['Nyhedsbladet'],"['mit Stykke', '«Hærmændene paa Helgeland»', '«Til Carl Johans Minde»']"
32,0,–,,,,,"['Hrr Hyltén Cavallius', 'Fougstad']","['Hardanger', 'Kjøbenhavn', 'Stockholm']",['Nyhedsbladet'],"['mit Stykke', '«Hærmændene paa Helgeland»', '«Til Carl Johans Minde»']"
33,0,og,,,,,"['Hrr Hyltén Cavallius', 'Fougstad']","['Hardanger', 'Kjøbenhavn', 'Stockholm']",['Nyhedsbladet'],"['mit Stykke', '«Hærmændene paa Helgeland»', '«Til Carl Johans Minde»']"
34,0,endnu,,,,,"['Hrr Hyltén Cavallius', 'Fougstad']","['Hardanger', 'Kjøbenhavn', 'Stockholm']",['Nyhedsbladet'],"['mit Stykke', '«Hærmændene paa Helgeland»', '«Til Carl Johans Minde»']"
35,0,intet,,,,,"['Hrr Hyltén Cavallius', 'Fougstad']","['Hardanger', 'Kjøbenhavn', 'Stockholm']",['Nyhedsbladet'],"['mit Stykke', '«Hærmændene paa Helgeland»', '«Til Carl Johans Minde»']"
36,0,besvaret!,,,,,"['Hrr Hyltén Cavallius', 'Fougstad']","['Hardanger', 'Kjøbenhavn', 'Stockholm']",['Nyhedsbladet'],"['mit Stykke', '«Hærmændene paa Helgeland»', '«Til Carl Johans Minde»']"
37,0,Hvad,,,,,"['Hrr Hyltén Cavallius', 'Fougstad']","['Hardanger', 'Kjøbenhavn', 'Stockholm']",['Nyhedsbladet'],"['mit Stykke', '«Hærmændene paa Helgeland»', '«Til Carl Johans Minde»']"
38,0,tænker,,,,,"['Hrr Hyltén Cavallius', 'Fougstad']","['Hardanger', 'Kjøbenhavn', 'Stockholm']",['Nyhedsbladet'],"['mit Stykke', '«Hærmændene paa Helgeland»', '«Til Carl Johans Minde»']"
39,0,De,,,,,"['Hrr Hyltén Cavallius', 'Fougstad']","['Hardanger', 'Kjøbenhavn', 'Stockholm']",['Nyhedsbladet'],"['mit Stykke', '«Hærmændene paa Helgeland»', '«Til Carl Johans Minde»']"
40,0,om,,,,,"['Hrr Hyltén Cavallius', 'Fougstad']","['Hardanger', 'Kjøbenhavn', 'Stockholm']",['Nyhedsbladet'],"['mit Stykke', '«Hærmændene paa Helgeland»', '«Til Carl Johans Minde»']"
41,0,mig?,,,,,"['Hrr Hyltén Cavallius', 'Fougstad']","['Hardanger', 'Kjøbenhavn', 'Stockholm']",['Nyhedsbladet'],"['mit Stykke', '«Hærmændene paa Helgeland»', '«Til Carl Johans Minde»']"
42,0,Og,,,,,"['Hrr Hyltén Cavallius', 'Fougstad']","['Hardanger', 'Kjøbenhavn', 'Stockholm']",['Nyhedsbladet'],"['mit Stykke', '«Hærmændene paa Helgeland»', '«Til Carl Johans Minde»']"
43,0,dog,,,,,"['Hrr Hyltén Cavallius', 'Fougstad']","['Hardanger', 'Kjøbenhavn', 'Stockholm']",['Nyhedsbladet'],"['mit Stykke', '«Hærmændene paa Helgeland»', '«Til Carl Johans Minde»']"
44,0,er,,,,,"['Hrr Hyltén Cavallius', 'Fougstad']","['Hardanger', 'Kjøbenhavn', 'Stockholm']",['Nyhedsbladet'],"['mit Stykke', '«Hærmændene paa Helgeland»', '«Til Carl Johans Minde»']"
45,0,jeg,,,,,"['Hrr Hyltén Cavallius', 'Fougstad']","['Hardanger', 'Kjøbenhavn', 'Stockholm']",['Nyhedsbladet'],"['mit Stykke', '«Hærmændene paa Helgeland»', '«Til Carl Johans Minde»']"
46,0,mig,,,,,"['Hrr Hyltén Cavallius', 'Fougstad']","['Hardanger', 'Kjøbenhavn', 'Stockholm']",['Nyhedsbladet'],"['mit Stykke', '«Hærmændene paa Helgeland»', '«Til Carl Johans Minde»']"
47,0,i,,,,,"['Hrr Hyltén Cavallius', 'Fougstad']","['Hardanger', 'Kjøbenhavn', 'Stockholm']",['Nyhedsbladet'],"['mit Stykke', '«Hærmændene paa Helgeland»', '«Til Carl Johans Minde»']"
48,0,det,,,,,"['Hrr Hyltén Cavallius', 'Fougstad']","['Hardanger', 'Kjøbenhavn', 'Stockholm']",['Nyhedsbladet'],"['mit Stykke', '«Hærmændene paa Helgeland»', '«Til Carl Johans Minde»']"
49,0,Inderste,,,,,"['Hrr Hyltén Cavallius', 'Fougstad']","['Hardanger', 'Kjøbenhavn', 'Stockholm']",['Nyhedsbladet'],"['mit Stykke', '«Hærmændene paa Helgeland»', '«Til Carl Johans Minde»']"
50,0,"bevidst,",,,,,"['Hrr Hyltén Cavallius', 'Fougstad']","['Hardanger', 'Kjøbenhavn', 'Stockholm']",['Nyhedsbladet'],"['mit Stykke', '«Hærmændene paa Helgeland»', '«Til Carl Johans Minde»']"
51,0,at,,,,,"['Hrr Hyltén Cavallius', 'Fougstad']","['Hardanger', 'Kjøbenhavn', 'Stockholm']",['Nyhedsbladet'],"['mit Stykke', '«Hærmændene paa Helgeland»', '«Til Carl Johans Minde»']"
52,0,være,,,,,"['Hrr Hyltén Cavallius', 'Fougstad']","['Hardanger', 'Kjøbenhavn', 'Stockholm']",['Nyhedsbladet'],"['mit Stykke', '«Hærmændene paa Helgeland»', '«Til Carl Johans Minde»']"
53,0,mindre,,,,,"['Hrr Hyltén Cavallius', 'Fougstad']","['Hardanger', 'Kjøbenhavn', 'Stockholm']",['Nyhedsbladet'],"['mit Stykke', '«Hærmændene paa Helgeland»', '«Til Carl Johans Minde»']"
54,0,"skyldig,",,,,,"['Hrr Hyltén Cavallius', 'Fougstad']","['Hardanger', 'Kjøbenhavn', 'Stockholm']",['Nyhedsbladet'],"['mit Stykke', '«Hærmændene paa Helgeland»', '«Til Carl Johans Minde»']"
55,0,end,,,,,"['Hrr Hyltén Cavallius', 'Fougstad']","['Hardanger', 'Kjøbenhavn', 'Stockholm']",['Nyhedsbladet'],"['mit Stykke', '«Hærmændene paa Helgeland»', '«Til Carl Johans Minde»']"
56,0,det,,,,,"['Hrr Hyltén Cavallius', 'Fougstad']","['Hardanger', 'Kjøbenhavn', 'Stockholm']",['Nyhedsbladet'],"['mit Stykke', '«Hærmændene paa Helgeland»', '«Til Carl Johans Minde»']"
57,0,kunde,,,,,"['Hrr Hyltén Cavallius', 'Fougstad']","['Hardanger', 'Kjøbenhavn', 'Stockholm']",['Nyhedsbladet'],"['mit Stykke', '«Hærmændene paa Helgeland»', '«Til Carl Johans Minde»']"
58,0,synes.,,,,,"['Hrr Hyltén Cavallius', 'Fougstad']","['Hardanger', 'Kjøbenhavn', 'Stockholm']",['Nyhedsbladet'],"['mit Stykke', '«Hærmændene paa Helgeland»', '«Til Carl Johans Minde»']"
59,0,Ialfald,,,,,"['Hrr Hyltén Cavallius', 'Fougstad']","['Hardanger', 'Kjøbenhavn', 'Stockholm']",['Nyhedsbladet'],"['mit Stykke', '«Hærmændene paa Helgeland»', '«Til Carl Johans Minde»']"
60,0,er,,,,,"['Hrr Hyltén Cavallius', 'Fougstad']","['Hardanger', 'Kjøbenhavn', 'Stockholm']",['Nyhedsbladet'],"['mit Stykke', '«Hærmændene paa Helgeland»', '«Til Carl Johans Minde»']"
61,0,min,,,,,"['Hrr Hyltén Cavallius', 'Fougstad']","['Hardanger', 'Kjøbenhavn', 'Stockholm']",['Nyhedsbladet'],"['mit Stykke', '«Hærmændene paa Helgeland»', '«Til Carl Johans Minde»']"
62,0,lange,,,,,"['Hrr Hyltén Cavallius', 'Fougstad']","['Hardanger', 'Kjøbenhavn', 'Stockholm']",['Nyhedsbladet'],"['mit Stykke', '«Hærmændene paa Helgeland»', '«Til Carl Johans Minde»']"
63,0,Taushed,,,,,"['Hrr Hyltén Cavallius', 'Fougstad']","['Hardanger', 'Kjøbenhavn', 'Stockholm']",['Nyhedsbladet'],"['mit Stykke', '«Hærmændene paa Helgeland»', '«Til Carl Johans Minde»']"
64,0,ikke,,,,,"['Hrr Hyltén Cavallius', 'Fougstad']","['Hardanger', 'Kjøbenhavn', 'Stockholm']",['Nyhedsbladet'],"['mit Stykke', '«Hærmændene paa Helgeland»', '«Til Carl Johans Minde»']"
65,0,grundet,,,,,"['Hrr Hyltén Cavallius', 'Fougstad']","['Hardanger', 'Kjøbenhavn', 'Stockholm']",['Nyhedsbladet'],"['mit Stykke', '«Hærmændene paa Helgeland»', '«Til Carl Johans Minde»']"
66,0,paa,,,,,"['Hrr Hyltén Cavallius', 'Fougstad']","['Hardanger', 'Kjøbenhavn', 'Stockholm']",['Nyhedsbladet'],"['mit Stykke', '«Hærmændene paa Helgeland»', '«Til Carl Johans Minde»']"
67,0,"Ligegyldighed,",,,,,"['Hrr Hyltén Cavallius', 'Fougstad']","['Hardanger', 'Kjøbenhavn', 'Stockholm']",['Nyhedsbladet'],"['mit Stykke', '«Hærmændene paa Helgeland»', '«Til Carl Johans Minde»']"
68,0,men,,,,,"['Hrr Hyltén Cavallius', 'Fougstad']","['Hardanger', 'Kjøbenhavn', 'Stockholm']",['Nyhedsbladet'],"['mit Stykke', '«Hærmændene paa Helgeland»', '«Til Carl Johans Minde»']"
69,0,vel,,,,,"['Hrr Hyltén Cavallius', 'Fougstad']","['Hardanger', 'Kjøbenhavn', 'Stockholm']",['Nyhedsbladet'],"['mit Stykke', '«Hærmændene paa Helgeland»', '«Til Carl Johans Minde»']"
70,0,paa,,,,,"['Hrr Hyltén Cavallius', 'Fougstad']","['Hardanger', 'Kjøbenhavn', 'Stockholm']",['Nyhedsbladet'],"['mit Stykke', '«Hærmændene paa Helgeland»', '«Til Carl Johans Minde»']"
71,0,en,,,,,"['Hrr Hyltén Cavallius', 'Fougstad']","['Hardanger', 'Kjøbenhavn', 'Stockholm']",['Nyhedsbladet'],"['mit Stykke', '«Hærmændene paa Helgeland»', '«Til Carl Johans Minde»']"
72,0,egoistisk,,,,,"['Hrr Hyltén Cavallius', 'Fougstad']","['Hardanger', 'Kjøbenhavn', 'Stockholm']",['Nyhedsbladet'],"['mit Stykke', '«Hærmændene paa Helgeland»', '«Til Carl Johans Minde»']"
73,0,"Følelse,",,,,,"['Hrr Hyltén Cavallius', 'Fougstad']","['Hardanger', 'Kjøbenhavn', 'Stockholm']",['Nyhedsbladet'],"['mit Stykke', '«Hærmændene paa Helgeland»', '«Til Carl Johans Minde»']"
74,0,som,,,,,"['Hrr Hyltén Cavallius', 'Fougstad']","['Hardanger', 'Kjøbenhavn', 'Stockholm']",['Nyhedsbladet'],"['mit Stykke', '«Hærmændene paa Helgeland»', '«Til Carl Johans Minde»']"
75,0,man,,,,,"['Hrr Hyltén Cavallius', 'Fougstad']","['Hardanger', 'Kjøbenhavn', 'Stockholm']",['Nyhedsbladet'],"['mit Stykke', '«Hærmændene paa Helgeland»', '«Til Carl Johans Minde»']"
76,0,ofte,,,,,"['Hrr Hyltén Cavallius', 'Fougstad']","['Hardanger', 'Kjøbenhavn', 'Stockholm']",['Nyhedsbladet'],"['mit Stykke', '«Hærmændene paa Helgeland»', '«Til Carl Johans Minde»']"
77,0,bukker,,,,,"['Hrr Hyltén Cavallius', 'Fougstad']","['Hardanger', 'Kjøbenhavn', 'Stockholm']",['Nyhedsbladet'],"['mit Stykke', '«Hærmændene paa Helgeland»', '«Til Carl Johans Minde»']"
78,0,under,,,,,"['Hrr Hyltén Cavallius', 'Fougstad']","['Hardanger', 'Kjøbenhavn', 'Stockholm']",['Nyhedsbladet'],"['mit Stykke', '«Hærmændene paa Helgeland»', '«Til Carl Johans Minde»']"
79,0,"for,",,,,,"['Hrr Hyltén Cavallius', 'Fougstad']","['Hardanger', 'Kjøbenhavn', 'Stockholm']",['Nyhedsbladet'],"['mit Stykke', '«Hærmændene paa Helgeland»', '«Til Carl Johans Minde»']"
80,0,fordi,,,,,"['Hrr Hyltén Cavallius', 'Fougstad']","['Hardanger', 'Kjøbenhavn', 'Stockholm']",['Nyhedsbladet'],"['mit Stykke', '«Hærmændene paa Helgeland»', '«Til Carl Johans Minde»']"
81,0,man,,,,,"['Hrr Hyltén Cavallius', 'Fougstad']","['Hardanger', 'Kjøbenhavn', 'Stockholm']",['Nyhedsbladet'],"['mit Stykke', '«Hærmændene paa Helgeland»', '«Til Carl Johans Minde»']"
82,0,ikke,,,,,"['Hrr Hyltén Cavallius', 'Fougstad']","['Hardanger', 'Kjøbenhavn', 'Stockholm']",['Nyhedsbladet'],"['mit Stykke', '«Hærmændene paa Helgeland»', '«Til Carl Johans Minde»']"
83,0,gidder,,,,,"['Hrr Hyltén Cavallius', 'Fougstad']","['Hardanger', 'Kjøbenhavn', 'Stockholm']",['Nyhedsbladet'],"['mit Stykke', '«Hærmændene paa Helgeland»', '«Til Carl Johans Minde»']"
84,0,kjæmpe,,,,,"['Hrr Hyltén Cavallius', 'Fougstad']","['Hardanger', 'Kjøbenhavn', 'Stockholm']",['Nyhedsbladet'],"['mit Stykke', '«Hærmændene paa Helgeland»', '«Til Carl Johans Minde»']"
85,0,mod,,,,,"['Hrr Hyltén Cavallius', 'Fougstad']","['Hardanger', 'Kjøbenhavn', 'Stockholm']",['Nyhedsbladet'],"['mit Stykke', '«Hærmændene paa Helgeland»', '«Til Carl Johans Minde»']"
86,0,den.Kjære,,,,,"['Hrr Hyltén Cavallius', 'Fougstad']","['Hardanger', 'Kjøbenhavn', 'Stockholm']",['Nyhedsbladet'],"['mit Stykke', '«Hærmændene paa Helgeland»', '«Til Carl Johans Minde»']"
87,0,"Anker,",,,,,"['Hrr Hyltén Cavallius', 'Fougstad']","['Hardanger', 'Kjøbenhavn', 'Stockholm']",['Nyhedsbladet'],"['mit Stykke', '«Hærmændene paa Helgeland»', '«Til Carl Johans Minde»']"
88,0,De,,,,,"['Hrr Hyltén Cavallius', 'Fougstad']","['Hardanger', 'Kjøbenhavn', 'Stockholm']",['Nyhedsbladet'],"['mit Stykke', '«Hærmændene paa Helgeland»', '«Til Carl Johans Minde»']"
89,0,forstaaer,,,,,"['Hrr Hyltén Cavallius', 'Fougstad']","['Hardanger', 'Kjøbenhavn', 'Stockholm']",['Nyhedsbladet'],"['mit Stykke', '«Hærmændene paa Helgeland»', '«Til Carl Johans Minde»']"
90,0,mig,,,,,"['Hrr Hyltén Cavallius', 'Fougstad']","['Hardanger', 'Kjøbenhavn', 'Stockholm']",['Nyhedsbladet'],"['mit Stykke', '«Hærmændene paa Helgeland»', '«Til Carl Johans Minde»']"
91,0,maaskee,,,,,"['Hrr Hyltén Cavallius', 'Fougstad']","['Hardanger', 'Kjøbenhavn', 'Stockholm']",['Nyhedsbladet'],"['mit Stykke', '«Hærmændene paa Helgeland»', '«Til Carl Johans Minde»']"
92,0,"ikke,",,,,,"['Hrr Hyltén Cavallius', 'Fougstad']","['Hardanger', 'Kjøbenhavn', 'Stockholm']",['Nyhedsbladet'],"['mit Stykke', '«Hærmændene paa Helgeland»', '«Til Carl Johans Minde»']"
93,0,men,,,,,"['Hrr Hyltén Cavallius', 'Fougstad']","['Hardanger', 'Kjøbenhavn', 'Stockholm']",['Nyhedsbladet'],"['mit Stykke', '«Hærmændene paa Helgeland»', '«Til Carl Johans Minde»']"
94,0,Tingen,,,,,"['Hrr Hyltén Cavallius', 'Fougstad']","['Hardanger', 'Kjøbenhavn', 'Stockholm']",['Nyhedsbladet'],"['mit Stykke', '«Hærmændene paa Helgeland»', '«Til Carl Johans Minde»']"
95,0,"er,",,,,,"['Hrr Hyltén Cavallius', 'Fougstad']","['Hardanger', 'Kjøbenhavn', 'Stockholm']",['Nyhedsbladet'],"['mit Stykke', '«Hærmændene paa Helgeland»', '«Til Carl Johans Minde»']"
96,0,at,,,,,"['Hrr Hyltén Cavallius', 'Fougstad']","['Hardanger', 'Kjøbenhavn', 'Stockholm']",['Nyhedsbladet'],"['mit Stykke', '«Hærmændene paa Helgeland»', '«Til Carl Johans Minde»']"
97,0,jeg,,,,,"['Hrr Hyltén Cavallius', 'Fougstad']","['Hardanger', 'Kjøbenhavn', 'Stockholm']",['Nyhedsbladet'],"['mit Stykke', '«Hærmændene paa Helgeland»', '«Til Carl Johans Minde»']"
98,0,dagligen,,,,,"['Hrr Hyltén Cavallius', 'Fougstad']","['Hardanger', 'Kjøbenhavn', 'Stockholm']",['Nyhedsbladet'],"['mit Stykke', '«Hærmændene paa Helgeland»', '«Til Carl Johans Minde»']"
99,0,har,,,,,"['Hrr Hyltén Cavallius', 'Fougstad']","['Hardanger', 'Kjøbenhavn', 'Stockholm']",['Nyhedsbladet'],"['mit Stykke', '«Hærmændene paa Helgeland»', '«Til Carl Johans Minde»']"
100,0,været,,,,,"['Hrr Hyltén Cavallius', 'Fougstad']","['Hardanger', 'Kjøbenhavn', 'Stockholm']",['Nyhedsbladet'],"['mit Stykke', '«Hærmændene paa Helgeland»', '«Til Carl Johans Minde»']"
101,0,Dem,,,,,"['Hrr Hyltén Cavallius', 'Fougstad']","['Hardanger', 'Kjøbenhavn', 'Stockholm']",['Nyhedsbladet'],"['mit Stykke', '«Hærmændene paa Helgeland»', '«Til Carl Johans Minde»']"
102,0,saa,,,,,"['Hrr Hyltén Cavallius', 'Fougstad']","['Hardanger', 'Kjøbenhavn', 'Stockholm']",['Nyhedsbladet'],"['mit Stykke', '«Hærmændene paa Helgeland»', '«Til Carl Johans Minde»']"
103,0,nær,,,,,"['Hrr Hyltén Cavallius', 'Fougstad']","['Hardanger', 'Kjøbenhavn', 'Stockholm']",['Nyhedsbladet'],"['mit Stykke', '«Hærmændene paa Helgeland»', '«Til Carl Johans Minde»']"
104,0,i,,,,,"['Hrr Hyltén Cavallius', 'Fougstad']","['Hardanger', 'Kjøbenhavn', 'Stockholm']",['Nyhedsbladet'],"['mit Stykke', '«Hærmændene paa Helgeland»', '«Til Carl Johans Minde»']"
105,0,mine,,,,,"['Hrr Hyltén Cavallius', 'Fougstad']","['Hardanger', 'Kjøbenhavn', 'Stockholm']",['Nyhedsbladet'],"['mit Stykke', '«Hærmændene paa Helgeland»', '«Til Carl Johans Minde»']"
106,0,Tanker,,,,,"['Hrr Hyltén Cavallius', 'Fougstad']","['Hardanger', 'Kjøbenhavn', 'Stockholm']",['Nyhedsbladet'],"['mit Stykke', '«Hærmændene paa Helgeland»', '«Til Carl Johans Minde»']"
107,0,at,,,,,"['Hrr Hyltén Cavallius', 'Fougstad']","['Hardanger', 'Kjøbenhavn', 'Stockholm']",['Nyhedsbladet'],"['mit Stykke', '«Hærmændene paa Helgeland»', '«Til Carl Johans Minde»']"
108,0,det,,,,,"['Hrr Hyltén Cavallius', 'Fougstad']","['Hardanger', 'Kjøbenhavn', 'Stockholm']",['Nyhedsbladet'],"['mit Stykke', '«Hærmændene paa Helgeland»', '«Til Carl Johans Minde»']"
109,0,forekom,,,,,"['Hrr Hyltén Cavallius', 'Fougstad']","['Hardanger', 'Kjøbenhavn', 'Stockholm']",['Nyhedsbladet'],"['mit Stykke', '«Hærmændene paa Helgeland»', '«Til Carl Johans Minde»']"
110,0,mig,,,,,"['Hrr Hyltén Cavallius', 'Fougstad']","['Hardanger', 'Kjøbenhavn', 'Stockholm']",['Nyhedsbladet'],"['mit Stykke', '«Hærmændene paa Helgeland»', '«Til Carl Johans Minde»']"
111,0,overflødigt,,,,,"['Hrr Hyltén Cavallius', 'Fougstad']","['Hardanger', 'Kjøbenhavn', 'Stockholm']",['Nyhedsbladet'],"['mit Stykke', '«Hærmændene paa Helgeland»', '«Til Carl Johans Minde»']"
112,0,ogsaa,,,,,"['Hrr Hyltén Cavallius', 'Fougstad']","['Hardanger', 'Kjøbenhavn', 'Stockholm']",['Nyhedsbladet'],"['mit Stykke', '«Hærmændene paa Helgeland»', '«Til Carl Johans Minde»']"
113,0,......De,,,,,"['Hrr Hyltén Cavallius', 'Fougstad']","['Hardanger', 'Kjøbenhavn', 'Stockholm']",['Nyhedsbladet'],"['mit Stykke', '«Hærmændene paa Helgeland»', '«Til Carl Johans Minde»']"
114,0,kan,,,,,"['Hrr Hyltén Cavallius', 'Fougstad']","['Hardanger', 'Kjøbenhavn', 'Stockholm']",['Nyhedsbladet'],"['mit Stykke', '«Hærmændene paa Helgeland»', '«Til Carl Johans Minde»']"
115,0,tro,,,,,"['Hrr Hyltén Cavallius', 'Fougstad']","['Hardanger', 'Kjøbenhavn', 'Stockholm']",['Nyhedsbladet'],"['mit Stykke', '«Hærmændene paa Helgeland»', '«Til Carl Johans Minde»']"
116,0,"mig,",,,,,"['Hrr Hyltén Cavallius', 'Fougstad']","['Hardanger', 'Kjøbenhavn', 'Stockholm']",['Nyhedsbladet'],"['mit Stykke', '«Hærmændene paa Helgeland»', '«Til Carl Johans Minde»']"
117,0,jeg,,,,,"['Hrr Hyltén Cavallius', 'Fougstad']","['Hardanger', 'Kjøbenhavn', 'Stockholm']",['Nyhedsbladet'],"['mit Stykke', '«Hærmændene paa Helgeland»', '«Til Carl Johans Minde»']"
118,0,lever,,,,,"['Hrr Hyltén Cavallius', 'Fougstad']","['Hardanger', 'Kjøbenhavn', 'Stockholm']",['Nyhedsbladet'],"['mit Stykke', '«Hærmændene paa Helgeland»', '«Til Carl Johans Minde»']"
119,0,ofte,,,,,"['Hrr Hyltén Cavallius', 'Fougstad']","['Hardanger', 'Kjøbenhavn', 'Stockholm']",['Nyhedsbladet'],"['mit Stykke', '«Hærmændene paa Helgeland»', '«Til Carl Johans Minde»']"
120,0,vort,,,,,"['Hrr Hyltén Cavallius', 'Fougstad']","['Hardanger', 'Kjøbenhavn', 'Stockholm']",['Nyhedsbladet'],"['mit Stykke', '«Hærmændene paa Helgeland»', '«Til Carl Johans Minde»']"
121,0,korte,,,,,"['Hrr Hyltén Cavallius', 'Fougstad']","['Hardanger', 'Kjøbenhavn', 'Stockholm']",['Nyhedsbladet'],"['mit Stykke', '«Hærmændene paa Helgeland»', '«Til Carl Johans Minde»']"
122,0,Bekjendtskabs,,,,,"['Hrr Hyltén Cavallius', 'Fougstad']","['Hardanger', 'Kjøbenhavn', 'Stockholm']",['Nyhedsbladet'],"['mit Stykke', '«Hærmændene paa Helgeland»', '«Til Carl Johans Minde»']"
123,0,Dage,,,,,"['Hrr Hyltén Cavallius', 'Fougstad']","['Hardanger', 'Kjøbenhavn', 'Stockholm']",['Nyhedsbladet'],"['mit Stykke', '«Hærmændene paa Helgeland»', '«Til Carl Johans Minde»']"
124,0,om,,,,,"['Hrr Hyltén Cavallius', 'Fougstad']","['Hardanger', 'Kjøbenhavn', 'Stockholm']",['Nyhedsbladet'],"['mit Stykke', '«Hærmændene paa Helgeland»', '«Til Carl Johans Minde»']"
125,0,igjen.,,,,,"['Hrr Hyltén Cavallius', 'Fougstad']","['Hardanger', 'Kjøbenhavn', 'Stockholm']",['Nyhedsbladet'],"['mit Stykke', '«Hærmændene paa Helgeland»', '«Til Carl Johans Minde»']"
126,0,Touren,,,,,"['Hrr Hyltén Cavallius', 'Fougstad']","['Hardanger', 'Kjøbenhavn', 'Stockholm']",['Nyhedsbladet'],"['mit Stykke', '«Hærmændene paa Helgeland»', '«Til Carl Johans Minde»']"
127,0,til,,,,,"['Hrr Hyltén Cavallius', 'Fougstad']","['Hardanger', 'Kjøbenhavn', 'Stockholm']",['Nyhedsbladet'],"['mit Stykke', '«Hærmændene paa Helgeland»', '«Til Carl Johans Minde»']"
128,0,Hardanger,,,,,"['Hrr Hyltén Cavallius', 'Fougstad']","['Hardanger', 'Kjøbenhavn', 'Stockholm']",['Nyhedsbladet'],"['mit Stykke', '«Hærmændene paa Helgeland»', '«Til Carl Johans Minde»']"
129,0,staaer,,,,,"['Hrr Hyltén Cavallius', 'Fougstad']","['Hardanger', 'Kjøbenhavn', 'Stockholm']",['Nyhedsbladet'],"['mit Stykke', '«Hærmændene paa Helgeland»', '«Til Carl Johans Minde»']"
130,0,for,,,,,"['Hrr Hyltén Cavallius', 'Fougstad']","['Hardanger', 'Kjøbenhavn', 'Stockholm']",['Nyhedsbladet'],"['mit Stykke', '«Hærmændene paa Helgeland»', '«Til Carl Johans Minde»']"
131,0,mig,,,,,"['Hrr Hyltén Cavallius', 'Fougstad']","['Hardanger', 'Kjøbenhavn', 'Stockholm']",['Nyhedsbladet'],"['mit Stykke', '«Hærmændene paa Helgeland»', '«Til Carl Johans Minde»']"
132,0,som,,,,,"['Hrr Hyltén Cavallius', 'Fougstad']","['Hardanger', 'Kjøbenhavn', 'Stockholm']",['Nyhedsbladet'],"['mit Stykke', '«Hærmændene paa Helgeland»', '«Til Carl Johans Minde»']"
133,0,en,,,,,"['Hrr Hyltén Cavallius', 'Fougstad']","['Hardanger', 'Kjøbenhavn', 'Stockholm']",['Nyhedsbladet'],"['mit Stykke', '«Hærmændene paa Helgeland»', '«Til Carl Johans Minde»']"
134,0,lysende,,,,,"['Hrr Hyltén Cavallius', 'Fougstad']","['Hardanger', 'Kjøbenhavn', 'Stockholm']",['Nyhedsbladet'],"['mit Stykke', '«Hærmændene paa Helgeland»', '«Til Carl Johans Minde»']"
135,0,"Erindring,",,,,,"['Hrr Hyltén Cavallius', 'Fougstad']","['Hardanger', 'Kjøbenhavn', 'Stockholm']",['Nyhedsbladet'],"['mit Stykke', '«Hærmændene paa Helgeland»', '«Til Carl Johans Minde»']"
136,0,som,,,,,"['Hrr Hyltén Cavallius', 'Fougstad']","['Hardanger', 'Kjøbenhavn', 'Stockholm']",['Nyhedsbladet'],"['mit Stykke', '«Hærmændene paa Helgeland»', '«Til Carl Johans Minde»']"
137,0,et,,,,,"['Hrr Hyltén Cavallius', 'Fougstad']","['Hardanger', 'Kjøbenhavn', 'Stockholm']",['Nyhedsbladet'],"['mit Stykke', '«Hærmændene paa Helgeland»', '«Til Carl Johans Minde»']"
138,0,af,,,,,"['Hrr Hyltén Cavallius', 'Fougstad']","['Hardanger', 'Kjøbenhavn', 'Stockholm']",['Nyhedsbladet'],"['mit Stykke', '«Hærmændene paa Helgeland»', '«Til Carl Johans Minde»']"
139,0,de,,,,,"['Hrr Hyltén Cavallius', 'Fougstad']","['Hardanger', 'Kjøbenhavn', 'Stockholm']",['Nyhedsbladet'],"['mit Stykke', '«Hærmændene paa Helgeland»', '«Til Carl Johans Minde»']"
140,0,smukke,,,,,"['Hrr Hyltén Cavallius', 'Fougstad']","['Hardanger', 'Kjøbenhavn', 'Stockholm']",['Nyhedsbladet'],"['mit Stykke', '«Hærmændene paa Helgeland»', '«Til Carl Johans Minde»']"
141,0,Punkter,,,,,"['Hrr Hyltén Cavallius', 'Fougstad']","['Hardanger', 'Kjøbenhavn', 'Stockholm']",['Nyhedsbladet'],"['mit Stykke', '«Hærmændene paa Helgeland»', '«Til Carl Johans Minde»']"
142,0,i,,,,,"['Hrr Hyltén Cavallius', 'Fougstad']","['Hardanger', 'Kjøbenhavn', 'Stockholm']",['Nyhedsbladet'],"['mit Stykke', '«Hærmændene paa Helgeland»', '«Til Carl Johans Minde»']"
143,0,"Menneskelivet,",,,,,"['Hrr Hyltén Cavallius', 'Fougstad']","['Hardanger', 'Kjøbenhavn', 'Stockholm']",['Nyhedsbladet'],"['mit Stykke', '«Hærmændene paa Helgeland»', '«Til Carl Johans Minde»']"
144,0,hvoraf,,,,,"['Hrr Hyltén Cavallius', 'Fougstad']","['Hardanger', 'Kjøbenhavn', 'Stockholm']",['Nyhedsbladet'],"['mit Stykke', '«Hærmændene paa Helgeland»', '«Til Carl Johans Minde»']"
145,0,man,,,,,"['Hrr Hyltén Cavallius', 'Fougstad']","['Hardanger', 'Kjøbenhavn', 'Stockholm']",['Nyhedsbladet'],"['mit Stykke', '«Hærmændene paa Helgeland»', '«Til Carl Johans Minde»']"
146,0,er,,,,,"['Hrr Hyltén Cavallius', 'Fougstad']","['Hardanger', 'Kjøbenhavn', 'Stockholm']",['Nyhedsbladet'],"['mit Stykke', '«Hærmændene paa Helgeland»', '«Til Carl Johans Minde»']"
147,0,istand,,,,,"['Hrr Hyltén Cavallius', 'Fougstad']","['Hardanger', 'Kjøbenhavn', 'Stockholm']",['Nyhedsbladet'],"['mit Stykke', '«Hærmændene paa Helgeland»', '«Til Carl Johans Minde»']"
148,0,til,,,,,"['Hrr Hyltén Cavallius', 'Fougstad']","['Hardanger', 'Kjøbenhavn', 'Stockholm']",['Nyhedsbladet'],"['mit Stykke', '«Hærmændene paa Helgeland»', '«Til Carl Johans Minde»']"
149,0,"lang,",,,,,"['Hrr Hyltén Cavallius', 'Fougstad']","['Hardanger', 'Kjøbenhavn', 'Stockholm']",['Nyhedsbladet'],"['mit Stykke', '«Hærmændene paa Helgeland»', '«Til Carl Johans Minde»']"
150,0,lang,,,,,"['Hrr Hyltén Cavallius', 'Fougstad']","['Hardanger', 'Kjøbenhavn', 'Stockholm']",['Nyhedsbladet'],"['mit Stykke', '«Hærmændene paa Helgeland»', '«Til Carl Johans Minde»']"
151,0,Tid,,,,,"['Hrr Hyltén Cavallius', 'Fougstad']","['Hardanger', 'Kjøbenhavn', 'Stockholm']",['Nyhedsbladet'],"['mit Stykke', '«Hærmændene paa Helgeland»', '«Til Carl Johans Minde»']"
152,0,bagefter,,,,,"['Hrr Hyltén Cavallius', 'Fougstad']","['Hardanger', 'Kjøbenhavn', 'Stockholm']",['Nyhedsbladet'],"['mit Stykke', '«Hærmændene paa Helgeland»', '«Til Carl Johans Minde»']"
153,0,aandeligt,,,,,"['Hrr Hyltén Cavallius', 'Fougstad']","['Hardanger', 'Kjøbenhavn', 'Stockholm']",['Nyhedsbladet'],"['mit Stykke', '«Hærmændene paa Helgeland»', '«Til Carl Johans Minde»']"
154,0,at,,,,,"['Hrr Hyltén Cavallius', 'Fougstad']","['Hardanger', 'Kjøbenhavn', 'Stockholm']",['Nyhedsbladet'],"['mit Stykke', '«Hærmændene paa Helgeland»', '«Til Carl Johans Minde»']"
155,0,nære,,,,,"['Hrr Hyltén Cavallius', 'Fougstad']","['Hardanger', 'Kjøbenhavn', 'Stockholm']",['Nyhedsbladet'],"['mit Stykke', '«Hærmændene paa Helgeland»', '«Til Carl Johans Minde»']"
156,0,sig.Jeg,,,,,"['Hrr Hyltén Cavallius', 'Fougstad']","['Hardanger', 'Kjøbenhavn', 'Stockholm']",['Nyhedsbladet'],"['mit Stykke', '«Hærmændene paa Helgeland»', '«Til Carl Johans Minde»']"
157,0,har,,,,,"['Hrr Hyltén Cavallius', 'Fougstad']","['Hardanger', 'Kjøbenhavn', 'Stockholm']",['Nyhedsbladet'],"['mit Stykke', '«Hærmændene paa Helgeland»', '«Til Carl Johans Minde»']"
158,0,ofte,,,,,"['Hrr Hyltén Cavallius', 'Fougstad']","['Hardanger', 'Kjøbenhavn', 'Stockholm']",['Nyhedsbladet'],"['mit Stykke', '«Hærmændene paa Helgeland»', '«Til Carl Johans Minde»']"
159,0,tænkt,,,,,"['Hrr Hyltén Cavallius', 'Fougstad']","['Hardanger', 'Kjøbenhavn', 'Stockholm']",['Nyhedsbladet'],"['mit Stykke', '«Hærmændene paa Helgeland»', '«Til Carl Johans Minde»']"
160,0,"paa,",,,,,"['Hrr Hyltén Cavallius', 'Fougstad']","['Hardanger', 'Kjøbenhavn', 'Stockholm']",['Nyhedsbladet'],"['mit Stykke', '«Hærmændene paa Helgeland»', '«Til Carl Johans Minde»']"
161,0,hvorledes,,,,,"['Hrr Hyltén Cavallius', 'Fougstad']","['Hardanger', 'Kjøbenhavn', 'Stockholm']",['Nyhedsbladet'],"['mit Stykke', '«Hærmændene paa Helgeland»', '«Til Carl Johans Minde»']"
162,0,De,,,,,"['Hrr Hyltén Cavallius', 'Fougstad']","['Hardanger', 'Kjøbenhavn', 'Stockholm']",['Nyhedsbladet'],"['mit Stykke', '«Hærmændene paa Helgeland»', '«Til Carl Johans Minde»']"
163,0,dengang,,,,,"['Hrr Hyltén Cavallius', 'Fougstad']","['Hardanger', 'Kjøbenhavn', 'Stockholm']",['Nyhedsbladet'],"['mit Stykke', '«Hærmændene paa Helgeland»', '«Til Carl Johans Minde»']"
164,0,egentlig,,,,,"['Hrr Hyltén Cavallius', 'Fougstad']","['Hardanger', 'Kjøbenhavn', 'Stockholm']",['Nyhedsbladet'],"['mit Stykke', '«Hærmændene paa Helgeland»', '«Til Carl Johans Minde»']"
165,0,bedømte,,,,,"['Hrr Hyltén Cavallius', 'Fougstad']","['Hardanger', 'Kjøbenhavn', 'Stockholm']",['Nyhedsbladet'],"['mit Stykke', '«Hærmændene paa Helgeland»', '«Til Carl Johans Minde»']"
166,0,"mig,",,,,,"['Hrr Hyltén Cavallius', 'Fougstad']","['Hardanger', 'Kjøbenhavn', 'Stockholm']",['Nyhedsbladet'],"['mit Stykke', '«Hærmændene paa Helgeland»', '«Til Carl Johans Minde»']"
167,0,om,,,,,"['Hrr Hyltén Cavallius', 'Fougstad']","['Hardanger', 'Kjøbenhavn', 'Stockholm']",['Nyhedsbladet'],"['mit Stykke', '«Hærmændene paa Helgeland»', '«Til Carl Johans Minde»']"
168,0,De,,,,,"['Hrr Hyltén Cavallius', 'Fougstad']","['Hardanger', 'Kjøbenhavn', 'Stockholm']",['Nyhedsbladet'],"['mit Stykke', '«Hærmændene paa Helgeland»', '«Til Carl Johans Minde»']"
169,0,ikke,,,,,"['Hrr Hyltén Cavallius', 'Fougstad']","['Hardanger', 'Kjøbenhavn', 'Stockholm']",['Nyhedsbladet'],"['mit Stykke', '«Hærmændene paa Helgeland»', '«Til Carl Johans Minde»']"
170,0,fandt,,,,,"['Hrr Hyltén Cavallius', 'Fougstad']","['Hardanger', 'Kjøbenhavn', 'Stockholm']",['Nyhedsbladet'],"['mit Stykke', '«Hærmændene paa Helgeland»', '«Til Carl Johans Minde»']"
171,0,mig,,,,,"['Hrr Hyltén Cavallius', 'Fougstad']","['Hardanger', 'Kjøbenhavn', 'Stockholm']",['Nyhedsbladet'],"['mit Stykke', '«Hærmændene paa Helgeland»', '«Til Carl Johans Minde»']"
172,0,omsluttet,,,,,"['Hrr Hyltén Cavallius', 'Fougstad']","['Hardanger', 'Kjøbenhavn', 'Stockholm']",['Nyhedsbladet'],"['mit Stykke', '«Hærmændene paa Helgeland»', '«Til Carl Johans Minde»']"
173,0,af,,,,,"['Hrr Hyltén Cavallius', 'Fougstad']","['Hardanger', 'Kjøbenhavn', 'Stockholm']",['Nyhedsbladet'],"['mit Stykke', '«Hærmændene paa Helgeland»', '«Til Carl Johans Minde»']"
174,0,en,,,,,"['Hrr Hyltén Cavallius', 'Fougstad']","['Hardanger', 'Kjøbenhavn', 'Stockholm']",['Nyhedsbladet'],"['mit Stykke', '«Hærmændene paa Helgeland»', '«Til Carl Johans Minde»']"
175,0,vis,,,,,"['Hrr Hyltén Cavallius', 'Fougstad']","['Hardanger', 'Kjøbenhavn', 'Stockholm']",['Nyhedsbladet'],"['mit Stykke', '«Hærmændene paa Helgeland»', '«Til Carl Johans Minde»']"
176,0,frastødende,,,,,"['Hrr Hyltén Cavallius', 'Fougstad']","['Hardanger', 'Kjøbenhavn', 'Stockholm']",['Nyhedsbladet'],"['mit Stykke', '«Hærmændene paa Helgeland»', '«Til Carl Johans Minde»']"
177,0,"Kulde,",,,,,"['Hrr Hyltén Cavallius', 'Fougstad']","['Hardanger', 'Kjøbenhavn', 'Stockholm']",['Nyhedsbladet'],"['mit Stykke', '«Hærmændene paa Helgeland»', '«Til Carl Johans Minde»']"
178,0,som,,,,,"['Hrr Hyltén Cavallius', 'Fougstad']","['Hardanger', 'Kjøbenhavn', 'Stockholm']",['Nyhedsbladet'],"['mit Stykke', '«Hærmændene paa Helgeland»', '«Til Carl Johans Minde»']"
179,0,vanskeliggjør,,,,,"['Hrr Hyltén Cavallius', 'Fougstad']","['Hardanger', 'Kjøbenhavn', 'Stockholm']",['Nyhedsbladet'],"['mit Stykke', '«Hærmændene paa Helgeland»', '«Til Carl Johans Minde»']"
180,0,en,,,,,"['Hrr Hyltén Cavallius', 'Fougstad']","['Hardanger', 'Kjøbenhavn', 'Stockholm']",['Nyhedsbladet'],"['mit Stykke', '«Hærmændene paa Helgeland»', '«Til Carl Johans Minde»']"
181,0,nærmere,,,,,"['Hrr Hyltén Cavallius', 'Fougstad']","['Hardanger', 'Kjøbenhavn', 'Stockholm']",['Nyhedsbladet'],"['mit Stykke', '«Hærmændene paa Helgeland»', '«Til Carl Johans Minde»']"
182,0,"Tilslutning,",,,,,"['Hrr Hyltén Cavallius', 'Fougstad']","['Hardanger', 'Kjøbenhavn', 'Stockholm']",['Nyhedsbladet'],"['mit Stykke', '«Hærmændene paa Helgeland»', '«Til Carl Johans Minde»']"
183,0,og,,,,,"['Hrr Hyltén Cavallius', 'Fougstad']","['Hardanger', 'Kjøbenhavn', 'Stockholm']",['Nyhedsbladet'],"['mit Stykke', '«Hærmændene paa Helgeland»', '«Til Carl Johans Minde»']"
184,0,dog,,,,,"['Hrr Hyltén Cavallius', 'Fougstad']","['Hardanger', 'Kjøbenhavn', 'Stockholm']",['Nyhedsbladet'],"['mit Stykke', '«Hærmændene paa Helgeland»', '«Til Carl Johans Minde»']"
185,0,faldt,,,,,"['Hrr Hyltén Cavallius', 'Fougstad']","['Hardanger', 'Kjøbenhavn', 'Stockholm']",['Nyhedsbladet'],"['mit Stykke', '«Hærmændene paa Helgeland»', '«Til Carl Johans Minde»']"
186,0,det,,,,,"['Hrr Hyltén Cavallius', 'Fougstad']","['Hardanger', 'Kjøbenhavn', 'Stockholm']",['Nyhedsbladet'],"['mit Stykke', '«Hærmændene paa Helgeland»', '«Til Carl Johans Minde»']"
187,0,mig,,,,,"['Hrr Hyltén Cavallius', 'Fougstad']","['Hardanger', 'Kjøbenhavn', 'Stockholm']",['Nyhedsbladet'],"['mit Stykke', '«Hærmændene paa Helgeland»', '«Til Carl Johans Minde»']"
188,0,uendeligt,,,,,"['Hrr Hyltén Cavallius', 'Fougstad']","['Hardanger', 'Kjøbenhavn', 'Stockholm']",['Nyhedsbladet'],"['mit Stykke', '«Hærmændene paa Helgeland»', '«Til Carl Johans Minde»']"
189,0,lettere,,,,,"['Hrr Hyltén Cavallius', 'Fougstad']","['Hardanger', 'Kjøbenhavn', 'Stockholm']",['Nyhedsbladet'],"['mit Stykke', '«Hærmændene paa Helgeland»', '«Til Carl Johans Minde»']"
190,0,at,,,,,"['Hrr Hyltén Cavallius', 'Fougstad']","['Hardanger', 'Kjøbenhavn', 'Stockholm']",['Nyhedsbladet'],"['mit Stykke', '«Hærmændene paa Helgeland»', '«Til Carl Johans Minde»']"
191,0,slutte,,,,,"['Hrr Hyltén Cavallius', 'Fougstad']","['Hardanger', 'Kjøbenhavn', 'Stockholm']",['Nyhedsbladet'],"['mit Stykke', '«Hærmændene paa Helgeland»', '«Til Carl Johans Minde»']"
192,0,mig,,,,,"['Hrr Hyltén Cavallius', 'Fougstad']","['Hardanger', 'Kjøbenhavn', 'Stockholm']",['Nyhedsbladet'],"['mit Stykke', '«Hærmændene paa Helgeland»', '«Til Carl Johans Minde»']"
193,0,til,,,,,"['Hrr Hyltén Cavallius', 'Fougstad']","['Hardanger', 'Kjøbenhavn', 'Stockholm']",['Nyhedsbladet'],"['mit Stykke', '«Hærmændene paa Helgeland»', '«Til Carl Johans Minde»']"
194,0,Dem,,,,,"['Hrr Hyltén Cavallius', 'Fougstad']","['Hardanger', 'Kjøbenhavn', 'Stockholm']",['Nyhedsbladet'],"['mit Stykke', '«Hærmændene paa Helgeland»', '«Til Carl Johans Minde»']"
195,0,end,,,,,"['Hrr Hyltén Cavallius', 'Fougstad']","['Hardanger', 'Kjøbenhavn', 'Stockholm']",['Nyhedsbladet'],"['mit Stykke', '«Hærmændene paa Helgeland»', '«Til Carl Johans Minde»']"
196,0,til,,,,,"['Hrr Hyltén Cavallius', 'Fougstad']","['Hardanger', 'Kjøbenhavn', 'Stockholm']",['Nyhedsbladet'],"['mit Stykke', '«Hærmændene paa Helgeland»', '«Til Carl Johans Minde»']"
197,0,nogen,,,,,"['Hrr Hyltén Cavallius', 'Fougstad']","['Hardanger', 'Kjøbenhavn', 'Stockholm']",['Nyhedsbladet'],"['mit Stykke', '«Hærmændene paa Helgeland»', '«Til Carl Johans Minde»']"
198,0,"Anden,",,,,,"['Hrr Hyltén Cavallius', 'Fougstad']","['Hardanger', 'Kjøbenhavn', 'Stockholm']",['Nyhedsbladet'],"['mit Stykke', '«Hærmændene paa Helgeland»', '«Til Carl Johans Minde»']"
199,0,thi,,,,,"['Hrr Hyltén Cavallius', 'Fougstad']","['Hardanger', 'Kjøbenhavn', 'Stockholm']",['Nyhedsbladet'],"['mit Stykke', '«Hærmændene paa Helgeland»', '«Til Carl Johans Minde»']"
200,0,der,,,,,"['Hrr Hyltén Cavallius', 'Fougstad']","['Hardanger', 'Kjøbenhavn', 'Stockholm']",['Nyhedsbladet'],"['mit Stykke', '«Hærmændene paa Helgeland»', '«Til Carl Johans Minde»']"
201,0,var,,,,,"['Hrr Hyltén Cavallius', 'Fougstad']","['Hardanger', 'Kjøbenhavn', 'Stockholm']",['Nyhedsbladet'],"['mit Stykke', '«Hærmændene paa Helgeland»', '«Til Carl Johans Minde»']"
202,0,i,,,,,"['Hrr Hyltén Cavallius', 'Fougstad']","['Hardanger', 'Kjøbenhavn', 'Stockholm']",['Nyhedsbladet'],"['mit Stykke', '«Hærmændene paa Helgeland»', '«Til Carl Johans Minde»']"
203,0,Dem,,,,,"['Hrr Hyltén Cavallius', 'Fougstad']","['Hardanger', 'Kjøbenhavn', 'Stockholm']",['Nyhedsbladet'],"['mit Stykke', '«Hærmændene paa Helgeland»', '«Til Carl Johans Minde»']"
204,0,en,,,,,"['Hrr Hyltén Cavallius', 'Fougstad']","['Hardanger', 'Kjøbenhavn', 'Stockholm']",['Nyhedsbladet'],"['mit Stykke', '«Hærmændene paa Helgeland»', '«Til Carl Johans Minde»']"
205,0,sjælelig,,,,,"['Hrr Hyltén Cavallius', 'Fougstad']","['Hardanger', 'Kjøbenhavn', 'Stockholm']",['Nyhedsbladet'],"['mit Stykke', '«Hærmændene paa Helgeland»', '«Til Carl Johans Minde»']"
206,0,"Ungdom,",,,,,"['Hrr Hyltén Cavallius', 'Fougstad']","['Hardanger', 'Kjøbenhavn', 'Stockholm']",['Nyhedsbladet'],"['mit Stykke', '«Hærmændene paa Helgeland»', '«Til Carl Johans Minde»']"
207,0,en,,,,,"['Hrr Hyltén Cavallius', 'Fougstad']","['Hardanger', 'Kjøbenhavn', 'Stockholm']",['Nyhedsbladet'],"['mit Stykke', '«Hærmændene paa Helgeland»', '«Til Carl Johans Minde»']"
208,0,Glæde,,,,,"['Hrr Hyltén Cavallius', 'Fougstad']","['Hardanger', 'Kjøbenhavn', 'Stockholm']",['Nyhedsbladet'],"['mit Stykke', '«Hærmændene paa Helgeland»', '«Til Carl Johans Minde»']"
209,0,over,,,,,"['Hrr Hyltén Cavallius', 'Fougstad']","['Hardanger', 'Kjøbenhavn', 'Stockholm']",['Nyhedsbladet'],"['mit Stykke', '«Hærmændene paa Helgeland»', '«Til Carl Johans Minde»']"
210,0,"Livet,",,,,,"['Hrr Hyltén Cavallius', 'Fougstad']","['Hardanger', 'Kjøbenhavn', 'Stockholm']",['Nyhedsbladet'],"['mit Stykke', '«Hærmændene paa Helgeland»', '«Til Carl Johans Minde»']"
211,0,en,,,,,"['Hrr Hyltén Cavallius', 'Fougstad']","['Hardanger', 'Kjøbenhavn', 'Stockholm']",['Nyhedsbladet'],"['mit Stykke', '«Hærmændene paa Helgeland»', '«Til Carl Johans Minde»']"
212,0,Ridderlighed,,,,,"['Hrr Hyltén Cavallius', 'Fougstad']","['Hardanger', 'Kjøbenhavn', 'Stockholm']",['Nyhedsbladet'],"['mit Stykke', '«Hærmændene paa Helgeland»', '«Til Carl Johans Minde»']"
213,0,i,,,,,"['Hrr Hyltén Cavallius', 'Fougstad']","['Hardanger', 'Kjøbenhavn', 'Stockholm']",['Nyhedsbladet'],"['mit Stykke', '«Hærmændene paa Helgeland»', '«Til Carl Johans Minde»']"
214,0,"Synsmaade,",,,,,"['Hrr Hyltén Cavallius', 'Fougstad']","['Hardanger', 'Kjøbenhavn', 'Stockholm']",['Nyhedsbladet'],"['mit Stykke', '«Hærmændene paa Helgeland»', '«Til Carl Johans Minde»']"
215,0,som,,,,,"['Hrr Hyltén Cavallius', 'Fougstad']","['Hardanger', 'Kjøbenhavn', 'Stockholm']",['Nyhedsbladet'],"['mit Stykke', '«Hærmændene paa Helgeland»', '«Til Carl Johans Minde»']"
216,0,gjorde,,,,,"['Hrr Hyltén Cavallius', 'Fougstad']","['Hardanger', 'Kjøbenhavn', 'Stockholm']",['Nyhedsbladet'],"['mit Stykke', '«Hærmændene paa Helgeland»', '«Til Carl Johans Minde»']"
217,0,mig,,,,,"['Hrr Hyltén Cavallius', 'Fougstad']","['Hardanger', 'Kjøbenhavn', 'Stockholm']",['Nyhedsbladet'],"['mit Stykke', '«Hærmændene paa Helgeland»', '«Til Carl Johans Minde»']"
218,0,godt.,,,,,"['Hrr Hyltén Cavallius', 'Fougstad']","['Hardanger', 'Kjøbenhavn', 'Stockholm']",['Nyhedsbladet'],"['mit Stykke', '«Hærmændene paa Helgeland»', '«Til Carl Johans Minde»']"
219,0,Bevar,,,,,"['Hrr Hyltén Cavallius', 'Fougstad']","['Hardanger', 'Kjøbenhavn', 'Stockholm']",['Nyhedsbladet'],"['mit Stykke', '«Hærmændene paa Helgeland»', '«Til Carl Johans Minde»']"
220,0,alt,,,,,"['Hrr Hyltén Cavallius', 'Fougstad']","['Hardanger', 'Kjøbenhavn', 'Stockholm']",['Nyhedsbladet'],"['mit Stykke', '«Hærmændene paa Helgeland»', '«Til Carl Johans Minde»']"
221,0,dette;,,,,,"['Hrr Hyltén Cavallius', 'Fougstad']","['Hardanger', 'Kjøbenhavn', 'Stockholm']",['Nyhedsbladet'],"['mit Stykke', '«Hærmændene paa Helgeland»', '«Til Carl Johans Minde»']"
222,0,tro,,,,,"['Hrr Hyltén Cavallius', 'Fougstad']","['Hardanger', 'Kjøbenhavn', 'Stockholm']",['Nyhedsbladet'],"['mit Stykke', '«Hærmændene paa Helgeland»', '«Til Carl Johans Minde»']"
223,0,"mig,",,,,,"['Hrr Hyltén Cavallius', 'Fougstad']","['Hardanger', 'Kjøbenhavn', 'Stockholm']",['Nyhedsbladet'],"['mit Stykke', '«Hærmændene paa Helgeland»', '«Til Carl Johans Minde»']"
224,0,det,,,,,"['Hrr Hyltén Cavallius', 'Fougstad']","['Hardanger', 'Kjøbenhavn', 'Stockholm']",['Nyhedsbladet'],"['mit Stykke', '«Hærmændene paa Helgeland»', '«Til Carl Johans Minde»']"
225,0,er,,,,,"['Hrr Hyltén Cavallius', 'Fougstad']","['Hardanger', 'Kjøbenhavn', 'Stockholm']",['Nyhedsbladet'],"['mit Stykke', '«Hærmændene paa Helgeland»', '«Til Carl Johans Minde»']"
226,0,ikke,,,,,"['Hrr Hyltén Cavallius', 'Fougstad']","['Hardanger', 'Kjøbenhavn', 'Stockholm']",['Nyhedsbladet'],"['mit Stykke', '«Hærmændene paa Helgeland»', '«Til Carl Johans Minde»']"
227,0,behageligt,,,,,"['Hrr Hyltén Cavallius', 'Fougstad']","['Hardanger', 'Kjøbenhavn', 'Stockholm']",['Nyhedsbladet'],"['mit Stykke', '«Hærmændene paa Helgeland»', '«Til Carl Johans Minde»']"
228,0,at,,,,,"['Hrr Hyltén Cavallius', 'Fougstad']","['Hardanger', 'Kjøbenhavn', 'Stockholm']",['Nyhedsbladet'],"['mit Stykke', '«Hærmændene paa Helgeland»', '«Til Carl Johans Minde»']"
229,0,see,,,,,"['Hrr Hyltén Cavallius', 'Fougstad']","['Hardanger', 'Kjøbenhavn', 'Stockholm']",['Nyhedsbladet'],"['mit Stykke', '«Hærmændene paa Helgeland»', '«Til Carl Johans Minde»']"
230,0,Verden,,,,,"['Hrr Hyltén Cavallius', 'Fougstad']","['Hardanger', 'Kjøbenhavn', 'Stockholm']",['Nyhedsbladet'],"['mit Stykke', '«Hærmændene paa Helgeland»', '«Til Carl Johans Minde»']"
231,0,fra,,,,,"['Hrr Hyltén Cavallius', 'Fougstad']","['Hardanger', 'Kjøbenhavn', 'Stockholm']",['Nyhedsbladet'],"['mit Stykke', '«Hærmændene paa Helgeland»', '«Til Carl Johans Minde»']"
232,0,"Octobersiden,",,,,,"['Hrr Hyltén Cavallius', 'Fougstad']","['Hardanger', 'Kjøbenhavn', 'Stockholm']",['Nyhedsbladet'],"['mit Stykke', '«Hærmændene paa Helgeland»', '«Til Carl Johans Minde»']"
233,0,og,,,,,"['Hrr Hyltén Cavallius', 'Fougstad']","['Hardanger', 'Kjøbenhavn', 'Stockholm']",['Nyhedsbladet'],"['mit Stykke', '«Hærmændene paa Helgeland»', '«Til Carl Johans Minde»']"
234,0,dog,,,,,"['Hrr Hyltén Cavallius', 'Fougstad']","['Hardanger', 'Kjøbenhavn', 'Stockholm']",['Nyhedsbladet'],"['mit Stykke', '«Hærmændene paa Helgeland»', '«Til Carl Johans Minde»']"
235,0,har,,,,,"['Hrr Hyltén Cavallius', 'Fougstad']","['Hardanger', 'Kjøbenhavn', 'Stockholm']",['Nyhedsbladet'],"['mit Stykke', '«Hærmændene paa Helgeland»', '«Til Carl Johans Minde»']"
236,0,"der,",,,,,"['Hrr Hyltén Cavallius', 'Fougstad']","['Hardanger', 'Kjøbenhavn', 'Stockholm']",['Nyhedsbladet'],"['mit Stykke', '«Hærmændene paa Helgeland»', '«Til Carl Johans Minde»']"
237,0,latterligt,,,,,"['Hrr Hyltén Cavallius', 'Fougstad']","['Hardanger', 'Kjøbenhavn', 'Stockholm']",['Nyhedsbladet'],"['mit Stykke', '«Hærmændene paa Helgeland»', '«Til Carl Johans Minde»']"
238,0,"nok,",,,,,"['Hrr Hyltén Cavallius', 'Fougstad']","['Hardanger', 'Kjøbenhavn', 'Stockholm']",['Nyhedsbladet'],"['mit Stykke', '«Hærmændene paa Helgeland»', '«Til Carl Johans Minde»']"
239,0,været,,,,,"['Hrr Hyltén Cavallius', 'Fougstad']","['Hardanger', 'Kjøbenhavn', 'Stockholm']",['Nyhedsbladet'],"['mit Stykke', '«Hærmændene paa Helgeland»', '«Til Carl Johans Minde»']"
240,0,en,,,,,"['Hrr Hyltén Cavallius', 'Fougstad']","['Hardanger', 'Kjøbenhavn', 'Stockholm']",['Nyhedsbladet'],"['mit Stykke', '«Hærmændene paa Helgeland»', '«Til Carl Johans Minde»']"
241,0,"Tid,",,,,,"['Hrr Hyltén Cavallius', 'Fougstad']","['Hardanger', 'Kjøbenhavn', 'Stockholm']",['Nyhedsbladet'],"['mit Stykke', '«Hærmændene paa Helgeland»', '«Til Carl Johans Minde»']"
242,0,da,,,,,"['Hrr Hyltén Cavallius', 'Fougstad']","['Hardanger', 'Kjøbenhavn', 'Stockholm']",['Nyhedsbladet'],"['mit Stykke', '«Hærmændene paa Helgeland»', '«Til Carl Johans Minde»']"
243,0,jeg,,,,,"['Hrr Hyltén Cavallius', 'Fougstad']","['Hardanger', 'Kjøbenhavn', 'Stockholm']",['Nyhedsbladet'],"['mit Stykke', '«Hærmændene paa Helgeland»', '«Til Carl Johans Minde»']"
244,0,intet,,,,,"['Hrr Hyltén Cavallius', 'Fougstad']","['Hardanger', 'Kjøbenhavn', 'Stockholm']",['Nyhedsbladet'],"['mit Stykke', '«Hærmændene paa Helgeland»', '«Til Carl Johans Minde»']"
245,0,ønskede,,,,,"['Hrr Hyltén Cavallius', 'Fougstad']","['Hardanger', 'Kjøbenhavn', 'Stockholm']",['Nyhedsbladet'],"['mit Stykke', '«Hærmændene paa Helgeland»', '«Til Carl Johans Minde»']"
246,0,heller.,,,,,"['Hrr Hyltén Cavallius', 'Fougstad']","['Hardanger', 'Kjøbenhavn', 'Stockholm']",['Nyhedsbladet'],"['mit Stykke', '«Hærmændene paa Helgeland»', '«Til Carl Johans Minde»']"
247,0,Jeg,,,,,"['Hrr Hyltén Cavallius', 'Fougstad']","['Hardanger', 'Kjøbenhavn', 'Stockholm']",['Nyhedsbladet'],"['mit Stykke', '«Hærmændene paa Helgeland»', '«Til Carl Johans Minde»']"
248,0,har,,,,,"['Hrr Hyltén Cavallius', 'Fougstad']","['Hardanger', 'Kjøbenhavn', 'Stockholm']",['Nyhedsbladet'],"['mit Stykke', '«Hærmændene paa Helgeland»', '«Til Carl Johans Minde»']"
249,0,brændende,,,,,"['Hrr Hyltén Cavallius', 'Fougstad']","['Hardanger', 'Kjøbenhavn', 'Stockholm']",['Nyhedsbladet'],"['mit Stykke', '«Hærmændene paa Helgeland»', '«Til Carl Johans Minde»']"
250,0,længtes,,,,,"['Hrr Hyltén Cavallius', 'Fougstad']","['Hardanger', 'Kjøbenhavn', 'Stockholm']",['Nyhedsbladet'],"['mit Stykke', '«Hærmændene paa Helgeland»', '«Til Carl Johans Minde»']"
251,0,"efter,",,,,,"['Hrr Hyltén Cavallius', 'Fougstad']","['Hardanger', 'Kjøbenhavn', 'Stockholm']",['Nyhedsbladet'],"['mit Stykke', '«Hærmændene paa Helgeland»', '«Til Carl Johans Minde»']"
252,0,ja,,,,,"['Hrr Hyltén Cavallius', 'Fougstad']","['Hardanger', 'Kjøbenhavn', 'Stockholm']",['Nyhedsbladet'],"['mit Stykke', '«Hærmændene paa Helgeland»', '«Til Carl Johans Minde»']"
253,0,næsten,,,,,"['Hrr Hyltén Cavallius', 'Fougstad']","['Hardanger', 'Kjøbenhavn', 'Stockholm']",['Nyhedsbladet'],"['mit Stykke', '«Hærmændene paa Helgeland»', '«Til Carl Johans Minde»']"
254,0,bedet,,,,,"['Hrr Hyltén Cavallius', 'Fougstad']","['Hardanger', 'Kjøbenhavn', 'Stockholm']",['Nyhedsbladet'],"['mit Stykke', '«Hærmændene paa Helgeland»', '«Til Carl Johans Minde»']"
255,0,om,,,,,"['Hrr Hyltén Cavallius', 'Fougstad']","['Hardanger', 'Kjøbenhavn', 'Stockholm']",['Nyhedsbladet'],"['mit Stykke', '«Hærmændene paa Helgeland»', '«Til Carl Johans Minde»']"
256,0,en,,,,,"['Hrr Hyltén Cavallius', 'Fougstad']","['Hardanger', 'Kjøbenhavn', 'Stockholm']",['Nyhedsbladet'],"['mit Stykke', '«Hærmændene paa Helgeland»', '«Til Carl Johans Minde»']"
257,0,stor,,,,,"['Hrr Hyltén Cavallius', 'Fougstad']","['Hardanger', 'Kjøbenhavn', 'Stockholm']",['Nyhedsbladet'],"['mit Stykke', '«Hærmændene paa Helgeland»', '«Til Carl Johans Minde»']"
258,0,"Sorg,",,,,,"['Hrr Hyltén Cavallius', 'Fougstad']","['Hardanger', 'Kjøbenhavn', 'Stockholm']",['Nyhedsbladet'],"['mit Stykke', '«Hærmændene paa Helgeland»', '«Til Carl Johans Minde»']"
259,0,som,,,,,"['Hrr Hyltén Cavallius', 'Fougstad']","['Hardanger', 'Kjøbenhavn', 'Stockholm']",['Nyhedsbladet'],"['mit Stykke', '«Hærmændene paa Helgeland»', '«Til Carl Johans Minde»']"
260,0,ret,,,,,"['Hrr Hyltén Cavallius', 'Fougstad']","['Hardanger', 'Kjøbenhavn', 'Stockholm']",['Nyhedsbladet'],"['mit Stykke', '«Hærmændene paa Helgeland»', '«Til Carl Johans Minde»']"
261,0,kunde,,,,,"['Hrr Hyltén Cavallius', 'Fougstad']","['Hardanger', 'Kjøbenhavn', 'Stockholm']",['Nyhedsbladet'],"['mit Stykke', '«Hærmændene paa Helgeland»', '«Til Carl Johans Minde»']"
262,0,udfylde,,,,,"['Hrr Hyltén Cavallius', 'Fougstad']","['Hardanger', 'Kjøbenhavn', 'Stockholm']",['Nyhedsbladet'],"['mit Stykke', '«Hærmændene paa Helgeland»', '«Til Carl Johans Minde»']"
263,0,"Tilværelsen,",,,,,"['Hrr Hyltén Cavallius', 'Fougstad']","['Hardanger', 'Kjøbenhavn', 'Stockholm']",['Nyhedsbladet'],"['mit Stykke', '«Hærmændene paa Helgeland»', '«Til Carl Johans Minde»']"
264,0,give,,,,,"['Hrr Hyltén Cavallius', 'Fougstad']","['Hardanger', 'Kjøbenhavn', 'Stockholm']",['Nyhedsbladet'],"['mit Stykke', '«Hærmændene paa Helgeland»', '«Til Carl Johans Minde»']"
265,0,Livet,,,,,"['Hrr Hyltén Cavallius', 'Fougstad']","['Hardanger', 'Kjøbenhavn', 'Stockholm']",['Nyhedsbladet'],"['mit Stykke', '«Hærmændene paa Helgeland»', '«Til Carl Johans Minde»']"
266,0,Indhold.,,,,,"['Hrr Hyltén Cavallius', 'Fougstad']","['Hardanger', 'Kjøbenhavn', 'Stockholm']",['Nyhedsbladet'],"['mit Stykke', '«Hærmændene paa Helgeland»', '«Til Carl Johans Minde»']"
267,0,Det,,,,,"['Hrr Hyltén Cavallius', 'Fougstad']","['Hardanger', 'Kjøbenhavn', 'Stockholm']",['Nyhedsbladet'],"['mit Stykke', '«Hærmændene paa Helgeland»', '«Til Carl Johans Minde»']"
268,0,var,,,,,"['Hrr Hyltén Cavallius', 'Fougstad']","['Hardanger', 'Kjøbenhavn', 'Stockholm']",['Nyhedsbladet'],"['mit Stykke', '«Hærmændene paa Helgeland»', '«Til Carl Johans Minde»']"
269,0,"taabeligt,",,,,,"['Hrr Hyltén Cavallius', 'Fougstad']","['Hardanger', 'Kjøbenhavn', 'Stockholm']",['Nyhedsbladet'],"['mit Stykke', '«Hærmændene paa Helgeland»', '«Til Carl Johans Minde»']"
270,0,jeg,,,,,"['Hrr Hyltén Cavallius', 'Fougstad']","['Hardanger', 'Kjøbenhavn', 'Stockholm']",['Nyhedsbladet'],"['mit Stykke', '«Hærmændene paa Helgeland»', '«Til Carl Johans Minde»']"
271,0,har,,,,,"['Hrr Hyltén Cavallius', 'Fougstad']","['Hardanger', 'Kjøbenhavn', 'Stockholm']",['Nyhedsbladet'],"['mit Stykke', '«Hærmændene paa Helgeland»', '«Til Carl Johans Minde»']"
272,0,kjæmpet,,,,,"['Hrr Hyltén Cavallius', 'Fougstad']","['Hardanger', 'Kjøbenhavn', 'Stockholm']",['Nyhedsbladet'],"['mit Stykke', '«Hærmændene paa Helgeland»', '«Til Carl Johans Minde»']"
273,0,mig,,,,,"['Hrr Hyltén Cavallius', 'Fougstad']","['Hardanger', 'Kjøbenhavn', 'Stockholm']",['Nyhedsbladet'],"['mit Stykke', '«Hærmændene paa Helgeland»', '«Til Carl Johans Minde»']"
274,0,ud,,,,,"['Hrr Hyltén Cavallius', 'Fougstad']","['Hardanger', 'Kjøbenhavn', 'Stockholm']",['Nyhedsbladet'],"['mit Stykke', '«Hærmændene paa Helgeland»', '«Til Carl Johans Minde»']"
275,0,af,,,,,"['Hrr Hyltén Cavallius', 'Fougstad']","['Hardanger', 'Kjøbenhavn', 'Stockholm']",['Nyhedsbladet'],"['mit Stykke', '«Hærmændene paa Helgeland»', '«Til Carl Johans Minde»']"
276,0,dette,,,,,"['Hrr Hyltén Cavallius', 'Fougstad']","['Hardanger', 'Kjøbenhavn', 'Stockholm']",['Nyhedsbladet'],"['mit Stykke', '«Hærmændene paa Helgeland»', '«Til Carl Johans Minde»']"
277,0,"Stadium,",,,,,"['Hrr Hyltén Cavallius', 'Fougstad']","['Hardanger', 'Kjøbenhavn', 'Stockholm']",['Nyhedsbladet'],"['mit Stykke', '«Hærmændene paa Helgeland»', '«Til Carl Johans Minde»']"
278,0,–,,,,,"['Hrr Hyltén Cavallius', 'Fougstad']","['Hardanger', 'Kjøbenhavn', 'Stockholm']",['Nyhedsbladet'],"['mit Stykke', '«Hærmændene paa Helgeland»', '«Til Carl Johans Minde»']"
279,0,og,,,,,"['Hrr Hyltén Cavallius', 'Fougstad']","['Hardanger', 'Kjøbenhavn', 'Stockholm']",['Nyhedsbladet'],"['mit Stykke', '«Hærmændene paa Helgeland»', '«Til Carl Johans Minde»']"
280,0,dog,,,,,"['Hrr Hyltén Cavallius', 'Fougstad']","['Hardanger', 'Kjøbenhavn', 'Stockholm']",['Nyhedsbladet'],"['mit Stykke', '«Hærmændene paa Helgeland»', '«Til Carl Johans Minde»']"
281,0,bliver,,,,,"['Hrr Hyltén Cavallius', 'Fougstad']","['Hardanger', 'Kjøbenhavn', 'Stockholm']",['Nyhedsbladet'],"['mit Stykke', '«Hærmændene paa Helgeland»', '«Til Carl Johans Minde»']"
282,0,der,,,,,"['Hrr Hyltén Cavallius', 'Fougstad']","['Hardanger', 'Kjøbenhavn', 'Stockholm']",['Nyhedsbladet'],"['mit Stykke', '«Hærmændene paa Helgeland»', '«Til Carl Johans Minde»']"
283,0,altid,,,,,"['Hrr Hyltén Cavallius', 'Fougstad']","['Hardanger', 'Kjøbenhavn', 'Stockholm']",['Nyhedsbladet'],"['mit Stykke', '«Hærmændene paa Helgeland»', '«Til Carl Johans Minde»']"
284,0,en,,,,,"['Hrr Hyltén Cavallius', 'Fougstad']","['Hardanger', 'Kjøbenhavn', 'Stockholm']",['Nyhedsbladet'],"['mit Stykke', '«Hærmændene paa Helgeland»', '«Til Carl Johans Minde»']"
285,0,Mindelse,,,,,"['Hrr Hyltén Cavallius', 'Fougstad']","['Hardanger', 'Kjøbenhavn', 'Stockholm']",['Nyhedsbladet'],"['mit Stykke', '«Hærmændene paa Helgeland»', '«Til Carl Johans Minde»']"
286,0,tilbage.Tusinde,,,,,"['Hrr Hyltén Cavallius', 'Fougstad']","['Hardanger', 'Kjøbenhavn', 'Stockholm']",['Nyhedsbladet'],"['mit Stykke', '«Hærmændene paa Helgeland»', '«Til Carl Johans Minde»']"
287,0,Tak,,,,,"['Hrr Hyltén Cavallius', 'Fougstad']","['Hardanger', 'Kjøbenhavn', 'Stockholm']",['Nyhedsbladet'],"['mit Stykke', '«Hærmændene paa Helgeland»', '«Til Carl Johans Minde»']"
288,0,for,,,,,"['Hrr Hyltén Cavallius', 'Fougstad']","['Hardanger', 'Kjøbenhavn', 'Stockholm']",['Nyhedsbladet'],"['mit Stykke', '«Hærmændene paa Helgeland»', '«Til Carl Johans Minde»']"
289,0,al,,,,,"['Hrr Hyltén Cavallius', 'Fougstad']","['Hardanger', 'Kjøbenhavn', 'Stockholm']",['Nyhedsbladet'],"['mit Stykke', '«Hærmændene paa Helgeland»', '«Til Carl Johans Minde»']"
290,0,Deres,,,,,"['Hrr Hyltén Cavallius', 'Fougstad']","['Hardanger', 'Kjøbenhavn', 'Stockholm']",['Nyhedsbladet'],"['mit Stykke', '«Hærmændene paa Helgeland»', '«Til Carl Johans Minde»']"
291,0,Uleilighed,,,,,"['Hrr Hyltén Cavallius', 'Fougstad']","['Hardanger', 'Kjøbenhavn', 'Stockholm']",['Nyhedsbladet'],"['mit Stykke', '«Hærmændene paa Helgeland»', '«Til Carl Johans Minde»']"
292,0,med,,,,,"['Hrr Hyltén Cavallius', 'Fougstad']","['Hardanger', 'Kjøbenhavn', 'Stockholm']",['Nyhedsbladet'],"['mit Stykke', '«Hærmændene paa Helgeland»', '«Til Carl Johans Minde»']"
293,0,mit,,,,,"['Hrr Hyltén Cavallius', 'Fougstad']","['Hardanger', 'Kjøbenhavn', 'Stockholm']",['Nyhedsbladet'],"['mit Stykke', '«Hærmændene paa Helgeland»', '«Til Carl Johans Minde»']"
294,0,Stykke.,,,,,"['Hrr Hyltén Cavallius', 'Fougstad']","['Hardanger', 'Kjøbenhavn', 'Stockholm']",['Nyhedsbladet'],"['mit Stykke', '«Hærmændene paa Helgeland»', '«Til Carl Johans Minde»']"
295,0,Snart,,,,,"['Hrr Hyltén Cavallius', 'Fougstad']","['Hardanger', 'Kjøbenhavn', 'Stockholm']",['Nyhedsbladet'],"['mit Stykke', '«Hærmændene paa Helgeland»', '«Til Carl Johans Minde»']"
296,0,sender,,,,,"['Hrr Hyltén Cavallius', 'Fougstad']","['Hardanger', 'Kjøbenhavn', 'Stockholm']",['Nyhedsbladet'],"['mit Stykke', '«Hærmændene paa Helgeland»', '«Til Carl Johans Minde»']"
297,0,jeg,,,,,"['Hrr Hyltén Cavallius', 'Fougstad']","['Hardanger', 'Kjøbenhavn', 'Stockholm']",['Nyhedsbladet'],"['mit Stykke', '«Hærmændene paa Helgeland»', '«Til Carl Johans Minde»']"
298,0,Dem,,,,,"['Hrr Hyltén Cavallius', 'Fougstad']","['Hardanger', 'Kjøbenhavn', 'Stockholm']",['Nyhedsbladet'],"['mit Stykke', '«Hærmændene paa Helgeland»', '«Til Carl Johans Minde»']"
299,0,et,,,,,"['Hrr Hyltén Cavallius', 'Fougstad']","['Hardanger', 'Kjøbenhavn', 'Stockholm']",['Nyhedsbladet'],"['mit Stykke', '«Hærmændene paa Helgeland»', '«Til Carl Johans Minde»']"
300,0,nyt,,,,,"['Hrr Hyltén Cavallius', 'Fougstad']","['Hardanger', 'Kjøbenhavn', 'Stockholm']",['Nyhedsbladet'],"['mit Stykke', '«Hærmændene paa Helgeland»', '«Til Carl Johans Minde»']"
301,0,Arbeide:,,,,,"['Hrr Hyltén Cavallius', 'Fougstad']","['Hardanger', 'Kjøbenhavn', 'Stockholm']",['Nyhedsbladet'],"['mit Stykke', '«Hærmændene paa Helgeland»', '«Til Carl Johans Minde»']"
302,0,«Hærmændene,,,,,"['Hrr Hyltén Cavallius', 'Fougstad']","['Hardanger', 'Kjøbenhavn', 'Stockholm']",['Nyhedsbladet'],"['mit Stykke', '«Hærmændene paa Helgeland»', '«Til Carl Johans Minde»']"
303,0,paa,,,,,"['Hrr Hyltén Cavallius', 'Fougstad']","['Hardanger', 'Kjøbenhavn', 'Stockholm']",['Nyhedsbladet'],"['mit Stykke', '«Hærmændene paa Helgeland»', '«Til Carl Johans Minde»']"
304,0,"Helgeland»,",,,,,"['Hrr Hyltén Cavallius', 'Fougstad']","['Hardanger', 'Kjøbenhavn', 'Stockholm']",['Nyhedsbladet'],"['mit Stykke', '«Hærmændene paa Helgeland»', '«Til Carl Johans Minde»']"
305,0,som,,,,,"['Hrr Hyltén Cavallius', 'Fougstad']","['Hardanger', 'Kjøbenhavn', 'Stockholm']",['Nyhedsbladet'],"['mit Stykke', '«Hærmændene paa Helgeland»', '«Til Carl Johans Minde»']"
306,0,snart,,,,,"['Hrr Hyltén Cavallius', 'Fougstad']","['Hardanger', 'Kjøbenhavn', 'Stockholm']",['Nyhedsbladet'],"['mit Stykke', '«Hærmændene paa Helgeland»', '«Til Carl Johans Minde»']"
307,0,skal,,,,,"['Hrr Hyltén Cavallius', 'Fougstad']","['Hardanger', 'Kjøbenhavn', 'Stockholm']",['Nyhedsbladet'],"['mit Stykke', '«Hærmændene paa Helgeland»', '«Til Carl Johans Minde»']"
308,0,opføres,,,,,"['Hrr Hyltén Cavallius', 'Fougstad']","['Hardanger', 'Kjøbenhavn', 'Stockholm']",['Nyhedsbladet'],"['mit Stykke', '«Hærmændene paa Helgeland»', '«Til Carl Johans Minde»']"
309,0,her,,,,,"['Hrr Hyltén Cavallius', 'Fougstad']","['Hardanger', 'Kjøbenhavn', 'Stockholm']",['Nyhedsbladet'],"['mit Stykke', '«Hærmændene paa Helgeland»', '«Til Carl Johans Minde»']"
310,0,og,,,,,"['Hrr Hyltén Cavallius', 'Fougstad']","['Hardanger', 'Kjøbenhavn', 'Stockholm']",['Nyhedsbladet'],"['mit Stykke', '«Hærmændene paa Helgeland»', '«Til Carl Johans Minde»']"
311,0,maaskee,,,,,"['Hrr Hyltén Cavallius', 'Fougstad']","['Hardanger', 'Kjøbenhavn', 'Stockholm']",['Nyhedsbladet'],"['mit Stykke', '«Hærmændene paa Helgeland»', '«Til Carl Johans Minde»']"
312,0,ogsaa,,,,,"['Hrr Hyltén Cavallius', 'Fougstad']","['Hardanger', 'Kjøbenhavn', 'Stockholm']",['Nyhedsbladet'],"['mit Stykke', '«Hærmændene paa Helgeland»', '«Til Carl Johans Minde»']"
313,0,i,,,,,"['Hrr Hyltén Cavallius', 'Fougstad']","['Hardanger', 'Kjøbenhavn', 'Stockholm']",['Nyhedsbladet'],"['mit Stykke', '«Hærmændene paa Helgeland»', '«Til Carl Johans Minde»']"
314,0,Kjøbenhavn.I,,,,,"['Hrr Hyltén Cavallius', 'Fougstad']","['Hardanger', 'Kjøbenhavn', 'Stockholm']",['Nyhedsbladet'],"['mit Stykke', '«Hærmændene paa Helgeland»', '«Til Carl Johans Minde»']"
315,0,Nyhedsbladet,,,,,"['Hrr Hyltén Cavallius', 'Fougstad']","['Hardanger', 'Kjøbenhavn', 'Stockholm']",['Nyhedsbladet'],"['mit Stykke', '«Hærmændene paa Helgeland»', '«Til Carl Johans Minde»']"
316,0,No,,,,,"['Hrr Hyltén Cavallius', 'Fougstad']","['Hardanger', 'Kjøbenhavn', 'Stockholm']",['Nyhedsbladet'],"['mit Stykke', '«Hærmændene paa Helgeland»', '«Til Carl Johans Minde»']"
317,0,4,,,,,"['Hrr Hyltén Cavallius', 'Fougstad']","['Hardanger', 'Kjøbenhavn', 'Stockholm']",['Nyhedsbladet'],"['mit Stykke', '«Hærmændene paa Helgeland»', '«Til Carl Johans Minde»']"
318,0,har,,,,,"['Hrr Hyltén Cavallius', 'Fougstad']","['Hardanger', 'Kjøbenhavn', 'Stockholm']",['Nyhedsbladet'],"['mit Stykke', '«Hærmændene paa Helgeland»', '«Til Carl Johans Minde»']"
319,0,jeg,,,,,"['Hrr Hyltén Cavallius', 'Fougstad']","['Hardanger', 'Kjøbenhavn', 'Stockholm']",['Nyhedsbladet'],"['mit Stykke', '«Hærmændene paa Helgeland»', '«Til Carl Johans Minde»']"
320,0,skrevet,,,,,"['Hrr Hyltén Cavallius', 'Fougstad']","['Hardanger', 'Kjøbenhavn', 'Stockholm']",['Nyhedsbladet'],"['mit Stykke', '«Hærmændene paa Helgeland»', '«Til Carl Johans Minde»']"
321,0,et,,,,,"['Hrr Hyltén Cavallius', 'Fougstad']","['Hardanger', 'Kjøbenhavn', 'Stockholm']",['Nyhedsbladet'],"['mit Stykke', '«Hærmændene paa Helgeland»', '«Til Carl Johans Minde»']"
322,0,Digt:,,,,,"['Hrr Hyltén Cavallius', 'Fougstad']","['Hardanger', 'Kjøbenhavn', 'Stockholm']",['Nyhedsbladet'],"['mit Stykke', '«Hærmændene paa Helgeland»', '«Til Carl Johans Minde»']"
323,0,«Til,,,,,"['Hrr Hyltén Cavallius', 'Fougstad']","['Hardanger', 'Kjøbenhavn', 'Stockholm']",['Nyhedsbladet'],"['mit Stykke', '«Hærmændene paa Helgeland»', '«Til Carl Johans Minde»']"
324,0,Carl,,,,,"['Hrr Hyltén Cavallius', 'Fougstad']","['Hardanger', 'Kjøbenhavn', 'Stockholm']",['Nyhedsbladet'],"['mit Stykke', '«Hærmændene paa Helgeland»', '«Til Carl Johans Minde»']"
325,0,Johans,,,,,"['Hrr Hyltén Cavallius', 'Fougstad']","['Hardanger', 'Kjøbenhavn', 'Stockholm']",['Nyhedsbladet'],"['mit Stykke', '«Hærmændene paa Helgeland»', '«Til Carl Johans Minde»']"
326,0,"Minde»,",,,,,"['Hrr Hyltén Cavallius', 'Fougstad']","['Hardanger', 'Kjøbenhavn', 'Stockholm']",['Nyhedsbladet'],"['mit Stykke', '«Hærmændene paa Helgeland»', '«Til Carl Johans Minde»']"
327,0,som,,,,,"['Hrr Hyltén Cavallius', 'Fougstad']","['Hardanger', 'Kjøbenhavn', 'Stockholm']",['Nyhedsbladet'],"['mit Stykke', '«Hærmændene paa Helgeland»', '«Til Carl Johans Minde»']"
328,0,hersteds,,,,,"['Hrr Hyltén Cavallius', 'Fougstad']","['Hardanger', 'Kjøbenhavn', 'Stockholm']",['Nyhedsbladet'],"['mit Stykke', '«Hærmændene paa Helgeland»', '«Til Carl Johans Minde»']"
329,0,har,,,,,"['Hrr Hyltén Cavallius', 'Fougstad']","['Hardanger', 'Kjøbenhavn', 'Stockholm']",['Nyhedsbladet'],"['mit Stykke', '«Hærmændene paa Helgeland»', '«Til Carl Johans Minde»']"
330,0,vundet,,,,,"['Hrr Hyltén Cavallius', 'Fougstad']","['Hardanger', 'Kjøbenhavn', 'Stockholm']",['Nyhedsbladet'],"['mit Stykke', '«Hærmændene paa Helgeland»', '«Til Carl Johans Minde»']"
331,0,Bifald.,,,,,"['Hrr Hyltén Cavallius', 'Fougstad']","['Hardanger', 'Kjøbenhavn', 'Stockholm']",['Nyhedsbladet'],"['mit Stykke', '«Hærmændene paa Helgeland»', '«Til Carl Johans Minde»']"
332,0,Det,,,,,"['Hrr Hyltén Cavallius', 'Fougstad']","['Hardanger', 'Kjøbenhavn', 'Stockholm']",['Nyhedsbladet'],"['mit Stykke', '«Hærmændene paa Helgeland»', '«Til Carl Johans Minde»']"
333,0,er,,,,,"['Hrr Hyltén Cavallius', 'Fougstad']","['Hardanger', 'Kjøbenhavn', 'Stockholm']",['Nyhedsbladet'],"['mit Stykke', '«Hærmændene paa Helgeland»', '«Til Carl Johans Minde»']"
334,0,tilegnet,,,,,"['Hrr Hyltén Cavallius', 'Fougstad']","['Hardanger', 'Kjøbenhavn', 'Stockholm']",['Nyhedsbladet'],"['mit Stykke', '«Hærmændene paa Helgeland»', '«Til Carl Johans Minde»']"
335,0,"Carl-Johans-Forbundet,",,,,,"['Hrr Hyltén Cavallius', 'Fougstad']","['Hardanger', 'Kjøbenhavn', 'Stockholm']",['Nyhedsbladet'],"['mit Stykke', '«Hærmændene paa Helgeland»', '«Til Carl Johans Minde»']"
336,0,et,,,,,"['Hrr Hyltén Cavallius', 'Fougstad']","['Hardanger', 'Kjøbenhavn', 'Stockholm']",['Nyhedsbladet'],"['mit Stykke', '«Hærmændene paa Helgeland»', '«Til Carl Johans Minde»']"
337,0,"Selskab,",,,,,"['Hrr Hyltén Cavallius', 'Fougstad']","['Hardanger', 'Kjøbenhavn', 'Stockholm']",['Nyhedsbladet'],"['mit Stykke', '«Hærmændene paa Helgeland»', '«Til Carl Johans Minde»']"
338,0,hvis,,,,,"['Hrr Hyltén Cavallius', 'Fougstad']","['Hardanger', 'Kjøbenhavn', 'Stockholm']",['Nyhedsbladet'],"['mit Stykke', '«Hærmændene paa Helgeland»', '«Til Carl Johans Minde»']"
339,0,Tendents,,,,,"['Hrr Hyltén Cavallius', 'Fougstad']","['Hardanger', 'Kjøbenhavn', 'Stockholm']",['Nyhedsbladet'],"['mit Stykke', '«Hærmændene paa Helgeland»', '«Til Carl Johans Minde»']"
340,0,De,,,,,"['Hrr Hyltén Cavallius', 'Fougstad']","['Hardanger', 'Kjøbenhavn', 'Stockholm']",['Nyhedsbladet'],"['mit Stykke', '«Hærmændene paa Helgeland»', '«Til Carl Johans Minde»']"
341,0,vistnok,,,,,"['Hrr Hyltén Cavallius', 'Fougstad']","['Hardanger', 'Kjøbenhavn', 'Stockholm']",['Nyhedsbladet'],"['mit Stykke', '«Hærmændene paa Helgeland»', '«Til Carl Johans Minde»']"
342,0,kjender.Det,,,,,"['Hrr Hyltén Cavallius', 'Fougstad']","['Hardanger', 'Kjøbenhavn', 'Stockholm']",['Nyhedsbladet'],"['mit Stykke', '«Hærmændene paa Helgeland»', '«Til Carl Johans Minde»']"
343,0,er,,,,,"['Hrr Hyltén Cavallius', 'Fougstad']","['Hardanger', 'Kjøbenhavn', 'Stockholm']",['Nyhedsbladet'],"['mit Stykke', '«Hærmændene paa Helgeland»', '«Til Carl Johans Minde»']"
344,0,ikke,,,,,"['Hrr Hyltén Cavallius', 'Fougstad']","['Hardanger', 'Kjøbenhavn', 'Stockholm']",['Nyhedsbladet'],"['mit Stykke', '«Hærmændene paa Helgeland»', '«Til Carl Johans Minde»']"
345,0,"usandsynligt,",,,,,"['Hrr Hyltén Cavallius', 'Fougstad']","['Hardanger', 'Kjøbenhavn', 'Stockholm']",['Nyhedsbladet'],"['mit Stykke', '«Hærmændene paa Helgeland»', '«Til Carl Johans Minde»']"
346,0,at,,,,,"['Hrr Hyltén Cavallius', 'Fougstad']","['Hardanger', 'Kjøbenhavn', 'Stockholm']",['Nyhedsbladet'],"['mit Stykke', '«Hærmændene paa Helgeland»', '«Til Carl Johans Minde»']"
347,0,jeg,,,,,"['Hrr Hyltén Cavallius', 'Fougstad']","['Hardanger', 'Kjøbenhavn', 'Stockholm']",['Nyhedsbladet'],"['mit Stykke', '«Hærmændene paa Helgeland»', '«Til Carl Johans Minde»']"
348,0,reiser,,,,,"['Hrr Hyltén Cavallius', 'Fougstad']","['Hardanger', 'Kjøbenhavn', 'Stockholm']",['Nyhedsbladet'],"['mit Stykke', '«Hærmændene paa Helgeland»', '«Til Carl Johans Minde»']"
349,0,til,,,,,"['Hrr Hyltén Cavallius', 'Fougstad']","['Hardanger', 'Kjøbenhavn', 'Stockholm']",['Nyhedsbladet'],"['mit Stykke', '«Hærmændene paa Helgeland»', '«Til Carl Johans Minde»']"
350,0,Stockholm,,,,,"['Hrr Hyltén Cavallius', 'Fougstad']","['Hardanger', 'Kjøbenhavn', 'Stockholm']",['Nyhedsbladet'],"['mit Stykke', '«Hærmændene paa Helgeland»', '«Til Carl Johans Minde»']"
351,0,til,,,,,"['Hrr Hyltén Cavallius', 'Fougstad']","['Hardanger', 'Kjøbenhavn', 'Stockholm']",['Nyhedsbladet'],"['mit Stykke', '«Hærmændene paa Helgeland»', '«Til Carl Johans Minde»']"
352,0,Sommeren.,,,,,"['Hrr Hyltén Cavallius', 'Fougstad']","['Hardanger', 'Kjøbenhavn', 'Stockholm']",['Nyhedsbladet'],"['mit Stykke', '«Hærmændene paa Helgeland»', '«Til Carl Johans Minde»']"
353,0,Vil,,,,,"['Hrr Hyltén Cavallius', 'Fougstad']","['Hardanger', 'Kjøbenhavn', 'Stockholm']",['Nyhedsbladet'],"['mit Stykke', '«Hærmændene paa Helgeland»', '«Til Carl Johans Minde»']"
354,0,jeg,,,,,"['Hrr Hyltén Cavallius', 'Fougstad']","['Hardanger', 'Kjøbenhavn', 'Stockholm']",['Nyhedsbladet'],"['mit Stykke', '«Hærmændene paa Helgeland»', '«Til Carl Johans Minde»']"
355,0,træffe,,,,,"['Hrr Hyltén Cavallius', 'Fougstad']","['Hardanger', 'Kjøbenhavn', 'Stockholm']",['Nyhedsbladet'],"['mit Stykke', '«Hærmændene paa Helgeland»', '«Til Carl Johans Minde»']"
356,0,Dem,,,,,"['Hrr Hyltén Cavallius', 'Fougstad']","['Hardanger', 'Kjøbenhavn', 'Stockholm']",['Nyhedsbladet'],"['mit Stykke', '«Hærmændene paa Helgeland»', '«Til Carl Johans Minde»']"
357,0,"der,",,,,,"['Hrr Hyltén Cavallius', 'Fougstad']","['Hardanger', 'Kjøbenhavn', 'Stockholm']",['Nyhedsbladet'],"['mit Stykke', '«Hærmændene paa Helgeland»', '«Til Carl Johans Minde»']"
358,0,eller,,,,,"['Hrr Hyltén Cavallius', 'Fougstad']","['Hardanger', 'Kjøbenhavn', 'Stockholm']",['Nyhedsbladet'],"['mit Stykke', '«Hærmændene paa Helgeland»', '«Til Carl Johans Minde»']"
359,0,har,,,,,"['Hrr Hyltén Cavallius', 'Fougstad']","['Hardanger', 'Kjøbenhavn', 'Stockholm']",['Nyhedsbladet'],"['mit Stykke', '«Hærmændene paa Helgeland»', '«Til Carl Johans Minde»']"
360,0,maaskee,,,,,"['Hrr Hyltén Cavallius', 'Fougstad']","['Hardanger', 'Kjøbenhavn', 'Stockholm']",['Nyhedsbladet'],"['mit Stykke', '«Hærmændene paa Helgeland»', '«Til Carl Johans Minde»']"
361,0,De,,,,,"['Hrr Hyltén Cavallius', 'Fougstad']","['Hardanger', 'Kjøbenhavn', 'Stockholm']",['Nyhedsbladet'],"['mit Stykke', '«Hærmændene paa Helgeland»', '«Til Carl Johans Minde»']"
362,0,ogsaa,,,,,"['Hrr Hyltén Cavallius', 'Fougstad']","['Hardanger', 'Kjøbenhavn', 'Stockholm']",['Nyhedsbladet'],"['mit Stykke', '«Hærmændene paa Helgeland»', '«Til Carl Johans Minde»']"
363,0,Reiseplaner?Jeg,,,,,"['Hrr Hyltén Cavallius', 'Fougstad']","['Hardanger', 'Kjøbenhavn', 'Stockholm']",['Nyhedsbladet'],"['mit Stykke', '«Hærmændene paa Helgeland»', '«Til Carl Johans Minde»']"
364,0,beder,,,,,"['Hrr Hyltén Cavallius', 'Fougstad']","['Hardanger', 'Kjøbenhavn', 'Stockholm']",['Nyhedsbladet'],"['mit Stykke', '«Hærmændene paa Helgeland»', '«Til Carl Johans Minde»']"
365,0,Dem,,,,,"['Hrr Hyltén Cavallius', 'Fougstad']","['Hardanger', 'Kjøbenhavn', 'Stockholm']",['Nyhedsbladet'],"['mit Stykke', '«Hærmændene paa Helgeland»', '«Til Carl Johans Minde»']"
366,0,at,,,,,"['Hrr Hyltén Cavallius', 'Fougstad']","['Hardanger', 'Kjøbenhavn', 'Stockholm']",['Nyhedsbladet'],"['mit Stykke', '«Hærmændene paa Helgeland»', '«Til Carl Johans Minde»']"
367,0,fremføre,,,,,"['Hrr Hyltén Cavallius', 'Fougstad']","['Hardanger', 'Kjøbenhavn', 'Stockholm']",['Nyhedsbladet'],"['mit Stykke', '«Hærmændene paa Helgeland»', '«Til Carl Johans Minde»']"
368,0,min,,,,,"['Hrr Hyltén Cavallius', 'Fougstad']","['Hardanger', 'Kjøbenhavn', 'Stockholm']",['Nyhedsbladet'],"['mit Stykke', '«Hærmændene paa Helgeland»', '«Til Carl Johans Minde»']"
369,0,forbindtligste,,,,,"['Hrr Hyltén Cavallius', 'Fougstad']","['Hardanger', 'Kjøbenhavn', 'Stockholm']",['Nyhedsbladet'],"['mit Stykke', '«Hærmændene paa Helgeland»', '«Til Carl Johans Minde»']"
370,0,Hilsen,,,,,"['Hrr Hyltén Cavallius', 'Fougstad']","['Hardanger', 'Kjøbenhavn', 'Stockholm']",['Nyhedsbladet'],"['mit Stykke', '«Hærmændene paa Helgeland»', '«Til Carl Johans Minde»']"
371,0,og,,,,,"['Hrr Hyltén Cavallius', 'Fougstad']","['Hardanger', 'Kjøbenhavn', 'Stockholm']",['Nyhedsbladet'],"['mit Stykke', '«Hærmændene paa Helgeland»', '«Til Carl Johans Minde»']"
372,0,Taksigelse,,,,,"['Hrr Hyltén Cavallius', 'Fougstad']","['Hardanger', 'Kjøbenhavn', 'Stockholm']",['Nyhedsbladet'],"['mit Stykke', '«Hærmændene paa Helgeland»', '«Til Carl Johans Minde»']"
373,0,til,,,,,"['Hrr Hyltén Cavallius', 'Fougstad']","['Hardanger', 'Kjøbenhavn', 'Stockholm']",['Nyhedsbladet'],"['mit Stykke', '«Hærmændene paa Helgeland»', '«Til Carl Johans Minde»']"
374,0,Hrr,,,,,"['Hrr Hyltén Cavallius', 'Fougstad']","['Hardanger', 'Kjøbenhavn', 'Stockholm']",['Nyhedsbladet'],"['mit Stykke', '«Hærmændene paa Helgeland»', '«Til Carl Johans Minde»']"
375,0,Hyltén,,,,,"['Hrr Hyltén Cavallius', 'Fougstad']","['Hardanger', 'Kjøbenhavn', 'Stockholm']",['Nyhedsbladet'],"['mit Stykke', '«Hærmændene paa Helgeland»', '«Til Carl Johans Minde»']"
376,0,Cavallius,,,,,"['Hrr Hyltén Cavallius', 'Fougstad']","['Hardanger', 'Kjøbenhavn', 'Stockholm']",['Nyhedsbladet'],"['mit Stykke', '«Hærmændene paa Helgeland»', '«Til Carl Johans Minde»']"
377,0,for,,,,,"['Hrr Hyltén Cavallius', 'Fougstad']","['Hardanger', 'Kjøbenhavn', 'Stockholm']",['Nyhedsbladet'],"['mit Stykke', '«Hærmændene paa Helgeland»', '«Til Carl Johans Minde»']"
378,0,den,,,,,"['Hrr Hyltén Cavallius', 'Fougstad']","['Hardanger', 'Kjøbenhavn', 'Stockholm']",['Nyhedsbladet'],"['mit Stykke', '«Hærmændene paa Helgeland»', '«Til Carl Johans Minde»']"
379,0,"Velvillie,",,,,,"['Hrr Hyltén Cavallius', 'Fougstad']","['Hardanger', 'Kjøbenhavn', 'Stockholm']",['Nyhedsbladet'],"['mit Stykke', '«Hærmændene paa Helgeland»', '«Til Carl Johans Minde»']"
380,0,hvormed,,,,,"['Hrr Hyltén Cavallius', 'Fougstad']","['Hardanger', 'Kjøbenhavn', 'Stockholm']",['Nyhedsbladet'],"['mit Stykke', '«Hærmændene paa Helgeland»', '«Til Carl Johans Minde»']"
381,0,han,,,,,"['Hrr Hyltén Cavallius', 'Fougstad']","['Hardanger', 'Kjøbenhavn', 'Stockholm']",['Nyhedsbladet'],"['mit Stykke', '«Hærmændene paa Helgeland»', '«Til Carl Johans Minde»']"
382,0,har,,,,,"['Hrr Hyltén Cavallius', 'Fougstad']","['Hardanger', 'Kjøbenhavn', 'Stockholm']",['Nyhedsbladet'],"['mit Stykke', '«Hærmændene paa Helgeland»', '«Til Carl Johans Minde»']"
383,0,udtalt,,,,,"['Hrr Hyltén Cavallius', 'Fougstad']","['Hardanger', 'Kjøbenhavn', 'Stockholm']",['Nyhedsbladet'],"['mit Stykke', '«Hærmændene paa Helgeland»', '«Til Carl Johans Minde»']"
384,0,sig,,,,,"['Hrr Hyltén Cavallius', 'Fougstad']","['Hardanger', 'Kjøbenhavn', 'Stockholm']",['Nyhedsbladet'],"['mit Stykke', '«Hærmændene paa Helgeland»', '«Til Carl Johans Minde»']"
385,0,over,,,,,"['Hrr Hyltén Cavallius', 'Fougstad']","['Hardanger', 'Kjøbenhavn', 'Stockholm']",['Nyhedsbladet'],"['mit Stykke', '«Hærmændene paa Helgeland»', '«Til Carl Johans Minde»']"
386,0,mine,,,,,"['Hrr Hyltén Cavallius', 'Fougstad']","['Hardanger', 'Kjøbenhavn', 'Stockholm']",['Nyhedsbladet'],"['mit Stykke', '«Hærmændene paa Helgeland»', '«Til Carl Johans Minde»']"
387,0,tidligere,,,,,"['Hrr Hyltén Cavallius', 'Fougstad']","['Hardanger', 'Kjøbenhavn', 'Stockholm']",['Nyhedsbladet'],"['mit Stykke', '«Hærmændene paa Helgeland»', '«Til Carl Johans Minde»']"
388,0,Arbeider;,,,,,"['Hrr Hyltén Cavallius', 'Fougstad']","['Hardanger', 'Kjøbenhavn', 'Stockholm']",['Nyhedsbladet'],"['mit Stykke', '«Hærmændene paa Helgeland»', '«Til Carl Johans Minde»']"
389,0,kunde,,,,,"['Hrr Hyltén Cavallius', 'Fougstad']","['Hardanger', 'Kjøbenhavn', 'Stockholm']",['Nyhedsbladet'],"['mit Stykke', '«Hærmændene paa Helgeland»', '«Til Carl Johans Minde»']"
390,0,han,,,,,"['Hrr Hyltén Cavallius', 'Fougstad']","['Hardanger', 'Kjøbenhavn', 'Stockholm']",['Nyhedsbladet'],"['mit Stykke', '«Hærmændene paa Helgeland»', '«Til Carl Johans Minde»']"
391,0,gjøre,,,,,"['Hrr Hyltén Cavallius', 'Fougstad']","['Hardanger', 'Kjøbenhavn', 'Stockholm']",['Nyhedsbladet'],"['mit Stykke', '«Hærmændene paa Helgeland»', '«Til Carl Johans Minde»']"
392,0,Brug,,,,,"['Hrr Hyltén Cavallius', 'Fougstad']","['Hardanger', 'Kjøbenhavn', 'Stockholm']",['Nyhedsbladet'],"['mit Stykke', '«Hærmændene paa Helgeland»', '«Til Carl Johans Minde»']"
393,0,af,,,,,"['Hrr Hyltén Cavallius', 'Fougstad']","['Hardanger', 'Kjøbenhavn', 'Stockholm']",['Nyhedsbladet'],"['mit Stykke', '«Hærmændene paa Helgeland»', '«Til Carl Johans Minde»']"
394,0,mit,,,,,"['Hrr Hyltén Cavallius', 'Fougstad']","['Hardanger', 'Kjøbenhavn', 'Stockholm']",['Nyhedsbladet'],"['mit Stykke', '«Hærmændene paa Helgeland»', '«Til Carl Johans Minde»']"
395,0,"nye,",,,,,"['Hrr Hyltén Cavallius', 'Fougstad']","['Hardanger', 'Kjøbenhavn', 'Stockholm']",['Nyhedsbladet'],"['mit Stykke', '«Hærmændene paa Helgeland»', '«Til Carl Johans Minde»']"
396,0,da,,,,,"['Hrr Hyltén Cavallius', 'Fougstad']","['Hardanger', 'Kjøbenhavn', 'Stockholm']",['Nyhedsbladet'],"['mit Stykke', '«Hærmændene paa Helgeland»', '«Til Carl Johans Minde»']"
397,0,vilde,,,,,"['Hrr Hyltén Cavallius', 'Fougstad']","['Hardanger', 'Kjøbenhavn', 'Stockholm']",['Nyhedsbladet'],"['mit Stykke', '«Hærmændene paa Helgeland»', '«Til Carl Johans Minde»']"
398,0,det,,,,,"['Hrr Hyltén Cavallius', 'Fougstad']","['Hardanger', 'Kjøbenhavn', 'Stockholm']",['Nyhedsbladet'],"['mit Stykke', '«Hærmændene paa Helgeland»', '«Til Carl Johans Minde»']"
399,0,glæde,,,,,"['Hrr Hyltén Cavallius', 'Fougstad']","['Hardanger', 'Kjøbenhavn', 'Stockholm']",['Nyhedsbladet'],"['mit Stykke', '«Hærmændene paa Helgeland»', '«Til Carl Johans Minde»']"
400,0,mig,,,,,"['Hrr Hyltén Cavallius', 'Fougstad']","['Hardanger', 'Kjøbenhavn', 'Stockholm']",['Nyhedsbladet'],"['mit Stykke', '«Hærmændene paa Helgeland»', '«Til Carl Johans Minde»']"
401,0,meget.,,,,,"['Hrr Hyltén Cavallius', 'Fougstad']","['Hardanger', 'Kjøbenhavn', 'Stockholm']",['Nyhedsbladet'],"['mit Stykke', '«Hærmændene paa Helgeland»', '«Til Carl Johans Minde»']"
402,0,Hos,,,,,"['Hrr Hyltén Cavallius', 'Fougstad']","['Hardanger', 'Kjøbenhavn', 'Stockholm']",['Nyhedsbladet'],"['mit Stykke', '«Hærmændene paa Helgeland»', '«Til Carl Johans Minde»']"
403,0,FougstadBorgermester,,,,,"['Hrr Hyltén Cavallius', 'Fougstad']","['Hardanger', 'Kjøbenhavn', 'Stockholm']",['Nyhedsbladet'],"['mit Stykke', '«Hærmændene paa Helgeland»', '«Til Carl Johans Minde»']"
404,0,i,,,,,"['Hrr Hyltén Cavallius', 'Fougstad']","['Hardanger', 'Kjøbenhavn', 'Stockholm']",['Nyhedsbladet'],"['mit Stykke', '«Hærmændene paa Helgeland»', '«Til Carl Johans Minde»']"
405,0,Christiania,,,,,"['Hrr Hyltén Cavallius', 'Fougstad']","['Hardanger', 'Kjøbenhavn', 'Stockholm']",['Nyhedsbladet'],"['mit Stykke', '«Hærmændene paa Helgeland»', '«Til Carl Johans Minde»']"
406,0,og,,,,,"['Hrr Hyltén Cavallius', 'Fougstad']","['Hardanger', 'Kjøbenhavn', 'Stockholm']",['Nyhedsbladet'],"['mit Stykke', '«Hærmændene paa Helgeland»', '«Til Carl Johans Minde»']"
407,0,Theaterdirektør.,,,,,"['Hrr Hyltén Cavallius', 'Fougstad']","['Hardanger', 'Kjøbenhavn', 'Stockholm']",['Nyhedsbladet'],"['mit Stykke', '«Hærmændene paa Helgeland»', '«Til Carl Johans Minde»']"
408,0,har,,,,,"['Hrr Hyltén Cavallius', 'Fougstad']","['Hardanger', 'Kjøbenhavn', 'Stockholm']",['Nyhedsbladet'],"['mit Stykke', '«Hærmændene paa Helgeland»', '«Til Carl Johans Minde»']"
409,0,jeg,,,,,"['Hrr Hyltén Cavallius', 'Fougstad']","['Hardanger', 'Kjøbenhavn', 'Stockholm']",['Nyhedsbladet'],"['mit Stykke', '«Hærmændene paa Helgeland»', '«Til Carl Johans Minde»']"
410,0,endnu,,,,,"['Hrr Hyltén Cavallius', 'Fougstad']","['Hardanger', 'Kjøbenhavn', 'Stockholm']",['Nyhedsbladet'],"['mit Stykke', '«Hærmændene paa Helgeland»', '«Til Carl Johans Minde»']"
411,0,ikke,,,,,"['Hrr Hyltén Cavallius', 'Fougstad']","['Hardanger', 'Kjøbenhavn', 'Stockholm']",['Nyhedsbladet'],"['mit Stykke', '«Hærmændene paa Helgeland»', '«Til Carl Johans Minde»']"
412,0,forespurgt,,,,,"['Hrr Hyltén Cavallius', 'Fougstad']","['Hardanger', 'Kjøbenhavn', 'Stockholm']",['Nyhedsbladet'],"['mit Stykke', '«Hærmændene paa Helgeland»', '«Til Carl Johans Minde»']"
413,0,mig,,,,,"['Hrr Hyltén Cavallius', 'Fougstad']","['Hardanger', 'Kjøbenhavn', 'Stockholm']",['Nyhedsbladet'],"['mit Stykke', '«Hærmændene paa Helgeland»', '«Til Carl Johans Minde»']"
414,0,om,,,,,"['Hrr Hyltén Cavallius', 'Fougstad']","['Hardanger', 'Kjøbenhavn', 'Stockholm']",['Nyhedsbladet'],"['mit Stykke', '«Hærmændene paa Helgeland»', '«Til Carl Johans Minde»']"
415,0,det,,,,,"['Hrr Hyltén Cavallius', 'Fougstad']","['Hardanger', 'Kjøbenhavn', 'Stockholm']",['Nyhedsbladet'],"['mit Stykke', '«Hærmændene paa Helgeland»', '«Til Carl Johans Minde»']"
416,0,svenske,,,,,"['Hrr Hyltén Cavallius', 'Fougstad']","['Hardanger', 'Kjøbenhavn', 'Stockholm']",['Nyhedsbladet'],"['mit Stykke', '«Hærmændene paa Helgeland»', '«Til Carl Johans Minde»']"
417,0,"Skuespil,",,,,,"['Hrr Hyltén Cavallius', 'Fougstad']","['Hardanger', 'Kjøbenhavn', 'Stockholm']",['Nyhedsbladet'],"['mit Stykke', '«Hærmændene paa Helgeland»', '«Til Carl Johans Minde»']"
418,0,men,,,,,"['Hrr Hyltén Cavallius', 'Fougstad']","['Hardanger', 'Kjøbenhavn', 'Stockholm']",['Nyhedsbladet'],"['mit Stykke', '«Hærmændene paa Helgeland»', '«Til Carl Johans Minde»']"
419,0,skal,,,,,"['Hrr Hyltén Cavallius', 'Fougstad']","['Hardanger', 'Kjøbenhavn', 'Stockholm']",['Nyhedsbladet'],"['mit Stykke', '«Hærmændene paa Helgeland»', '«Til Carl Johans Minde»']"
420,0,nu,,,,,"['Hrr Hyltén Cavallius', 'Fougstad']","['Hardanger', 'Kjøbenhavn', 'Stockholm']",['Nyhedsbladet'],"['mit Stykke', '«Hærmændene paa Helgeland»', '«Til Carl Johans Minde»']"
421,0,gjøre,,,,,"['Hrr Hyltén Cavallius', 'Fougstad']","['Hardanger', 'Kjøbenhavn', 'Stockholm']",['Nyhedsbladet'],"['mit Stykke', '«Hærmændene paa Helgeland»', '«Til Carl Johans Minde»']"
422,0,det,,,,,"['Hrr Hyltén Cavallius', 'Fougstad']","['Hardanger', 'Kjøbenhavn', 'Stockholm']",['Nyhedsbladet'],"['mit Stykke', '«Hærmændene paa Helgeland»', '«Til Carl Johans Minde»']"
423,0,med,,,,,"['Hrr Hyltén Cavallius', 'Fougstad']","['Hardanger', 'Kjøbenhavn', 'Stockholm']",['Nyhedsbladet'],"['mit Stykke', '«Hærmændene paa Helgeland»', '«Til Carl Johans Minde»']"
424,0,det,,,,,"['Hrr Hyltén Cavallius', 'Fougstad']","['Hardanger', 'Kjøbenhavn', 'Stockholm']",['Nyhedsbladet'],"['mit Stykke', '«Hærmændene paa Helgeland»', '«Til Carl Johans Minde»']"
425,0,første.Kjære,,,,,"['Hrr Hyltén Cavallius', 'Fougstad']","['Hardanger', 'Kjøbenhavn', 'Stockholm']",['Nyhedsbladet'],"['mit Stykke', '«Hærmændene paa Helgeland»', '«Til Carl Johans Minde»']"
426,0,"Anker,",,,,,"['Hrr Hyltén Cavallius', 'Fougstad']","['Hardanger', 'Kjøbenhavn', 'Stockholm']",['Nyhedsbladet'],"['mit Stykke', '«Hærmændene paa Helgeland»', '«Til Carl Johans Minde»']"
427,0,øv,,,,,"['Hrr Hyltén Cavallius', 'Fougstad']","['Hardanger', 'Kjøbenhavn', 'Stockholm']",['Nyhedsbladet'],"['mit Stykke', '«Hærmændene paa Helgeland»', '«Til Carl Johans Minde»']"
428,0,ikke,,,,,"['Hrr Hyltén Cavallius', 'Fougstad']","['Hardanger', 'Kjøbenhavn', 'Stockholm']",['Nyhedsbladet'],"['mit Stykke', '«Hærmændene paa Helgeland»', '«Til Carl Johans Minde»']"
429,0,"Gjengjeldelsesretten,",,,,,"['Hrr Hyltén Cavallius', 'Fougstad']","['Hardanger', 'Kjøbenhavn', 'Stockholm']",['Nyhedsbladet'],"['mit Stykke', '«Hærmændene paa Helgeland»', '«Til Carl Johans Minde»']"
430,0,men,,,,,"['Hrr Hyltén Cavallius', 'Fougstad']","['Hardanger', 'Kjøbenhavn', 'Stockholm']",['Nyhedsbladet'],"['mit Stykke', '«Hærmændene paa Helgeland»', '«Til Carl Johans Minde»']"
431,0,skriv,,,,,"['Hrr Hyltén Cavallius', 'Fougstad']","['Hardanger', 'Kjøbenhavn', 'Stockholm']",['Nyhedsbladet'],"['mit Stykke', '«Hærmændene paa Helgeland»', '«Til Carl Johans Minde»']"
432,0,mig,,,,,"['Hrr Hyltén Cavallius', 'Fougstad']","['Hardanger', 'Kjøbenhavn', 'Stockholm']",['Nyhedsbladet'],"['mit Stykke', '«Hærmændene paa Helgeland»', '«Til Carl Johans Minde»']"
433,0,"til,",,,,,"['Hrr Hyltén Cavallius', 'Fougstad']","['Hardanger', 'Kjøbenhavn', 'Stockholm']",['Nyhedsbladet'],"['mit Stykke', '«Hærmændene paa Helgeland»', '«Til Carl Johans Minde»']"
434,0,saasnart,,,,,"['Hrr Hyltén Cavallius', 'Fougstad']","['Hardanger', 'Kjøbenhavn', 'Stockholm']",['Nyhedsbladet'],"['mit Stykke', '«Hærmændene paa Helgeland»', '«Til Carl Johans Minde»']"
435,0,De,,,,,"['Hrr Hyltén Cavallius', 'Fougstad']","['Hardanger', 'Kjøbenhavn', 'Stockholm']",['Nyhedsbladet'],"['mit Stykke', '«Hærmændene paa Helgeland»', '«Til Carl Johans Minde»']"
436,0,kan.,,,,,"['Hrr Hyltén Cavallius', 'Fougstad']","['Hardanger', 'Kjøbenhavn', 'Stockholm']",['Nyhedsbladet'],"['mit Stykke', '«Hærmændene paa Helgeland»', '«Til Carl Johans Minde»']"
437,0,Jeg,,,,,"['Hrr Hyltén Cavallius', 'Fougstad']","['Hardanger', 'Kjøbenhavn', 'Stockholm']",['Nyhedsbladet'],"['mit Stykke', '«Hærmændene paa Helgeland»', '«Til Carl Johans Minde»']"
438,0,gaaer,,,,,"['Hrr Hyltén Cavallius', 'Fougstad']","['Hardanger', 'Kjøbenhavn', 'Stockholm']",['Nyhedsbladet'],"['mit Stykke', '«Hærmændene paa Helgeland»', '«Til Carl Johans Minde»']"
439,0,nu,,,,,"['Hrr Hyltén Cavallius', 'Fougstad']","['Hardanger', 'Kjøbenhavn', 'Stockholm']",['Nyhedsbladet'],"['mit Stykke', '«Hærmændene paa Helgeland»', '«Til Carl Johans Minde»']"
440,0,med,,,,,"['Hrr Hyltén Cavallius', 'Fougstad']","['Hardanger', 'Kjøbenhavn', 'Stockholm']",['Nyhedsbladet'],"['mit Stykke', '«Hærmændene paa Helgeland»', '«Til Carl Johans Minde»']"
441,0,en,,,,,"['Hrr Hyltén Cavallius', 'Fougstad']","['Hardanger', 'Kjøbenhavn', 'Stockholm']",['Nyhedsbladet'],"['mit Stykke', '«Hærmændene paa Helgeland»', '«Til Carl Johans Minde»']"
442,0,ond,,,,,"['Hrr Hyltén Cavallius', 'Fougstad']","['Hardanger', 'Kjøbenhavn', 'Stockholm']",['Nyhedsbladet'],"['mit Stykke', '«Hærmændene paa Helgeland»', '«Til Carl Johans Minde»']"
443,0,Samvittighed,,,,,"['Hrr Hyltén Cavallius', 'Fougstad']","['Hardanger', 'Kjøbenhavn', 'Stockholm']",['Nyhedsbladet'],"['mit Stykke', '«Hærmændene paa Helgeland»', '«Til Carl Johans Minde»']"
444,0,over,,,,,"['Hrr Hyltén Cavallius', 'Fougstad']","['Hardanger', 'Kjøbenhavn', 'Stockholm']",['Nyhedsbladet'],"['mit Stykke', '«Hærmændene paa Helgeland»', '«Til Carl Johans Minde»']"
445,0,min,,,,,"['Hrr Hyltén Cavallius', 'Fougstad']","['Hardanger', 'Kjøbenhavn', 'Stockholm']",['Nyhedsbladet'],"['mit Stykke', '«Hærmændene paa Helgeland»', '«Til Carl Johans Minde»']"
446,0,lange,,,,,"['Hrr Hyltén Cavallius', 'Fougstad']","['Hardanger', 'Kjøbenhavn', 'Stockholm']",['Nyhedsbladet'],"['mit Stykke', '«Hærmændene paa Helgeland»', '«Til Carl Johans Minde»']"
447,0,"Taushed,",,,,,"['Hrr Hyltén Cavallius', 'Fougstad']","['Hardanger', 'Kjøbenhavn', 'Stockholm']",['Nyhedsbladet'],"['mit Stykke', '«Hærmændene paa Helgeland»', '«Til Carl Johans Minde»']"
448,0,et,,,,,"['Hrr Hyltén Cavallius', 'Fougstad']","['Hardanger', 'Kjøbenhavn', 'Stockholm']",['Nyhedsbladet'],"['mit Stykke', '«Hærmændene paa Helgeland»', '«Til Carl Johans Minde»']"
449,0,Par,,,,,"['Hrr Hyltén Cavallius', 'Fougstad']","['Hardanger', 'Kjøbenhavn', 'Stockholm']",['Nyhedsbladet'],"['mit Stykke', '«Hærmændene paa Helgeland»', '«Til Carl Johans Minde»']"
450,0,venlige,,,,,"['Hrr Hyltén Cavallius', 'Fougstad']","['Hardanger', 'Kjøbenhavn', 'Stockholm']",['Nyhedsbladet'],"['mit Stykke', '«Hærmændene paa Helgeland»', '«Til Carl Johans Minde»']"
451,0,Ord,,,,,"['Hrr Hyltén Cavallius', 'Fougstad']","['Hardanger', 'Kjøbenhavn', 'Stockholm']",['Nyhedsbladet'],"['mit Stykke', '«Hærmændene paa Helgeland»', '«Til Carl Johans Minde»']"
452,0,vilde,,,,,"['Hrr Hyltén Cavallius', 'Fougstad']","['Hardanger', 'Kjøbenhavn', 'Stockholm']",['Nyhedsbladet'],"['mit Stykke', '«Hærmændene paa Helgeland»', '«Til Carl Johans Minde»']"
453,0,berolige,,,,,"['Hrr Hyltén Cavallius', 'Fougstad']","['Hardanger', 'Kjøbenhavn', 'Stockholm']",['Nyhedsbladet'],"['mit Stykke', '«Hærmændene paa Helgeland»', '«Til Carl Johans Minde»']"
454,0,mig.,,,,,"['Hrr Hyltén Cavallius', 'Fougstad']","['Hardanger', 'Kjøbenhavn', 'Stockholm']",['Nyhedsbladet'],"['mit Stykke', '«Hærmændene paa Helgeland»', '«Til Carl Johans Minde»']"
