,,0,human_annotation,who,dacy_medium,spacy_trf,person,place,org,work
0,0,For,,,,,[],[],[],['Med en Rose']
1,0,at,,,,,[],[],[],['Med en Rose']
2,0,min,,,,,[],[],[],['Med en Rose']
3,0,stakkels,,,,,[],[],[],['Med en Rose']
4,0,lille,,,,,[],[],[],['Med en Rose']
5,0,Blomst,,,,,[],[],[],['Med en Rose']
6,0,ei,,,,,[],[],[],['Med en Rose']
7,0,skal,,,,,[],[],[],['Med en Rose']
8,0,blive,,,,,[],[],[],['Med en Rose']
9,0,"skuffet,",,,,,[],[],[],['Med en Rose']
10,0,saa,,,,,[],[],[],['Med en Rose']
11,0,beder,,,,,[],[],[],['Med en Rose']
12,0,jeg,,,,,[],[],[],['Med en Rose']
13,0,Dem,,,,,[],[],[],['Med en Rose']
14,0,om,,,,,[],[],[],['Med en Rose']
15,0,ikke,,,,,[],[],[],['Med en Rose']
16,0,at,,,,,[],[],[],['Med en Rose']
17,0,forsmaa,,,,,[],[],[],['Med en Rose']
18,0,den!,,,,,[],[],[],['Med en Rose']
