,,0,human_annotation,who,dacy_medium,spacy_trf,person,place,org,work
0,0,Indlagt,,,,,"['Herr Dietrichson', 'Bjørnsons', 'Min Svigermoders']","['Stokholm', 'Kjøbenhavn', 'Kristiania']","['Kristiania Theater', 'Stokholms Theaterdirektion', 'Storthinget']",[]
1,0,følger,,,,,"['Herr Dietrichson', 'Bjørnsons', 'Min Svigermoders']","['Stokholm', 'Kjøbenhavn', 'Kristiania']","['Kristiania Theater', 'Stokholms Theaterdirektion', 'Storthinget']",[]
2,0,min,,,,,"['Herr Dietrichson', 'Bjørnsons', 'Min Svigermoders']","['Stokholm', 'Kjøbenhavn', 'Kristiania']","['Kristiania Theater', 'Stokholms Theaterdirektion', 'Storthinget']",[]
3,0,Skrivelse,,,,,"['Herr Dietrichson', 'Bjørnsons', 'Min Svigermoders']","['Stokholm', 'Kjøbenhavn', 'Kristiania']","['Kristiania Theater', 'Stokholms Theaterdirektion', 'Storthinget']",[]
4,0,till,,,,,"['Herr Dietrichson', 'Bjørnsons', 'Min Svigermoders']","['Stokholm', 'Kjøbenhavn', 'Kristiania']","['Kristiania Theater', 'Stokholms Theaterdirektion', 'Storthinget']",[]
5,0,Kristiania,,,,,"['Herr Dietrichson', 'Bjørnsons', 'Min Svigermoders']","['Stokholm', 'Kjøbenhavn', 'Kristiania']","['Kristiania Theater', 'Stokholms Theaterdirektion', 'Storthinget']",[]
6,0,Theater.,,,,,"['Herr Dietrichson', 'Bjørnsons', 'Min Svigermoders']","['Stokholm', 'Kjøbenhavn', 'Kristiania']","['Kristiania Theater', 'Stokholms Theaterdirektion', 'Storthinget']",[]
7,0,Till,,,,,"['Herr Dietrichson', 'Bjørnsons', 'Min Svigermoders']","['Stokholm', 'Kjøbenhavn', 'Kristiania']","['Kristiania Theater', 'Stokholms Theaterdirektion', 'Storthinget']",[]
8,0,Stokholms,,,,,"['Herr Dietrichson', 'Bjørnsons', 'Min Svigermoders']","['Stokholm', 'Kjøbenhavn', 'Kristiania']","['Kristiania Theater', 'Stokholms Theaterdirektion', 'Storthinget']",[]
9,0,Theaterdirektion,,,,,"['Herr Dietrichson', 'Bjørnsons', 'Min Svigermoders']","['Stokholm', 'Kjøbenhavn', 'Kristiania']","['Kristiania Theater', 'Stokholms Theaterdirektion', 'Storthinget']",[]
10,0,skriver,,,,,"['Herr Dietrichson', 'Bjørnsons', 'Min Svigermoders']","['Stokholm', 'Kjøbenhavn', 'Kristiania']","['Kristiania Theater', 'Stokholms Theaterdirektion', 'Storthinget']",[]
11,0,jeg,,,,,"['Herr Dietrichson', 'Bjørnsons', 'Min Svigermoders']","['Stokholm', 'Kjøbenhavn', 'Kristiania']","['Kristiania Theater', 'Stokholms Theaterdirektion', 'Storthinget']",[]
12,0,ikke,,,,,"['Herr Dietrichson', 'Bjørnsons', 'Min Svigermoders']","['Stokholm', 'Kjøbenhavn', 'Kristiania']","['Kristiania Theater', 'Stokholms Theaterdirektion', 'Storthinget']",[]
13,0,direkte,,,,,"['Herr Dietrichson', 'Bjørnsons', 'Min Svigermoders']","['Stokholm', 'Kjøbenhavn', 'Kristiania']","['Kristiania Theater', 'Stokholms Theaterdirektion', 'Storthinget']",[]
14,0,men,,,,,"['Herr Dietrichson', 'Bjørnsons', 'Min Svigermoders']","['Stokholm', 'Kjøbenhavn', 'Kristiania']","['Kristiania Theater', 'Stokholms Theaterdirektion', 'Storthinget']",[]
15,0,giver,,,,,"['Herr Dietrichson', 'Bjørnsons', 'Min Svigermoders']","['Stokholm', 'Kjøbenhavn', 'Kristiania']","['Kristiania Theater', 'Stokholms Theaterdirektion', 'Storthinget']",[]
16,0,Herr,,,,,"['Herr Dietrichson', 'Bjørnsons', 'Min Svigermoders']","['Stokholm', 'Kjøbenhavn', 'Kristiania']","['Kristiania Theater', 'Stokholms Theaterdirektion', 'Storthinget']",[]
17,0,Dietrichson,,,,,"['Herr Dietrichson', 'Bjørnsons', 'Min Svigermoders']","['Stokholm', 'Kjøbenhavn', 'Kristiania']","['Kristiania Theater', 'Stokholms Theaterdirektion', 'Storthinget']",[]
18,0,en,,,,,"['Herr Dietrichson', 'Bjørnsons', 'Min Svigermoders']","['Stokholm', 'Kjøbenhavn', 'Kristiania']","['Kristiania Theater', 'Stokholms Theaterdirektion', 'Storthinget']",[]
19,0,Fuldmagt,,,,,"['Herr Dietrichson', 'Bjørnsons', 'Min Svigermoders']","['Stokholm', 'Kjøbenhavn', 'Kristiania']","['Kristiania Theater', 'Stokholms Theaterdirektion', 'Storthinget']",[]
20,0,till,,,,,"['Herr Dietrichson', 'Bjørnsons', 'Min Svigermoders']","['Stokholm', 'Kjøbenhavn', 'Kristiania']","['Kristiania Theater', 'Stokholms Theaterdirektion', 'Storthinget']",[]
21,0,at,,,,,"['Herr Dietrichson', 'Bjørnsons', 'Min Svigermoders']","['Stokholm', 'Kjøbenhavn', 'Kristiania']","['Kristiania Theater', 'Stokholms Theaterdirektion', 'Storthinget']",[]
22,0,handle,,,,,"['Herr Dietrichson', 'Bjørnsons', 'Min Svigermoders']","['Stokholm', 'Kjøbenhavn', 'Kristiania']","['Kristiania Theater', 'Stokholms Theaterdirektion', 'Storthinget']",[]
23,0,paa,,,,,"['Herr Dietrichson', 'Bjørnsons', 'Min Svigermoders']","['Stokholm', 'Kjøbenhavn', 'Kristiania']","['Kristiania Theater', 'Stokholms Theaterdirektion', 'Storthinget']",[]
24,0,mine,,,,,"['Herr Dietrichson', 'Bjørnsons', 'Min Svigermoders']","['Stokholm', 'Kjøbenhavn', 'Kristiania']","['Kristiania Theater', 'Stokholms Theaterdirektion', 'Storthinget']",[]
25,0,Vegne.,,,,,"['Herr Dietrichson', 'Bjørnsons', 'Min Svigermoders']","['Stokholm', 'Kjøbenhavn', 'Kristiania']","['Kristiania Theater', 'Stokholms Theaterdirektion', 'Storthinget']",[]
26,0,Jeg,,,,,"['Herr Dietrichson', 'Bjørnsons', 'Min Svigermoders']","['Stokholm', 'Kjøbenhavn', 'Kristiania']","['Kristiania Theater', 'Stokholms Theaterdirektion', 'Storthinget']",[]
27,0,beder,,,,,"['Herr Dietrichson', 'Bjørnsons', 'Min Svigermoders']","['Stokholm', 'Kjøbenhavn', 'Kristiania']","['Kristiania Theater', 'Stokholms Theaterdirektion', 'Storthinget']",[]
28,0,derfor,,,,,"['Herr Dietrichson', 'Bjørnsons', 'Min Svigermoders']","['Stokholm', 'Kjøbenhavn', 'Kristiania']","['Kristiania Theater', 'Stokholms Theaterdirektion', 'Storthinget']",[]
29,0,at,,,,,"['Herr Dietrichson', 'Bjørnsons', 'Min Svigermoders']","['Stokholm', 'Kjøbenhavn', 'Kristiania']","['Kristiania Theater', 'Stokholms Theaterdirektion', 'Storthinget']",[]
30,0,det,,,,,"['Herr Dietrichson', 'Bjørnsons', 'Min Svigermoders']","['Stokholm', 'Kjøbenhavn', 'Kristiania']","['Kristiania Theater', 'Stokholms Theaterdirektion', 'Storthinget']",[]
31,0,for,,,,,"['Herr Dietrichson', 'Bjørnsons', 'Min Svigermoders']","['Stokholm', 'Kjøbenhavn', 'Kristiania']","['Kristiania Theater', 'Stokholms Theaterdirektion', 'Storthinget']",[]
32,0,Stokholm,,,,,"['Herr Dietrichson', 'Bjørnsons', 'Min Svigermoders']","['Stokholm', 'Kjøbenhavn', 'Kristiania']","['Kristiania Theater', 'Stokholms Theaterdirektion', 'Storthinget']",[]
33,0,bestemte,,,,,"['Herr Dietrichson', 'Bjørnsons', 'Min Svigermoders']","['Stokholm', 'Kjøbenhavn', 'Kristiania']","['Kristiania Theater', 'Stokholms Theaterdirektion', 'Storthinget']",[]
34,0,Exemplar,,,,,"['Herr Dietrichson', 'Bjørnsons', 'Min Svigermoders']","['Stokholm', 'Kjøbenhavn', 'Kristiania']","['Kristiania Theater', 'Stokholms Theaterdirektion', 'Storthinget']",[]
35,0,maa,,,,,"['Herr Dietrichson', 'Bjørnsons', 'Min Svigermoders']","['Stokholm', 'Kjøbenhavn', 'Kristiania']","['Kristiania Theater', 'Stokholms Theaterdirektion', 'Storthinget']",[]
36,0,blive,,,,,"['Herr Dietrichson', 'Bjørnsons', 'Min Svigermoders']","['Stokholm', 'Kjøbenhavn', 'Kristiania']","['Kristiania Theater', 'Stokholms Theaterdirektion', 'Storthinget']",[]
37,0,ham,,,,,"['Herr Dietrichson', 'Bjørnsons', 'Min Svigermoders']","['Stokholm', 'Kjøbenhavn', 'Kristiania']","['Kristiania Theater', 'Stokholms Theaterdirektion', 'Storthinget']",[]
38,0,tillstillet;,,,,,"['Herr Dietrichson', 'Bjørnsons', 'Min Svigermoders']","['Stokholm', 'Kjøbenhavn', 'Kristiania']","['Kristiania Theater', 'Stokholms Theaterdirektion', 'Storthinget']",[]
39,0,Resten,,,,,"['Herr Dietrichson', 'Bjørnsons', 'Min Svigermoders']","['Stokholm', 'Kjøbenhavn', 'Kristiania']","['Kristiania Theater', 'Stokholms Theaterdirektion', 'Storthinget']",[]
40,0,skal,,,,,"['Herr Dietrichson', 'Bjørnsons', 'Min Svigermoders']","['Stokholm', 'Kjøbenhavn', 'Kristiania']","['Kristiania Theater', 'Stokholms Theaterdirektion', 'Storthinget']",[]
41,0,jeg,,,,,"['Herr Dietrichson', 'Bjørnsons', 'Min Svigermoders']","['Stokholm', 'Kjøbenhavn', 'Kristiania']","['Kristiania Theater', 'Stokholms Theaterdirektion', 'Storthinget']",[]
42,0,besørge,,,,,"['Herr Dietrichson', 'Bjørnsons', 'Min Svigermoders']","['Stokholm', 'Kjøbenhavn', 'Kristiania']","['Kristiania Theater', 'Stokholms Theaterdirektion', 'Storthinget']",[]
43,0,herfra.Med,,,,,"['Herr Dietrichson', 'Bjørnsons', 'Min Svigermoders']","['Stokholm', 'Kjøbenhavn', 'Kristiania']","['Kristiania Theater', 'Stokholms Theaterdirektion', 'Storthinget']",[]
44,0,Bjørnsons,,,,,"['Herr Dietrichson', 'Bjørnsons', 'Min Svigermoders']","['Stokholm', 'Kjøbenhavn', 'Kristiania']","['Kristiania Theater', 'Stokholms Theaterdirektion', 'Storthinget']",[]
45,0,«Folkeblad»,,,,,"['Herr Dietrichson', 'Bjørnsons', 'Min Svigermoders']","['Stokholm', 'Kjøbenhavn', 'Kristiania']","['Kristiania Theater', 'Stokholms Theaterdirektion', 'Storthinget']",[]
46,0,ser,,,,,"['Herr Dietrichson', 'Bjørnsons', 'Min Svigermoders']","['Stokholm', 'Kjøbenhavn', 'Kristiania']","['Kristiania Theater', 'Stokholms Theaterdirektion', 'Storthinget']",[]
47,0,jeg,,,,,"['Herr Dietrichson', 'Bjørnsons', 'Min Svigermoders']","['Stokholm', 'Kjøbenhavn', 'Kristiania']","['Kristiania Theater', 'Stokholms Theaterdirektion', 'Storthinget']",[]
48,0,det,,,,,"['Herr Dietrichson', 'Bjørnsons', 'Min Svigermoders']","['Stokholm', 'Kjøbenhavn', 'Kristiania']","['Kristiania Theater', 'Stokholms Theaterdirektion', 'Storthinget']",[]
49,0,har,,,,,"['Herr Dietrichson', 'Bjørnsons', 'Min Svigermoders']","['Stokholm', 'Kjøbenhavn', 'Kristiania']","['Kristiania Theater', 'Stokholms Theaterdirektion', 'Storthinget']",[]
50,0,taget,,,,,"['Herr Dietrichson', 'Bjørnsons', 'Min Svigermoders']","['Stokholm', 'Kjøbenhavn', 'Kristiania']","['Kristiania Theater', 'Stokholms Theaterdirektion', 'Storthinget']",[]
51,0,en,,,,,"['Herr Dietrichson', 'Bjørnsons', 'Min Svigermoders']","['Stokholm', 'Kjøbenhavn', 'Kristiania']","['Kristiania Theater', 'Stokholms Theaterdirektion', 'Storthinget']",[]
52,0,bedrøvelig,,,,,"['Herr Dietrichson', 'Bjørnsons', 'Min Svigermoders']","['Stokholm', 'Kjøbenhavn', 'Kristiania']","['Kristiania Theater', 'Stokholms Theaterdirektion', 'Storthinget']",[]
53,0,Vending;,,,,,"['Herr Dietrichson', 'Bjørnsons', 'Min Svigermoders']","['Stokholm', 'Kjøbenhavn', 'Kristiania']","['Kristiania Theater', 'Stokholms Theaterdirektion', 'Storthinget']",[]
54,0,men,,,,,"['Herr Dietrichson', 'Bjørnsons', 'Min Svigermoders']","['Stokholm', 'Kjøbenhavn', 'Kristiania']","['Kristiania Theater', 'Stokholms Theaterdirektion', 'Storthinget']",[]
55,0,jeg,,,,,"['Herr Dietrichson', 'Bjørnsons', 'Min Svigermoders']","['Stokholm', 'Kjøbenhavn', 'Kristiania']","['Kristiania Theater', 'Stokholms Theaterdirektion', 'Storthinget']",[]
56,0,kan,,,,,"['Herr Dietrichson', 'Bjørnsons', 'Min Svigermoders']","['Stokholm', 'Kjøbenhavn', 'Kristiania']","['Kristiania Theater', 'Stokholms Theaterdirektion', 'Storthinget']",[]
57,0,ikke,,,,,"['Herr Dietrichson', 'Bjørnsons', 'Min Svigermoders']","['Stokholm', 'Kjøbenhavn', 'Kristiania']","['Kristiania Theater', 'Stokholms Theaterdirektion', 'Storthinget']",[]
58,0,komme,,,,,"['Herr Dietrichson', 'Bjørnsons', 'Min Svigermoders']","['Stokholm', 'Kjøbenhavn', 'Kristiania']","['Kristiania Theater', 'Stokholms Theaterdirektion', 'Storthinget']",[]
59,0,bort,,,,,"['Herr Dietrichson', 'Bjørnsons', 'Min Svigermoders']","['Stokholm', 'Kjøbenhavn', 'Kristiania']","['Kristiania Theater', 'Stokholms Theaterdirektion', 'Storthinget']",[]
60,0,fra,,,,,"['Herr Dietrichson', 'Bjørnsons', 'Min Svigermoders']","['Stokholm', 'Kjøbenhavn', 'Kristiania']","['Kristiania Theater', 'Stokholms Theaterdirektion', 'Storthinget']",[]
61,0,den,,,,,"['Herr Dietrichson', 'Bjørnsons', 'Min Svigermoders']","['Stokholm', 'Kjøbenhavn', 'Kristiania']","['Kristiania Theater', 'Stokholms Theaterdirektion', 'Storthinget']",[]
62,0,Tanke,,,,,"['Herr Dietrichson', 'Bjørnsons', 'Min Svigermoders']","['Stokholm', 'Kjøbenhavn', 'Kristiania']","['Kristiania Theater', 'Stokholms Theaterdirektion', 'Storthinget']",[]
63,0,at,,,,,"['Herr Dietrichson', 'Bjørnsons', 'Min Svigermoders']","['Stokholm', 'Kjøbenhavn', 'Kristiania']","['Kristiania Theater', 'Stokholms Theaterdirektion', 'Storthinget']",[]
64,0,det,,,,,"['Herr Dietrichson', 'Bjørnsons', 'Min Svigermoders']","['Stokholm', 'Kjøbenhavn', 'Kristiania']","['Kristiania Theater', 'Stokholms Theaterdirektion', 'Storthinget']",[]
65,0,igrunden,,,,,"['Herr Dietrichson', 'Bjørnsons', 'Min Svigermoders']","['Stokholm', 'Kjøbenhavn', 'Kristiania']","['Kristiania Theater', 'Stokholms Theaterdirektion', 'Storthinget']",[]
66,0,er,,,,,"['Herr Dietrichson', 'Bjørnsons', 'Min Svigermoders']","['Stokholm', 'Kjøbenhavn', 'Kristiania']","['Kristiania Theater', 'Stokholms Theaterdirektion', 'Storthinget']",[]
67,0,bedst,,,,,"['Herr Dietrichson', 'Bjørnsons', 'Min Svigermoders']","['Stokholm', 'Kjøbenhavn', 'Kristiania']","['Kristiania Theater', 'Stokholms Theaterdirektion', 'Storthinget']",[]
68,0,for,,,,,"['Herr Dietrichson', 'Bjørnsons', 'Min Svigermoders']","['Stokholm', 'Kjøbenhavn', 'Kristiania']","['Kristiania Theater', 'Stokholms Theaterdirektion', 'Storthinget']",[]
69,0,ham,,,,,"['Herr Dietrichson', 'Bjørnsons', 'Min Svigermoders']","['Stokholm', 'Kjøbenhavn', 'Kristiania']","['Kristiania Theater', 'Stokholms Theaterdirektion', 'Storthinget']",[]
70,0,ganske,,,,,"['Herr Dietrichson', 'Bjørnsons', 'Min Svigermoders']","['Stokholm', 'Kjøbenhavn', 'Kristiania']","['Kristiania Theater', 'Stokholms Theaterdirektion', 'Storthinget']",[]
71,0,at,,,,,"['Herr Dietrichson', 'Bjørnsons', 'Min Svigermoders']","['Stokholm', 'Kjøbenhavn', 'Kristiania']","['Kristiania Theater', 'Stokholms Theaterdirektion', 'Storthinget']",[]
72,0,henvises,,,,,"['Herr Dietrichson', 'Bjørnsons', 'Min Svigermoders']","['Stokholm', 'Kjøbenhavn', 'Kristiania']","['Kristiania Theater', 'Stokholms Theaterdirektion', 'Storthinget']",[]
73,0,till,,,,,"['Herr Dietrichson', 'Bjørnsons', 'Min Svigermoders']","['Stokholm', 'Kjøbenhavn', 'Kristiania']","['Kristiania Theater', 'Stokholms Theaterdirektion', 'Storthinget']",[]
74,0,sin,,,,,"['Herr Dietrichson', 'Bjørnsons', 'Min Svigermoders']","['Stokholm', 'Kjøbenhavn', 'Kristiania']","['Kristiania Theater', 'Stokholms Theaterdirektion', 'Storthinget']",[]
75,0,Digtervirksomhed.,,,,,"['Herr Dietrichson', 'Bjørnsons', 'Min Svigermoders']","['Stokholm', 'Kjøbenhavn', 'Kristiania']","['Kristiania Theater', 'Stokholms Theaterdirektion', 'Storthinget']",[]
76,0,Morgenbladets,,,,,"['Herr Dietrichson', 'Bjørnsons', 'Min Svigermoders']","['Stokholm', 'Kjøbenhavn', 'Kristiania']","['Kristiania Theater', 'Stokholms Theaterdirektion', 'Storthinget']",[]
77,0,"Artikel,",,,,,"['Herr Dietrichson', 'Bjørnsons', 'Min Svigermoders']","['Stokholm', 'Kjøbenhavn', 'Kristiania']","['Kristiania Theater', 'Stokholms Theaterdirektion', 'Storthinget']",[]
78,0,som,,,,,"['Herr Dietrichson', 'Bjørnsons', 'Min Svigermoders']","['Stokholm', 'Kjøbenhavn', 'Kristiania']","['Kristiania Theater', 'Stokholms Theaterdirektion', 'Storthinget']",[]
79,0,De,,,,,"['Herr Dietrichson', 'Bjørnsons', 'Min Svigermoders']","['Stokholm', 'Kjøbenhavn', 'Kristiania']","['Kristiania Theater', 'Stokholms Theaterdirektion', 'Storthinget']",[]
80,0,vel,,,,,"['Herr Dietrichson', 'Bjørnsons', 'Min Svigermoders']","['Stokholm', 'Kjøbenhavn', 'Kristiania']","['Kristiania Theater', 'Stokholms Theaterdirektion', 'Storthinget']",[]
81,0,har,,,,,"['Herr Dietrichson', 'Bjørnsons', 'Min Svigermoders']","['Stokholm', 'Kjøbenhavn', 'Kristiania']","['Kristiania Theater', 'Stokholms Theaterdirektion', 'Storthinget']",[]
82,0,"set,",,,,,"['Herr Dietrichson', 'Bjørnsons', 'Min Svigermoders']","['Stokholm', 'Kjøbenhavn', 'Kristiania']","['Kristiania Theater', 'Stokholms Theaterdirektion', 'Storthinget']",[]
83,0,er,,,,,"['Herr Dietrichson', 'Bjørnsons', 'Min Svigermoders']","['Stokholm', 'Kjøbenhavn', 'Kristiania']","['Kristiania Theater', 'Stokholms Theaterdirektion', 'Storthinget']",[]
84,0,ondskabsfuld,,,,,"['Herr Dietrichson', 'Bjørnsons', 'Min Svigermoders']","['Stokholm', 'Kjøbenhavn', 'Kristiania']","['Kristiania Theater', 'Stokholms Theaterdirektion', 'Storthinget']",[]
85,0,og,,,,,"['Herr Dietrichson', 'Bjørnsons', 'Min Svigermoders']","['Stokholm', 'Kjøbenhavn', 'Kristiania']","['Kristiania Theater', 'Stokholms Theaterdirektion', 'Storthinget']",[]
86,0,overstrømmende,,,,,"['Herr Dietrichson', 'Bjørnsons', 'Min Svigermoders']","['Stokholm', 'Kjøbenhavn', 'Kristiania']","['Kristiania Theater', 'Stokholms Theaterdirektion', 'Storthinget']",[]
87,0,af,,,,,"['Herr Dietrichson', 'Bjørnsons', 'Min Svigermoders']","['Stokholm', 'Kjøbenhavn', 'Kristiania']","['Kristiania Theater', 'Stokholms Theaterdirektion', 'Storthinget']",[]
88,0,Had;,,,,,"['Herr Dietrichson', 'Bjørnsons', 'Min Svigermoders']","['Stokholm', 'Kjøbenhavn', 'Kristiania']","['Kristiania Theater', 'Stokholms Theaterdirektion', 'Storthinget']",[]
89,0,men,,,,,"['Herr Dietrichson', 'Bjørnsons', 'Min Svigermoders']","['Stokholm', 'Kjøbenhavn', 'Kristiania']","['Kristiania Theater', 'Stokholms Theaterdirektion', 'Storthinget']",[]
90,0,uden,,,,,"['Herr Dietrichson', 'Bjørnsons', 'Min Svigermoders']","['Stokholm', 'Kjøbenhavn', 'Kristiania']","['Kristiania Theater', 'Stokholms Theaterdirektion', 'Storthinget']",[]
91,0,Skyld,,,,,"['Herr Dietrichson', 'Bjørnsons', 'Min Svigermoders']","['Stokholm', 'Kjøbenhavn', 'Kristiania']","['Kristiania Theater', 'Stokholms Theaterdirektion', 'Storthinget']",[]
92,0,er,,,,,"['Herr Dietrichson', 'Bjørnsons', 'Min Svigermoders']","['Stokholm', 'Kjøbenhavn', 'Kristiania']","['Kristiania Theater', 'Stokholms Theaterdirektion', 'Storthinget']",[]
93,0,Bjørnson,,,,,"['Herr Dietrichson', 'Bjørnsons', 'Min Svigermoders']","['Stokholm', 'Kjøbenhavn', 'Kristiania']","['Kristiania Theater', 'Stokholms Theaterdirektion', 'Storthinget']",[]
94,0,ikke.,,,,,"['Herr Dietrichson', 'Bjørnsons', 'Min Svigermoders']","['Stokholm', 'Kjøbenhavn', 'Kristiania']","['Kristiania Theater', 'Stokholms Theaterdirektion', 'Storthinget']",[]
95,0,–,,,,,"['Herr Dietrichson', 'Bjørnsons', 'Min Svigermoders']","['Stokholm', 'Kjøbenhavn', 'Kristiania']","['Kristiania Theater', 'Stokholms Theaterdirektion', 'Storthinget']",[]
96,0,Min,,,,,"['Herr Dietrichson', 'Bjørnsons', 'Min Svigermoders']","['Stokholm', 'Kjøbenhavn', 'Kristiania']","['Kristiania Theater', 'Stokholms Theaterdirektion', 'Storthinget']",[]
97,0,Svigermoders,,,,,"['Herr Dietrichson', 'Bjørnsons', 'Min Svigermoders']","['Stokholm', 'Kjøbenhavn', 'Kristiania']","['Kristiania Theater', 'Stokholms Theaterdirektion', 'Storthinget']",[]
98,0,Pensionstillægg,,,,,"['Herr Dietrichson', 'Bjørnsons', 'Min Svigermoders']","['Stokholm', 'Kjøbenhavn', 'Kristiania']","['Kristiania Theater', 'Stokholms Theaterdirektion', 'Storthinget']",[]
99,0,er,,,,,"['Herr Dietrichson', 'Bjørnsons', 'Min Svigermoders']","['Stokholm', 'Kjøbenhavn', 'Kristiania']","['Kristiania Theater', 'Stokholms Theaterdirektion', 'Storthinget']",[]
100,0,af,,,,,"['Herr Dietrichson', 'Bjørnsons', 'Min Svigermoders']","['Stokholm', 'Kjøbenhavn', 'Kristiania']","['Kristiania Theater', 'Stokholms Theaterdirektion', 'Storthinget']",[]
101,0,Storthinget,,,,,"['Herr Dietrichson', 'Bjørnsons', 'Min Svigermoders']","['Stokholm', 'Kjøbenhavn', 'Kristiania']","['Kristiania Theater', 'Stokholms Theaterdirektion', 'Storthinget']",[]
102,0,nægtet;,,,,,"['Herr Dietrichson', 'Bjørnsons', 'Min Svigermoders']","['Stokholm', 'Kjøbenhavn', 'Kristiania']","['Kristiania Theater', 'Stokholms Theaterdirektion', 'Storthinget']",[]
103,0,nu,,,,,"['Herr Dietrichson', 'Bjørnsons', 'Min Svigermoders']","['Stokholm', 'Kjøbenhavn', 'Kristiania']","['Kristiania Theater', 'Stokholms Theaterdirektion', 'Storthinget']",[]
104,0,vil,,,,,"['Herr Dietrichson', 'Bjørnsons', 'Min Svigermoders']","['Stokholm', 'Kjøbenhavn', 'Kristiania']","['Kristiania Theater', 'Stokholms Theaterdirektion', 'Storthinget']",[]
105,0,jeg,,,,,"['Herr Dietrichson', 'Bjørnsons', 'Min Svigermoders']","['Stokholm', 'Kjøbenhavn', 'Kristiania']","['Kristiania Theater', 'Stokholms Theaterdirektion', 'Storthinget']",[]
106,0,dog,,,,,"['Herr Dietrichson', 'Bjørnsons', 'Min Svigermoders']","['Stokholm', 'Kjøbenhavn', 'Kristiania']","['Kristiania Theater', 'Stokholms Theaterdirektion', 'Storthinget']",[]
107,0,haabe,,,,,"['Herr Dietrichson', 'Bjørnsons', 'Min Svigermoders']","['Stokholm', 'Kjøbenhavn', 'Kristiania']","['Kristiania Theater', 'Stokholms Theaterdirektion', 'Storthinget']",[]
108,0,at,,,,,"['Herr Dietrichson', 'Bjørnsons', 'Min Svigermoders']","['Stokholm', 'Kjøbenhavn', 'Kristiania']","['Kristiania Theater', 'Stokholms Theaterdirektion', 'Storthinget']",[]
109,0,hun,,,,,"['Herr Dietrichson', 'Bjørnsons', 'Min Svigermoders']","['Stokholm', 'Kjøbenhavn', 'Kristiania']","['Kristiania Theater', 'Stokholms Theaterdirektion', 'Storthinget']",[]
110,0,drager,,,,,"['Herr Dietrichson', 'Bjørnsons', 'Min Svigermoders']","['Stokholm', 'Kjøbenhavn', 'Kristiania']","['Kristiania Theater', 'Stokholms Theaterdirektion', 'Storthinget']",[]
111,0,till,,,,,"['Herr Dietrichson', 'Bjørnsons', 'Min Svigermoders']","['Stokholm', 'Kjøbenhavn', 'Kristiania']","['Kristiania Theater', 'Stokholms Theaterdirektion', 'Storthinget']",[]
112,0,Kjøbenhavn,,,,,"['Herr Dietrichson', 'Bjørnsons', 'Min Svigermoders']","['Stokholm', 'Kjøbenhavn', 'Kristiania']","['Kristiania Theater', 'Stokholms Theaterdirektion', 'Storthinget']",[]
113,0,igjen;,,,,,"['Herr Dietrichson', 'Bjørnsons', 'Min Svigermoders']","['Stokholm', 'Kjøbenhavn', 'Kristiania']","['Kristiania Theater', 'Stokholms Theaterdirektion', 'Storthinget']",[]
114,0,det,,,,,"['Herr Dietrichson', 'Bjørnsons', 'Min Svigermoders']","['Stokholm', 'Kjøbenhavn', 'Kristiania']","['Kristiania Theater', 'Stokholms Theaterdirektion', 'Storthinget']",[]
115,0,vilde,,,,,"['Herr Dietrichson', 'Bjørnsons', 'Min Svigermoders']","['Stokholm', 'Kjøbenhavn', 'Kristiania']","['Kristiania Theater', 'Stokholms Theaterdirektion', 'Storthinget']",[]
116,0,i,,,,,"['Herr Dietrichson', 'Bjørnsons', 'Min Svigermoders']","['Stokholm', 'Kjøbenhavn', 'Kristiania']","['Kristiania Theater', 'Stokholms Theaterdirektion', 'Storthinget']",[]
117,0,alle,,,,,"['Herr Dietrichson', 'Bjørnsons', 'Min Svigermoders']","['Stokholm', 'Kjøbenhavn', 'Kristiania']","['Kristiania Theater', 'Stokholms Theaterdirektion', 'Storthinget']",[]
118,0,Henseender,,,,,"['Herr Dietrichson', 'Bjørnsons', 'Min Svigermoders']","['Stokholm', 'Kjøbenhavn', 'Kristiania']","['Kristiania Theater', 'Stokholms Theaterdirektion', 'Storthinget']",[]
119,0,være,,,,,"['Herr Dietrichson', 'Bjørnsons', 'Min Svigermoders']","['Stokholm', 'Kjøbenhavn', 'Kristiania']","['Kristiania Theater', 'Stokholms Theaterdirektion', 'Storthinget']",[]
120,0,det,,,,,"['Herr Dietrichson', 'Bjørnsons', 'Min Svigermoders']","['Stokholm', 'Kjøbenhavn', 'Kristiania']","['Kristiania Theater', 'Stokholms Theaterdirektion', 'Storthinget']",[]
121,0,ene,,,,,"['Herr Dietrichson', 'Bjørnsons', 'Min Svigermoders']","['Stokholm', 'Kjøbenhavn', 'Kristiania']","['Kristiania Theater', 'Stokholms Theaterdirektion', 'Storthinget']",[]
122,0,rigtige.,,,,,"['Herr Dietrichson', 'Bjørnsons', 'Min Svigermoders']","['Stokholm', 'Kjøbenhavn', 'Kristiania']","['Kristiania Theater', 'Stokholms Theaterdirektion', 'Storthinget']",[]
123,0,Till,,,,,"['Herr Dietrichson', 'Bjørnsons', 'Min Svigermoders']","['Stokholm', 'Kjøbenhavn', 'Kristiania']","['Kristiania Theater', 'Stokholms Theaterdirektion', 'Storthinget']",[]
124,0,Kristiania,,,,,"['Herr Dietrichson', 'Bjørnsons', 'Min Svigermoders']","['Stokholm', 'Kjøbenhavn', 'Kristiania']","['Kristiania Theater', 'Stokholms Theaterdirektion', 'Storthinget']",[]
125,0,skulde,,,,,"['Herr Dietrichson', 'Bjørnsons', 'Min Svigermoders']","['Stokholm', 'Kjøbenhavn', 'Kristiania']","['Kristiania Theater', 'Stokholms Theaterdirektion', 'Storthinget']",[]
126,0,hun,,,,,"['Herr Dietrichson', 'Bjørnsons', 'Min Svigermoders']","['Stokholm', 'Kjøbenhavn', 'Kristiania']","['Kristiania Theater', 'Stokholms Theaterdirektion', 'Storthinget']",[]
127,0,aldrig,,,,,"['Herr Dietrichson', 'Bjørnsons', 'Min Svigermoders']","['Stokholm', 'Kjøbenhavn', 'Kristiania']","['Kristiania Theater', 'Stokholms Theaterdirektion', 'Storthinget']",[]
128,0,være,,,,,"['Herr Dietrichson', 'Bjørnsons', 'Min Svigermoders']","['Stokholm', 'Kjøbenhavn', 'Kristiania']","['Kristiania Theater', 'Stokholms Theaterdirektion', 'Storthinget']",[]
129,0,rejst;,,,,,"['Herr Dietrichson', 'Bjørnsons', 'Min Svigermoders']","['Stokholm', 'Kjøbenhavn', 'Kristiania']","['Kristiania Theater', 'Stokholms Theaterdirektion', 'Storthinget']",[]
130,0,dersteds,,,,,"['Herr Dietrichson', 'Bjørnsons', 'Min Svigermoders']","['Stokholm', 'Kjøbenhavn', 'Kristiania']","['Kristiania Theater', 'Stokholms Theaterdirektion', 'Storthinget']",[]
131,0,duer,,,,,"['Herr Dietrichson', 'Bjørnsons', 'Min Svigermoders']","['Stokholm', 'Kjøbenhavn', 'Kristiania']","['Kristiania Theater', 'Stokholms Theaterdirektion', 'Storthinget']",[]
132,0,det,,,,,"['Herr Dietrichson', 'Bjørnsons', 'Min Svigermoders']","['Stokholm', 'Kjøbenhavn', 'Kristiania']","['Kristiania Theater', 'Stokholms Theaterdirektion', 'Storthinget']",[]
133,0,ikke,,,,,"['Herr Dietrichson', 'Bjørnsons', 'Min Svigermoders']","['Stokholm', 'Kjøbenhavn', 'Kristiania']","['Kristiania Theater', 'Stokholms Theaterdirektion', 'Storthinget']",[]
134,0,for,,,,,"['Herr Dietrichson', 'Bjørnsons', 'Min Svigermoders']","['Stokholm', 'Kjøbenhavn', 'Kristiania']","['Kristiania Theater', 'Stokholms Theaterdirektion', 'Storthinget']",[]
135,0,en,,,,,"['Herr Dietrichson', 'Bjørnsons', 'Min Svigermoders']","['Stokholm', 'Kjøbenhavn', 'Kristiania']","['Kristiania Theater', 'Stokholms Theaterdirektion', 'Storthinget']",[]
136,0,Forfatter,,,,,"['Herr Dietrichson', 'Bjørnsons', 'Min Svigermoders']","['Stokholm', 'Kjøbenhavn', 'Kristiania']","['Kristiania Theater', 'Stokholms Theaterdirektion', 'Storthinget']",[]
137,0,at,,,,,"['Herr Dietrichson', 'Bjørnsons', 'Min Svigermoders']","['Stokholm', 'Kjøbenhavn', 'Kristiania']","['Kristiania Theater', 'Stokholms Theaterdirektion', 'Storthinget']",[]
138,0,leve,,,,,"['Herr Dietrichson', 'Bjørnsons', 'Min Svigermoders']","['Stokholm', 'Kjøbenhavn', 'Kristiania']","['Kristiania Theater', 'Stokholms Theaterdirektion', 'Storthinget']",[]
139,0,medmindre,,,,,"['Herr Dietrichson', 'Bjørnsons', 'Min Svigermoders']","['Stokholm', 'Kjøbenhavn', 'Kristiania']","['Kristiania Theater', 'Stokholms Theaterdirektion', 'Storthinget']",[]
140,0,han,,,,,"['Herr Dietrichson', 'Bjørnsons', 'Min Svigermoders']","['Stokholm', 'Kjøbenhavn', 'Kristiania']","['Kristiania Theater', 'Stokholms Theaterdirektion', 'Storthinget']",[]
141,0,forstaar,,,,,"['Herr Dietrichson', 'Bjørnsons', 'Min Svigermoders']","['Stokholm', 'Kjøbenhavn', 'Kristiania']","['Kristiania Theater', 'Stokholms Theaterdirektion', 'Storthinget']",[]
142,0,koldt,,,,,"['Herr Dietrichson', 'Bjørnsons', 'Min Svigermoders']","['Stokholm', 'Kjøbenhavn', 'Kristiania']","['Kristiania Theater', 'Stokholms Theaterdirektion', 'Storthinget']",[]
143,0,at,,,,,"['Herr Dietrichson', 'Bjørnsons', 'Min Svigermoders']","['Stokholm', 'Kjøbenhavn', 'Kristiania']","['Kristiania Theater', 'Stokholms Theaterdirektion', 'Storthinget']",[]
144,0,vise,,,,,"['Herr Dietrichson', 'Bjørnsons', 'Min Svigermoders']","['Stokholm', 'Kjøbenhavn', 'Kristiania']","['Kristiania Theater', 'Stokholms Theaterdirektion', 'Storthinget']",[]
145,0,alle,,,,,"['Herr Dietrichson', 'Bjørnsons', 'Min Svigermoders']","['Stokholm', 'Kjøbenhavn', 'Kristiania']","['Kristiania Theater', 'Stokholms Theaterdirektion', 'Storthinget']",[]
146,0,Partier,,,,,"['Herr Dietrichson', 'Bjørnsons', 'Min Svigermoders']","['Stokholm', 'Kjøbenhavn', 'Kristiania']","['Kristiania Theater', 'Stokholms Theaterdirektion', 'Storthinget']",[]
147,0,tillbage,,,,,"['Herr Dietrichson', 'Bjørnsons', 'Min Svigermoders']","['Stokholm', 'Kjøbenhavn', 'Kristiania']","['Kristiania Theater', 'Stokholms Theaterdirektion', 'Storthinget']",[]
148,0,og,,,,,"['Herr Dietrichson', 'Bjørnsons', 'Min Svigermoders']","['Stokholm', 'Kjøbenhavn', 'Kristiania']","['Kristiania Theater', 'Stokholms Theaterdirektion', 'Storthinget']",[]
149,0,indtage,,,,,"['Herr Dietrichson', 'Bjørnsons', 'Min Svigermoders']","['Stokholm', 'Kjøbenhavn', 'Kristiania']","['Kristiania Theater', 'Stokholms Theaterdirektion', 'Storthinget']",[]
150,0,et,,,,,"['Herr Dietrichson', 'Bjørnsons', 'Min Svigermoders']","['Stokholm', 'Kjøbenhavn', 'Kristiania']","['Kristiania Theater', 'Stokholms Theaterdirektion', 'Storthinget']",[]
151,0,Standpunkt,,,,,"['Herr Dietrichson', 'Bjørnsons', 'Min Svigermoders']","['Stokholm', 'Kjøbenhavn', 'Kristiania']","['Kristiania Theater', 'Stokholms Theaterdirektion', 'Storthinget']",[]
152,0,for,,,,,"['Herr Dietrichson', 'Bjørnsons', 'Min Svigermoders']","['Stokholm', 'Kjøbenhavn', 'Kristiania']","['Kristiania Theater', 'Stokholms Theaterdirektion', 'Storthinget']",[]
153,0,sig,,,,,"['Herr Dietrichson', 'Bjørnsons', 'Min Svigermoders']","['Stokholm', 'Kjøbenhavn', 'Kristiania']","['Kristiania Theater', 'Stokholms Theaterdirektion', 'Storthinget']",[]
154,0,selv;,,,,,"['Herr Dietrichson', 'Bjørnsons', 'Min Svigermoders']","['Stokholm', 'Kjøbenhavn', 'Kristiania']","['Kristiania Theater', 'Stokholms Theaterdirektion', 'Storthinget']",[]
155,0,men,,,,,"['Herr Dietrichson', 'Bjørnsons', 'Min Svigermoders']","['Stokholm', 'Kjøbenhavn', 'Kristiania']","['Kristiania Theater', 'Stokholms Theaterdirektion', 'Storthinget']",[]
156,0,dette,,,,,"['Herr Dietrichson', 'Bjørnsons', 'Min Svigermoders']","['Stokholm', 'Kjøbenhavn', 'Kristiania']","['Kristiania Theater', 'Stokholms Theaterdirektion', 'Storthinget']",[]
157,0,gjør,,,,,"['Herr Dietrichson', 'Bjørnsons', 'Min Svigermoders']","['Stokholm', 'Kjøbenhavn', 'Kristiania']","['Kristiania Theater', 'Stokholms Theaterdirektion', 'Storthinget']",[]
158,0,hun,,,,,"['Herr Dietrichson', 'Bjørnsons', 'Min Svigermoders']","['Stokholm', 'Kjøbenhavn', 'Kristiania']","['Kristiania Theater', 'Stokholms Theaterdirektion', 'Storthinget']",[]
159,0,ikke.,,,,,"['Herr Dietrichson', 'Bjørnsons', 'Min Svigermoders']","['Stokholm', 'Kjøbenhavn', 'Kristiania']","['Kristiania Theater', 'Stokholms Theaterdirektion', 'Storthinget']",[]
160,0,Jeg,,,,,"['Herr Dietrichson', 'Bjørnsons', 'Min Svigermoders']","['Stokholm', 'Kjøbenhavn', 'Kristiania']","['Kristiania Theater', 'Stokholms Theaterdirektion', 'Storthinget']",[]
161,0,"er,",,,,,"['Herr Dietrichson', 'Bjørnsons', 'Min Svigermoders']","['Stokholm', 'Kjøbenhavn', 'Kristiania']","['Kristiania Theater', 'Stokholms Theaterdirektion', 'Storthinget']",[]
162,0,for,,,,,"['Herr Dietrichson', 'Bjørnsons', 'Min Svigermoders']","['Stokholm', 'Kjøbenhavn', 'Kristiania']","['Kristiania Theater', 'Stokholms Theaterdirektion', 'Storthinget']",[]
163,0,mit,,,,,"['Herr Dietrichson', 'Bjørnsons', 'Min Svigermoders']","['Stokholm', 'Kjøbenhavn', 'Kristiania']","['Kristiania Theater', 'Stokholms Theaterdirektion', 'Storthinget']",[]
164,0,eget,,,,,"['Herr Dietrichson', 'Bjørnsons', 'Min Svigermoders']","['Stokholm', 'Kjøbenhavn', 'Kristiania']","['Kristiania Theater', 'Stokholms Theaterdirektion', 'Storthinget']",[]
165,0,"Vedkommende,",,,,,"['Herr Dietrichson', 'Bjørnsons', 'Min Svigermoders']","['Stokholm', 'Kjøbenhavn', 'Kristiania']","['Kristiania Theater', 'Stokholms Theaterdirektion', 'Storthinget']",[]
166,0,glad,,,,,"['Herr Dietrichson', 'Bjørnsons', 'Min Svigermoders']","['Stokholm', 'Kjøbenhavn', 'Kristiania']","['Kristiania Theater', 'Stokholms Theaterdirektion', 'Storthinget']",[]
167,0,og,,,,,"['Herr Dietrichson', 'Bjørnsons', 'Min Svigermoders']","['Stokholm', 'Kjøbenhavn', 'Kristiania']","['Kristiania Theater', 'Stokholms Theaterdirektion', 'Storthinget']",[]
168,0,lykkelig,,,,,"['Herr Dietrichson', 'Bjørnsons', 'Min Svigermoders']","['Stokholm', 'Kjøbenhavn', 'Kristiania']","['Kristiania Theater', 'Stokholms Theaterdirektion', 'Storthinget']",[]
169,0,over,,,,,"['Herr Dietrichson', 'Bjørnsons', 'Min Svigermoders']","['Stokholm', 'Kjøbenhavn', 'Kristiania']","['Kristiania Theater', 'Stokholms Theaterdirektion', 'Storthinget']",[]
170,0,at,,,,,"['Herr Dietrichson', 'Bjørnsons', 'Min Svigermoders']","['Stokholm', 'Kjøbenhavn', 'Kristiania']","['Kristiania Theater', 'Stokholms Theaterdirektion', 'Storthinget']",[]
171,0,jeg,,,,,"['Herr Dietrichson', 'Bjørnsons', 'Min Svigermoders']","['Stokholm', 'Kjøbenhavn', 'Kristiania']","['Kristiania Theater', 'Stokholms Theaterdirektion', 'Storthinget']",[]
172,0,kan,,,,,"['Herr Dietrichson', 'Bjørnsons', 'Min Svigermoders']","['Stokholm', 'Kjøbenhavn', 'Kristiania']","['Kristiania Theater', 'Stokholms Theaterdirektion', 'Storthinget']",[]
173,0,holde,,,,,"['Herr Dietrichson', 'Bjørnsons', 'Min Svigermoders']","['Stokholm', 'Kjøbenhavn', 'Kristiania']","['Kristiania Theater', 'Stokholms Theaterdirektion', 'Storthinget']",[]
174,0,mig,,,,,"['Herr Dietrichson', 'Bjørnsons', 'Min Svigermoders']","['Stokholm', 'Kjøbenhavn', 'Kristiania']","['Kristiania Theater', 'Stokholms Theaterdirektion', 'Storthinget']",[]
175,0,udenfor,,,,,"['Herr Dietrichson', 'Bjørnsons', 'Min Svigermoders']","['Stokholm', 'Kjøbenhavn', 'Kristiania']","['Kristiania Theater', 'Stokholms Theaterdirektion', 'Storthinget']",[]
176,0,alt,,,,,"['Herr Dietrichson', 'Bjørnsons', 'Min Svigermoders']","['Stokholm', 'Kjøbenhavn', 'Kristiania']","['Kristiania Theater', 'Stokholms Theaterdirektion', 'Storthinget']",[]
177,0,dette,,,,,"['Herr Dietrichson', 'Bjørnsons', 'Min Svigermoders']","['Stokholm', 'Kjøbenhavn', 'Kristiania']","['Kristiania Theater', 'Stokholms Theaterdirektion', 'Storthinget']",[]
178,0,krydsende,,,,,"['Herr Dietrichson', 'Bjørnsons', 'Min Svigermoders']","['Stokholm', 'Kjøbenhavn', 'Kristiania']","['Kristiania Theater', 'Stokholms Theaterdirektion', 'Storthinget']",[]
179,0,og,,,,,"['Herr Dietrichson', 'Bjørnsons', 'Min Svigermoders']","['Stokholm', 'Kjøbenhavn', 'Kristiania']","['Kristiania Theater', 'Stokholms Theaterdirektion', 'Storthinget']",[]
180,0,intrigerende,,,,,"['Herr Dietrichson', 'Bjørnsons', 'Min Svigermoders']","['Stokholm', 'Kjøbenhavn', 'Kristiania']","['Kristiania Theater', 'Stokholms Theaterdirektion', 'Storthinget']",[]
181,0,Uvæsen,,,,,"['Herr Dietrichson', 'Bjørnsons', 'Min Svigermoders']","['Stokholm', 'Kjøbenhavn', 'Kristiania']","['Kristiania Theater', 'Stokholms Theaterdirektion', 'Storthinget']",[]
182,0,som,,,,,"['Herr Dietrichson', 'Bjørnsons', 'Min Svigermoders']","['Stokholm', 'Kjøbenhavn', 'Kristiania']","['Kristiania Theater', 'Stokholms Theaterdirektion', 'Storthinget']",[]
183,0,drives,,,,,"['Herr Dietrichson', 'Bjørnsons', 'Min Svigermoders']","['Stokholm', 'Kjøbenhavn', 'Kristiania']","['Kristiania Theater', 'Stokholms Theaterdirektion', 'Storthinget']",[]
184,0,deroppe,,,,,"['Herr Dietrichson', 'Bjørnsons', 'Min Svigermoders']","['Stokholm', 'Kjøbenhavn', 'Kristiania']","['Kristiania Theater', 'Stokholms Theaterdirektion', 'Storthinget']",[]
185,0,og,,,,,"['Herr Dietrichson', 'Bjørnsons', 'Min Svigermoders']","['Stokholm', 'Kjøbenhavn', 'Kristiania']","['Kristiania Theater', 'Stokholms Theaterdirektion', 'Storthinget']",[]
186,0,som,,,,,"['Herr Dietrichson', 'Bjørnsons', 'Min Svigermoders']","['Stokholm', 'Kjøbenhavn', 'Kristiania']","['Kristiania Theater', 'Stokholms Theaterdirektion', 'Storthinget']",[]
187,0,altid,,,,,"['Herr Dietrichson', 'Bjørnsons', 'Min Svigermoders']","['Stokholm', 'Kjøbenhavn', 'Kristiania']","['Kristiania Theater', 'Stokholms Theaterdirektion', 'Storthinget']",[]
188,0,er,,,,,"['Herr Dietrichson', 'Bjørnsons', 'Min Svigermoders']","['Stokholm', 'Kjøbenhavn', 'Kristiania']","['Kristiania Theater', 'Stokholms Theaterdirektion', 'Storthinget']",[]
189,0,uadskilleligt,,,,,"['Herr Dietrichson', 'Bjørnsons', 'Min Svigermoders']","['Stokholm', 'Kjøbenhavn', 'Kristiania']","['Kristiania Theater', 'Stokholms Theaterdirektion', 'Storthinget']",[]
190,0,fra,,,,,"['Herr Dietrichson', 'Bjørnsons', 'Min Svigermoders']","['Stokholm', 'Kjøbenhavn', 'Kristiania']","['Kristiania Theater', 'Stokholms Theaterdirektion', 'Storthinget']",[]
191,0,smaa,,,,,"['Herr Dietrichson', 'Bjørnsons', 'Min Svigermoders']","['Stokholm', 'Kjøbenhavn', 'Kristiania']","['Kristiania Theater', 'Stokholms Theaterdirektion', 'Storthinget']",[]
192,0,og,,,,,"['Herr Dietrichson', 'Bjørnsons', 'Min Svigermoders']","['Stokholm', 'Kjøbenhavn', 'Kristiania']","['Kristiania Theater', 'Stokholms Theaterdirektion', 'Storthinget']",[]
193,0,smaalige,,,,,"['Herr Dietrichson', 'Bjørnsons', 'Min Svigermoders']","['Stokholm', 'Kjøbenhavn', 'Kristiania']","['Kristiania Theater', 'Stokholms Theaterdirektion', 'Storthinget']",[]
194,0,Forholde.Lev,,,,,"['Herr Dietrichson', 'Bjørnsons', 'Min Svigermoders']","['Stokholm', 'Kjøbenhavn', 'Kristiania']","['Kristiania Theater', 'Stokholms Theaterdirektion', 'Storthinget']",[]
195,0,hjertelig,,,,,"['Herr Dietrichson', 'Bjørnsons', 'Min Svigermoders']","['Stokholm', 'Kjøbenhavn', 'Kristiania']","['Kristiania Theater', 'Stokholms Theaterdirektion', 'Storthinget']",[]
196,0,vel,,,,,"['Herr Dietrichson', 'Bjørnsons', 'Min Svigermoders']","['Stokholm', 'Kjøbenhavn', 'Kristiania']","['Kristiania Theater', 'Stokholms Theaterdirektion', 'Storthinget']",[]
197,0,og,,,,,"['Herr Dietrichson', 'Bjørnsons', 'Min Svigermoders']","['Stokholm', 'Kjøbenhavn', 'Kristiania']","['Kristiania Theater', 'Stokholms Theaterdirektion', 'Storthinget']",[]
198,0,vær,,,,,"['Herr Dietrichson', 'Bjørnsons', 'Min Svigermoders']","['Stokholm', 'Kjøbenhavn', 'Kristiania']","['Kristiania Theater', 'Stokholms Theaterdirektion', 'Storthinget']",[]
199,0,paa,,,,,"['Herr Dietrichson', 'Bjørnsons', 'Min Svigermoders']","['Stokholm', 'Kjøbenhavn', 'Kristiania']","['Kristiania Theater', 'Stokholms Theaterdirektion', 'Storthinget']",[]
200,0,det,,,,,"['Herr Dietrichson', 'Bjørnsons', 'Min Svigermoders']","['Stokholm', 'Kjøbenhavn', 'Kristiania']","['Kristiania Theater', 'Stokholms Theaterdirektion', 'Storthinget']",[]
201,0,varmeste,,,,,"['Herr Dietrichson', 'Bjørnsons', 'Min Svigermoders']","['Stokholm', 'Kjøbenhavn', 'Kristiania']","['Kristiania Theater', 'Stokholms Theaterdirektion', 'Storthinget']",[]
202,0,hilset,,,,,"['Herr Dietrichson', 'Bjørnsons', 'Min Svigermoders']","['Stokholm', 'Kjøbenhavn', 'Kristiania']","['Kristiania Theater', 'Stokholms Theaterdirektion', 'Storthinget']",[]
203,0,fra,,,,,"['Herr Dietrichson', 'Bjørnsons', 'Min Svigermoders']","['Stokholm', 'Kjøbenhavn', 'Kristiania']","['Kristiania Theater', 'Stokholms Theaterdirektion', 'Storthinget']",[]
