,,0,human_annotation,who,dacy_medium,spacy_trf,person,place,org,work
0,0,For,,,,,"['Borgaards Meddelelse', 'H. Kjærulfs', 'Poul B: Hansen']","['Christiania', 'Throndhjem']",[],['«Gildet paa Solhoug»']
1,0,nogen,,,,,"['Borgaards Meddelelse', 'H. Kjærulfs', 'Poul B: Hansen']","['Christiania', 'Throndhjem']",[],['«Gildet paa Solhoug»']
2,0,Tid,,,,,"['Borgaards Meddelelse', 'H. Kjærulfs', 'Poul B: Hansen']","['Christiania', 'Throndhjem']",[],['«Gildet paa Solhoug»']
3,0,siden,,,,,"['Borgaards Meddelelse', 'H. Kjærulfs', 'Poul B: Hansen']","['Christiania', 'Throndhjem']",[],['«Gildet paa Solhoug»']
4,0,tog,,,,,"['Borgaards Meddelelse', 'H. Kjærulfs', 'Poul B: Hansen']","['Christiania', 'Throndhjem']",[],['«Gildet paa Solhoug»']
5,0,jeg,,,,,"['Borgaards Meddelelse', 'H. Kjærulfs', 'Poul B: Hansen']","['Christiania', 'Throndhjem']",[],['«Gildet paa Solhoug»']
6,0,mig,,,,,"['Borgaards Meddelelse', 'H. Kjærulfs', 'Poul B: Hansen']","['Christiania', 'Throndhjem']",[],['«Gildet paa Solhoug»']
7,0,den,,,,,"['Borgaards Meddelelse', 'H. Kjærulfs', 'Poul B: Hansen']","['Christiania', 'Throndhjem']",[],['«Gildet paa Solhoug»']
8,0,Frihed,,,,,"['Borgaards Meddelelse', 'H. Kjærulfs', 'Poul B: Hansen']","['Christiania', 'Throndhjem']",[],['«Gildet paa Solhoug»']
9,0,at,,,,,"['Borgaards Meddelelse', 'H. Kjærulfs', 'Poul B: Hansen']","['Christiania', 'Throndhjem']",[],['«Gildet paa Solhoug»']
10,0,tilstille,,,,,"['Borgaards Meddelelse', 'H. Kjærulfs', 'Poul B: Hansen']","['Christiania', 'Throndhjem']",[],['«Gildet paa Solhoug»']
11,0,Dem,,,,,"['Borgaards Meddelelse', 'H. Kjærulfs', 'Poul B: Hansen']","['Christiania', 'Throndhjem']",[],['«Gildet paa Solhoug»']
12,0,en,,,,,"['Borgaards Meddelelse', 'H. Kjærulfs', 'Poul B: Hansen']","['Christiania', 'Throndhjem']",[],['«Gildet paa Solhoug»']
13,0,Afskrift,,,,,"['Borgaards Meddelelse', 'H. Kjærulfs', 'Poul B: Hansen']","['Christiania', 'Throndhjem']",[],['«Gildet paa Solhoug»']
14,0,af,,,,,"['Borgaards Meddelelse', 'H. Kjærulfs', 'Poul B: Hansen']","['Christiania', 'Throndhjem']",[],['«Gildet paa Solhoug»']
15,0,mit,,,,,"['Borgaards Meddelelse', 'H. Kjærulfs', 'Poul B: Hansen']","['Christiania', 'Throndhjem']",[],['«Gildet paa Solhoug»']
16,0,nye,,,,,"['Borgaards Meddelelse', 'H. Kjærulfs', 'Poul B: Hansen']","['Christiania', 'Throndhjem']",[],['«Gildet paa Solhoug»']
17,0,Skuespil:,,,,,"['Borgaards Meddelelse', 'H. Kjærulfs', 'Poul B: Hansen']","['Christiania', 'Throndhjem']",[],['«Gildet paa Solhoug»']
18,0,«Gildet,,,,,"['Borgaards Meddelelse', 'H. Kjærulfs', 'Poul B: Hansen']","['Christiania', 'Throndhjem']",[],['«Gildet paa Solhoug»']
19,0,paa,,,,,"['Borgaards Meddelelse', 'H. Kjærulfs', 'Poul B: Hansen']","['Christiania', 'Throndhjem']",[],['«Gildet paa Solhoug»']
20,0,Solhoug».,,,,,"['Borgaards Meddelelse', 'H. Kjærulfs', 'Poul B: Hansen']","['Christiania', 'Throndhjem']",[],['«Gildet paa Solhoug»']
21,0,Hensigten,,,,,"['Borgaards Meddelelse', 'H. Kjærulfs', 'Poul B: Hansen']","['Christiania', 'Throndhjem']",[],['«Gildet paa Solhoug»']
22,0,med,,,,,"['Borgaards Meddelelse', 'H. Kjærulfs', 'Poul B: Hansen']","['Christiania', 'Throndhjem']",[],['«Gildet paa Solhoug»']
23,0,disse,,,,,"['Borgaards Meddelelse', 'H. Kjærulfs', 'Poul B: Hansen']","['Christiania', 'Throndhjem']",[],['«Gildet paa Solhoug»']
24,0,Linier,,,,,"['Borgaards Meddelelse', 'H. Kjærulfs', 'Poul B: Hansen']","['Christiania', 'Throndhjem']",[],['«Gildet paa Solhoug»']
25,0,er,,,,,"['Borgaards Meddelelse', 'H. Kjærulfs', 'Poul B: Hansen']","['Christiania', 'Throndhjem']",[],['«Gildet paa Solhoug»']
26,0,nu,,,,,"['Borgaards Meddelelse', 'H. Kjærulfs', 'Poul B: Hansen']","['Christiania', 'Throndhjem']",[],['«Gildet paa Solhoug»']
27,0,at,,,,,"['Borgaards Meddelelse', 'H. Kjærulfs', 'Poul B: Hansen']","['Christiania', 'Throndhjem']",[],['«Gildet paa Solhoug»']
28,0,forespørge,,,,,"['Borgaards Meddelelse', 'H. Kjærulfs', 'Poul B: Hansen']","['Christiania', 'Throndhjem']",[],['«Gildet paa Solhoug»']
29,0,om,,,,,"['Borgaards Meddelelse', 'H. Kjærulfs', 'Poul B: Hansen']","['Christiania', 'Throndhjem']",[],['«Gildet paa Solhoug»']
30,0,De,,,,,"['Borgaards Meddelelse', 'H. Kjærulfs', 'Poul B: Hansen']","['Christiania', 'Throndhjem']",[],['«Gildet paa Solhoug»']
31,0,skulde,,,,,"['Borgaards Meddelelse', 'H. Kjærulfs', 'Poul B: Hansen']","['Christiania', 'Throndhjem']",[],['«Gildet paa Solhoug»']
32,0,være,,,,,"['Borgaards Meddelelse', 'H. Kjærulfs', 'Poul B: Hansen']","['Christiania', 'Throndhjem']",[],['«Gildet paa Solhoug»']
33,0,villig,,,,,"['Borgaards Meddelelse', 'H. Kjærulfs', 'Poul B: Hansen']","['Christiania', 'Throndhjem']",[],['«Gildet paa Solhoug»']
34,0,til,,,,,"['Borgaards Meddelelse', 'H. Kjærulfs', 'Poul B: Hansen']","['Christiania', 'Throndhjem']",[],['«Gildet paa Solhoug»']
35,0,at,,,,,"['Borgaards Meddelelse', 'H. Kjærulfs', 'Poul B: Hansen']","['Christiania', 'Throndhjem']",[],['«Gildet paa Solhoug»']
36,0,overtage,,,,,"['Borgaards Meddelelse', 'H. Kjærulfs', 'Poul B: Hansen']","['Christiania', 'Throndhjem']",[],['«Gildet paa Solhoug»']
37,0,Forlaget,,,,,"['Borgaards Meddelelse', 'H. Kjærulfs', 'Poul B: Hansen']","['Christiania', 'Throndhjem']",[],['«Gildet paa Solhoug»']
38,0,af,,,,,"['Borgaards Meddelelse', 'H. Kjærulfs', 'Poul B: Hansen']","['Christiania', 'Throndhjem']",[],['«Gildet paa Solhoug»']
39,0,samme;,,,,,"['Borgaards Meddelelse', 'H. Kjærulfs', 'Poul B: Hansen']","['Christiania', 'Throndhjem']",[],['«Gildet paa Solhoug»']
40,0,de,,,,,"['Borgaards Meddelelse', 'H. Kjærulfs', 'Poul B: Hansen']","['Christiania', 'Throndhjem']",[],['«Gildet paa Solhoug»']
41,0,"Betingelser,",,,,,"['Borgaards Meddelelse', 'H. Kjærulfs', 'Poul B: Hansen']","['Christiania', 'Throndhjem']",[],['«Gildet paa Solhoug»']
42,0,hvorunder,,,,,"['Borgaards Meddelelse', 'H. Kjærulfs', 'Poul B: Hansen']","['Christiania', 'Throndhjem']",[],['«Gildet paa Solhoug»']
43,0,saadant,,,,,"['Borgaards Meddelelse', 'H. Kjærulfs', 'Poul B: Hansen']","['Christiania', 'Throndhjem']",[],['«Gildet paa Solhoug»']
44,0,kan,,,,,"['Borgaards Meddelelse', 'H. Kjærulfs', 'Poul B: Hansen']","['Christiania', 'Throndhjem']",[],['«Gildet paa Solhoug»']
45,0,"skee,",,,,,"['Borgaards Meddelelse', 'H. Kjærulfs', 'Poul B: Hansen']","['Christiania', 'Throndhjem']",[],['«Gildet paa Solhoug»']
46,0,overlader,,,,,"['Borgaards Meddelelse', 'H. Kjærulfs', 'Poul B: Hansen']","['Christiania', 'Throndhjem']",[],['«Gildet paa Solhoug»']
47,0,jeg,,,,,"['Borgaards Meddelelse', 'H. Kjærulfs', 'Poul B: Hansen']","['Christiania', 'Throndhjem']",[],['«Gildet paa Solhoug»']
48,0,til,,,,,"['Borgaards Meddelelse', 'H. Kjærulfs', 'Poul B: Hansen']","['Christiania', 'Throndhjem']",[],['«Gildet paa Solhoug»']
49,0,Dem,,,,,"['Borgaards Meddelelse', 'H. Kjærulfs', 'Poul B: Hansen']","['Christiania', 'Throndhjem']",[],['«Gildet paa Solhoug»']
50,0,at,,,,,"['Borgaards Meddelelse', 'H. Kjærulfs', 'Poul B: Hansen']","['Christiania', 'Throndhjem']",[],['«Gildet paa Solhoug»']
51,0,"bestemme,",,,,,"['Borgaards Meddelelse', 'H. Kjærulfs', 'Poul B: Hansen']","['Christiania', 'Throndhjem']",[],['«Gildet paa Solhoug»']
52,0,Hovedsagen,,,,,"['Borgaards Meddelelse', 'H. Kjærulfs', 'Poul B: Hansen']","['Christiania', 'Throndhjem']",[],['«Gildet paa Solhoug»']
53,0,er,,,,,"['Borgaards Meddelelse', 'H. Kjærulfs', 'Poul B: Hansen']","['Christiania', 'Throndhjem']",[],['«Gildet paa Solhoug»']
54,0,for,,,,,"['Borgaards Meddelelse', 'H. Kjærulfs', 'Poul B: Hansen']","['Christiania', 'Throndhjem']",[],['«Gildet paa Solhoug»']
55,0,mig,,,,,"['Borgaards Meddelelse', 'H. Kjærulfs', 'Poul B: Hansen']","['Christiania', 'Throndhjem']",[],['«Gildet paa Solhoug»']
56,0,at,,,,,"['Borgaards Meddelelse', 'H. Kjærulfs', 'Poul B: Hansen']","['Christiania', 'Throndhjem']",[],['«Gildet paa Solhoug»']
57,0,erholde,,,,,"['Borgaards Meddelelse', 'H. Kjærulfs', 'Poul B: Hansen']","['Christiania', 'Throndhjem']",[],['«Gildet paa Solhoug»']
58,0,Deres,,,,,"['Borgaards Meddelelse', 'H. Kjærulfs', 'Poul B: Hansen']","['Christiania', 'Throndhjem']",[],['«Gildet paa Solhoug»']
59,0,agtede,,,,,"['Borgaards Meddelelse', 'H. Kjærulfs', 'Poul B: Hansen']","['Christiania', 'Throndhjem']",[],['«Gildet paa Solhoug»']
60,0,Navn,,,,,"['Borgaards Meddelelse', 'H. Kjærulfs', 'Poul B: Hansen']","['Christiania', 'Throndhjem']",[],['«Gildet paa Solhoug»']
61,0,som,,,,,"['Borgaards Meddelelse', 'H. Kjærulfs', 'Poul B: Hansen']","['Christiania', 'Throndhjem']",[],['«Gildet paa Solhoug»']
62,0,en,,,,,"['Borgaards Meddelelse', 'H. Kjærulfs', 'Poul B: Hansen']","['Christiania', 'Throndhjem']",[],['«Gildet paa Solhoug»']
63,0,Anbefaling,,,,,"['Borgaards Meddelelse', 'H. Kjærulfs', 'Poul B: Hansen']","['Christiania', 'Throndhjem']",[],['«Gildet paa Solhoug»']
64,0,for,,,,,"['Borgaards Meddelelse', 'H. Kjærulfs', 'Poul B: Hansen']","['Christiania', 'Throndhjem']",[],['«Gildet paa Solhoug»']
65,0,mit,,,,,"['Borgaards Meddelelse', 'H. Kjærulfs', 'Poul B: Hansen']","['Christiania', 'Throndhjem']",[],['«Gildet paa Solhoug»']
66,0,Stykke,,,,,"['Borgaards Meddelelse', 'H. Kjærulfs', 'Poul B: Hansen']","['Christiania', 'Throndhjem']",[],['«Gildet paa Solhoug»']
67,0,i,,,,,"['Borgaards Meddelelse', 'H. Kjærulfs', 'Poul B: Hansen']","['Christiania', 'Throndhjem']",[],['«Gildet paa Solhoug»']
68,0,den,,,,,"['Borgaards Meddelelse', 'H. Kjærulfs', 'Poul B: Hansen']","['Christiania', 'Throndhjem']",[],['«Gildet paa Solhoug»']
69,0,læsende,,,,,"['Borgaards Meddelelse', 'H. Kjærulfs', 'Poul B: Hansen']","['Christiania', 'Throndhjem']",[],['«Gildet paa Solhoug»']
70,0,Verden.,,,,,"['Borgaards Meddelelse', 'H. Kjærulfs', 'Poul B: Hansen']","['Christiania', 'Throndhjem']",[],['«Gildet paa Solhoug»']
71,0,Hersteds,,,,,"['Borgaards Meddelelse', 'H. Kjærulfs', 'Poul B: Hansen']","['Christiania', 'Throndhjem']",[],['«Gildet paa Solhoug»']
72,0,er,,,,,"['Borgaards Meddelelse', 'H. Kjærulfs', 'Poul B: Hansen']","['Christiania', 'Throndhjem']",[],['«Gildet paa Solhoug»']
73,0,Stykket,,,,,"['Borgaards Meddelelse', 'H. Kjærulfs', 'Poul B: Hansen']","['Christiania', 'Throndhjem']",[],['«Gildet paa Solhoug»']
74,0,siden,,,,,"['Borgaards Meddelelse', 'H. Kjærulfs', 'Poul B: Hansen']","['Christiania', 'Throndhjem']",[],['«Gildet paa Solhoug»']
75,0,Januar,,,,,"['Borgaards Meddelelse', 'H. Kjærulfs', 'Poul B: Hansen']","['Christiania', 'Throndhjem']",[],['«Gildet paa Solhoug»']
76,0,Maaneds,,,,,"['Borgaards Meddelelse', 'H. Kjærulfs', 'Poul B: Hansen']","['Christiania', 'Throndhjem']",[],['«Gildet paa Solhoug»']
77,0,Begyndelse,,,,,"['Borgaards Meddelelse', 'H. Kjærulfs', 'Poul B: Hansen']","['Christiania', 'Throndhjem']",[],['«Gildet paa Solhoug»']
78,0,opført,,,,,"['Borgaards Meddelelse', 'H. Kjærulfs', 'Poul B: Hansen']","['Christiania', 'Throndhjem']",[],['«Gildet paa Solhoug»']
79,0,4,,,,,"['Borgaards Meddelelse', 'H. Kjærulfs', 'Poul B: Hansen']","['Christiania', 'Throndhjem']",[],['«Gildet paa Solhoug»']
80,0,Gange,,,,,"['Borgaards Meddelelse', 'H. Kjærulfs', 'Poul B: Hansen']","['Christiania', 'Throndhjem']",[],['«Gildet paa Solhoug»']
81,0,med,,,,,"['Borgaards Meddelelse', 'H. Kjærulfs', 'Poul B: Hansen']","['Christiania', 'Throndhjem']",[],['«Gildet paa Solhoug»']
82,0,meget,,,,,"['Borgaards Meddelelse', 'H. Kjærulfs', 'Poul B: Hansen']","['Christiania', 'Throndhjem']",[],['«Gildet paa Solhoug»']
83,0,Bifald;,,,,,"['Borgaards Meddelelse', 'H. Kjærulfs', 'Poul B: Hansen']","['Christiania', 'Throndhjem']",[],['«Gildet paa Solhoug»']
84,0,i,,,,,"['Borgaards Meddelelse', 'H. Kjærulfs', 'Poul B: Hansen']","['Christiania', 'Throndhjem']",[],['«Gildet paa Solhoug»']
85,0,Christiania,,,,,"['Borgaards Meddelelse', 'H. Kjærulfs', 'Poul B: Hansen']","['Christiania', 'Throndhjem']",[],['«Gildet paa Solhoug»']
86,0,vil,,,,,"['Borgaards Meddelelse', 'H. Kjærulfs', 'Poul B: Hansen']","['Christiania', 'Throndhjem']",[],['«Gildet paa Solhoug»']
87,0,det,,,,,"['Borgaards Meddelelse', 'H. Kjærulfs', 'Poul B: Hansen']","['Christiania', 'Throndhjem']",[],['«Gildet paa Solhoug»']
88,0,forhaabentlig,,,,,"['Borgaards Meddelelse', 'H. Kjærulfs', 'Poul B: Hansen']","['Christiania', 'Throndhjem']",[],['«Gildet paa Solhoug»']
89,0,med,,,,,"['Borgaards Meddelelse', 'H. Kjærulfs', 'Poul B: Hansen']","['Christiania', 'Throndhjem']",[],['«Gildet paa Solhoug»']
90,0,det,,,,,"['Borgaards Meddelelse', 'H. Kjærulfs', 'Poul B: Hansen']","['Christiania', 'Throndhjem']",[],['«Gildet paa Solhoug»']
91,0,snareste,,,,,"['Borgaards Meddelelse', 'H. Kjærulfs', 'Poul B: Hansen']","['Christiania', 'Throndhjem']",[],['«Gildet paa Solhoug»']
92,0,blive,,,,,"['Borgaards Meddelelse', 'H. Kjærulfs', 'Poul B: Hansen']","['Christiania', 'Throndhjem']",[],['«Gildet paa Solhoug»']
93,0,"givet,",,,,,"['Borgaards Meddelelse', 'H. Kjærulfs', 'Poul B: Hansen']","['Christiania', 'Throndhjem']",[],['«Gildet paa Solhoug»']
94,0,da,,,,,"['Borgaards Meddelelse', 'H. Kjærulfs', 'Poul B: Hansen']","['Christiania', 'Throndhjem']",[],['«Gildet paa Solhoug»']
95,0,det,,,,,"['Borgaards Meddelelse', 'H. Kjærulfs', 'Poul B: Hansen']","['Christiania', 'Throndhjem']",[],['«Gildet paa Solhoug»']
96,0,forlængst,,,,,"['Borgaards Meddelelse', 'H. Kjærulfs', 'Poul B: Hansen']","['Christiania', 'Throndhjem']",[],['«Gildet paa Solhoug»']
97,0,er,,,,,"['Borgaards Meddelelse', 'H. Kjærulfs', 'Poul B: Hansen']","['Christiania', 'Throndhjem']",[],['«Gildet paa Solhoug»']
98,0,antaget,,,,,"['Borgaards Meddelelse', 'H. Kjærulfs', 'Poul B: Hansen']","['Christiania', 'Throndhjem']",[],['«Gildet paa Solhoug»']
99,0,af,,,,,"['Borgaards Meddelelse', 'H. Kjærulfs', 'Poul B: Hansen']","['Christiania', 'Throndhjem']",[],['«Gildet paa Solhoug»']
100,0,Directionen,,,,,"['Borgaards Meddelelse', 'H. Kjærulfs', 'Poul B: Hansen']","['Christiania', 'Throndhjem']",[],['«Gildet paa Solhoug»']
101,0,og,,,,,"['Borgaards Meddelelse', 'H. Kjærulfs', 'Poul B: Hansen']","['Christiania', 'Throndhjem']",[],['«Gildet paa Solhoug»']
102,0,venter,,,,,"['Borgaards Meddelelse', 'H. Kjærulfs', 'Poul B: Hansen']","['Christiania', 'Throndhjem']",[],['«Gildet paa Solhoug»']
103,0,"kun,",,,,,"['Borgaards Meddelelse', 'H. Kjærulfs', 'Poul B: Hansen']","['Christiania', 'Throndhjem']",[],['«Gildet paa Solhoug»']
104,0,efter,,,,,"['Borgaards Meddelelse', 'H. Kjærulfs', 'Poul B: Hansen']","['Christiania', 'Throndhjem']",[],['«Gildet paa Solhoug»']
105,0,Borgaards,,,,,"['Borgaards Meddelelse', 'H. Kjærulfs', 'Poul B: Hansen']","['Christiania', 'Throndhjem']",[],['«Gildet paa Solhoug»']
106,0,"Meddelelse,",,,,,"['Borgaards Meddelelse', 'H. Kjærulfs', 'Poul B: Hansen']","['Christiania', 'Throndhjem']",[],['«Gildet paa Solhoug»']
107,0,paa,,,,,"['Borgaards Meddelelse', 'H. Kjærulfs', 'Poul B: Hansen']","['Christiania', 'Throndhjem']",[],['«Gildet paa Solhoug»']
108,0,H.,,,,,"['Borgaards Meddelelse', 'H. Kjærulfs', 'Poul B: Hansen']","['Christiania', 'Throndhjem']",[],['«Gildet paa Solhoug»']
109,0,Kjærulfs,,,,,"['Borgaards Meddelelse', 'H. Kjærulfs', 'Poul B: Hansen']","['Christiania', 'Throndhjem']",[],['«Gildet paa Solhoug»']
110,0,Musik.,,,,,"['Borgaards Meddelelse', 'H. Kjærulfs', 'Poul B: Hansen']","['Christiania', 'Throndhjem']",[],['«Gildet paa Solhoug»']
111,0,Skulde,,,,,"['Borgaards Meddelelse', 'H. Kjærulfs', 'Poul B: Hansen']","['Christiania', 'Throndhjem']",[],['«Gildet paa Solhoug»']
112,0,De,,,,,"['Borgaards Meddelelse', 'H. Kjærulfs', 'Poul B: Hansen']","['Christiania', 'Throndhjem']",[],['«Gildet paa Solhoug»']
113,0,godhedsfuldt,,,,,"['Borgaards Meddelelse', 'H. Kjærulfs', 'Poul B: Hansen']","['Christiania', 'Throndhjem']",[],['«Gildet paa Solhoug»']
114,0,ville,,,,,"['Borgaards Meddelelse', 'H. Kjærulfs', 'Poul B: Hansen']","['Christiania', 'Throndhjem']",[],['«Gildet paa Solhoug»']
115,0,indgaa,,,,,"['Borgaards Meddelelse', 'H. Kjærulfs', 'Poul B: Hansen']","['Christiania', 'Throndhjem']",[],['«Gildet paa Solhoug»']
116,0,paa,,,,,"['Borgaards Meddelelse', 'H. Kjærulfs', 'Poul B: Hansen']","['Christiania', 'Throndhjem']",[],['«Gildet paa Solhoug»']
117,0,mit,,,,,"['Borgaards Meddelelse', 'H. Kjærulfs', 'Poul B: Hansen']","['Christiania', 'Throndhjem']",[],['«Gildet paa Solhoug»']
118,0,"Forslag,",,,,,"['Borgaards Meddelelse', 'H. Kjærulfs', 'Poul B: Hansen']","['Christiania', 'Throndhjem']",[],['«Gildet paa Solhoug»']
119,0,saa,,,,,"['Borgaards Meddelelse', 'H. Kjærulfs', 'Poul B: Hansen']","['Christiania', 'Throndhjem']",[],['«Gildet paa Solhoug»']
120,0,var,,,,,"['Borgaards Meddelelse', 'H. Kjærulfs', 'Poul B: Hansen']","['Christiania', 'Throndhjem']",[],['«Gildet paa Solhoug»']
121,0,det,,,,,"['Borgaards Meddelelse', 'H. Kjærulfs', 'Poul B: Hansen']","['Christiania', 'Throndhjem']",[],['«Gildet paa Solhoug»']
122,0,vel,,,,,"['Borgaards Meddelelse', 'H. Kjærulfs', 'Poul B: Hansen']","['Christiania', 'Throndhjem']",[],['«Gildet paa Solhoug»']
123,0,hensigtsmæssigt,,,,,"['Borgaards Meddelelse', 'H. Kjærulfs', 'Poul B: Hansen']","['Christiania', 'Throndhjem']",[],['«Gildet paa Solhoug»']
124,0,at,,,,,"['Borgaards Meddelelse', 'H. Kjærulfs', 'Poul B: Hansen']","['Christiania', 'Throndhjem']",[],['«Gildet paa Solhoug»']
125,0,Trykningen,,,,,"['Borgaards Meddelelse', 'H. Kjærulfs', 'Poul B: Hansen']","['Christiania', 'Throndhjem']",[],['«Gildet paa Solhoug»']
126,0,strax,,,,,"['Borgaards Meddelelse', 'H. Kjærulfs', 'Poul B: Hansen']","['Christiania', 'Throndhjem']",[],['«Gildet paa Solhoug»']
127,0,paabegyndte,,,,,"['Borgaards Meddelelse', 'H. Kjærulfs', 'Poul B: Hansen']","['Christiania', 'Throndhjem']",[],['«Gildet paa Solhoug»']
128,0,for,,,,,"['Borgaards Meddelelse', 'H. Kjærulfs', 'Poul B: Hansen']","['Christiania', 'Throndhjem']",[],['«Gildet paa Solhoug»']
129,0,at,,,,,"['Borgaards Meddelelse', 'H. Kjærulfs', 'Poul B: Hansen']","['Christiania', 'Throndhjem']",[],['«Gildet paa Solhoug»']
130,0,Alt,,,,,"['Borgaards Meddelelse', 'H. Kjærulfs', 'Poul B: Hansen']","['Christiania', 'Throndhjem']",[],['«Gildet paa Solhoug»']
131,0,kunde,,,,,"['Borgaards Meddelelse', 'H. Kjærulfs', 'Poul B: Hansen']","['Christiania', 'Throndhjem']",[],['«Gildet paa Solhoug»']
132,0,være,,,,,"['Borgaards Meddelelse', 'H. Kjærulfs', 'Poul B: Hansen']","['Christiania', 'Throndhjem']",[],['«Gildet paa Solhoug»']
133,0,færdigt,,,,,"['Borgaards Meddelelse', 'H. Kjærulfs', 'Poul B: Hansen']","['Christiania', 'Throndhjem']",[],['«Gildet paa Solhoug»']
134,0,samtidig,,,,,"['Borgaards Meddelelse', 'H. Kjærulfs', 'Poul B: Hansen']","['Christiania', 'Throndhjem']",[],['«Gildet paa Solhoug»']
135,0,med,,,,,"['Borgaards Meddelelse', 'H. Kjærulfs', 'Poul B: Hansen']","['Christiania', 'Throndhjem']",[],['«Gildet paa Solhoug»']
136,0,Stykkets,,,,,"['Borgaards Meddelelse', 'H. Kjærulfs', 'Poul B: Hansen']","['Christiania', 'Throndhjem']",[],['«Gildet paa Solhoug»']
137,0,Opførelse,,,,,"['Borgaards Meddelelse', 'H. Kjærulfs', 'Poul B: Hansen']","['Christiania', 'Throndhjem']",[],['«Gildet paa Solhoug»']
138,0,i,,,,,"['Borgaards Meddelelse', 'H. Kjærulfs', 'Poul B: Hansen']","['Christiania', 'Throndhjem']",[],['«Gildet paa Solhoug»']
139,0,Christiania.,,,,,"['Borgaards Meddelelse', 'H. Kjærulfs', 'Poul B: Hansen']","['Christiania', 'Throndhjem']",[],['«Gildet paa Solhoug»']
140,0,Et,,,,,"['Borgaards Meddelelse', 'H. Kjærulfs', 'Poul B: Hansen']","['Christiania', 'Throndhjem']",[],['«Gildet paa Solhoug»']
141,0,smukt,,,,,"['Borgaards Meddelelse', 'H. Kjærulfs', 'Poul B: Hansen']","['Christiania', 'Throndhjem']",[],['«Gildet paa Solhoug»']
142,0,Udstyr,,,,,"['Borgaards Meddelelse', 'H. Kjærulfs', 'Poul B: Hansen']","['Christiania', 'Throndhjem']",[],['«Gildet paa Solhoug»']
143,0,veed,,,,,"['Borgaards Meddelelse', 'H. Kjærulfs', 'Poul B: Hansen']","['Christiania', 'Throndhjem']",[],['«Gildet paa Solhoug»']
144,0,jeg,,,,,"['Borgaards Meddelelse', 'H. Kjærulfs', 'Poul B: Hansen']","['Christiania', 'Throndhjem']",[],['«Gildet paa Solhoug»']
145,0,at,,,,,"['Borgaards Meddelelse', 'H. Kjærulfs', 'Poul B: Hansen']","['Christiania', 'Throndhjem']",[],['«Gildet paa Solhoug»']
146,0,det,,,,,"['Borgaards Meddelelse', 'H. Kjærulfs', 'Poul B: Hansen']","['Christiania', 'Throndhjem']",[],['«Gildet paa Solhoug»']
147,0,hos,,,,,"['Borgaards Meddelelse', 'H. Kjærulfs', 'Poul B: Hansen']","['Christiania', 'Throndhjem']",[],['«Gildet paa Solhoug»']
148,0,Dem,,,,,"['Borgaards Meddelelse', 'H. Kjærulfs', 'Poul B: Hansen']","['Christiania', 'Throndhjem']",[],['«Gildet paa Solhoug»']
149,0,er,,,,,"['Borgaards Meddelelse', 'H. Kjærulfs', 'Poul B: Hansen']","['Christiania', 'Throndhjem']",[],['«Gildet paa Solhoug»']
150,0,overflødigt,,,,,"['Borgaards Meddelelse', 'H. Kjærulfs', 'Poul B: Hansen']","['Christiania', 'Throndhjem']",[],['«Gildet paa Solhoug»']
151,0,at,,,,,"['Borgaards Meddelelse', 'H. Kjærulfs', 'Poul B: Hansen']","['Christiania', 'Throndhjem']",[],['«Gildet paa Solhoug»']
152,0,betinge,,,,,"['Borgaards Meddelelse', 'H. Kjærulfs', 'Poul B: Hansen']","['Christiania', 'Throndhjem']",[],['«Gildet paa Solhoug»']
153,0,"mig,",,,,,"['Borgaards Meddelelse', 'H. Kjærulfs', 'Poul B: Hansen']","['Christiania', 'Throndhjem']",[],['«Gildet paa Solhoug»']
154,0,–,,,,,"['Borgaards Meddelelse', 'H. Kjærulfs', 'Poul B: Hansen']","['Christiania', 'Throndhjem']",[],['«Gildet paa Solhoug»']
155,0,Correcturlæsningen,,,,,"['Borgaards Meddelelse', 'H. Kjærulfs', 'Poul B: Hansen']","['Christiania', 'Throndhjem']",[],['«Gildet paa Solhoug»']
156,0,vil,,,,,"['Borgaards Meddelelse', 'H. Kjærulfs', 'Poul B: Hansen']","['Christiania', 'Throndhjem']",[],['«Gildet paa Solhoug»']
157,0,jeg,,,,,"['Borgaards Meddelelse', 'H. Kjærulfs', 'Poul B: Hansen']","['Christiania', 'Throndhjem']",[],['«Gildet paa Solhoug»']
158,0,gjerne,,,,,"['Borgaards Meddelelse', 'H. Kjærulfs', 'Poul B: Hansen']","['Christiania', 'Throndhjem']",[],['«Gildet paa Solhoug»']
159,0,selv,,,,,"['Borgaards Meddelelse', 'H. Kjærulfs', 'Poul B: Hansen']","['Christiania', 'Throndhjem']",[],['«Gildet paa Solhoug»']
160,0,paatage,,,,,"['Borgaards Meddelelse', 'H. Kjærulfs', 'Poul B: Hansen']","['Christiania', 'Throndhjem']",[],['«Gildet paa Solhoug»']
161,0,"mig,",,,,,"['Borgaards Meddelelse', 'H. Kjærulfs', 'Poul B: Hansen']","['Christiania', 'Throndhjem']",[],['«Gildet paa Solhoug»']
162,0,men,,,,,"['Borgaards Meddelelse', 'H. Kjærulfs', 'Poul B: Hansen']","['Christiania', 'Throndhjem']",[],['«Gildet paa Solhoug»']
163,0,frygter,,,,,"['Borgaards Meddelelse', 'H. Kjærulfs', 'Poul B: Hansen']","['Christiania', 'Throndhjem']",[],['«Gildet paa Solhoug»']
164,0,for,,,,,"['Borgaards Meddelelse', 'H. Kjærulfs', 'Poul B: Hansen']","['Christiania', 'Throndhjem']",[],['«Gildet paa Solhoug»']
165,0,at,,,,,"['Borgaards Meddelelse', 'H. Kjærulfs', 'Poul B: Hansen']","['Christiania', 'Throndhjem']",[],['«Gildet paa Solhoug»']
166,0,Forsendelsen,,,,,"['Borgaards Meddelelse', 'H. Kjærulfs', 'Poul B: Hansen']","['Christiania', 'Throndhjem']",[],['«Gildet paa Solhoug»']
167,0,af,,,,,"['Borgaards Meddelelse', 'H. Kjærulfs', 'Poul B: Hansen']","['Christiania', 'Throndhjem']",[],['«Gildet paa Solhoug»']
168,0,de,,,,,"['Borgaards Meddelelse', 'H. Kjærulfs', 'Poul B: Hansen']","['Christiania', 'Throndhjem']",[],['«Gildet paa Solhoug»']
169,0,enkelte,,,,,"['Borgaards Meddelelse', 'H. Kjærulfs', 'Poul B: Hansen']","['Christiania', 'Throndhjem']",[],['«Gildet paa Solhoug»']
170,0,Correcturark,,,,,"['Borgaards Meddelelse', 'H. Kjærulfs', 'Poul B: Hansen']","['Christiania', 'Throndhjem']",[],['«Gildet paa Solhoug»']
171,0,med,,,,,"['Borgaards Meddelelse', 'H. Kjærulfs', 'Poul B: Hansen']","['Christiania', 'Throndhjem']",[],['«Gildet paa Solhoug»']
172,0,Posten,,,,,"['Borgaards Meddelelse', 'H. Kjærulfs', 'Poul B: Hansen']","['Christiania', 'Throndhjem']",[],['«Gildet paa Solhoug»']
173,0,skal,,,,,"['Borgaards Meddelelse', 'H. Kjærulfs', 'Poul B: Hansen']","['Christiania', 'Throndhjem']",[],['«Gildet paa Solhoug»']
174,0,volde,,,,,"['Borgaards Meddelelse', 'H. Kjærulfs', 'Poul B: Hansen']","['Christiania', 'Throndhjem']",[],['«Gildet paa Solhoug»']
175,0,altfor,,,,,"['Borgaards Meddelelse', 'H. Kjærulfs', 'Poul B: Hansen']","['Christiania', 'Throndhjem']",[],['«Gildet paa Solhoug»']
176,0,megen,,,,,"['Borgaards Meddelelse', 'H. Kjærulfs', 'Poul B: Hansen']","['Christiania', 'Throndhjem']",[],['«Gildet paa Solhoug»']
177,0,"Tidsspilde,",,,,,"['Borgaards Meddelelse', 'H. Kjærulfs', 'Poul B: Hansen']","['Christiania', 'Throndhjem']",[],['«Gildet paa Solhoug»']
178,0,jeg,,,,,"['Borgaards Meddelelse', 'H. Kjærulfs', 'Poul B: Hansen']","['Christiania', 'Throndhjem']",[],['«Gildet paa Solhoug»']
179,0,er,,,,,"['Borgaards Meddelelse', 'H. Kjærulfs', 'Poul B: Hansen']","['Christiania', 'Throndhjem']",[],['«Gildet paa Solhoug»']
180,0,desuden,,,,,"['Borgaards Meddelelse', 'H. Kjærulfs', 'Poul B: Hansen']","['Christiania', 'Throndhjem']",[],['«Gildet paa Solhoug»']
181,0,forvisset,,,,,"['Borgaards Meddelelse', 'H. Kjærulfs', 'Poul B: Hansen']","['Christiania', 'Throndhjem']",[],['«Gildet paa Solhoug»']
182,0,om,,,,,"['Borgaards Meddelelse', 'H. Kjærulfs', 'Poul B: Hansen']","['Christiania', 'Throndhjem']",[],['«Gildet paa Solhoug»']
183,0,at,,,,,"['Borgaards Meddelelse', 'H. Kjærulfs', 'Poul B: Hansen']","['Christiania', 'Throndhjem']",[],['«Gildet paa Solhoug»']
184,0,min,,,,,"['Borgaards Meddelelse', 'H. Kjærulfs', 'Poul B: Hansen']","['Christiania', 'Throndhjem']",[],['«Gildet paa Solhoug»']
185,0,gamle,,,,,"['Borgaards Meddelelse', 'H. Kjærulfs', 'Poul B: Hansen']","['Christiania', 'Throndhjem']",[],['«Gildet paa Solhoug»']
186,0,"Ven,",,,,,"['Borgaards Meddelelse', 'H. Kjærulfs', 'Poul B: Hansen']","['Christiania', 'Throndhjem']",[],['«Gildet paa Solhoug»']
187,0,Poul,,,,,"['Borgaards Meddelelse', 'H. Kjærulfs', 'Poul B: Hansen']","['Christiania', 'Throndhjem']",[],['«Gildet paa Solhoug»']
188,0,B:,,,,,"['Borgaards Meddelelse', 'H. Kjærulfs', 'Poul B: Hansen']","['Christiania', 'Throndhjem']",[],['«Gildet paa Solhoug»']
189,0,"Hansen,",,,,,"['Borgaards Meddelelse', 'H. Kjærulfs', 'Poul B: Hansen']","['Christiania', 'Throndhjem']",[],['«Gildet paa Solhoug»']
190,0,paa,,,,,"['Borgaards Meddelelse', 'H. Kjærulfs', 'Poul B: Hansen']","['Christiania', 'Throndhjem']",[],['«Gildet paa Solhoug»']
191,0,Anmodning,,,,,"['Borgaards Meddelelse', 'H. Kjærulfs', 'Poul B: Hansen']","['Christiania', 'Throndhjem']",[],['«Gildet paa Solhoug»']
192,0,af,,,,,"['Borgaards Meddelelse', 'H. Kjærulfs', 'Poul B: Hansen']","['Christiania', 'Throndhjem']",[],['«Gildet paa Solhoug»']
193,0,Dem,,,,,"['Borgaards Meddelelse', 'H. Kjærulfs', 'Poul B: Hansen']","['Christiania', 'Throndhjem']",[],['«Gildet paa Solhoug»']
194,0,paatager,,,,,"['Borgaards Meddelelse', 'H. Kjærulfs', 'Poul B: Hansen']","['Christiania', 'Throndhjem']",[],['«Gildet paa Solhoug»']
195,0,sig,,,,,"['Borgaards Meddelelse', 'H. Kjærulfs', 'Poul B: Hansen']","['Christiania', 'Throndhjem']",[],['«Gildet paa Solhoug»']
196,0,denne,,,,,"['Borgaards Meddelelse', 'H. Kjærulfs', 'Poul B: Hansen']","['Christiania', 'Throndhjem']",[],['«Gildet paa Solhoug»']
197,0,Uleilighed;,,,,,"['Borgaards Meddelelse', 'H. Kjærulfs', 'Poul B: Hansen']","['Christiania', 'Throndhjem']",[],['«Gildet paa Solhoug»']
198,0,skulde,,,,,"['Borgaards Meddelelse', 'H. Kjærulfs', 'Poul B: Hansen']","['Christiania', 'Throndhjem']",[],['«Gildet paa Solhoug»']
199,0,det,,,,,"['Borgaards Meddelelse', 'H. Kjærulfs', 'Poul B: Hansen']","['Christiania', 'Throndhjem']",[],['«Gildet paa Solhoug»']
200,0,overdrages,,,,,"['Borgaards Meddelelse', 'H. Kjærulfs', 'Poul B: Hansen']","['Christiania', 'Throndhjem']",[],['«Gildet paa Solhoug»']
201,0,nogen,,,,,"['Borgaards Meddelelse', 'H. Kjærulfs', 'Poul B: Hansen']","['Christiania', 'Throndhjem']",[],['«Gildet paa Solhoug»']
202,0,"Anden,",,,,,"['Borgaards Meddelelse', 'H. Kjærulfs', 'Poul B: Hansen']","['Christiania', 'Throndhjem']",[],['«Gildet paa Solhoug»']
203,0,saa,,,,,"['Borgaards Meddelelse', 'H. Kjærulfs', 'Poul B: Hansen']","['Christiania', 'Throndhjem']",[],['«Gildet paa Solhoug»']
204,0,maatte,,,,,"['Borgaards Meddelelse', 'H. Kjærulfs', 'Poul B: Hansen']","['Christiania', 'Throndhjem']",[],['«Gildet paa Solhoug»']
205,0,det,,,,,"['Borgaards Meddelelse', 'H. Kjærulfs', 'Poul B: Hansen']","['Christiania', 'Throndhjem']",[],['«Gildet paa Solhoug»']
206,0,paalægges,,,,,"['Borgaards Meddelelse', 'H. Kjærulfs', 'Poul B: Hansen']","['Christiania', 'Throndhjem']",[],['«Gildet paa Solhoug»']
207,0,Vedkommende,,,,,"['Borgaards Meddelelse', 'H. Kjærulfs', 'Poul B: Hansen']","['Christiania', 'Throndhjem']",[],['«Gildet paa Solhoug»']
208,0,strængeligen,,,,,"['Borgaards Meddelelse', 'H. Kjærulfs', 'Poul B: Hansen']","['Christiania', 'Throndhjem']",[],['«Gildet paa Solhoug»']
209,0,at,,,,,"['Borgaards Meddelelse', 'H. Kjærulfs', 'Poul B: Hansen']","['Christiania', 'Throndhjem']",[],['«Gildet paa Solhoug»']
210,0,henholde,,,,,"['Borgaards Meddelelse', 'H. Kjærulfs', 'Poul B: Hansen']","['Christiania', 'Throndhjem']",[],['«Gildet paa Solhoug»']
211,0,sig,,,,,"['Borgaards Meddelelse', 'H. Kjærulfs', 'Poul B: Hansen']","['Christiania', 'Throndhjem']",[],['«Gildet paa Solhoug»']
212,0,til,,,,,"['Borgaards Meddelelse', 'H. Kjærulfs', 'Poul B: Hansen']","['Christiania', 'Throndhjem']",[],['«Gildet paa Solhoug»']
213,0,Manuscriptet,,,,,"['Borgaards Meddelelse', 'H. Kjærulfs', 'Poul B: Hansen']","['Christiania', 'Throndhjem']",[],['«Gildet paa Solhoug»']
214,0,da,,,,,"['Borgaards Meddelelse', 'H. Kjærulfs', 'Poul B: Hansen']","['Christiania', 'Throndhjem']",[],['«Gildet paa Solhoug»']
215,0,de,,,,,"['Borgaards Meddelelse', 'H. Kjærulfs', 'Poul B: Hansen']","['Christiania', 'Throndhjem']",[],['«Gildet paa Solhoug»']
216,0,forældede,,,,,"['Borgaards Meddelelse', 'H. Kjærulfs', 'Poul B: Hansen']","['Christiania', 'Throndhjem']",[],['«Gildet paa Solhoug»']
217,0,"Ordformer,",,,,,"['Borgaards Meddelelse', 'H. Kjærulfs', 'Poul B: Hansen']","['Christiania', 'Throndhjem']",[],['«Gildet paa Solhoug»']
218,0,Vendinger,,,,,"['Borgaards Meddelelse', 'H. Kjærulfs', 'Poul B: Hansen']","['Christiania', 'Throndhjem']",[],['«Gildet paa Solhoug»']
219,0,o.s.v,,,,,"['Borgaards Meddelelse', 'H. Kjærulfs', 'Poul B: Hansen']","['Christiania', 'Throndhjem']",[],['«Gildet paa Solhoug»']
220,0,lettelig,,,,,"['Borgaards Meddelelse', 'H. Kjærulfs', 'Poul B: Hansen']","['Christiania', 'Throndhjem']",[],['«Gildet paa Solhoug»']
221,0,kunde,,,,,"['Borgaards Meddelelse', 'H. Kjærulfs', 'Poul B: Hansen']","['Christiania', 'Throndhjem']",[],['«Gildet paa Solhoug»']
222,0,vildlede,,,,,"['Borgaards Meddelelse', 'H. Kjærulfs', 'Poul B: Hansen']","['Christiania', 'Throndhjem']",[],['«Gildet paa Solhoug»']
223,0,ham.,,,,,"['Borgaards Meddelelse', 'H. Kjærulfs', 'Poul B: Hansen']","['Christiania', 'Throndhjem']",[],['«Gildet paa Solhoug»']
224,0,Under,,,,,"['Borgaards Meddelelse', 'H. Kjærulfs', 'Poul B: Hansen']","['Christiania', 'Throndhjem']",[],['«Gildet paa Solhoug»']
225,0,alle,,,,,"['Borgaards Meddelelse', 'H. Kjærulfs', 'Poul B: Hansen']","['Christiania', 'Throndhjem']",[],['«Gildet paa Solhoug»']
226,0,Omstændigheder,,,,,"['Borgaards Meddelelse', 'H. Kjærulfs', 'Poul B: Hansen']","['Christiania', 'Throndhjem']",[],['«Gildet paa Solhoug»']
227,0,er,,,,,"['Borgaards Meddelelse', 'H. Kjærulfs', 'Poul B: Hansen']","['Christiania', 'Throndhjem']",[],['«Gildet paa Solhoug»']
228,0,jeg,,,,,"['Borgaards Meddelelse', 'H. Kjærulfs', 'Poul B: Hansen']","['Christiania', 'Throndhjem']",[],['«Gildet paa Solhoug»']
229,0,saa,,,,,"['Borgaards Meddelelse', 'H. Kjærulfs', 'Poul B: Hansen']","['Christiania', 'Throndhjem']",[],['«Gildet paa Solhoug»']
230,0,fri,,,,,"['Borgaards Meddelelse', 'H. Kjærulfs', 'Poul B: Hansen']","['Christiania', 'Throndhjem']",[],['«Gildet paa Solhoug»']
231,0,med,,,,,"['Borgaards Meddelelse', 'H. Kjærulfs', 'Poul B: Hansen']","['Christiania', 'Throndhjem']",[],['«Gildet paa Solhoug»']
232,0,det,,,,,"['Borgaards Meddelelse', 'H. Kjærulfs', 'Poul B: Hansen']","['Christiania', 'Throndhjem']",[],['«Gildet paa Solhoug»']
233,0,Snareste,,,,,"['Borgaards Meddelelse', 'H. Kjærulfs', 'Poul B: Hansen']","['Christiania', 'Throndhjem']",[],['«Gildet paa Solhoug»']
234,0,at,,,,,"['Borgaards Meddelelse', 'H. Kjærulfs', 'Poul B: Hansen']","['Christiania', 'Throndhjem']",[],['«Gildet paa Solhoug»']
235,0,forvente,,,,,"['Borgaards Meddelelse', 'H. Kjærulfs', 'Poul B: Hansen']","['Christiania', 'Throndhjem']",[],['«Gildet paa Solhoug»']
236,0,Deres,,,,,"['Borgaards Meddelelse', 'H. Kjærulfs', 'Poul B: Hansen']","['Christiania', 'Throndhjem']",[],['«Gildet paa Solhoug»']
237,0,ærede,,,,,"['Borgaards Meddelelse', 'H. Kjærulfs', 'Poul B: Hansen']","['Christiania', 'Throndhjem']",[],['«Gildet paa Solhoug»']
238,0,"Svar,",,,,,"['Borgaards Meddelelse', 'H. Kjærulfs', 'Poul B: Hansen']","['Christiania', 'Throndhjem']",[],['«Gildet paa Solhoug»']
239,0,hvilket,,,,,"['Borgaards Meddelelse', 'H. Kjærulfs', 'Poul B: Hansen']","['Christiania', 'Throndhjem']",[],['«Gildet paa Solhoug»']
240,0,bedes,,,,,"['Borgaards Meddelelse', 'H. Kjærulfs', 'Poul B: Hansen']","['Christiania', 'Throndhjem']",[],['«Gildet paa Solhoug»']
241,0,adresseret,,,,,"['Borgaards Meddelelse', 'H. Kjærulfs', 'Poul B: Hansen']","['Christiania', 'Throndhjem']",[],['«Gildet paa Solhoug»']
242,0,til,,,,,"['Borgaards Meddelelse', 'H. Kjærulfs', 'Poul B: Hansen']","['Christiania', 'Throndhjem']",[],['«Gildet paa Solhoug»']
243,0,«Hotel,,,,,"['Borgaards Meddelelse', 'H. Kjærulfs', 'Poul B: Hansen']","['Christiania', 'Throndhjem']",[],['«Gildet paa Solhoug»']
244,0,Bellevue»,,,,,"['Borgaards Meddelelse', 'H. Kjærulfs', 'Poul B: Hansen']","['Christiania', 'Throndhjem']",[],['«Gildet paa Solhoug»']
245,0,i,,,,,"['Borgaards Meddelelse', 'H. Kjærulfs', 'Poul B: Hansen']","['Christiania', 'Throndhjem']",[],['«Gildet paa Solhoug»']
246,0,"Throndhjem,",,,,,"['Borgaards Meddelelse', 'H. Kjærulfs', 'Poul B: Hansen']","['Christiania', 'Throndhjem']",[],['«Gildet paa Solhoug»']
247,0,hvorhen,,,,,"['Borgaards Meddelelse', 'H. Kjærulfs', 'Poul B: Hansen']","['Christiania', 'Throndhjem']",[],['«Gildet paa Solhoug»']
248,0,jeg,,,,,"['Borgaards Meddelelse', 'H. Kjærulfs', 'Poul B: Hansen']","['Christiania', 'Throndhjem']",[],['«Gildet paa Solhoug»']
249,0,kommer,,,,,"['Borgaards Meddelelse', 'H. Kjærulfs', 'Poul B: Hansen']","['Christiania', 'Throndhjem']",[],['«Gildet paa Solhoug»']
250,0,til,,,,,"['Borgaards Meddelelse', 'H. Kjærulfs', 'Poul B: Hansen']","['Christiania', 'Throndhjem']",[],['«Gildet paa Solhoug»']
251,0,at,,,,,"['Borgaards Meddelelse', 'H. Kjærulfs', 'Poul B: Hansen']","['Christiania', 'Throndhjem']",[],['«Gildet paa Solhoug»']
252,0,reise,,,,,"['Borgaards Meddelelse', 'H. Kjærulfs', 'Poul B: Hansen']","['Christiania', 'Throndhjem']",[],['«Gildet paa Solhoug»']
253,0,i,,,,,"['Borgaards Meddelelse', 'H. Kjærulfs', 'Poul B: Hansen']","['Christiania', 'Throndhjem']",[],['«Gildet paa Solhoug»']
254,0,Slutningen,,,,,"['Borgaards Meddelelse', 'H. Kjærulfs', 'Poul B: Hansen']","['Christiania', 'Throndhjem']",[],['«Gildet paa Solhoug»']
255,0,af,,,,,"['Borgaards Meddelelse', 'H. Kjærulfs', 'Poul B: Hansen']","['Christiania', 'Throndhjem']",[],['«Gildet paa Solhoug»']
256,0,denne,,,,,"['Borgaards Meddelelse', 'H. Kjærulfs', 'Poul B: Hansen']","['Christiania', 'Throndhjem']",[],['«Gildet paa Solhoug»']
257,0,Maaned,,,,,"['Borgaards Meddelelse', 'H. Kjærulfs', 'Poul B: Hansen']","['Christiania', 'Throndhjem']",[],['«Gildet paa Solhoug»']
258,0,og,,,,,"['Borgaards Meddelelse', 'H. Kjærulfs', 'Poul B: Hansen']","['Christiania', 'Throndhjem']",[],['«Gildet paa Solhoug»']
259,0,at,,,,,"['Borgaards Meddelelse', 'H. Kjærulfs', 'Poul B: Hansen']","['Christiania', 'Throndhjem']",[],['«Gildet paa Solhoug»']
260,0,opholde,,,,,"['Borgaards Meddelelse', 'H. Kjærulfs', 'Poul B: Hansen']","['Christiania', 'Throndhjem']",[],['«Gildet paa Solhoug»']
261,0,mig,,,,,"['Borgaards Meddelelse', 'H. Kjærulfs', 'Poul B: Hansen']","['Christiania', 'Throndhjem']",[],['«Gildet paa Solhoug»']
262,0,indtil,,,,,"['Borgaards Meddelelse', 'H. Kjærulfs', 'Poul B: Hansen']","['Christiania', 'Throndhjem']",[],['«Gildet paa Solhoug»']
263,0,Udgangen,,,,,"['Borgaards Meddelelse', 'H. Kjærulfs', 'Poul B: Hansen']","['Christiania', 'Throndhjem']",[],['«Gildet paa Solhoug»']
264,0,af,,,,,"['Borgaards Meddelelse', 'H. Kjærulfs', 'Poul B: Hansen']","['Christiania', 'Throndhjem']",[],['«Gildet paa Solhoug»']
265,0,Mai.Jeg,,,,,"['Borgaards Meddelelse', 'H. Kjærulfs', 'Poul B: Hansen']","['Christiania', 'Throndhjem']",[],['«Gildet paa Solhoug»']
266,0,tegner,,,,,"['Borgaards Meddelelse', 'H. Kjærulfs', 'Poul B: Hansen']","['Christiania', 'Throndhjem']",[],['«Gildet paa Solhoug»']
267,0,mig,,,,,"['Borgaards Meddelelse', 'H. Kjærulfs', 'Poul B: Hansen']","['Christiania', 'Throndhjem']",[],['«Gildet paa Solhoug»']
268,0,med,,,,,"['Borgaards Meddelelse', 'H. Kjærulfs', 'Poul B: Hansen']","['Christiania', 'Throndhjem']",[],['«Gildet paa Solhoug»']
269,0,Agtelse,,,,,"['Borgaards Meddelelse', 'H. Kjærulfs', 'Poul B: Hansen']","['Christiania', 'Throndhjem']",[],['«Gildet paa Solhoug»']
