,,0,human_annotation,who,dacy_medium,spacy_trf,person,place,org,work
0,0,Nu,,,,,"['Deres søn', 'overlærer Løkke', 'Holm-Hansens', 'fru Heiberg', 'justitsråd Berner', 'P. Hansen']","['Frankrig', 'København']",[],"['mine digte', '«Kongs-emnerne»']"
1,0,sidder,,,,,"['Deres søn', 'overlærer Løkke', 'Holm-Hansens', 'fru Heiberg', 'justitsråd Berner', 'P. Hansen']","['Frankrig', 'København']",[],"['mine digte', '«Kongs-emnerne»']"
2,0,jeg,,,,,"['Deres søn', 'overlærer Løkke', 'Holm-Hansens', 'fru Heiberg', 'justitsråd Berner', 'P. Hansen']","['Frankrig', 'København']",[],"['mine digte', '«Kongs-emnerne»']"
3,0,da,,,,,"['Deres søn', 'overlærer Løkke', 'Holm-Hansens', 'fru Heiberg', 'justitsråd Berner', 'P. Hansen']","['Frankrig', 'København']",[],"['mine digte', '«Kongs-emnerne»']"
4,0,atter,,,,,"['Deres søn', 'overlærer Løkke', 'Holm-Hansens', 'fru Heiberg', 'justitsråd Berner', 'P. Hansen']","['Frankrig', 'København']",[],"['mine digte', '«Kongs-emnerne»']"
5,0,i,,,,,"['Deres søn', 'overlærer Løkke', 'Holm-Hansens', 'fru Heiberg', 'justitsråd Berner', 'P. Hansen']","['Frankrig', 'København']",[],"['mine digte', '«Kongs-emnerne»']"
6,0,mit,,,,,"['Deres søn', 'overlærer Løkke', 'Holm-Hansens', 'fru Heiberg', 'justitsråd Berner', 'P. Hansen']","['Frankrig', 'København']",[],"['mine digte', '«Kongs-emnerne»']"
7,0,hjem,,,,,"['Deres søn', 'overlærer Løkke', 'Holm-Hansens', 'fru Heiberg', 'justitsråd Berner', 'P. Hansen']","['Frankrig', 'København']",[],"['mine digte', '«Kongs-emnerne»']"
8,0,her,,,,,"['Deres søn', 'overlærer Løkke', 'Holm-Hansens', 'fru Heiberg', 'justitsråd Berner', 'P. Hansen']","['Frankrig', 'København']",[],"['mine digte', '«Kongs-emnerne»']"
9,0,i,,,,,"['Deres søn', 'overlærer Løkke', 'Holm-Hansens', 'fru Heiberg', 'justitsråd Berner', 'P. Hansen']","['Frankrig', 'København']",[],"['mine digte', '«Kongs-emnerne»']"
10,0,det,,,,,"['Deres søn', 'overlærer Løkke', 'Holm-Hansens', 'fru Heiberg', 'justitsråd Berner', 'P. Hansen']","['Frankrig', 'København']",[],"['mine digte', '«Kongs-emnerne»']"
11,0,"fremmede,",,,,,"['Deres søn', 'overlærer Løkke', 'Holm-Hansens', 'fru Heiberg', 'justitsråd Berner', 'P. Hansen']","['Frankrig', 'København']",[],"['mine digte', '«Kongs-emnerne»']"
12,0,hvor,,,,,"['Deres søn', 'overlærer Løkke', 'Holm-Hansens', 'fru Heiberg', 'justitsråd Berner', 'P. Hansen']","['Frankrig', 'København']",[],"['mine digte', '«Kongs-emnerne»']"
13,0,jeg,,,,,"['Deres søn', 'overlærer Løkke', 'Holm-Hansens', 'fru Heiberg', 'justitsråd Berner', 'P. Hansen']","['Frankrig', 'København']",[],"['mine digte', '«Kongs-emnerne»']"
14,0,i,,,,,"['Deres søn', 'overlærer Løkke', 'Holm-Hansens', 'fru Heiberg', 'justitsråd Berner', 'P. Hansen']","['Frankrig', 'København']",[],"['mine digte', '«Kongs-emnerne»']"
15,0,vor,,,,,"['Deres søn', 'overlærer Løkke', 'Holm-Hansens', 'fru Heiberg', 'justitsråd Berner', 'P. Hansen']","['Frankrig', 'København']",[],"['mine digte', '«Kongs-emnerne»']"
16,0,egen,,,,,"['Deres søn', 'overlærer Løkke', 'Holm-Hansens', 'fru Heiberg', 'justitsråd Berner', 'P. Hansen']","['Frankrig', 'København']",[],"['mine digte', '«Kongs-emnerne»']"
17,0,kreds,,,,,"['Deres søn', 'overlærer Løkke', 'Holm-Hansens', 'fru Heiberg', 'justitsråd Berner', 'P. Hansen']","['Frankrig', 'København']",[],"['mine digte', '«Kongs-emnerne»']"
18,0,har,,,,,"['Deres søn', 'overlærer Løkke', 'Holm-Hansens', 'fru Heiberg', 'justitsråd Berner', 'P. Hansen']","['Frankrig', 'København']",[],"['mine digte', '«Kongs-emnerne»']"
19,0,fundet,,,,,"['Deres søn', 'overlærer Løkke', 'Holm-Hansens', 'fru Heiberg', 'justitsråd Berner', 'P. Hansen']","['Frankrig', 'København']",[],"['mine digte', '«Kongs-emnerne»']"
20,0,alt,,,,,"['Deres søn', 'overlærer Løkke', 'Holm-Hansens', 'fru Heiberg', 'justitsråd Berner', 'P. Hansen']","['Frankrig', 'København']",[],"['mine digte', '«Kongs-emnerne»']"
21,0,ved,,,,,"['Deres søn', 'overlærer Løkke', 'Holm-Hansens', 'fru Heiberg', 'justitsråd Berner', 'P. Hansen']","['Frankrig', 'København']",[],"['mine digte', '«Kongs-emnerne»']"
22,0,det,,,,,"['Deres søn', 'overlærer Løkke', 'Holm-Hansens', 'fru Heiberg', 'justitsråd Berner', 'P. Hansen']","['Frankrig', 'København']",[],"['mine digte', '«Kongs-emnerne»']"
23,0,"gamle,",,,,,"['Deres søn', 'overlærer Løkke', 'Holm-Hansens', 'fru Heiberg', 'justitsråd Berner', 'P. Hansen']","['Frankrig', 'København']",[],"['mine digte', '«Kongs-emnerne»']"
24,0,medens,,,,,"['Deres søn', 'overlærer Løkke', 'Holm-Hansens', 'fru Heiberg', 'justitsråd Berner', 'P. Hansen']","['Frankrig', 'København']",[],"['mine digte', '«Kongs-emnerne»']"
25,0,omgivelserne,,,,,"['Deres søn', 'overlærer Løkke', 'Holm-Hansens', 'fru Heiberg', 'justitsråd Berner', 'P. Hansen']","['Frankrig', 'København']",[],"['mine digte', '«Kongs-emnerne»']"
26,0,og,,,,,"['Deres søn', 'overlærer Løkke', 'Holm-Hansens', 'fru Heiberg', 'justitsråd Berner', 'P. Hansen']","['Frankrig', 'København']",[],"['mine digte', '«Kongs-emnerne»']"
27,0,forholdene,,,,,"['Deres søn', 'overlærer Løkke', 'Holm-Hansens', 'fru Heiberg', 'justitsråd Berner', 'P. Hansen']","['Frankrig', 'København']",[],"['mine digte', '«Kongs-emnerne»']"
28,0,er,,,,,"['Deres søn', 'overlærer Løkke', 'Holm-Hansens', 'fru Heiberg', 'justitsråd Berner', 'P. Hansen']","['Frankrig', 'København']",[],"['mine digte', '«Kongs-emnerne»']"
29,0,intet,,,,,"['Deres søn', 'overlærer Løkke', 'Holm-Hansens', 'fru Heiberg', 'justitsråd Berner', 'P. Hansen']","['Frankrig', 'København']",[],"['mine digte', '«Kongs-emnerne»']"
30,0,mindre,,,,,"['Deres søn', 'overlærer Løkke', 'Holm-Hansens', 'fru Heiberg', 'justitsråd Berner', 'P. Hansen']","['Frankrig', 'København']",[],"['mine digte', '«Kongs-emnerne»']"
31,0,end,,,,,"['Deres søn', 'overlærer Løkke', 'Holm-Hansens', 'fru Heiberg', 'justitsråd Berner', 'P. Hansen']","['Frankrig', 'København']",[],"['mine digte', '«Kongs-emnerne»']"
32,0,behagelige.,,,,,"['Deres søn', 'overlærer Løkke', 'Holm-Hansens', 'fru Heiberg', 'justitsråd Berner', 'P. Hansen']","['Frankrig', 'København']",[],"['mine digte', '«Kongs-emnerne»']"
33,0,Byen,,,,,"['Deres søn', 'overlærer Løkke', 'Holm-Hansens', 'fru Heiberg', 'justitsråd Berner', 'P. Hansen']","['Frankrig', 'København']",[],"['mine digte', '«Kongs-emnerne»']"
34,0,er,,,,,"['Deres søn', 'overlærer Løkke', 'Holm-Hansens', 'fru Heiberg', 'justitsråd Berner', 'P. Hansen']","['Frankrig', 'København']",[],"['mine digte', '«Kongs-emnerne»']"
35,0,opfyldt,,,,,"['Deres søn', 'overlærer Løkke', 'Holm-Hansens', 'fru Heiberg', 'justitsråd Berner', 'P. Hansen']","['Frankrig', 'København']",[],"['mine digte', '«Kongs-emnerne»']"
36,0,af,,,,,"['Deres søn', 'overlærer Løkke', 'Holm-Hansens', 'fru Heiberg', 'justitsråd Berner', 'P. Hansen']","['Frankrig', 'København']",[],"['mine digte', '«Kongs-emnerne»']"
37,0,syge,,,,,"['Deres søn', 'overlærer Løkke', 'Holm-Hansens', 'fru Heiberg', 'justitsråd Berner', 'P. Hansen']","['Frankrig', 'København']",[],"['mine digte', '«Kongs-emnerne»']"
38,0,og,,,,,"['Deres søn', 'overlærer Løkke', 'Holm-Hansens', 'fru Heiberg', 'justitsråd Berner', 'P. Hansen']","['Frankrig', 'København']",[],"['mine digte', '«Kongs-emnerne»']"
39,0,sårede;,,,,,"['Deres søn', 'overlærer Løkke', 'Holm-Hansens', 'fru Heiberg', 'justitsråd Berner', 'P. Hansen']","['Frankrig', 'København']",[],"['mine digte', '«Kongs-emnerne»']"
40,0,til,,,,,"['Deres søn', 'overlærer Løkke', 'Holm-Hansens', 'fru Heiberg', 'justitsråd Berner', 'P. Hansen']","['Frankrig', 'København']",[],"['mine digte', '«Kongs-emnerne»']"
41,0,enhver,,,,,"['Deres søn', 'overlærer Løkke', 'Holm-Hansens', 'fru Heiberg', 'justitsråd Berner', 'P. Hansen']","['Frankrig', 'København']",[],"['mine digte', '«Kongs-emnerne»']"
42,0,tid,,,,,"['Deres søn', 'overlærer Løkke', 'Holm-Hansens', 'fru Heiberg', 'justitsråd Berner', 'P. Hansen']","['Frankrig', 'København']",[],"['mine digte', '«Kongs-emnerne»']"
43,0,er,,,,,"['Deres søn', 'overlærer Løkke', 'Holm-Hansens', 'fru Heiberg', 'justitsråd Berner', 'P. Hansen']","['Frankrig', 'København']",[],"['mine digte', '«Kongs-emnerne»']"
44,0,man,,,,,"['Deres søn', 'overlærer Løkke', 'Holm-Hansens', 'fru Heiberg', 'justitsråd Berner', 'P. Hansen']","['Frankrig', 'København']",[],"['mine digte', '«Kongs-emnerne»']"
45,0,viss,,,,,"['Deres søn', 'overlærer Løkke', 'Holm-Hansens', 'fru Heiberg', 'justitsråd Berner', 'P. Hansen']","['Frankrig', 'København']",[],"['mine digte', '«Kongs-emnerne»']"
46,0,på,,,,,"['Deres søn', 'overlærer Løkke', 'Holm-Hansens', 'fru Heiberg', 'justitsråd Berner', 'P. Hansen']","['Frankrig', 'København']",[],"['mine digte', '«Kongs-emnerne»']"
47,0,at,,,,,"['Deres søn', 'overlærer Løkke', 'Holm-Hansens', 'fru Heiberg', 'justitsråd Berner', 'P. Hansen']","['Frankrig', 'København']",[],"['mine digte', '«Kongs-emnerne»']"
48,0,møde,,,,,"['Deres søn', 'overlærer Løkke', 'Holm-Hansens', 'fru Heiberg', 'justitsråd Berner', 'P. Hansen']","['Frankrig', 'København']",[],"['mine digte', '«Kongs-emnerne»']"
49,0,militærbegravelser,,,,,"['Deres søn', 'overlærer Løkke', 'Holm-Hansens', 'fru Heiberg', 'justitsråd Berner', 'P. Hansen']","['Frankrig', 'København']",[],"['mine digte', '«Kongs-emnerne»']"
50,0,eller,,,,,"['Deres søn', 'overlærer Løkke', 'Holm-Hansens', 'fru Heiberg', 'justitsråd Berner', 'P. Hansen']","['Frankrig', 'København']",[],"['mine digte', '«Kongs-emnerne»']"
51,0,nye,,,,,"['Deres søn', 'overlærer Løkke', 'Holm-Hansens', 'fru Heiberg', 'justitsråd Berner', 'P. Hansen']","['Frankrig', 'København']",[],"['mine digte', '«Kongs-emnerne»']"
52,0,tilførsler,,,,,"['Deres søn', 'overlærer Løkke', 'Holm-Hansens', 'fru Heiberg', 'justitsråd Berner', 'P. Hansen']","['Frankrig', 'København']",[],"['mine digte', '«Kongs-emnerne»']"
53,0,til,,,,,"['Deres søn', 'overlærer Løkke', 'Holm-Hansens', 'fru Heiberg', 'justitsråd Berner', 'P. Hansen']","['Frankrig', 'København']",[],"['mine digte', '«Kongs-emnerne»']"
54,0,lazareterne.,,,,,"['Deres søn', 'overlærer Løkke', 'Holm-Hansens', 'fru Heiberg', 'justitsråd Berner', 'P. Hansen']","['Frankrig', 'København']",[],"['mine digte', '«Kongs-emnerne»']"
55,0,Nogle,,,,,"['Deres søn', 'overlærer Løkke', 'Holm-Hansens', 'fru Heiberg', 'justitsråd Berner', 'P. Hansen']","['Frankrig', 'København']",[],"['mine digte', '«Kongs-emnerne»']"
56,0,tusende,,,,,"['Deres søn', 'overlærer Løkke', 'Holm-Hansens', 'fru Heiberg', 'justitsråd Berner', 'P. Hansen']","['Frankrig', 'København']",[],"['mine digte', '«Kongs-emnerne»']"
57,0,franske,,,,,"['Deres søn', 'overlærer Løkke', 'Holm-Hansens', 'fru Heiberg', 'justitsråd Berner', 'P. Hansen']","['Frankrig', 'København']",[],"['mine digte', '«Kongs-emnerne»']"
58,0,fanger,,,,,"['Deres søn', 'overlærer Løkke', 'Holm-Hansens', 'fru Heiberg', 'justitsråd Berner', 'P. Hansen']","['Frankrig', 'København']",[],"['mine digte', '«Kongs-emnerne»']"
59,0,har,,,,,"['Deres søn', 'overlærer Løkke', 'Holm-Hansens', 'fru Heiberg', 'justitsråd Berner', 'P. Hansen']","['Frankrig', 'København']",[],"['mine digte', '«Kongs-emnerne»']"
60,0,vi,,,,,"['Deres søn', 'overlærer Løkke', 'Holm-Hansens', 'fru Heiberg', 'justitsråd Berner', 'P. Hansen']","['Frankrig', 'København']",[],"['mine digte', '«Kongs-emnerne»']"
61,0,også;,,,,,"['Deres søn', 'overlærer Løkke', 'Holm-Hansens', 'fru Heiberg', 'justitsråd Berner', 'P. Hansen']","['Frankrig', 'København']",[],"['mine digte', '«Kongs-emnerne»']"
62,0,de,,,,,"['Deres søn', 'overlærer Løkke', 'Holm-Hansens', 'fru Heiberg', 'justitsråd Berner', 'P. Hansen']","['Frankrig', 'København']",[],"['mine digte', '«Kongs-emnerne»']"
63,0,går,,,,,"['Deres søn', 'overlærer Løkke', 'Holm-Hansens', 'fru Heiberg', 'justitsråd Berner', 'P. Hansen']","['Frankrig', 'København']",[],"['mine digte', '«Kongs-emnerne»']"
64,0,tildels,,,,,"['Deres søn', 'overlærer Løkke', 'Holm-Hansens', 'fru Heiberg', 'justitsråd Berner', 'P. Hansen']","['Frankrig', 'København']",[],"['mine digte', '«Kongs-emnerne»']"
65,0,frit,,,,,"['Deres søn', 'overlærer Løkke', 'Holm-Hansens', 'fru Heiberg', 'justitsråd Berner', 'P. Hansen']","['Frankrig', 'København']",[],"['mine digte', '«Kongs-emnerne»']"
66,0,"omkring,",,,,,"['Deres søn', 'overlærer Løkke', 'Holm-Hansens', 'fru Heiberg', 'justitsråd Berner', 'P. Hansen']","['Frankrig', 'København']",[],"['mine digte', '«Kongs-emnerne»']"
67,0,nyder,,,,,"['Deres søn', 'overlærer Løkke', 'Holm-Hansens', 'fru Heiberg', 'justitsråd Berner', 'P. Hansen']","['Frankrig', 'København']",[],"['mine digte', '«Kongs-emnerne»']"
68,0,god,,,,,"['Deres søn', 'overlærer Løkke', 'Holm-Hansens', 'fru Heiberg', 'justitsråd Berner', 'P. Hansen']","['Frankrig', 'København']",[],"['mine digte', '«Kongs-emnerne»']"
69,0,"behandling,",,,,,"['Deres søn', 'overlærer Løkke', 'Holm-Hansens', 'fru Heiberg', 'justitsråd Berner', 'P. Hansen']","['Frankrig', 'København']",[],"['mine digte', '«Kongs-emnerne»']"
70,0,og,,,,,"['Deres søn', 'overlærer Løkke', 'Holm-Hansens', 'fru Heiberg', 'justitsråd Berner', 'P. Hansen']","['Frankrig', 'København']",[],"['mine digte', '«Kongs-emnerne»']"
71,0,lader,,,,,"['Deres søn', 'overlærer Løkke', 'Holm-Hansens', 'fru Heiberg', 'justitsråd Berner', 'P. Hansen']","['Frankrig', 'København']",[],"['mine digte', '«Kongs-emnerne»']"
72,0,til,,,,,"['Deres søn', 'overlærer Løkke', 'Holm-Hansens', 'fru Heiberg', 'justitsråd Berner', 'P. Hansen']","['Frankrig', 'København']",[],"['mine digte', '«Kongs-emnerne»']"
73,0,at,,,,,"['Deres søn', 'overlærer Løkke', 'Holm-Hansens', 'fru Heiberg', 'justitsråd Berner', 'P. Hansen']","['Frankrig', 'København']",[],"['mine digte', '«Kongs-emnerne»']"
74,0,trives,,,,,"['Deres søn', 'overlærer Løkke', 'Holm-Hansens', 'fru Heiberg', 'justitsråd Berner', 'P. Hansen']","['Frankrig', 'København']",[],"['mine digte', '«Kongs-emnerne»']"
75,0,vel.,,,,,"['Deres søn', 'overlærer Løkke', 'Holm-Hansens', 'fru Heiberg', 'justitsråd Berner', 'P. Hansen']","['Frankrig', 'København']",[],"['mine digte', '«Kongs-emnerne»']"
76,0,Begejstring,,,,,"['Deres søn', 'overlærer Løkke', 'Holm-Hansens', 'fru Heiberg', 'justitsråd Berner', 'P. Hansen']","['Frankrig', 'København']",[],"['mine digte', '«Kongs-emnerne»']"
77,0,for,,,,,"['Deres søn', 'overlærer Løkke', 'Holm-Hansens', 'fru Heiberg', 'justitsråd Berner', 'P. Hansen']","['Frankrig', 'København']",[],"['mine digte', '«Kongs-emnerne»']"
78,0,krigen,,,,,"['Deres søn', 'overlærer Løkke', 'Holm-Hansens', 'fru Heiberg', 'justitsråd Berner', 'P. Hansen']","['Frankrig', 'København']",[],"['mine digte', '«Kongs-emnerne»']"
79,0,er,,,,,"['Deres søn', 'overlærer Løkke', 'Holm-Hansens', 'fru Heiberg', 'justitsråd Berner', 'P. Hansen']","['Frankrig', 'København']",[],"['mine digte', '«Kongs-emnerne»']"
80,0,her,,,,,"['Deres søn', 'overlærer Løkke', 'Holm-Hansens', 'fru Heiberg', 'justitsråd Berner', 'P. Hansen']","['Frankrig', 'København']",[],"['mine digte', '«Kongs-emnerne»']"
81,0,ikke,,,,,"['Deres søn', 'overlærer Løkke', 'Holm-Hansens', 'fru Heiberg', 'justitsråd Berner', 'P. Hansen']","['Frankrig', 'København']",[],"['mine digte', '«Kongs-emnerne»']"
82,0,spor,,,,,"['Deres søn', 'overlærer Løkke', 'Holm-Hansens', 'fru Heiberg', 'justitsråd Berner', 'P. Hansen']","['Frankrig', 'København']",[],"['mine digte', '«Kongs-emnerne»']"
83,0,af;,,,,,"['Deres søn', 'overlærer Løkke', 'Holm-Hansens', 'fru Heiberg', 'justitsråd Berner', 'P. Hansen']","['Frankrig', 'København']",[],"['mine digte', '«Kongs-emnerne»']"
84,0,hvad,,,,,"['Deres søn', 'overlærer Løkke', 'Holm-Hansens', 'fru Heiberg', 'justitsråd Berner', 'P. Hansen']","['Frankrig', 'København']",[],"['mine digte', '«Kongs-emnerne»']"
85,0,bladene,,,,,"['Deres søn', 'overlærer Løkke', 'Holm-Hansens', 'fru Heiberg', 'justitsråd Berner', 'P. Hansen']","['Frankrig', 'København']",[],"['mine digte', '«Kongs-emnerne»']"
86,0,fortæller,,,,,"['Deres søn', 'overlærer Løkke', 'Holm-Hansens', 'fru Heiberg', 'justitsråd Berner', 'P. Hansen']","['Frankrig', 'København']",[],"['mine digte', '«Kongs-emnerne»']"
87,0,i,,,,,"['Deres søn', 'overlærer Løkke', 'Holm-Hansens', 'fru Heiberg', 'justitsråd Berner', 'P. Hansen']","['Frankrig', 'København']",[],"['mine digte', '«Kongs-emnerne»']"
88,0,denne,,,,,"['Deres søn', 'overlærer Løkke', 'Holm-Hansens', 'fru Heiberg', 'justitsråd Berner', 'P. Hansen']","['Frankrig', 'København']",[],"['mine digte', '«Kongs-emnerne»']"
89,0,henseende,,,,,"['Deres søn', 'overlærer Løkke', 'Holm-Hansens', 'fru Heiberg', 'justitsråd Berner', 'P. Hansen']","['Frankrig', 'København']",[],"['mine digte', '«Kongs-emnerne»']"
90,0,er,,,,,"['Deres søn', 'overlærer Løkke', 'Holm-Hansens', 'fru Heiberg', 'justitsråd Berner', 'P. Hansen']","['Frankrig', 'København']",[],"['mine digte', '«Kongs-emnerne»']"
91,0,helt,,,,,"['Deres søn', 'overlærer Løkke', 'Holm-Hansens', 'fru Heiberg', 'justitsråd Berner', 'P. Hansen']","['Frankrig', 'København']",[],"['mine digte', '«Kongs-emnerne»']"
92,0,og,,,,,"['Deres søn', 'overlærer Løkke', 'Holm-Hansens', 'fru Heiberg', 'justitsråd Berner', 'P. Hansen']","['Frankrig', 'København']",[],"['mine digte', '«Kongs-emnerne»']"
93,0,holdent,,,,,"['Deres søn', 'overlærer Løkke', 'Holm-Hansens', 'fru Heiberg', 'justitsråd Berner', 'P. Hansen']","['Frankrig', 'København']",[],"['mine digte', '«Kongs-emnerne»']"
94,0,opdigtet.,,,,,"['Deres søn', 'overlærer Løkke', 'Holm-Hansens', 'fru Heiberg', 'justitsråd Berner', 'P. Hansen']","['Frankrig', 'København']",[],"['mine digte', '«Kongs-emnerne»']"
95,0,Landet,,,,,"['Deres søn', 'overlærer Løkke', 'Holm-Hansens', 'fru Heiberg', 'justitsråd Berner', 'P. Hansen']","['Frankrig', 'København']",[],"['mine digte', '«Kongs-emnerne»']"
96,0,lider,,,,,"['Deres søn', 'overlærer Løkke', 'Holm-Hansens', 'fru Heiberg', 'justitsråd Berner', 'P. Hansen']","['Frankrig', 'København']",[],"['mine digte', '«Kongs-emnerne»']"
97,0,forfærdeligt;,,,,,"['Deres søn', 'overlærer Løkke', 'Holm-Hansens', 'fru Heiberg', 'justitsråd Berner', 'P. Hansen']","['Frankrig', 'København']",[],"['mine digte', '«Kongs-emnerne»']"
98,0,al,,,,,"['Deres søn', 'overlærer Løkke', 'Holm-Hansens', 'fru Heiberg', 'justitsråd Berner', 'P. Hansen']","['Frankrig', 'København']",[],"['mine digte', '«Kongs-emnerne»']"
99,0,virksomhed,,,,,"['Deres søn', 'overlærer Løkke', 'Holm-Hansens', 'fru Heiberg', 'justitsråd Berner', 'P. Hansen']","['Frankrig', 'København']",[],"['mine digte', '«Kongs-emnerne»']"
100,0,er,,,,,"['Deres søn', 'overlærer Løkke', 'Holm-Hansens', 'fru Heiberg', 'justitsråd Berner', 'P. Hansen']","['Frankrig', 'København']",[],"['mine digte', '«Kongs-emnerne»']"
101,0,så,,,,,"['Deres søn', 'overlærer Løkke', 'Holm-Hansens', 'fru Heiberg', 'justitsråd Berner', 'P. Hansen']","['Frankrig', 'København']",[],"['mine digte', '«Kongs-emnerne»']"
102,0,godt,,,,,"['Deres søn', 'overlærer Løkke', 'Holm-Hansens', 'fru Heiberg', 'justitsråd Berner', 'P. Hansen']","['Frankrig', 'København']",[],"['mine digte', '«Kongs-emnerne»']"
103,0,som,,,,,"['Deres søn', 'overlærer Løkke', 'Holm-Hansens', 'fru Heiberg', 'justitsråd Berner', 'P. Hansen']","['Frankrig', 'København']",[],"['mine digte', '«Kongs-emnerne»']"
104,0,standset;,,,,,"['Deres søn', 'overlærer Løkke', 'Holm-Hansens', 'fru Heiberg', 'justitsråd Berner', 'P. Hansen']","['Frankrig', 'København']",[],"['mine digte', '«Kongs-emnerne»']"
105,0,halvvoksne,,,,,"['Deres søn', 'overlærer Løkke', 'Holm-Hansens', 'fru Heiberg', 'justitsråd Berner', 'P. Hansen']","['Frankrig', 'København']",[],"['mine digte', '«Kongs-emnerne»']"
106,0,drenge,,,,,"['Deres søn', 'overlærer Løkke', 'Holm-Hansens', 'fru Heiberg', 'justitsråd Berner', 'P. Hansen']","['Frankrig', 'København']",[],"['mine digte', '«Kongs-emnerne»']"
107,0,og,,,,,"['Deres søn', 'overlærer Løkke', 'Holm-Hansens', 'fru Heiberg', 'justitsråd Berner', 'P. Hansen']","['Frankrig', 'København']",[],"['mine digte', '«Kongs-emnerne»']"
108,0,middelaldrende,,,,,"['Deres søn', 'overlærer Løkke', 'Holm-Hansens', 'fru Heiberg', 'justitsråd Berner', 'P. Hansen']","['Frankrig', 'København']",[],"['mine digte', '«Kongs-emnerne»']"
109,0,familjefædre,,,,,"['Deres søn', 'overlærer Løkke', 'Holm-Hansens', 'fru Heiberg', 'justitsråd Berner', 'P. Hansen']","['Frankrig', 'København']",[],"['mine digte', '«Kongs-emnerne»']"
110,0,kaldes,,,,,"['Deres søn', 'overlærer Løkke', 'Holm-Hansens', 'fru Heiberg', 'justitsråd Berner', 'P. Hansen']","['Frankrig', 'København']",[],"['mine digte', '«Kongs-emnerne»']"
111,0,under,,,,,"['Deres søn', 'overlærer Løkke', 'Holm-Hansens', 'fru Heiberg', 'justitsråd Berner', 'P. Hansen']","['Frankrig', 'København']",[],"['mine digte', '«Kongs-emnerne»']"
112,0,fanerne,,,,,"['Deres søn', 'overlærer Løkke', 'Holm-Hansens', 'fru Heiberg', 'justitsråd Berner', 'P. Hansen']","['Frankrig', 'København']",[],"['mine digte', '«Kongs-emnerne»']"
113,0,og,,,,,"['Deres søn', 'overlærer Løkke', 'Holm-Hansens', 'fru Heiberg', 'justitsråd Berner', 'P. Hansen']","['Frankrig', 'København']",[],"['mine digte', '«Kongs-emnerne»']"
114,0,skikkes,,,,,"['Deres søn', 'overlærer Løkke', 'Holm-Hansens', 'fru Heiberg', 'justitsråd Berner', 'P. Hansen']","['Frankrig', 'København']",[],"['mine digte', '«Kongs-emnerne»']"
115,0,til,,,,,"['Deres søn', 'overlærer Løkke', 'Holm-Hansens', 'fru Heiberg', 'justitsråd Berner', 'P. Hansen']","['Frankrig', 'København']",[],"['mine digte', '«Kongs-emnerne»']"
116,0,Frankrig;,,,,,"['Deres søn', 'overlærer Løkke', 'Holm-Hansens', 'fru Heiberg', 'justitsråd Berner', 'P. Hansen']","['Frankrig', 'København']",[],"['mine digte', '«Kongs-emnerne»']"
117,0,næsten,,,,,"['Deres søn', 'overlærer Løkke', 'Holm-Hansens', 'fru Heiberg', 'justitsråd Berner', 'P. Hansen']","['Frankrig', 'København']",[],"['mine digte', '«Kongs-emnerne»']"
118,0,hver,,,,,"['Deres søn', 'overlærer Løkke', 'Holm-Hansens', 'fru Heiberg', 'justitsråd Berner', 'P. Hansen']","['Frankrig', 'København']",[],"['mine digte', '«Kongs-emnerne»']"
119,0,eneste,,,,,"['Deres søn', 'overlærer Løkke', 'Holm-Hansens', 'fru Heiberg', 'justitsråd Berner', 'P. Hansen']","['Frankrig', 'København']",[],"['mine digte', '«Kongs-emnerne»']"
120,0,familje,,,,,"['Deres søn', 'overlærer Løkke', 'Holm-Hansens', 'fru Heiberg', 'justitsråd Berner', 'P. Hansen']","['Frankrig', 'København']",[],"['mine digte', '«Kongs-emnerne»']"
121,0,bærer,,,,,"['Deres søn', 'overlærer Løkke', 'Holm-Hansens', 'fru Heiberg', 'justitsråd Berner', 'P. Hansen']","['Frankrig', 'København']",[],"['mine digte', '«Kongs-emnerne»']"
122,0,sorg;,,,,,"['Deres søn', 'overlærer Løkke', 'Holm-Hansens', 'fru Heiberg', 'justitsråd Berner', 'P. Hansen']","['Frankrig', 'København']",[],"['mine digte', '«Kongs-emnerne»']"
123,0,der,,,,,"['Deres søn', 'overlærer Løkke', 'Holm-Hansens', 'fru Heiberg', 'justitsråd Berner', 'P. Hansen']","['Frankrig', 'København']",[],"['mine digte', '«Kongs-emnerne»']"
124,0,er,,,,,"['Deres søn', 'overlærer Løkke', 'Holm-Hansens', 'fru Heiberg', 'justitsråd Berner', 'P. Hansen']","['Frankrig', 'København']",[],"['mine digte', '«Kongs-emnerne»']"
125,0,"mangfoldige,",,,,,"['Deres søn', 'overlærer Løkke', 'Holm-Hansens', 'fru Heiberg', 'justitsråd Berner', 'P. Hansen']","['Frankrig', 'København']",[],"['mine digte', '«Kongs-emnerne»']"
126,0,som,,,,,"['Deres søn', 'overlærer Løkke', 'Holm-Hansens', 'fru Heiberg', 'justitsråd Berner', 'P. Hansen']","['Frankrig', 'København']",[],"['mine digte', '«Kongs-emnerne»']"
127,0,har,,,,,"['Deres søn', 'overlærer Løkke', 'Holm-Hansens', 'fru Heiberg', 'justitsråd Berner', 'P. Hansen']","['Frankrig', 'København']",[],"['mine digte', '«Kongs-emnerne»']"
128,0,mistet,,,,,"['Deres søn', 'overlærer Løkke', 'Holm-Hansens', 'fru Heiberg', 'justitsråd Berner', 'P. Hansen']","['Frankrig', 'København']",[],"['mine digte', '«Kongs-emnerne»']"
129,0,alle,,,,,"['Deres søn', 'overlærer Løkke', 'Holm-Hansens', 'fru Heiberg', 'justitsråd Berner', 'P. Hansen']","['Frankrig', 'København']",[],"['mine digte', '«Kongs-emnerne»']"
130,0,sine,,,,,"['Deres søn', 'overlærer Løkke', 'Holm-Hansens', 'fru Heiberg', 'justitsråd Berner', 'P. Hansen']","['Frankrig', 'København']",[],"['mine digte', '«Kongs-emnerne»']"
131,0,udkommanderede,,,,,"['Deres søn', 'overlærer Løkke', 'Holm-Hansens', 'fru Heiberg', 'justitsråd Berner', 'P. Hansen']","['Frankrig', 'København']",[],"['mine digte', '«Kongs-emnerne»']"
132,0,slægtninge;,,,,,"['Deres søn', 'overlærer Løkke', 'Holm-Hansens', 'fru Heiberg', 'justitsråd Berner', 'P. Hansen']","['Frankrig', 'København']",[],"['mine digte', '«Kongs-emnerne»']"
133,0,og,,,,,"['Deres søn', 'overlærer Løkke', 'Holm-Hansens', 'fru Heiberg', 'justitsråd Berner', 'P. Hansen']","['Frankrig', 'København']",[],"['mine digte', '«Kongs-emnerne»']"
134,0,endnu,,,,,"['Deres søn', 'overlærer Løkke', 'Holm-Hansens', 'fru Heiberg', 'justitsråd Berner', 'P. Hansen']","['Frankrig', 'København']",[],"['mine digte', '«Kongs-emnerne»']"
135,0,kender,,,,,"['Deres søn', 'overlærer Løkke', 'Holm-Hansens', 'fru Heiberg', 'justitsråd Berner', 'P. Hansen']","['Frankrig', 'København']",[],"['mine digte', '«Kongs-emnerne»']"
136,0,man,,,,,"['Deres søn', 'overlærer Løkke', 'Holm-Hansens', 'fru Heiberg', 'justitsråd Berner', 'P. Hansen']","['Frankrig', 'København']",[],"['mine digte', '«Kongs-emnerne»']"
137,0,ikke,,,,,"['Deres søn', 'overlærer Løkke', 'Holm-Hansens', 'fru Heiberg', 'justitsråd Berner', 'P. Hansen']","['Frankrig', 'København']",[],"['mine digte', '«Kongs-emnerne»']"
138,0,tabslisterne,,,,,"['Deres søn', 'overlærer Løkke', 'Holm-Hansens', 'fru Heiberg', 'justitsråd Berner', 'P. Hansen']","['Frankrig', 'København']",[],"['mine digte', '«Kongs-emnerne»']"
139,0,for,,,,,"['Deres søn', 'overlærer Løkke', 'Holm-Hansens', 'fru Heiberg', 'justitsråd Berner', 'P. Hansen']","['Frankrig', 'København']",[],"['mine digte', '«Kongs-emnerne»']"
140,0,de,,,,,"['Deres søn', 'overlærer Løkke', 'Holm-Hansens', 'fru Heiberg', 'justitsråd Berner', 'P. Hansen']","['Frankrig', 'København']",[],"['mine digte', '«Kongs-emnerne»']"
141,0,sidste,,,,,"['Deres søn', 'overlærer Løkke', 'Holm-Hansens', 'fru Heiberg', 'justitsråd Berner', 'P. Hansen']","['Frankrig', 'København']",[],"['mine digte', '«Kongs-emnerne»']"
142,0,6,,,,,"['Deres søn', 'overlærer Løkke', 'Holm-Hansens', 'fru Heiberg', 'justitsråd Berner', 'P. Hansen']","['Frankrig', 'København']",[],"['mine digte', '«Kongs-emnerne»']"
143,0,uger.,,,,,"['Deres søn', 'overlærer Løkke', 'Holm-Hansens', 'fru Heiberg', 'justitsråd Berner', 'P. Hansen']","['Frankrig', 'København']",[],"['mine digte', '«Kongs-emnerne»']"
144,0,Som,,,,,"['Deres søn', 'overlærer Løkke', 'Holm-Hansens', 'fru Heiberg', 'justitsråd Berner', 'P. Hansen']","['Frankrig', 'København']",[],"['mine digte', '«Kongs-emnerne»']"
145,0,"sagt,",,,,,"['Deres søn', 'overlærer Løkke', 'Holm-Hansens', 'fru Heiberg', 'justitsråd Berner', 'P. Hansen']","['Frankrig', 'København']",[],"['mine digte', '«Kongs-emnerne»']"
146,0,det,,,,,"['Deres søn', 'overlærer Løkke', 'Holm-Hansens', 'fru Heiberg', 'justitsråd Berner', 'P. Hansen']","['Frankrig', 'København']",[],"['mine digte', '«Kongs-emnerne»']"
147,0,er,,,,,"['Deres søn', 'overlærer Løkke', 'Holm-Hansens', 'fru Heiberg', 'justitsråd Berner', 'P. Hansen']","['Frankrig', 'København']",[],"['mine digte', '«Kongs-emnerne»']"
148,0,uhyggeligt,,,,,"['Deres søn', 'overlærer Løkke', 'Holm-Hansens', 'fru Heiberg', 'justitsråd Berner', 'P. Hansen']","['Frankrig', 'København']",[],"['mine digte', '«Kongs-emnerne»']"
149,0,at,,,,,"['Deres søn', 'overlærer Løkke', 'Holm-Hansens', 'fru Heiberg', 'justitsråd Berner', 'P. Hansen']","['Frankrig', 'København']",[],"['mine digte', '«Kongs-emnerne»']"
150,0,leve,,,,,"['Deres søn', 'overlærer Løkke', 'Holm-Hansens', 'fru Heiberg', 'justitsråd Berner', 'P. Hansen']","['Frankrig', 'København']",[],"['mine digte', '«Kongs-emnerne»']"
151,0,her.Desto,,,,,"['Deres søn', 'overlærer Løkke', 'Holm-Hansens', 'fru Heiberg', 'justitsråd Berner', 'P. Hansen']","['Frankrig', 'København']",[],"['mine digte', '«Kongs-emnerne»']"
152,0,større,,,,,"['Deres søn', 'overlærer Løkke', 'Holm-Hansens', 'fru Heiberg', 'justitsråd Berner', 'P. Hansen']","['Frankrig', 'København']",[],"['mine digte', '«Kongs-emnerne»']"
153,0,er,,,,,"['Deres søn', 'overlærer Løkke', 'Holm-Hansens', 'fru Heiberg', 'justitsråd Berner', 'P. Hansen']","['Frankrig', 'København']",[],"['mine digte', '«Kongs-emnerne»']"
154,0,også,,,,,"['Deres søn', 'overlærer Løkke', 'Holm-Hansens', 'fru Heiberg', 'justitsråd Berner', 'P. Hansen']","['Frankrig', 'København']",[],"['mine digte', '«Kongs-emnerne»']"
155,0,kontrasten,,,,,"['Deres søn', 'overlærer Løkke', 'Holm-Hansens', 'fru Heiberg', 'justitsråd Berner', 'P. Hansen']","['Frankrig', 'København']",[],"['mine digte', '«Kongs-emnerne»']"
156,0,når,,,,,"['Deres søn', 'overlærer Løkke', 'Holm-Hansens', 'fru Heiberg', 'justitsråd Berner', 'P. Hansen']","['Frankrig', 'København']",[],"['mine digte', '«Kongs-emnerne»']"
157,0,jeg,,,,,"['Deres søn', 'overlærer Løkke', 'Holm-Hansens', 'fru Heiberg', 'justitsråd Berner', 'P. Hansen']","['Frankrig', 'København']",[],"['mine digte', '«Kongs-emnerne»']"
158,0,tænker,,,,,"['Deres søn', 'overlærer Løkke', 'Holm-Hansens', 'fru Heiberg', 'justitsråd Berner', 'P. Hansen']","['Frankrig', 'København']",[],"['mine digte', '«Kongs-emnerne»']"
159,0,tilbage,,,,,"['Deres søn', 'overlærer Løkke', 'Holm-Hansens', 'fru Heiberg', 'justitsråd Berner', 'P. Hansen']","['Frankrig', 'København']",[],"['mine digte', '«Kongs-emnerne»']"
160,0,på,,,,,"['Deres søn', 'overlærer Løkke', 'Holm-Hansens', 'fru Heiberg', 'justitsråd Berner', 'P. Hansen']","['Frankrig', 'København']",[],"['mine digte', '«Kongs-emnerne»']"
161,0,mit,,,,,"['Deres søn', 'overlærer Løkke', 'Holm-Hansens', 'fru Heiberg', 'justitsråd Berner', 'P. Hansen']","['Frankrig', 'København']",[],"['mine digte', '«Kongs-emnerne»']"
162,0,sommerophold,,,,,"['Deres søn', 'overlærer Løkke', 'Holm-Hansens', 'fru Heiberg', 'justitsråd Berner', 'P. Hansen']","['Frankrig', 'København']",[],"['mine digte', '«Kongs-emnerne»']"
163,0,i,,,,,"['Deres søn', 'overlærer Løkke', 'Holm-Hansens', 'fru Heiberg', 'justitsråd Berner', 'P. Hansen']","['Frankrig', 'København']",[],"['mine digte', '«Kongs-emnerne»']"
164,0,København.,,,,,"['Deres søn', 'overlærer Løkke', 'Holm-Hansens', 'fru Heiberg', 'justitsråd Berner', 'P. Hansen']","['Frankrig', 'København']",[],"['mine digte', '«Kongs-emnerne»']"
165,0,Jeg,,,,,"['Deres søn', 'overlærer Løkke', 'Holm-Hansens', 'fru Heiberg', 'justitsråd Berner', 'P. Hansen']","['Frankrig', 'København']",[],"['mine digte', '«Kongs-emnerne»']"
166,0,kan,,,,,"['Deres søn', 'overlærer Løkke', 'Holm-Hansens', 'fru Heiberg', 'justitsråd Berner', 'P. Hansen']","['Frankrig', 'København']",[],"['mine digte', '«Kongs-emnerne»']"
167,0,ikke,,,,,"['Deres søn', 'overlærer Løkke', 'Holm-Hansens', 'fru Heiberg', 'justitsråd Berner', 'P. Hansen']","['Frankrig', 'København']",[],"['mine digte', '«Kongs-emnerne»']"
168,0,noksom,,,,,"['Deres søn', 'overlærer Løkke', 'Holm-Hansens', 'fru Heiberg', 'justitsråd Berner', 'P. Hansen']","['Frankrig', 'København']",[],"['mine digte', '«Kongs-emnerne»']"
169,0,være,,,,,"['Deres søn', 'overlærer Løkke', 'Holm-Hansens', 'fru Heiberg', 'justitsråd Berner', 'P. Hansen']","['Frankrig', 'København']",[],"['mine digte', '«Kongs-emnerne»']"
170,0,taknemmelig,,,,,"['Deres søn', 'overlærer Løkke', 'Holm-Hansens', 'fru Heiberg', 'justitsråd Berner', 'P. Hansen']","['Frankrig', 'København']",[],"['mine digte', '«Kongs-emnerne»']"
171,0,for,,,,,"['Deres søn', 'overlærer Løkke', 'Holm-Hansens', 'fru Heiberg', 'justitsråd Berner', 'P. Hansen']","['Frankrig', 'København']",[],"['mine digte', '«Kongs-emnerne»']"
172,0,al,,,,,"['Deres søn', 'overlærer Løkke', 'Holm-Hansens', 'fru Heiberg', 'justitsråd Berner', 'P. Hansen']","['Frankrig', 'København']",[],"['mine digte', '«Kongs-emnerne»']"
173,0,den,,,,,"['Deres søn', 'overlærer Løkke', 'Holm-Hansens', 'fru Heiberg', 'justitsråd Berner', 'P. Hansen']","['Frankrig', 'København']",[],"['mine digte', '«Kongs-emnerne»']"
174,0,velvilje,,,,,"['Deres søn', 'overlærer Løkke', 'Holm-Hansens', 'fru Heiberg', 'justitsråd Berner', 'P. Hansen']","['Frankrig', 'København']",[],"['mine digte', '«Kongs-emnerne»']"
175,0,og,,,,,"['Deres søn', 'overlærer Løkke', 'Holm-Hansens', 'fru Heiberg', 'justitsråd Berner', 'P. Hansen']","['Frankrig', 'København']",[],"['mine digte', '«Kongs-emnerne»']"
176,0,det,,,,,"['Deres søn', 'overlærer Løkke', 'Holm-Hansens', 'fru Heiberg', 'justitsråd Berner', 'P. Hansen']","['Frankrig', 'København']",[],"['mine digte', '«Kongs-emnerne»']"
177,0,"venskab,",,,,,"['Deres søn', 'overlærer Løkke', 'Holm-Hansens', 'fru Heiberg', 'justitsråd Berner', 'P. Hansen']","['Frankrig', 'København']",[],"['mine digte', '«Kongs-emnerne»']"
178,0,jeg,,,,,"['Deres søn', 'overlærer Løkke', 'Holm-Hansens', 'fru Heiberg', 'justitsråd Berner', 'P. Hansen']","['Frankrig', 'København']",[],"['mine digte', '«Kongs-emnerne»']"
179,0,der,,,,,"['Deres søn', 'overlærer Løkke', 'Holm-Hansens', 'fru Heiberg', 'justitsråd Berner', 'P. Hansen']","['Frankrig', 'København']",[],"['mine digte', '«Kongs-emnerne»']"
180,0,"mødte,",,,,,"['Deres søn', 'overlærer Løkke', 'Holm-Hansens', 'fru Heiberg', 'justitsråd Berner', 'P. Hansen']","['Frankrig', 'København']",[],"['mine digte', '«Kongs-emnerne»']"
181,0,og,,,,,"['Deres søn', 'overlærer Løkke', 'Holm-Hansens', 'fru Heiberg', 'justitsråd Berner', 'P. Hansen']","['Frankrig', 'København']",[],"['mine digte', '«Kongs-emnerne»']"
182,0,at,,,,,"['Deres søn', 'overlærer Løkke', 'Holm-Hansens', 'fru Heiberg', 'justitsråd Berner', 'P. Hansen']","['Frankrig', 'København']",[],"['mine digte', '«Kongs-emnerne»']"
183,0,De,,,,,"['Deres søn', 'overlærer Løkke', 'Holm-Hansens', 'fru Heiberg', 'justitsråd Berner', 'P. Hansen']","['Frankrig', 'København']",[],"['mine digte', '«Kongs-emnerne»']"
184,0,i,,,,,"['Deres søn', 'overlærer Løkke', 'Holm-Hansens', 'fru Heiberg', 'justitsråd Berner', 'P. Hansen']","['Frankrig', 'København']",[],"['mine digte', '«Kongs-emnerne»']"
185,0,så,,,,,"['Deres søn', 'overlærer Løkke', 'Holm-Hansens', 'fru Heiberg', 'justitsråd Berner', 'P. Hansen']","['Frankrig', 'København']",[],"['mine digte', '«Kongs-emnerne»']"
186,0,henseende,,,,,"['Deres søn', 'overlærer Løkke', 'Holm-Hansens', 'fru Heiberg', 'justitsråd Berner', 'P. Hansen']","['Frankrig', 'København']",[],"['mine digte', '«Kongs-emnerne»']"
187,0,står,,,,,"['Deres søn', 'overlærer Løkke', 'Holm-Hansens', 'fru Heiberg', 'justitsråd Berner', 'P. Hansen']","['Frankrig', 'København']",[],"['mine digte', '«Kongs-emnerne»']"
188,0,i,,,,,"['Deres søn', 'overlærer Løkke', 'Holm-Hansens', 'fru Heiberg', 'justitsråd Berner', 'P. Hansen']","['Frankrig', 'København']",[],"['mine digte', '«Kongs-emnerne»']"
189,0,første,,,,,"['Deres søn', 'overlærer Løkke', 'Holm-Hansens', 'fru Heiberg', 'justitsråd Berner', 'P. Hansen']","['Frankrig', 'København']",[],"['mine digte', '«Kongs-emnerne»']"
190,0,række,,,,,"['Deres søn', 'overlærer Løkke', 'Holm-Hansens', 'fru Heiberg', 'justitsråd Berner', 'P. Hansen']","['Frankrig', 'København']",[],"['mine digte', '«Kongs-emnerne»']"
191,0,behøver,,,,,"['Deres søn', 'overlærer Løkke', 'Holm-Hansens', 'fru Heiberg', 'justitsråd Berner', 'P. Hansen']","['Frankrig', 'København']",[],"['mine digte', '«Kongs-emnerne»']"
192,0,jeg,,,,,"['Deres søn', 'overlærer Løkke', 'Holm-Hansens', 'fru Heiberg', 'justitsråd Berner', 'P. Hansen']","['Frankrig', 'København']",[],"['mine digte', '«Kongs-emnerne»']"
193,0,vel,,,,,"['Deres søn', 'overlærer Løkke', 'Holm-Hansens', 'fru Heiberg', 'justitsråd Berner', 'P. Hansen']","['Frankrig', 'København']",[],"['mine digte', '«Kongs-emnerne»']"
194,0,ikke,,,,,"['Deres søn', 'overlærer Løkke', 'Holm-Hansens', 'fru Heiberg', 'justitsråd Berner', 'P. Hansen']","['Frankrig', 'København']",[],"['mine digte', '«Kongs-emnerne»']"
195,0,at,,,,,"['Deres søn', 'overlærer Løkke', 'Holm-Hansens', 'fru Heiberg', 'justitsråd Berner', 'P. Hansen']","['Frankrig', 'København']",[],"['mine digte', '«Kongs-emnerne»']"
196,0,forsikkre,,,,,"['Deres søn', 'overlærer Løkke', 'Holm-Hansens', 'fru Heiberg', 'justitsråd Berner', 'P. Hansen']","['Frankrig', 'København']",[],"['mine digte', '«Kongs-emnerne»']"
197,0,Dem,,,,,"['Deres søn', 'overlærer Løkke', 'Holm-Hansens', 'fru Heiberg', 'justitsråd Berner', 'P. Hansen']","['Frankrig', 'København']",[],"['mine digte', '«Kongs-emnerne»']"
198,0,om.,,,,,"['Deres søn', 'overlærer Løkke', 'Holm-Hansens', 'fru Heiberg', 'justitsråd Berner', 'P. Hansen']","['Frankrig', 'København']",[],"['mine digte', '«Kongs-emnerne»']"
199,0,Hjertelig,,,,,"['Deres søn', 'overlærer Løkke', 'Holm-Hansens', 'fru Heiberg', 'justitsråd Berner', 'P. Hansen']","['Frankrig', 'København']",[],"['mine digte', '«Kongs-emnerne»']"
200,0,tak,,,,,"['Deres søn', 'overlærer Løkke', 'Holm-Hansens', 'fru Heiberg', 'justitsråd Berner', 'P. Hansen']","['Frankrig', 'København']",[],"['mine digte', '«Kongs-emnerne»']"
201,0,for,,,,,"['Deres søn', 'overlærer Løkke', 'Holm-Hansens', 'fru Heiberg', 'justitsråd Berner', 'P. Hansen']","['Frankrig', 'København']",[],"['mine digte', '«Kongs-emnerne»']"
202,0,al,,,,,"['Deres søn', 'overlærer Løkke', 'Holm-Hansens', 'fru Heiberg', 'justitsråd Berner', 'P. Hansen']","['Frankrig', 'København']",[],"['mine digte', '«Kongs-emnerne»']"
203,0,Deres,,,,,"['Deres søn', 'overlærer Løkke', 'Holm-Hansens', 'fru Heiberg', 'justitsråd Berner', 'P. Hansen']","['Frankrig', 'København']",[],"['mine digte', '«Kongs-emnerne»']"
204,0,godhed,,,,,"['Deres søn', 'overlærer Løkke', 'Holm-Hansens', 'fru Heiberg', 'justitsråd Berner', 'P. Hansen']","['Frankrig', 'København']",[],"['mine digte', '«Kongs-emnerne»']"
205,0,og,,,,,"['Deres søn', 'overlærer Løkke', 'Holm-Hansens', 'fru Heiberg', 'justitsråd Berner', 'P. Hansen']","['Frankrig', 'København']",[],"['mine digte', '«Kongs-emnerne»']"
206,0,forekommenhed.,,,,,"['Deres søn', 'overlærer Løkke', 'Holm-Hansens', 'fru Heiberg', 'justitsråd Berner', 'P. Hansen']","['Frankrig', 'København']",[],"['mine digte', '«Kongs-emnerne»']"
207,0,Hils,,,,,"['Deres søn', 'overlærer Løkke', 'Holm-Hansens', 'fru Heiberg', 'justitsråd Berner', 'P. Hansen']","['Frankrig', 'København']",[],"['mine digte', '«Kongs-emnerne»']"
208,0,Deres,,,,,"['Deres søn', 'overlærer Løkke', 'Holm-Hansens', 'fru Heiberg', 'justitsråd Berner', 'P. Hansen']","['Frankrig', 'København']",[],"['mine digte', '«Kongs-emnerne»']"
209,0,søn,,,,,"['Deres søn', 'overlærer Løkke', 'Holm-Hansens', 'fru Heiberg', 'justitsråd Berner', 'P. Hansen']","['Frankrig', 'København']",[],"['mine digte', '«Kongs-emnerne»']"
210,0,venligst,,,,,"['Deres søn', 'overlærer Løkke', 'Holm-Hansens', 'fru Heiberg', 'justitsråd Berner', 'P. Hansen']","['Frankrig', 'København']",[],"['mine digte', '«Kongs-emnerne»']"
211,0,og,,,,,"['Deres søn', 'overlærer Løkke', 'Holm-Hansens', 'fru Heiberg', 'justitsråd Berner', 'P. Hansen']","['Frankrig', 'København']",[],"['mine digte', '«Kongs-emnerne»']"
212,0,ligeså,,,,,"['Deres søn', 'overlærer Løkke', 'Holm-Hansens', 'fru Heiberg', 'justitsråd Berner', 'P. Hansen']","['Frankrig', 'København']",[],"['mine digte', '«Kongs-emnerne»']"
213,0,ved,,,,,"['Deres søn', 'overlærer Løkke', 'Holm-Hansens', 'fru Heiberg', 'justitsråd Berner', 'P. Hansen']","['Frankrig', 'København']",[],"['mine digte', '«Kongs-emnerne»']"
214,0,lejlighed,,,,,"['Deres søn', 'overlærer Løkke', 'Holm-Hansens', 'fru Heiberg', 'justitsråd Berner', 'P. Hansen']","['Frankrig', 'København']",[],"['mine digte', '«Kongs-emnerne»']"
215,0,"enhver,",,,,,"['Deres søn', 'overlærer Løkke', 'Holm-Hansens', 'fru Heiberg', 'justitsråd Berner', 'P. Hansen']","['Frankrig', 'København']",[],"['mine digte', '«Kongs-emnerne»']"
216,0,med,,,,,"['Deres søn', 'overlærer Løkke', 'Holm-Hansens', 'fru Heiberg', 'justitsråd Berner', 'P. Hansen']","['Frankrig', 'København']",[],"['mine digte', '«Kongs-emnerne»']"
217,0,hvem,,,,,"['Deres søn', 'overlærer Løkke', 'Holm-Hansens', 'fru Heiberg', 'justitsråd Berner', 'P. Hansen']","['Frankrig', 'København']",[],"['mine digte', '«Kongs-emnerne»']"
218,0,jeg,,,,,"['Deres søn', 'overlærer Løkke', 'Holm-Hansens', 'fru Heiberg', 'justitsråd Berner', 'P. Hansen']","['Frankrig', 'København']",[],"['mine digte', '«Kongs-emnerne»']"
219,0,hos,,,,,"['Deres søn', 'overlærer Løkke', 'Holm-Hansens', 'fru Heiberg', 'justitsråd Berner', 'P. Hansen']","['Frankrig', 'København']",[],"['mine digte', '«Kongs-emnerne»']"
220,0,Dem,,,,,"['Deres søn', 'overlærer Løkke', 'Holm-Hansens', 'fru Heiberg', 'justitsråd Berner', 'P. Hansen']","['Frankrig', 'København']",[],"['mine digte', '«Kongs-emnerne»']"
221,0,kom,,,,,"['Deres søn', 'overlærer Løkke', 'Holm-Hansens', 'fru Heiberg', 'justitsråd Berner', 'P. Hansen']","['Frankrig', 'København']",[],"['mine digte', '«Kongs-emnerne»']"
222,0,i,,,,,"['Deres søn', 'overlærer Løkke', 'Holm-Hansens', 'fru Heiberg', 'justitsråd Berner', 'P. Hansen']","['Frankrig', 'København']",[],"['mine digte', '«Kongs-emnerne»']"
223,0,berørelse!,,,,,"['Deres søn', 'overlærer Løkke', 'Holm-Hansens', 'fru Heiberg', 'justitsråd Berner', 'P. Hansen']","['Frankrig', 'København']",[],"['mine digte', '«Kongs-emnerne»']"
224,0,–Til,,,,,"['Deres søn', 'overlærer Løkke', 'Holm-Hansens', 'fru Heiberg', 'justitsråd Berner', 'P. Hansen']","['Frankrig', 'København']",[],"['mine digte', '«Kongs-emnerne»']"
225,0,overlærer,,,,,"['Deres søn', 'overlærer Løkke', 'Holm-Hansens', 'fru Heiberg', 'justitsråd Berner', 'P. Hansen']","['Frankrig', 'København']",[],"['mine digte', '«Kongs-emnerne»']"
226,0,Løkke,,,,,"['Deres søn', 'overlærer Løkke', 'Holm-Hansens', 'fru Heiberg', 'justitsråd Berner', 'P. Hansen']","['Frankrig', 'København']",[],"['mine digte', '«Kongs-emnerne»']"
227,0,har,,,,,"['Deres søn', 'overlærer Løkke', 'Holm-Hansens', 'fru Heiberg', 'justitsråd Berner', 'P. Hansen']","['Frankrig', 'København']",[],"['mine digte', '«Kongs-emnerne»']"
228,0,jeg,,,,,"['Deres søn', 'overlærer Løkke', 'Holm-Hansens', 'fru Heiberg', 'justitsråd Berner', 'P. Hansen']","['Frankrig', 'København']",[],"['mine digte', '«Kongs-emnerne»']"
229,0,skrevet,,,,,"['Deres søn', 'overlærer Løkke', 'Holm-Hansens', 'fru Heiberg', 'justitsråd Berner', 'P. Hansen']","['Frankrig', 'København']",[],"['mine digte', '«Kongs-emnerne»']"
230,0,angående,,,,,"['Deres søn', 'overlærer Løkke', 'Holm-Hansens', 'fru Heiberg', 'justitsråd Berner', 'P. Hansen']","['Frankrig', 'København']",[],"['mine digte', '«Kongs-emnerne»']"
231,0,mine,,,,,"['Deres søn', 'overlærer Løkke', 'Holm-Hansens', 'fru Heiberg', 'justitsråd Berner', 'P. Hansen']","['Frankrig', 'København']",[],"['mine digte', '«Kongs-emnerne»']"
232,0,digte,,,,,"['Deres søn', 'overlærer Løkke', 'Holm-Hansens', 'fru Heiberg', 'justitsråd Berner', 'P. Hansen']","['Frankrig', 'København']",[],"['mine digte', '«Kongs-emnerne»']"
233,0,og,,,,,"['Deres søn', 'overlærer Løkke', 'Holm-Hansens', 'fru Heiberg', 'justitsråd Berner', 'P. Hansen']","['Frankrig', 'København']",[],"['mine digte', '«Kongs-emnerne»']"
234,0,venter,,,,,"['Deres søn', 'overlærer Løkke', 'Holm-Hansens', 'fru Heiberg', 'justitsråd Berner', 'P. Hansen']","['Frankrig', 'København']",[],"['mine digte', '«Kongs-emnerne»']"
235,0,daglig,,,,,"['Deres søn', 'overlærer Løkke', 'Holm-Hansens', 'fru Heiberg', 'justitsråd Berner', 'P. Hansen']","['Frankrig', 'København']",[],"['mine digte', '«Kongs-emnerne»']"
236,0,svar,,,,,"['Deres søn', 'overlærer Løkke', 'Holm-Hansens', 'fru Heiberg', 'justitsråd Berner', 'P. Hansen']","['Frankrig', 'København']",[],"['mine digte', '«Kongs-emnerne»']"
237,0,samt,,,,,"['Deres søn', 'overlærer Løkke', 'Holm-Hansens', 'fru Heiberg', 'justitsråd Berner', 'P. Hansen']","['Frankrig', 'København']",[],"['mine digte', '«Kongs-emnerne»']"
238,0,den,,,,,"['Deres søn', 'overlærer Løkke', 'Holm-Hansens', 'fru Heiberg', 'justitsråd Berner', 'P. Hansen']","['Frankrig', 'København']",[],"['mine digte', '«Kongs-emnerne»']"
239,0,forlangte,,,,,"['Deres søn', 'overlærer Løkke', 'Holm-Hansens', 'fru Heiberg', 'justitsråd Berner', 'P. Hansen']","['Frankrig', 'København']",[],"['mine digte', '«Kongs-emnerne»']"
240,0,"afskrift,",,,,,"['Deres søn', 'overlærer Løkke', 'Holm-Hansens', 'fru Heiberg', 'justitsråd Berner', 'P. Hansen']","['Frankrig', 'København']",[],"['mine digte', '«Kongs-emnerne»']"
241,0,som,,,,,"['Deres søn', 'overlærer Løkke', 'Holm-Hansens', 'fru Heiberg', 'justitsråd Berner', 'P. Hansen']","['Frankrig', 'København']",[],"['mine digte', '«Kongs-emnerne»']"
242,0,da,,,,,"['Deres søn', 'overlærer Løkke', 'Holm-Hansens', 'fru Heiberg', 'justitsråd Berner', 'P. Hansen']","['Frankrig', 'København']",[],"['mine digte', '«Kongs-emnerne»']"
243,0,uopholdelig,,,,,"['Deres søn', 'overlærer Løkke', 'Holm-Hansens', 'fru Heiberg', 'justitsråd Berner', 'P. Hansen']","['Frankrig', 'København']",[],"['mine digte', '«Kongs-emnerne»']"
244,0,skal,,,,,"['Deres søn', 'overlærer Løkke', 'Holm-Hansens', 'fru Heiberg', 'justitsråd Berner', 'P. Hansen']","['Frankrig', 'København']",[],"['mine digte', '«Kongs-emnerne»']"
245,0,blive,,,,,"['Deres søn', 'overlærer Løkke', 'Holm-Hansens', 'fru Heiberg', 'justitsråd Berner', 'P. Hansen']","['Frankrig', 'København']",[],"['mine digte', '«Kongs-emnerne»']"
246,0,Dem,,,,,"['Deres søn', 'overlærer Løkke', 'Holm-Hansens', 'fru Heiberg', 'justitsråd Berner', 'P. Hansen']","['Frankrig', 'København']",[],"['mine digte', '«Kongs-emnerne»']"
247,0,sendt,,,,,"['Deres søn', 'overlærer Løkke', 'Holm-Hansens', 'fru Heiberg', 'justitsråd Berner', 'P. Hansen']","['Frankrig', 'København']",[],"['mine digte', '«Kongs-emnerne»']"
248,0,i,,,,,"['Deres søn', 'overlærer Løkke', 'Holm-Hansens', 'fru Heiberg', 'justitsråd Berner', 'P. Hansen']","['Frankrig', 'København']",[],"['mine digte', '«Kongs-emnerne»']"
249,0,rettet,,,,,"['Deres søn', 'overlærer Løkke', 'Holm-Hansens', 'fru Heiberg', 'justitsråd Berner', 'P. Hansen']","['Frankrig', 'København']",[],"['mine digte', '«Kongs-emnerne»']"
250,0,og,,,,,"['Deres søn', 'overlærer Løkke', 'Holm-Hansens', 'fru Heiberg', 'justitsråd Berner', 'P. Hansen']","['Frankrig', 'København']",[],"['mine digte', '«Kongs-emnerne»']"
251,0,forbedret,,,,,"['Deres søn', 'overlærer Løkke', 'Holm-Hansens', 'fru Heiberg', 'justitsråd Berner', 'P. Hansen']","['Frankrig', 'København']",[],"['mine digte', '«Kongs-emnerne»']"
252,0,skikkelse.Jeg,,,,,"['Deres søn', 'overlærer Løkke', 'Holm-Hansens', 'fru Heiberg', 'justitsråd Berner', 'P. Hansen']","['Frankrig', 'København']",[],"['mine digte', '«Kongs-emnerne»']"
253,0,ønskede,,,,,"['Deres søn', 'overlærer Løkke', 'Holm-Hansens', 'fru Heiberg', 'justitsråd Berner', 'P. Hansen']","['Frankrig', 'København']",[],"['mine digte', '«Kongs-emnerne»']"
254,0,gerne,,,,,"['Deres søn', 'overlærer Løkke', 'Holm-Hansens', 'fru Heiberg', 'justitsråd Berner', 'P. Hansen']","['Frankrig', 'København']",[],"['mine digte', '«Kongs-emnerne»']"
255,0,i,,,,,"['Deres søn', 'overlærer Løkke', 'Holm-Hansens', 'fru Heiberg', 'justitsråd Berner', 'P. Hansen']","['Frankrig', 'København']",[],"['mine digte', '«Kongs-emnerne»']"
256,0,det,,,,,"['Deres søn', 'overlærer Løkke', 'Holm-Hansens', 'fru Heiberg', 'justitsråd Berner', 'P. Hansen']","['Frankrig', 'København']",[],"['mine digte', '«Kongs-emnerne»']"
257,0,forestående,,,,,"['Deres søn', 'overlærer Løkke', 'Holm-Hansens', 'fru Heiberg', 'justitsråd Berner', 'P. Hansen']","['Frankrig', 'København']",[],"['mine digte', '«Kongs-emnerne»']"
258,0,lotteri,,,,,"['Deres søn', 'overlærer Løkke', 'Holm-Hansens', 'fru Heiberg', 'justitsråd Berner', 'P. Hansen']","['Frankrig', 'København']",[],"['mine digte', '«Kongs-emnerne»']"
259,0,at,,,,,"['Deres søn', 'overlærer Løkke', 'Holm-Hansens', 'fru Heiberg', 'justitsråd Berner', 'P. Hansen']","['Frankrig', 'København']",[],"['mine digte', '«Kongs-emnerne»']"
260,0,spille,,,,,"['Deres søn', 'overlærer Løkke', 'Holm-Hansens', 'fru Heiberg', 'justitsråd Berner', 'P. Hansen']","['Frankrig', 'København']",[],"['mine digte', '«Kongs-emnerne»']"
261,0,på,,,,,"['Deres søn', 'overlærer Løkke', 'Holm-Hansens', 'fru Heiberg', 'justitsråd Berner', 'P. Hansen']","['Frankrig', 'København']",[],"['mine digte', '«Kongs-emnerne»']"
262,0,to,,,,,"['Deres søn', 'overlærer Løkke', 'Holm-Hansens', 'fru Heiberg', 'justitsråd Berner', 'P. Hansen']","['Frankrig', 'København']",[],"['mine digte', '«Kongs-emnerne»']"
263,0,"fjerdedels-lodder,",,,,,"['Deres søn', 'overlærer Løkke', 'Holm-Hansens', 'fru Heiberg', 'justitsråd Berner', 'P. Hansen']","['Frankrig', 'København']",[],"['mine digte', '«Kongs-emnerne»']"
264,0,såfremt,,,,,"['Deres søn', 'overlærer Løkke', 'Holm-Hansens', 'fru Heiberg', 'justitsråd Berner', 'P. Hansen']","['Frankrig', 'København']",[],"['mine digte', '«Kongs-emnerne»']"
265,0,jeg,,,,,"['Deres søn', 'overlærer Løkke', 'Holm-Hansens', 'fru Heiberg', 'justitsråd Berner', 'P. Hansen']","['Frankrig', 'København']",[],"['mine digte', '«Kongs-emnerne»']"
266,0,endnu,,,,,"['Deres søn', 'overlærer Løkke', 'Holm-Hansens', 'fru Heiberg', 'justitsråd Berner', 'P. Hansen']","['Frankrig', 'København']",[],"['mine digte', '«Kongs-emnerne»']"
267,0,tør,,,,,"['Deres søn', 'overlærer Løkke', 'Holm-Hansens', 'fru Heiberg', 'justitsråd Berner', 'P. Hansen']","['Frankrig', 'København']",[],"['mine digte', '«Kongs-emnerne»']"
268,0,besvære,,,,,"['Deres søn', 'overlærer Løkke', 'Holm-Hansens', 'fru Heiberg', 'justitsråd Berner', 'P. Hansen']","['Frankrig', 'København']",[],"['mine digte', '«Kongs-emnerne»']"
269,0,Dem,,,,,"['Deres søn', 'overlærer Løkke', 'Holm-Hansens', 'fru Heiberg', 'justitsråd Berner', 'P. Hansen']","['Frankrig', 'København']",[],"['mine digte', '«Kongs-emnerne»']"
270,0,med,,,,,"['Deres søn', 'overlærer Løkke', 'Holm-Hansens', 'fru Heiberg', 'justitsråd Berner', 'P. Hansen']","['Frankrig', 'København']",[],"['mine digte', '«Kongs-emnerne»']"
271,0,denne,,,,,"['Deres søn', 'overlærer Løkke', 'Holm-Hansens', 'fru Heiberg', 'justitsråd Berner', 'P. Hansen']","['Frankrig', 'København']",[],"['mine digte', '«Kongs-emnerne»']"
272,0,sag.,,,,,"['Deres søn', 'overlærer Løkke', 'Holm-Hansens', 'fru Heiberg', 'justitsråd Berner', 'P. Hansen']","['Frankrig', 'København']",[],"['mine digte', '«Kongs-emnerne»']"
273,0,Første,,,,,"['Deres søn', 'overlærer Løkke', 'Holm-Hansens', 'fru Heiberg', 'justitsråd Berner', 'P. Hansen']","['Frankrig', 'København']",[],"['mine digte', '«Kongs-emnerne»']"
274,0,trækning,,,,,"['Deres søn', 'overlærer Løkke', 'Holm-Hansens', 'fru Heiberg', 'justitsråd Berner', 'P. Hansen']","['Frankrig', 'København']",[],"['mine digte', '«Kongs-emnerne»']"
275,0,tror,,,,,"['Deres søn', 'overlærer Løkke', 'Holm-Hansens', 'fru Heiberg', 'justitsråd Berner', 'P. Hansen']","['Frankrig', 'København']",[],"['mine digte', '«Kongs-emnerne»']"
276,0,jeg,,,,,"['Deres søn', 'overlærer Løkke', 'Holm-Hansens', 'fru Heiberg', 'justitsråd Berner', 'P. Hansen']","['Frankrig', 'København']",[],"['mine digte', '«Kongs-emnerne»']"
277,0,finder,,,,,"['Deres søn', 'overlærer Løkke', 'Holm-Hansens', 'fru Heiberg', 'justitsråd Berner', 'P. Hansen']","['Frankrig', 'København']",[],"['mine digte', '«Kongs-emnerne»']"
278,0,sted,,,,,"['Deres søn', 'overlærer Løkke', 'Holm-Hansens', 'fru Heiberg', 'justitsråd Berner', 'P. Hansen']","['Frankrig', 'København']",[],"['mine digte', '«Kongs-emnerne»']"
279,0,den,,,,,"['Deres søn', 'overlærer Løkke', 'Holm-Hansens', 'fru Heiberg', 'justitsråd Berner', 'P. Hansen']","['Frankrig', 'København']",[],"['mine digte', '«Kongs-emnerne»']"
280,0,14de,,,,,"['Deres søn', 'overlærer Løkke', 'Holm-Hansens', 'fru Heiberg', 'justitsråd Berner', 'P. Hansen']","['Frankrig', 'København']",[],"['mine digte', '«Kongs-emnerne»']"
281,0,dennes.Mit,,,,,"['Deres søn', 'overlærer Løkke', 'Holm-Hansens', 'fru Heiberg', 'justitsråd Berner', 'P. Hansen']","['Frankrig', 'København']",[],"['mine digte', '«Kongs-emnerne»']"
282,0,nye,,,,,"['Deres søn', 'overlærer Løkke', 'Holm-Hansens', 'fru Heiberg', 'justitsråd Berner', 'P. Hansen']","['Frankrig', 'København']",[],"['mine digte', '«Kongs-emnerne»']"
283,0,"arbejde,",,,,,"['Deres søn', 'overlærer Løkke', 'Holm-Hansens', 'fru Heiberg', 'justitsråd Berner', 'P. Hansen']","['Frankrig', 'København']",[],"['mine digte', '«Kongs-emnerne»']"
284,0,et,,,,,"['Deres søn', 'overlærer Løkke', 'Holm-Hansens', 'fru Heiberg', 'justitsråd Berner', 'P. Hansen']","['Frankrig', 'København']",[],"['mine digte', '«Kongs-emnerne»']"
285,0,skuespil,,,,,"['Deres søn', 'overlærer Løkke', 'Holm-Hansens', 'fru Heiberg', 'justitsråd Berner', 'P. Hansen']","['Frankrig', 'København']",[],"['mine digte', '«Kongs-emnerne»']"
286,0,i,,,,,"['Deres søn', 'overlærer Løkke', 'Holm-Hansens', 'fru Heiberg', 'justitsråd Berner', 'P. Hansen']","['Frankrig', 'København']",[],"['mine digte', '«Kongs-emnerne»']"
287,0,tre,,,,,"['Deres søn', 'overlærer Løkke', 'Holm-Hansens', 'fru Heiberg', 'justitsråd Berner', 'P. Hansen']","['Frankrig', 'København']",[],"['mine digte', '«Kongs-emnerne»']"
288,0,"akter,",,,,,"['Deres søn', 'overlærer Løkke', 'Holm-Hansens', 'fru Heiberg', 'justitsråd Berner', 'P. Hansen']","['Frankrig', 'København']",[],"['mine digte', '«Kongs-emnerne»']"
289,0,har,,,,,"['Deres søn', 'overlærer Løkke', 'Holm-Hansens', 'fru Heiberg', 'justitsråd Berner', 'P. Hansen']","['Frankrig', 'København']",[],"['mine digte', '«Kongs-emnerne»']"
290,0,nu,,,,,"['Deres søn', 'overlærer Løkke', 'Holm-Hansens', 'fru Heiberg', 'justitsråd Berner', 'P. Hansen']","['Frankrig', 'København']",[],"['mine digte', '«Kongs-emnerne»']"
291,0,udformet,,,,,"['Deres søn', 'overlærer Løkke', 'Holm-Hansens', 'fru Heiberg', 'justitsråd Berner', 'P. Hansen']","['Frankrig', 'København']",[],"['mine digte', '«Kongs-emnerne»']"
292,0,sig,,,,,"['Deres søn', 'overlærer Løkke', 'Holm-Hansens', 'fru Heiberg', 'justitsråd Berner', 'P. Hansen']","['Frankrig', 'København']",[],"['mine digte', '«Kongs-emnerne»']"
293,0,så,,,,,"['Deres søn', 'overlærer Løkke', 'Holm-Hansens', 'fru Heiberg', 'justitsråd Berner', 'P. Hansen']","['Frankrig', 'København']",[],"['mine digte', '«Kongs-emnerne»']"
294,0,vidt,,,,,"['Deres søn', 'overlærer Løkke', 'Holm-Hansens', 'fru Heiberg', 'justitsråd Berner', 'P. Hansen']","['Frankrig', 'København']",[],"['mine digte', '«Kongs-emnerne»']"
295,0,i,,,,,"['Deres søn', 'overlærer Løkke', 'Holm-Hansens', 'fru Heiberg', 'justitsråd Berner', 'P. Hansen']","['Frankrig', 'København']",[],"['mine digte', '«Kongs-emnerne»']"
296,0,tanken,,,,,"['Deres søn', 'overlærer Løkke', 'Holm-Hansens', 'fru Heiberg', 'justitsråd Berner', 'P. Hansen']","['Frankrig', 'København']",[],"['mine digte', '«Kongs-emnerne»']"
297,0,at,,,,,"['Deres søn', 'overlærer Løkke', 'Holm-Hansens', 'fru Heiberg', 'justitsråd Berner', 'P. Hansen']","['Frankrig', 'København']",[],"['mine digte', '«Kongs-emnerne»']"
298,0,jeg,,,,,"['Deres søn', 'overlærer Løkke', 'Holm-Hansens', 'fru Heiberg', 'justitsråd Berner', 'P. Hansen']","['Frankrig', 'København']",[],"['mine digte', '«Kongs-emnerne»']"
299,0,en,,,,,"['Deres søn', 'overlærer Løkke', 'Holm-Hansens', 'fru Heiberg', 'justitsråd Berner', 'P. Hansen']","['Frankrig', 'København']",[],"['mine digte', '«Kongs-emnerne»']"
300,0,af,,,,,"['Deres søn', 'overlærer Løkke', 'Holm-Hansens', 'fru Heiberg', 'justitsråd Berner', 'P. Hansen']","['Frankrig', 'København']",[],"['mine digte', '«Kongs-emnerne»']"
301,0,dagene,,,,,"['Deres søn', 'overlærer Løkke', 'Holm-Hansens', 'fru Heiberg', 'justitsråd Berner', 'P. Hansen']","['Frankrig', 'København']",[],"['mine digte', '«Kongs-emnerne»']"
302,0,kommer,,,,,"['Deres søn', 'overlærer Løkke', 'Holm-Hansens', 'fru Heiberg', 'justitsråd Berner', 'P. Hansen']","['Frankrig', 'København']",[],"['mine digte', '«Kongs-emnerne»']"
303,0,til,,,,,"['Deres søn', 'overlærer Løkke', 'Holm-Hansens', 'fru Heiberg', 'justitsråd Berner', 'P. Hansen']","['Frankrig', 'København']",[],"['mine digte', '«Kongs-emnerne»']"
304,0,at,,,,,"['Deres søn', 'overlærer Løkke', 'Holm-Hansens', 'fru Heiberg', 'justitsråd Berner', 'P. Hansen']","['Frankrig', 'København']",[],"['mine digte', '«Kongs-emnerne»']"
305,0,lægge,,,,,"['Deres søn', 'overlærer Løkke', 'Holm-Hansens', 'fru Heiberg', 'justitsråd Berner', 'P. Hansen']","['Frankrig', 'København']",[],"['mine digte', '«Kongs-emnerne»']"
306,0,skriftlig,,,,,"['Deres søn', 'overlærer Løkke', 'Holm-Hansens', 'fru Heiberg', 'justitsråd Berner', 'P. Hansen']","['Frankrig', 'København']",[],"['mine digte', '«Kongs-emnerne»']"
307,0,hånd,,,,,"['Deres søn', 'overlærer Løkke', 'Holm-Hansens', 'fru Heiberg', 'justitsråd Berner', 'P. Hansen']","['Frankrig', 'København']",[],"['mine digte', '«Kongs-emnerne»']"
308,0,derpå.Efterretninger,,,,,"['Deres søn', 'overlærer Løkke', 'Holm-Hansens', 'fru Heiberg', 'justitsråd Berner', 'P. Hansen']","['Frankrig', 'København']",[],"['mine digte', '«Kongs-emnerne»']"
309,0,fra,,,,,"['Deres søn', 'overlærer Løkke', 'Holm-Hansens', 'fru Heiberg', 'justitsråd Berner', 'P. Hansen']","['Frankrig', 'København']",[],"['mine digte', '«Kongs-emnerne»']"
310,0,København,,,,,"['Deres søn', 'overlærer Løkke', 'Holm-Hansens', 'fru Heiberg', 'justitsråd Berner', 'P. Hansen']","['Frankrig', 'København']",[],"['mine digte', '«Kongs-emnerne»']"
311,0,angående,,,,,"['Deres søn', 'overlærer Løkke', 'Holm-Hansens', 'fru Heiberg', 'justitsråd Berner', 'P. Hansen']","['Frankrig', 'København']",[],"['mine digte', '«Kongs-emnerne»']"
312,0,Holm-Hansens,,,,,"['Deres søn', 'overlærer Løkke', 'Holm-Hansens', 'fru Heiberg', 'justitsråd Berner', 'P. Hansen']","['Frankrig', 'København']",[],"['mine digte', '«Kongs-emnerne»']"
313,0,spil,,,,,"['Deres søn', 'overlærer Løkke', 'Holm-Hansens', 'fru Heiberg', 'justitsråd Berner', 'P. Hansen']","['Frankrig', 'København']",[],"['mine digte', '«Kongs-emnerne»']"
314,0,i,,,,,"['Deres søn', 'overlærer Løkke', 'Holm-Hansens', 'fru Heiberg', 'justitsråd Berner', 'P. Hansen']","['Frankrig', 'København']",[],"['mine digte', '«Kongs-emnerne»']"
315,0,«Axel,,,,,"['Deres søn', 'overlærer Løkke', 'Holm-Hansens', 'fru Heiberg', 'justitsråd Berner', 'P. Hansen']","['Frankrig', 'København']",[],"['mine digte', '«Kongs-emnerne»']"
316,0,og,,,,,"['Deres søn', 'overlærer Løkke', 'Holm-Hansens', 'fru Heiberg', 'justitsråd Berner', 'P. Hansen']","['Frankrig', 'København']",[],"['mine digte', '«Kongs-emnerne»']"
317,0,Valborg»,,,,,"['Deres søn', 'overlærer Løkke', 'Holm-Hansens', 'fru Heiberg', 'justitsråd Berner', 'P. Hansen']","['Frankrig', 'København']",[],"['mine digte', '«Kongs-emnerne»']"
318,0,har,,,,,"['Deres søn', 'overlærer Løkke', 'Holm-Hansens', 'fru Heiberg', 'justitsråd Berner', 'P. Hansen']","['Frankrig', 'København']",[],"['mine digte', '«Kongs-emnerne»']"
319,0,gjort,,,,,"['Deres søn', 'overlærer Løkke', 'Holm-Hansens', 'fru Heiberg', 'justitsråd Berner', 'P. Hansen']","['Frankrig', 'København']",[],"['mine digte', '«Kongs-emnerne»']"
320,0,mig,,,,,"['Deres søn', 'overlærer Løkke', 'Holm-Hansens', 'fru Heiberg', 'justitsråd Berner', 'P. Hansen']","['Frankrig', 'København']",[],"['mine digte', '«Kongs-emnerne»']"
321,0,urolig,,,,,"['Deres søn', 'overlærer Løkke', 'Holm-Hansens', 'fru Heiberg', 'justitsråd Berner', 'P. Hansen']","['Frankrig', 'København']",[],"['mine digte', '«Kongs-emnerne»']"
322,0,med,,,,,"['Deres søn', 'overlærer Løkke', 'Holm-Hansens', 'fru Heiberg', 'justitsråd Berner', 'P. Hansen']","['Frankrig', 'København']",[],"['mine digte', '«Kongs-emnerne»']"
323,0,hensyn,,,,,"['Deres søn', 'overlærer Løkke', 'Holm-Hansens', 'fru Heiberg', 'justitsråd Berner', 'P. Hansen']","['Frankrig', 'København']",[],"['mine digte', '«Kongs-emnerne»']"
324,0,til,,,,,"['Deres søn', 'overlærer Løkke', 'Holm-Hansens', 'fru Heiberg', 'justitsråd Berner', 'P. Hansen']","['Frankrig', 'København']",[],"['mine digte', '«Kongs-emnerne»']"
325,0,«Kongs-emnerne».,,,,,"['Deres søn', 'overlærer Løkke', 'Holm-Hansens', 'fru Heiberg', 'justitsråd Berner', 'P. Hansen']","['Frankrig', 'København']",[],"['mine digte', '«Kongs-emnerne»']"
326,0,Jeg,,,,,"['Deres søn', 'overlærer Løkke', 'Holm-Hansens', 'fru Heiberg', 'justitsråd Berner', 'P. Hansen']","['Frankrig', 'København']",[],"['mine digte', '«Kongs-emnerne»']"
327,0,vil,,,,,"['Deres søn', 'overlærer Løkke', 'Holm-Hansens', 'fru Heiberg', 'justitsråd Berner', 'P. Hansen']","['Frankrig', 'København']",[],"['mine digte', '«Kongs-emnerne»']"
328,0,skrive,,,,,"['Deres søn', 'overlærer Løkke', 'Holm-Hansens', 'fru Heiberg', 'justitsråd Berner', 'P. Hansen']","['Frankrig', 'København']",[],"['mine digte', '«Kongs-emnerne»']"
329,0,til,,,,,"['Deres søn', 'overlærer Løkke', 'Holm-Hansens', 'fru Heiberg', 'justitsråd Berner', 'P. Hansen']","['Frankrig', 'København']",[],"['mine digte', '«Kongs-emnerne»']"
330,0,fru,,,,,"['Deres søn', 'overlærer Løkke', 'Holm-Hansens', 'fru Heiberg', 'justitsråd Berner', 'P. Hansen']","['Frankrig', 'København']",[],"['mine digte', '«Kongs-emnerne»']"
331,0,Heiberg,,,,,"['Deres søn', 'overlærer Løkke', 'Holm-Hansens', 'fru Heiberg', 'justitsråd Berner', 'P. Hansen']","['Frankrig', 'København']",[],"['mine digte', '«Kongs-emnerne»']"
332,0,eller,,,,,"['Deres søn', 'overlærer Løkke', 'Holm-Hansens', 'fru Heiberg', 'justitsråd Berner', 'P. Hansen']","['Frankrig', 'København']",[],"['mine digte', '«Kongs-emnerne»']"
333,0,justitsråd,,,,,"['Deres søn', 'overlærer Løkke', 'Holm-Hansens', 'fru Heiberg', 'justitsråd Berner', 'P. Hansen']","['Frankrig', 'København']",[],"['mine digte', '«Kongs-emnerne»']"
334,0,Berner,,,,,"['Deres søn', 'overlærer Løkke', 'Holm-Hansens', 'fru Heiberg', 'justitsråd Berner', 'P. Hansen']","['Frankrig', 'København']",[],"['mine digte', '«Kongs-emnerne»']"
335,0,om,,,,,"['Deres søn', 'overlærer Løkke', 'Holm-Hansens', 'fru Heiberg', 'justitsråd Berner', 'P. Hansen']","['Frankrig', 'København']",[],"['mine digte', '«Kongs-emnerne»']"
336,0,den,,,,,"['Deres søn', 'overlærer Løkke', 'Holm-Hansens', 'fru Heiberg', 'justitsråd Berner', 'P. Hansen']","['Frankrig', 'København']",[],"['mine digte', '«Kongs-emnerne»']"
337,0,sag.,,,,,"['Deres søn', 'overlærer Løkke', 'Holm-Hansens', 'fru Heiberg', 'justitsråd Berner', 'P. Hansen']","['Frankrig', 'København']",[],"['mine digte', '«Kongs-emnerne»']"
338,0,Når,,,,,"['Deres søn', 'overlærer Løkke', 'Holm-Hansens', 'fru Heiberg', 'justitsråd Berner', 'P. Hansen']","['Frankrig', 'København']",[],"['mine digte', '«Kongs-emnerne»']"
339,0,den,,,,,"['Deres søn', 'overlærer Løkke', 'Holm-Hansens', 'fru Heiberg', 'justitsråd Berner', 'P. Hansen']","['Frankrig', 'København']",[],"['mine digte', '«Kongs-emnerne»']"
340,0,nye,,,,,"['Deres søn', 'overlærer Løkke', 'Holm-Hansens', 'fru Heiberg', 'justitsråd Berner', 'P. Hansen']","['Frankrig', 'København']",[],"['mine digte', '«Kongs-emnerne»']"
341,0,udgave,,,,,"['Deres søn', 'overlærer Løkke', 'Holm-Hansens', 'fru Heiberg', 'justitsråd Berner', 'P. Hansen']","['Frankrig', 'København']",[],"['mine digte', '«Kongs-emnerne»']"
342,0,kommer,,,,,"['Deres søn', 'overlærer Løkke', 'Holm-Hansens', 'fru Heiberg', 'justitsråd Berner', 'P. Hansen']","['Frankrig', 'København']",[],"['mine digte', '«Kongs-emnerne»']"
343,0,i,,,,,"['Deres søn', 'overlærer Løkke', 'Holm-Hansens', 'fru Heiberg', 'justitsråd Berner', 'P. Hansen']","['Frankrig', 'København']",[],"['mine digte', '«Kongs-emnerne»']"
344,0,boghandelen,,,,,"['Deres søn', 'overlærer Løkke', 'Holm-Hansens', 'fru Heiberg', 'justitsråd Berner', 'P. Hansen']","['Frankrig', 'København']",[],"['mine digte', '«Kongs-emnerne»']"
345,0,vilde,,,,,"['Deres søn', 'overlærer Løkke', 'Holm-Hansens', 'fru Heiberg', 'justitsråd Berner', 'P. Hansen']","['Frankrig', 'København']",[],"['mine digte', '«Kongs-emnerne»']"
346,0,det,,,,,"['Deres søn', 'overlærer Løkke', 'Holm-Hansens', 'fru Heiberg', 'justitsråd Berner', 'P. Hansen']","['Frankrig', 'København']",[],"['mine digte', '«Kongs-emnerne»']"
347,0,interessere,,,,,"['Deres søn', 'overlærer Løkke', 'Holm-Hansens', 'fru Heiberg', 'justitsråd Berner', 'P. Hansen']","['Frankrig', 'København']",[],"['mine digte', '«Kongs-emnerne»']"
348,0,mig,,,,,"['Deres søn', 'overlærer Løkke', 'Holm-Hansens', 'fru Heiberg', 'justitsråd Berner', 'P. Hansen']","['Frankrig', 'København']",[],"['mine digte', '«Kongs-emnerne»']"
349,0,meget,,,,,"['Deres søn', 'overlærer Løkke', 'Holm-Hansens', 'fru Heiberg', 'justitsråd Berner', 'P. Hansen']","['Frankrig', 'København']",[],"['mine digte', '«Kongs-emnerne»']"
350,0,at,,,,,"['Deres søn', 'overlærer Løkke', 'Holm-Hansens', 'fru Heiberg', 'justitsråd Berner', 'P. Hansen']","['Frankrig', 'København']",[],"['mine digte', '«Kongs-emnerne»']"
351,0,se,,,,,"['Deres søn', 'overlærer Løkke', 'Holm-Hansens', 'fru Heiberg', 'justitsråd Berner', 'P. Hansen']","['Frankrig', 'København']",[],"['mine digte', '«Kongs-emnerne»']"
352,0,bladenes,,,,,"['Deres søn', 'overlærer Løkke', 'Holm-Hansens', 'fru Heiberg', 'justitsråd Berner', 'P. Hansen']","['Frankrig', 'København']",[],"['mine digte', '«Kongs-emnerne»']"
353,0,udtalelser.,,,,,"['Deres søn', 'overlærer Løkke', 'Holm-Hansens', 'fru Heiberg', 'justitsråd Berner', 'P. Hansen']","['Frankrig', 'København']",[],"['mine digte', '«Kongs-emnerne»']"
354,0,Fra,,,,,"['Deres søn', 'overlærer Løkke', 'Holm-Hansens', 'fru Heiberg', 'justitsråd Berner', 'P. Hansen']","['Frankrig', 'København']",[],"['mine digte', '«Kongs-emnerne»']"
355,0,P.,,,,,"['Deres søn', 'overlærer Løkke', 'Holm-Hansens', 'fru Heiberg', 'justitsråd Berner', 'P. Hansen']","['Frankrig', 'København']",[],"['mine digte', '«Kongs-emnerne»']"
356,0,Hansen,,,,,"['Deres søn', 'overlærer Løkke', 'Holm-Hansens', 'fru Heiberg', 'justitsråd Berner', 'P. Hansen']","['Frankrig', 'København']",[],"['mine digte', '«Kongs-emnerne»']"
357,0,modtog,,,,,"['Deres søn', 'overlærer Løkke', 'Holm-Hansens', 'fru Heiberg', 'justitsråd Berner', 'P. Hansen']","['Frankrig', 'København']",[],"['mine digte', '«Kongs-emnerne»']"
358,0,jeg,,,,,"['Deres søn', 'overlærer Løkke', 'Holm-Hansens', 'fru Heiberg', 'justitsråd Berner', 'P. Hansen']","['Frankrig', 'København']",[],"['mine digte', '«Kongs-emnerne»']"
359,0,igår,,,,,"['Deres søn', 'overlærer Løkke', 'Holm-Hansens', 'fru Heiberg', 'justitsråd Berner', 'P. Hansen']","['Frankrig', 'København']",[],"['mine digte', '«Kongs-emnerne»']"
360,0,brev,,,,,"['Deres søn', 'overlærer Løkke', 'Holm-Hansens', 'fru Heiberg', 'justitsråd Berner', 'P. Hansen']","['Frankrig', 'København']",[],"['mine digte', '«Kongs-emnerne»']"
361,0,med,,,,,"['Deres søn', 'overlærer Løkke', 'Holm-Hansens', 'fru Heiberg', 'justitsråd Berner', 'P. Hansen']","['Frankrig', 'København']",[],"['mine digte', '«Kongs-emnerne»']"
362,0,anmodning,,,,,"['Deres søn', 'overlærer Løkke', 'Holm-Hansens', 'fru Heiberg', 'justitsråd Berner', 'P. Hansen']","['Frankrig', 'København']",[],"['mine digte', '«Kongs-emnerne»']"
363,0,om,,,,,"['Deres søn', 'overlærer Løkke', 'Holm-Hansens', 'fru Heiberg', 'justitsråd Berner', 'P. Hansen']","['Frankrig', 'København']",[],"['mine digte', '«Kongs-emnerne»']"
364,0,biografiske,,,,,"['Deres søn', 'overlærer Løkke', 'Holm-Hansens', 'fru Heiberg', 'justitsråd Berner', 'P. Hansen']","['Frankrig', 'København']",[],"['mine digte', '«Kongs-emnerne»']"
365,0,oplysninger.,,,,,"['Deres søn', 'overlærer Løkke', 'Holm-Hansens', 'fru Heiberg', 'justitsråd Berner', 'P. Hansen']","['Frankrig', 'København']",[],"['mine digte', '«Kongs-emnerne»']"
366,0,Dette,,,,,"['Deres søn', 'overlærer Løkke', 'Holm-Hansens', 'fru Heiberg', 'justitsråd Berner', 'P. Hansen']","['Frankrig', 'København']",[],"['mine digte', '«Kongs-emnerne»']"
367,0,skal,,,,,"['Deres søn', 'overlærer Løkke', 'Holm-Hansens', 'fru Heiberg', 'justitsråd Berner', 'P. Hansen']","['Frankrig', 'København']",[],"['mine digte', '«Kongs-emnerne»']"
368,0,uopholdelig,,,,,"['Deres søn', 'overlærer Løkke', 'Holm-Hansens', 'fru Heiberg', 'justitsråd Berner', 'P. Hansen']","['Frankrig', 'København']",[],"['mine digte', '«Kongs-emnerne»']"
369,0,blive,,,,,"['Deres søn', 'overlærer Løkke', 'Holm-Hansens', 'fru Heiberg', 'justitsråd Berner', 'P. Hansen']","['Frankrig', 'København']",[],"['mine digte', '«Kongs-emnerne»']"
370,0,besørget.Endnu,,,,,"['Deres søn', 'overlærer Løkke', 'Holm-Hansens', 'fru Heiberg', 'justitsråd Berner', 'P. Hansen']","['Frankrig', 'København']",[],"['mine digte', '«Kongs-emnerne»']"
371,0,engang,,,,,"['Deres søn', 'overlærer Løkke', 'Holm-Hansens', 'fru Heiberg', 'justitsråd Berner', 'P. Hansen']","['Frankrig', 'København']",[],"['mine digte', '«Kongs-emnerne»']"
372,0,beder,,,,,"['Deres søn', 'overlærer Løkke', 'Holm-Hansens', 'fru Heiberg', 'justitsråd Berner', 'P. Hansen']","['Frankrig', 'København']",[],"['mine digte', '«Kongs-emnerne»']"
373,0,jeg,,,,,"['Deres søn', 'overlærer Løkke', 'Holm-Hansens', 'fru Heiberg', 'justitsråd Berner', 'P. Hansen']","['Frankrig', 'København']",[],"['mine digte', '«Kongs-emnerne»']"
374,0,Dem,,,,,"['Deres søn', 'overlærer Løkke', 'Holm-Hansens', 'fru Heiberg', 'justitsråd Berner', 'P. Hansen']","['Frankrig', 'København']",[],"['mine digte', '«Kongs-emnerne»']"
375,0,modtage,,,,,"['Deres søn', 'overlærer Løkke', 'Holm-Hansens', 'fru Heiberg', 'justitsråd Berner', 'P. Hansen']","['Frankrig', 'København']",[],"['mine digte', '«Kongs-emnerne»']"
376,0,en,,,,,"['Deres søn', 'overlærer Løkke', 'Holm-Hansens', 'fru Heiberg', 'justitsråd Berner', 'P. Hansen']","['Frankrig', 'København']",[],"['mine digte', '«Kongs-emnerne»']"
377,0,hjertelig,,,,,"['Deres søn', 'overlærer Løkke', 'Holm-Hansens', 'fru Heiberg', 'justitsråd Berner', 'P. Hansen']","['Frankrig', 'København']",[],"['mine digte', '«Kongs-emnerne»']"
378,0,tak,,,,,"['Deres søn', 'overlærer Løkke', 'Holm-Hansens', 'fru Heiberg', 'justitsråd Berner', 'P. Hansen']","['Frankrig', 'København']",[],"['mine digte', '«Kongs-emnerne»']"
379,0,og,,,,,"['Deres søn', 'overlærer Løkke', 'Holm-Hansens', 'fru Heiberg', 'justitsråd Berner', 'P. Hansen']","['Frankrig', 'København']",[],"['mine digte', '«Kongs-emnerne»']"
380,0,hilsen,,,,,"['Deres søn', 'overlærer Løkke', 'Holm-Hansens', 'fru Heiberg', 'justitsråd Berner', 'P. Hansen']","['Frankrig', 'København']",[],"['mine digte', '«Kongs-emnerne»']"
381,0,fra,,,,,"['Deres søn', 'overlærer Løkke', 'Holm-Hansens', 'fru Heiberg', 'justitsråd Berner', 'P. Hansen']","['Frankrig', 'København']",[],"['mine digte', '«Kongs-emnerne»']"
