,,0,human_annotation,who,dacy_medium,spacy_trf,person,place,org,work
0,0,Som,,,,,['hs: majestæts'],"['Dresden', 'München']",[],[]
1,0,svar,,,,,['hs: majestæts'],"['Dresden', 'München']",[],[]
2,0,på,,,,,['hs: majestæts'],"['Dresden', 'München']",[],[]
3,0,herr,,,,,['hs: majestæts'],"['Dresden', 'München']",[],[]
4,0,overintendantens,,,,,['hs: majestæts'],"['Dresden', 'München']",[],[]
5,0,ærede,,,,,['hs: majestæts'],"['Dresden', 'München']",[],[]
6,0,skrivelse,,,,,['hs: majestæts'],"['Dresden', 'München']",[],[]
7,0,af,,,,,['hs: majestæts'],"['Dresden', 'München']",[],[]
8,0,19de,,,,,['hs: majestæts'],"['Dresden', 'München']",[],[]
9,0,dennes,,,,,['hs: majestæts'],"['Dresden', 'München']",[],[]
10,0,skynder,,,,,['hs: majestæts'],"['Dresden', 'München']",[],[]
11,0,jeg,,,,,['hs: majestæts'],"['Dresden', 'München']",[],[]
12,0,mig,,,,,['hs: majestæts'],"['Dresden', 'München']",[],[]
13,0,at,,,,,['hs: majestæts'],"['Dresden', 'München']",[],[]
14,0,meddele,,,,,['hs: majestæts'],"['Dresden', 'München']",[],[]
15,0,at,,,,,['hs: majestæts'],"['Dresden', 'München']",[],[]
16,0,min,,,,,['hs: majestæts'],"['Dresden', 'München']",[],[]
17,0,herværende,,,,,['hs: majestæts'],"['Dresden', 'München']",[],[]
18,0,adresse,,,,,['hs: majestæts'],"['Dresden', 'München']",[],[]
19,0,er:,,,,,['hs: majestæts'],"['Dresden', 'München']",[],[]
20,0,"Schönfeld-Strasse,",,,,,['hs: majestæts'],"['Dresden', 'München']",[],[]
21,0,No,,,,,['hs: majestæts'],"['Dresden', 'München']",[],[]
22,0,"17,",,,,,['hs: majestæts'],"['Dresden', 'München']",[],[]
23,0,3ten,,,,,['hs: majestæts'],"['Dresden', 'München']",[],[]
24,0,Eingang.Herr,,,,,['hs: majestæts'],"['Dresden', 'München']",[],[]
25,0,overintendantens,,,,,['hs: majestæts'],"['Dresden', 'München']",[],[]
26,0,forrige,,,,,['hs: majestæts'],"['Dresden', 'München']",[],[]
27,0,brev,,,,,['hs: majestæts'],"['Dresden', 'München']",[],[]
28,0,med,,,,,['hs: majestæts'],"['Dresden', 'München']",[],[]
29,0,deri,,,,,['hs: majestæts'],"['Dresden', 'München']",[],[]
30,0,indlagt,,,,,['hs: majestæts'],"['Dresden', 'München']",[],[]
31,0,kgl:,,,,,['hs: majestæts'],"['Dresden', 'München']",[],[]
32,0,håndskrivelse,,,,,['hs: majestæts'],"['Dresden', 'München']",[],[]
33,0,havde,,,,,['hs: majestæts'],"['Dresden', 'München']",[],[]
34,0,jeg,,,,,['hs: majestæts'],"['Dresden', 'München']",[],[]
35,0,den,,,,,['hs: majestæts'],"['Dresden', 'München']",[],[]
36,0,glæde,,,,,['hs: majestæts'],"['Dresden', 'München']",[],[]
37,0,at,,,,,['hs: majestæts'],"['Dresden', 'München']",[],[]
38,0,modtage,,,,,['hs: majestæts'],"['Dresden', 'München']",[],[]
39,0,netop,,,,,['hs: majestæts'],"['Dresden', 'München']",[],[]
40,0,som,,,,,['hs: majestæts'],"['Dresden', 'München']",[],[]
41,0,jeg,,,,,['hs: majestæts'],"['Dresden', 'München']",[],[]
42,0,stod,,,,,['hs: majestæts'],"['Dresden', 'München']",[],[]
43,0,i,,,,,['hs: majestæts'],"['Dresden', 'München']",[],[]
44,0,begreb,,,,,['hs: majestæts'],"['Dresden', 'München']",[],[]
45,0,med,,,,,['hs: majestæts'],"['Dresden', 'München']",[],[]
46,0,at,,,,,['hs: majestæts'],"['Dresden', 'München']",[],[]
47,0,forlade,,,,,['hs: majestæts'],"['Dresden', 'München']",[],[]
48,0,Dresden.,,,,,['hs: majestæts'],"['Dresden', 'München']",[],[]
49,0,For,,,,,['hs: majestæts'],"['Dresden', 'München']",[],[]
50,0,disse,,,,,['hs: majestæts'],"['Dresden', 'München']",[],[]
51,0,gentagne,,,,,['hs: majestæts'],"['Dresden', 'München']",[],[]
52,0,tegn,,,,,['hs: majestæts'],"['Dresden', 'München']",[],[]
53,0,på,,,,,['hs: majestæts'],"['Dresden', 'München']",[],[]
54,0,hs:,,,,,['hs: majestæts'],"['Dresden', 'München']",[],[]
55,0,majestæts,,,,,['hs: majestæts'],"['Dresden', 'München']",[],[]
56,0,bevågenhed,,,,,['hs: majestæts'],"['Dresden', 'München']",[],[]
57,0,beder,,,,,['hs: majestæts'],"['Dresden', 'München']",[],[]
58,0,jeg,,,,,['hs: majestæts'],"['Dresden', 'München']",[],[]
59,0,om,,,,,['hs: majestæts'],"['Dresden', 'München']",[],[]
60,0,tilladelse,,,,,['hs: majestæts'],"['Dresden', 'München']",[],[]
61,0,til,,,,,['hs: majestæts'],"['Dresden', 'München']",[],[]
62,0,gennem,,,,,['hs: majestæts'],"['Dresden', 'München']",[],[]
63,0,herr,,,,,['hs: majestæts'],"['Dresden', 'München']",[],[]
64,0,overintendanten,,,,,['hs: majestæts'],"['Dresden', 'München']",[],[]
65,0,at,,,,,['hs: majestæts'],"['Dresden', 'München']",[],[]
66,0,måtte,,,,,['hs: majestæts'],"['Dresden', 'München']",[],[]
67,0,frembære,,,,,['hs: majestæts'],"['Dresden', 'München']",[],[]
68,0,min,,,,,['hs: majestæts'],"['Dresden', 'München']",[],[]
69,0,underdanigste,,,,,['hs: majestæts'],"['Dresden', 'München']",[],[]
70,0,tak.Måske,,,,,['hs: majestæts'],"['Dresden', 'München']",[],[]
71,0,får,,,,,['hs: majestæts'],"['Dresden', 'München']",[],[]
72,0,jeg,,,,,['hs: majestæts'],"['Dresden', 'München']",[],[]
73,0,også,,,,,['hs: majestæts'],"['Dresden', 'München']",[],[]
74,0,snart,,,,,['hs: majestæts'],"['Dresden', 'München']",[],[]
75,0,anledning,,,,,['hs: majestæts'],"['Dresden', 'München']",[],[]
76,0,til,,,,,['hs: majestæts'],"['Dresden', 'München']",[],[]
77,0,personlig,,,,,['hs: majestæts'],"['Dresden', 'München']",[],[]
78,0,at,,,,,['hs: majestæts'],"['Dresden', 'München']",[],[]
79,0,kunne,,,,,['hs: majestæts'],"['Dresden', 'München']",[],[]
80,0,udtale,,,,,['hs: majestæts'],"['Dresden', 'München']",[],[]
81,0,for,,,,,['hs: majestæts'],"['Dresden', 'München']",[],[]
82,0,hs:,,,,,['hs: majestæts'],"['Dresden', 'München']",[],[]
83,0,majestæt,,,,,['hs: majestæts'],"['Dresden', 'München']",[],[]
84,0,min,,,,,['hs: majestæts'],"['Dresden', 'München']",[],[]
85,0,taknemmelighed.,,,,,['hs: majestæts'],"['Dresden', 'München']",[],[]
86,0,Jeg,,,,,['hs: majestæts'],"['Dresden', 'München']",[],[]
87,0,kommer,,,,,['hs: majestæts'],"['Dresden', 'München']",[],[]
88,0,nemlig,,,,,['hs: majestæts'],"['Dresden', 'München']",[],[]
89,0,muligens,,,,,['hs: majestæts'],"['Dresden', 'München']",[],[]
90,0,til,,,,,['hs: majestæts'],"['Dresden', 'München']",[],[]
91,0,at,,,,,['hs: majestæts'],"['Dresden', 'München']",[],[]
92,0,deltage,,,,,['hs: majestæts'],"['Dresden', 'München']",[],[]
93,0,i,,,,,['hs: majestæts'],"['Dresden', 'München']",[],[]
94,0,studentertoget;,,,,,['hs: majestæts'],"['Dresden', 'München']",[],[]
95,0,det,,,,,['hs: majestæts'],"['Dresden', 'München']",[],[]
96,0,vilde,,,,,['hs: majestæts'],"['Dresden', 'München']",[],[]
97,0,derfor,,,,,['hs: majestæts'],"['Dresden', 'München']",[],[]
98,0,være,,,,,['hs: majestæts'],"['Dresden', 'München']",[],[]
99,0,mig,,,,,['hs: majestæts'],"['Dresden', 'München']",[],[]
100,0,særdeles,,,,,['hs: majestæts'],"['Dresden', 'München']",[],[]
101,0,"kært,",,,,,['hs: majestæts'],"['Dresden', 'München']",[],[]
102,0,snarest,,,,,['hs: majestæts'],"['Dresden', 'München']",[],[]
103,0,muligt,,,,,['hs: majestæts'],"['Dresden', 'München']",[],[]
104,0,at,,,,,['hs: majestæts'],"['Dresden', 'München']",[],[]
105,0,erholde,,,,,['hs: majestæts'],"['Dresden', 'München']",[],[]
106,0,hidsendt,,,,,['hs: majestæts'],"['Dresden', 'München']",[],[]
107,0,til,,,,,['hs: majestæts'],"['Dresden', 'München']",[],[]
108,0,München,,,,,['hs: majestæts'],"['Dresden', 'München']",[],[]
109,0,den,,,,,['hs: majestæts'],"['Dresden', 'München']",[],[]
110,0,mig,,,,,['hs: majestæts'],"['Dresden', 'München']",[],[]
111,0,nådigst,,,,,['hs: majestæts'],"['Dresden', 'München']",[],[]
112,0,tildelte,,,,,['hs: majestæts'],"['Dresden', 'München']",[],[]
113,0,medalje.Idet,,,,,['hs: majestæts'],"['Dresden', 'München']",[],[]
114,0,jeg,,,,,['hs: majestæts'],"['Dresden', 'München']",[],[]
115,0,beder,,,,,['hs: majestæts'],"['Dresden', 'München']",[],[]
116,0,herr,,,,,['hs: majestæts'],"['Dresden', 'München']",[],[]
117,0,overintendanten,,,,,['hs: majestæts'],"['Dresden', 'München']",[],[]
118,0,modtage,,,,,['hs: majestæts'],"['Dresden', 'München']",[],[]
119,0,forsikringen,,,,,['hs: majestæts'],"['Dresden', 'München']",[],[]
120,0,om,,,,,['hs: majestæts'],"['Dresden', 'München']",[],[]
121,0,min,,,,,['hs: majestæts'],"['Dresden', 'München']",[],[]
122,0,hjerteligste,,,,,['hs: majestæts'],"['Dresden', 'München']",[],[]
123,0,erkendtlighed,,,,,['hs: majestæts'],"['Dresden', 'München']",[],[]
124,0,for,,,,,['hs: majestæts'],"['Dresden', 'München']",[],[]
125,0,al,,,,,['hs: majestæts'],"['Dresden', 'München']",[],[]
126,0,udvist,,,,,['hs: majestæts'],"['Dresden', 'München']",[],[]
127,0,velvilje,,,,,['hs: majestæts'],"['Dresden', 'München']",[],[]
128,0,tegner,,,,,['hs: majestæts'],"['Dresden', 'München']",[],[]
129,0,jeg,,,,,['hs: majestæts'],"['Dresden', 'München']",[],[]
130,0,mig,,,,,['hs: majestæts'],"['Dresden', 'München']",[],[]
