,,0,human_annotation,who,dacy_medium,spacy_trf,person,place,org,work
0,0,Som,,,,,"['bogtrykker Jensen', 'Hegel', 'min svoger, Thoresen']",[],[],"['«Hærmændene på Helgeland»', '«Fru Inger til Østråt»']"
1,0,svar,,,,,"['bogtrykker Jensen', 'Hegel', 'min svoger, Thoresen']",[],[],"['«Hærmændene på Helgeland»', '«Fru Inger til Østråt»']"
2,0,på,,,,,"['bogtrykker Jensen', 'Hegel', 'min svoger, Thoresen']",[],[],"['«Hærmændene på Helgeland»', '«Fru Inger til Østråt»']"
3,0,Deres,,,,,"['bogtrykker Jensen', 'Hegel', 'min svoger, Thoresen']",[],[],"['«Hærmændene på Helgeland»', '«Fru Inger til Østråt»']"
4,0,to,,,,,"['bogtrykker Jensen', 'Hegel', 'min svoger, Thoresen']",[],[],"['«Hærmændene på Helgeland»', '«Fru Inger til Østråt»']"
5,0,venlige,,,,,"['bogtrykker Jensen', 'Hegel', 'min svoger, Thoresen']",[],[],"['«Hærmændene på Helgeland»', '«Fru Inger til Østråt»']"
6,0,skrivelser,,,,,"['bogtrykker Jensen', 'Hegel', 'min svoger, Thoresen']",[],[],"['«Hærmændene på Helgeland»', '«Fru Inger til Østråt»']"
7,0,tillader,,,,,"['bogtrykker Jensen', 'Hegel', 'min svoger, Thoresen']",[],[],"['«Hærmændene på Helgeland»', '«Fru Inger til Østråt»']"
8,0,jeg,,,,,"['bogtrykker Jensen', 'Hegel', 'min svoger, Thoresen']",[],[],"['«Hærmændene på Helgeland»', '«Fru Inger til Østråt»']"
9,0,mig,,,,,"['bogtrykker Jensen', 'Hegel', 'min svoger, Thoresen']",[],[],"['«Hærmændene på Helgeland»', '«Fru Inger til Østråt»']"
10,0,herved,,,,,"['bogtrykker Jensen', 'Hegel', 'min svoger, Thoresen']",[],[],"['«Hærmændene på Helgeland»', '«Fru Inger til Østråt»']"
11,0,at,,,,,"['bogtrykker Jensen', 'Hegel', 'min svoger, Thoresen']",[],[],"['«Hærmændene på Helgeland»', '«Fru Inger til Østråt»']"
12,0,bringe,,,,,"['bogtrykker Jensen', 'Hegel', 'min svoger, Thoresen']",[],[],"['«Hærmændene på Helgeland»', '«Fru Inger til Østråt»']"
13,0,Dem,,,,,"['bogtrykker Jensen', 'Hegel', 'min svoger, Thoresen']",[],[],"['«Hærmændene på Helgeland»', '«Fru Inger til Østråt»']"
14,0,min,,,,,"['bogtrykker Jensen', 'Hegel', 'min svoger, Thoresen']",[],[],"['«Hærmændene på Helgeland»', '«Fru Inger til Østråt»']"
15,0,hjerteligste,,,,,"['bogtrykker Jensen', 'Hegel', 'min svoger, Thoresen']",[],[],"['«Hærmændene på Helgeland»', '«Fru Inger til Østråt»']"
16,0,og,,,,,"['bogtrykker Jensen', 'Hegel', 'min svoger, Thoresen']",[],[],"['«Hærmændene på Helgeland»', '«Fru Inger til Østråt»']"
17,0,forbindtligste,,,,,"['bogtrykker Jensen', 'Hegel', 'min svoger, Thoresen']",[],[],"['«Hærmændene på Helgeland»', '«Fru Inger til Østråt»']"
18,0,tak,,,,,"['bogtrykker Jensen', 'Hegel', 'min svoger, Thoresen']",[],[],"['«Hærmændene på Helgeland»', '«Fru Inger til Østråt»']"
19,0,for,,,,,"['bogtrykker Jensen', 'Hegel', 'min svoger, Thoresen']",[],[],"['«Hærmændene på Helgeland»', '«Fru Inger til Østråt»']"
20,0,det,,,,,"['bogtrykker Jensen', 'Hegel', 'min svoger, Thoresen']",[],[],"['«Hærmændene på Helgeland»', '«Fru Inger til Østråt»']"
21,0,foreløbigen,,,,,"['bogtrykker Jensen', 'Hegel', 'min svoger, Thoresen']",[],[],"['«Hærmændene på Helgeland»', '«Fru Inger til Østråt»']"
22,0,opnåede,,,,,"['bogtrykker Jensen', 'Hegel', 'min svoger, Thoresen']",[],[],"['«Hærmændene på Helgeland»', '«Fru Inger til Østråt»']"
23,0,særdeles,,,,,"['bogtrykker Jensen', 'Hegel', 'min svoger, Thoresen']",[],[],"['«Hærmændene på Helgeland»', '«Fru Inger til Østråt»']"
24,0,gunstige,,,,,"['bogtrykker Jensen', 'Hegel', 'min svoger, Thoresen']",[],[],"['«Hærmændene på Helgeland»', '«Fru Inger til Østråt»']"
25,0,udfald,,,,,"['bogtrykker Jensen', 'Hegel', 'min svoger, Thoresen']",[],[],"['«Hærmændene på Helgeland»', '«Fru Inger til Østråt»']"
26,0,af,,,,,"['bogtrykker Jensen', 'Hegel', 'min svoger, Thoresen']",[],[],"['«Hærmændene på Helgeland»', '«Fru Inger til Østråt»']"
27,0,processen,,,,,"['bogtrykker Jensen', 'Hegel', 'min svoger, Thoresen']",[],[],"['«Hærmændene på Helgeland»', '«Fru Inger til Østråt»']"
28,0,mod,,,,,"['bogtrykker Jensen', 'Hegel', 'min svoger, Thoresen']",[],[],"['«Hærmændene på Helgeland»', '«Fru Inger til Østråt»']"
29,0,bogtrykker,,,,,"['bogtrykker Jensen', 'Hegel', 'min svoger, Thoresen']",[],[],"['«Hærmændene på Helgeland»', '«Fru Inger til Østråt»']"
30,0,Jensen.,,,,,"['bogtrykker Jensen', 'Hegel', 'min svoger, Thoresen']",[],[],"['«Hærmændene på Helgeland»', '«Fru Inger til Østråt»']"
31,0,Jeg,,,,,"['bogtrykker Jensen', 'Hegel', 'min svoger, Thoresen']",[],[],"['«Hærmændene på Helgeland»', '«Fru Inger til Østråt»']"
32,0,tvivler,,,,,"['bogtrykker Jensen', 'Hegel', 'min svoger, Thoresen']",[],[],"['«Hærmændene på Helgeland»', '«Fru Inger til Østråt»']"
33,0,ikke,,,,,"['bogtrykker Jensen', 'Hegel', 'min svoger, Thoresen']",[],[],"['«Hærmændene på Helgeland»', '«Fru Inger til Østråt»']"
34,0,på,,,,,"['bogtrykker Jensen', 'Hegel', 'min svoger, Thoresen']",[],[],"['«Hærmændene på Helgeland»', '«Fru Inger til Østråt»']"
35,0,at,,,,,"['bogtrykker Jensen', 'Hegel', 'min svoger, Thoresen']",[],[],"['«Hærmændene på Helgeland»', '«Fru Inger til Østråt»']"
36,0,det,,,,,"['bogtrykker Jensen', 'Hegel', 'min svoger, Thoresen']",[],[],"['«Hærmændene på Helgeland»', '«Fru Inger til Østråt»']"
37,0,vil,,,,,"['bogtrykker Jensen', 'Hegel', 'min svoger, Thoresen']",[],[],"['«Hærmændene på Helgeland»', '«Fru Inger til Østråt»']"
38,0,lykkes,,,,,"['bogtrykker Jensen', 'Hegel', 'min svoger, Thoresen']",[],[],"['«Hærmændene på Helgeland»', '«Fru Inger til Østråt»']"
39,0,Dem,,,,,"['bogtrykker Jensen', 'Hegel', 'min svoger, Thoresen']",[],[],"['«Hærmændene på Helgeland»', '«Fru Inger til Østråt»']"
40,0,også,,,,,"['bogtrykker Jensen', 'Hegel', 'min svoger, Thoresen']",[],[],"['«Hærmændene på Helgeland»', '«Fru Inger til Østråt»']"
41,0,for,,,,,"['bogtrykker Jensen', 'Hegel', 'min svoger, Thoresen']",[],[],"['«Hærmændene på Helgeland»', '«Fru Inger til Østråt»']"
42,0,højesteret,,,,,"['bogtrykker Jensen', 'Hegel', 'min svoger, Thoresen']",[],[],"['«Hærmændene på Helgeland»', '«Fru Inger til Østråt»']"
43,0,at,,,,,"['bogtrykker Jensen', 'Hegel', 'min svoger, Thoresen']",[],[],"['«Hærmændene på Helgeland»', '«Fru Inger til Østråt»']"
44,0,tilvejebringe,,,,,"['bogtrykker Jensen', 'Hegel', 'min svoger, Thoresen']",[],[],"['«Hærmændene på Helgeland»', '«Fru Inger til Østråt»']"
45,0,et,,,,,"['bogtrykker Jensen', 'Hegel', 'min svoger, Thoresen']",[],[],"['«Hærmændene på Helgeland»', '«Fru Inger til Østråt»']"
46,0,for,,,,,"['bogtrykker Jensen', 'Hegel', 'min svoger, Thoresen']",[],[],"['«Hærmændene på Helgeland»', '«Fru Inger til Østråt»']"
47,0,mig,,,,,"['bogtrykker Jensen', 'Hegel', 'min svoger, Thoresen']",[],[],"['«Hærmændene på Helgeland»', '«Fru Inger til Østråt»']"
48,0,tilfredsstillende,,,,,"['bogtrykker Jensen', 'Hegel', 'min svoger, Thoresen']",[],[],"['«Hærmændene på Helgeland»', '«Fru Inger til Østråt»']"
49,0,resultat.Hovedsagen,,,,,"['bogtrykker Jensen', 'Hegel', 'min svoger, Thoresen']",[],[],"['«Hærmændene på Helgeland»', '«Fru Inger til Østråt»']"
50,0,er,,,,,"['bogtrykker Jensen', 'Hegel', 'min svoger, Thoresen']",[],[],"['«Hærmændene på Helgeland»', '«Fru Inger til Østråt»']"
51,0,naturligvis,,,,,"['bogtrykker Jensen', 'Hegel', 'min svoger, Thoresen']",[],[],"['«Hærmændene på Helgeland»', '«Fru Inger til Østråt»']"
52,0,for,,,,,"['bogtrykker Jensen', 'Hegel', 'min svoger, Thoresen']",[],[],"['«Hærmændene på Helgeland»', '«Fru Inger til Østråt»']"
53,0,mig,,,,,"['bogtrykker Jensen', 'Hegel', 'min svoger, Thoresen']",[],[],"['«Hærmændene på Helgeland»', '«Fru Inger til Østråt»']"
54,0,at,,,,,"['bogtrykker Jensen', 'Hegel', 'min svoger, Thoresen']",[],[],"['«Hærmændene på Helgeland»', '«Fru Inger til Østråt»']"
55,0,tilkendes,,,,,"['bogtrykker Jensen', 'Hegel', 'min svoger, Thoresen']",[],[],"['«Hærmændene på Helgeland»', '«Fru Inger til Østråt»']"
56,0,ejendomsretten,,,,,"['bogtrykker Jensen', 'Hegel', 'min svoger, Thoresen']",[],[],"['«Hærmændene på Helgeland»', '«Fru Inger til Østråt»']"
57,0,til,,,,,"['bogtrykker Jensen', 'Hegel', 'min svoger, Thoresen']",[],[],"['«Hærmændene på Helgeland»', '«Fru Inger til Østråt»']"
58,0,de,,,,,"['bogtrykker Jensen', 'Hegel', 'min svoger, Thoresen']",[],[],"['«Hærmændene på Helgeland»', '«Fru Inger til Østråt»']"
59,0,to,,,,,"['bogtrykker Jensen', 'Hegel', 'min svoger, Thoresen']",[],[],"['«Hærmændene på Helgeland»', '«Fru Inger til Østråt»']"
60,0,omstridte,,,,,"['bogtrykker Jensen', 'Hegel', 'min svoger, Thoresen']",[],[],"['«Hærmændene på Helgeland»', '«Fru Inger til Østråt»']"
61,0,bøger;,,,,,"['bogtrykker Jensen', 'Hegel', 'min svoger, Thoresen']",[],[],"['«Hærmændene på Helgeland»', '«Fru Inger til Østråt»']"
62,0,thi,,,,,"['bogtrykker Jensen', 'Hegel', 'min svoger, Thoresen']",[],[],"['«Hærmændene på Helgeland»', '«Fru Inger til Østråt»']"
63,0,disse,,,,,"['bogtrykker Jensen', 'Hegel', 'min svoger, Thoresen']",[],[],"['«Hærmændene på Helgeland»', '«Fru Inger til Østråt»']"
64,0,repræsenterer,,,,,"['bogtrykker Jensen', 'Hegel', 'min svoger, Thoresen']",[],[],"['«Hærmændene på Helgeland»', '«Fru Inger til Østråt»']"
65,0,nu,,,,,"['bogtrykker Jensen', 'Hegel', 'min svoger, Thoresen']",[],[],"['«Hærmændene på Helgeland»', '«Fru Inger til Østråt»']"
66,0,en,,,,,"['bogtrykker Jensen', 'Hegel', 'min svoger, Thoresen']",[],[],"['«Hærmændene på Helgeland»', '«Fru Inger til Østråt»']"
67,0,efter,,,,,"['bogtrykker Jensen', 'Hegel', 'min svoger, Thoresen']",[],[],"['«Hærmændene på Helgeland»', '«Fru Inger til Østråt»']"
68,0,vore,,,,,"['bogtrykker Jensen', 'Hegel', 'min svoger, Thoresen']",[],[],"['«Hærmændene på Helgeland»', '«Fru Inger til Østråt»']"
69,0,forholde,,,,,"['bogtrykker Jensen', 'Hegel', 'min svoger, Thoresen']",[],[],"['«Hærmændene på Helgeland»', '«Fru Inger til Østråt»']"
70,0,temmelig,,,,,"['bogtrykker Jensen', 'Hegel', 'min svoger, Thoresen']",[],[],"['«Hærmændene på Helgeland»', '«Fru Inger til Østråt»']"
71,0,betydelig,,,,,"['bogtrykker Jensen', 'Hegel', 'min svoger, Thoresen']",[],[],"['«Hærmændene på Helgeland»', '«Fru Inger til Østråt»']"
72,0,pengeværdi.,,,,,"['bogtrykker Jensen', 'Hegel', 'min svoger, Thoresen']",[],[],"['«Hærmændene på Helgeland»', '«Fru Inger til Østråt»']"
73,0,Således,,,,,"['bogtrykker Jensen', 'Hegel', 'min svoger, Thoresen']",[],[],"['«Hærmændene på Helgeland»', '«Fru Inger til Østråt»']"
74,0,er,,,,,"['bogtrykker Jensen', 'Hegel', 'min svoger, Thoresen']",[],[],"['«Hærmændene på Helgeland»', '«Fru Inger til Østråt»']"
75,0,under,,,,,"['bogtrykker Jensen', 'Hegel', 'min svoger, Thoresen']",[],[],"['«Hærmændene på Helgeland»', '«Fru Inger til Østråt»']"
76,0,processens,,,,,"['bogtrykker Jensen', 'Hegel', 'min svoger, Thoresen']",[],[],"['«Hærmændene på Helgeland»', '«Fru Inger til Østråt»']"
77,0,løb,,,,,"['bogtrykker Jensen', 'Hegel', 'min svoger, Thoresen']",[],[],"['«Hærmændene på Helgeland»', '«Fru Inger til Østråt»']"
78,0,af,,,,,"['bogtrykker Jensen', 'Hegel', 'min svoger, Thoresen']",[],[],"['«Hærmændene på Helgeland»', '«Fru Inger til Østråt»']"
79,0,«Hærmændene,,,,,"['bogtrykker Jensen', 'Hegel', 'min svoger, Thoresen']",[],[],"['«Hærmændene på Helgeland»', '«Fru Inger til Østråt»']"
80,0,på,,,,,"['bogtrykker Jensen', 'Hegel', 'min svoger, Thoresen']",[],[],"['«Hærmændene på Helgeland»', '«Fru Inger til Østråt»']"
81,0,Helgeland»,,,,,"['bogtrykker Jensen', 'Hegel', 'min svoger, Thoresen']",[],[],"['«Hærmændene på Helgeland»', '«Fru Inger til Østråt»']"
82,0,udkommet,,,,,"['bogtrykker Jensen', 'Hegel', 'min svoger, Thoresen']",[],[],"['«Hærmændene på Helgeland»', '«Fru Inger til Østråt»']"
83,0,hos,,,,,"['bogtrykker Jensen', 'Hegel', 'min svoger, Thoresen']",[],[],"['«Hærmændene på Helgeland»', '«Fru Inger til Østråt»']"
84,0,Hegel,,,,,"['bogtrykker Jensen', 'Hegel', 'min svoger, Thoresen']",[],[],"['«Hærmændene på Helgeland»', '«Fru Inger til Østråt»']"
85,0,3,,,,,"['bogtrykker Jensen', 'Hegel', 'min svoger, Thoresen']",[],[],"['«Hærmændene på Helgeland»', '«Fru Inger til Østråt»']"
86,0,nye,,,,,"['bogtrykker Jensen', 'Hegel', 'min svoger, Thoresen']",[],[],"['«Hærmændene på Helgeland»', '«Fru Inger til Østråt»']"
87,0,store,,,,,"['bogtrykker Jensen', 'Hegel', 'min svoger, Thoresen']",[],[],"['«Hærmændene på Helgeland»', '«Fru Inger til Østråt»']"
88,0,"oplag,",,,,,"['bogtrykker Jensen', 'Hegel', 'min svoger, Thoresen']",[],[],"['«Hærmændene på Helgeland»', '«Fru Inger til Østråt»']"
89,0,så,,,,,"['bogtrykker Jensen', 'Hegel', 'min svoger, Thoresen']",[],[],"['«Hærmændene på Helgeland»', '«Fru Inger til Østråt»']"
90,0,at,,,,,"['bogtrykker Jensen', 'Hegel', 'min svoger, Thoresen']",[],[],"['«Hærmændene på Helgeland»', '«Fru Inger til Østråt»']"
91,0,denne,,,,,"['bogtrykker Jensen', 'Hegel', 'min svoger, Thoresen']",[],[],"['«Hærmændene på Helgeland»', '«Fru Inger til Østråt»']"
92,0,bog,,,,,"['bogtrykker Jensen', 'Hegel', 'min svoger, Thoresen']",[],[],"['«Hærmændene på Helgeland»', '«Fru Inger til Østråt»']"
93,0,nu,,,,,"['bogtrykker Jensen', 'Hegel', 'min svoger, Thoresen']",[],[],"['«Hærmændene på Helgeland»', '«Fru Inger til Østråt»']"
94,0,foreligger,,,,,"['bogtrykker Jensen', 'Hegel', 'min svoger, Thoresen']",[],[],"['«Hærmændene på Helgeland»', '«Fru Inger til Østråt»']"
95,0,i,,,,,"['bogtrykker Jensen', 'Hegel', 'min svoger, Thoresen']",[],[],"['«Hærmændene på Helgeland»', '«Fru Inger til Østråt»']"
96,0,handelen,,,,,"['bogtrykker Jensen', 'Hegel', 'min svoger, Thoresen']",[],[],"['«Hærmændene på Helgeland»', '«Fru Inger til Østråt»']"
97,0,i,,,,,"['bogtrykker Jensen', 'Hegel', 'min svoger, Thoresen']",[],[],"['«Hærmændene på Helgeland»', '«Fru Inger til Østråt»']"
98,0,4de,,,,,"['bogtrykker Jensen', 'Hegel', 'min svoger, Thoresen']",[],[],"['«Hærmændene på Helgeland»', '«Fru Inger til Østråt»']"
99,0,udgave.,,,,,"['bogtrykker Jensen', 'Hegel', 'min svoger, Thoresen']",[],[],"['«Hærmændene på Helgeland»', '«Fru Inger til Østråt»']"
100,0,Af,,,,,"['bogtrykker Jensen', 'Hegel', 'min svoger, Thoresen']",[],[],"['«Hærmændene på Helgeland»', '«Fru Inger til Østråt»']"
101,0,«Fru,,,,,"['bogtrykker Jensen', 'Hegel', 'min svoger, Thoresen']",[],[],"['«Hærmændene på Helgeland»', '«Fru Inger til Østråt»']"
102,0,Inger,,,,,"['bogtrykker Jensen', 'Hegel', 'min svoger, Thoresen']",[],[],"['«Hærmændene på Helgeland»', '«Fru Inger til Østråt»']"
103,0,til,,,,,"['bogtrykker Jensen', 'Hegel', 'min svoger, Thoresen']",[],[],"['«Hærmændene på Helgeland»', '«Fru Inger til Østråt»']"
104,0,Østråt»,,,,,"['bogtrykker Jensen', 'Hegel', 'min svoger, Thoresen']",[],[],"['«Hærmændene på Helgeland»', '«Fru Inger til Østråt»']"
105,0,er,,,,,"['bogtrykker Jensen', 'Hegel', 'min svoger, Thoresen']",[],[],"['«Hærmændene på Helgeland»', '«Fru Inger til Østråt»']"
106,0,2det,,,,,"['bogtrykker Jensen', 'Hegel', 'min svoger, Thoresen']",[],[],"['«Hærmændene på Helgeland»', '«Fru Inger til Østråt»']"
107,0,særdeles,,,,,"['bogtrykker Jensen', 'Hegel', 'min svoger, Thoresen']",[],[],"['«Hærmændene på Helgeland»', '«Fru Inger til Østråt»']"
108,0,betydelige,,,,,"['bogtrykker Jensen', 'Hegel', 'min svoger, Thoresen']",[],[],"['«Hærmændene på Helgeland»', '«Fru Inger til Østråt»']"
109,0,oplag,,,,,"['bogtrykker Jensen', 'Hegel', 'min svoger, Thoresen']",[],[],"['«Hærmændene på Helgeland»', '«Fru Inger til Østråt»']"
110,0,næsten,,,,,"['bogtrykker Jensen', 'Hegel', 'min svoger, Thoresen']",[],[],"['«Hærmændene på Helgeland»', '«Fru Inger til Østråt»']"
111,0,udsolgt,,,,,"['bogtrykker Jensen', 'Hegel', 'min svoger, Thoresen']",[],[],"['«Hærmændene på Helgeland»', '«Fru Inger til Østråt»']"
112,0,og,,,,,"['bogtrykker Jensen', 'Hegel', 'min svoger, Thoresen']",[],[],"['«Hærmændene på Helgeland»', '«Fru Inger til Østråt»']"
113,0,et,,,,,"['bogtrykker Jensen', 'Hegel', 'min svoger, Thoresen']",[],[],"['«Hærmændene på Helgeland»', '«Fru Inger til Østråt»']"
114,0,tredje,,,,,"['bogtrykker Jensen', 'Hegel', 'min svoger, Thoresen']",[],[],"['«Hærmændene på Helgeland»', '«Fru Inger til Østråt»']"
115,0,vil,,,,,"['bogtrykker Jensen', 'Hegel', 'min svoger, Thoresen']",[],[],"['«Hærmændene på Helgeland»', '«Fru Inger til Østråt»']"
116,0,om,,,,,"['bogtrykker Jensen', 'Hegel', 'min svoger, Thoresen']",[],[],"['«Hærmændene på Helgeland»', '«Fru Inger til Østråt»']"
117,0,kort,,,,,"['bogtrykker Jensen', 'Hegel', 'min svoger, Thoresen']",[],[],"['«Hærmændene på Helgeland»', '«Fru Inger til Østråt»']"
118,0,tid,,,,,"['bogtrykker Jensen', 'Hegel', 'min svoger, Thoresen']",[],[],"['«Hærmændene på Helgeland»', '«Fru Inger til Østråt»']"
119,0,gøres,,,,,"['bogtrykker Jensen', 'Hegel', 'min svoger, Thoresen']",[],[],"['«Hærmændene på Helgeland»', '«Fru Inger til Østråt»']"
120,0,nødvendigt.,,,,,"['bogtrykker Jensen', 'Hegel', 'min svoger, Thoresen']",[],[],"['«Hærmændene på Helgeland»', '«Fru Inger til Østråt»']"
121,0,For,,,,,"['bogtrykker Jensen', 'Hegel', 'min svoger, Thoresen']",[],[],"['«Hærmændene på Helgeland»', '«Fru Inger til Østråt»']"
122,0,hvert,,,,,"['bogtrykker Jensen', 'Hegel', 'min svoger, Thoresen']",[],[],"['«Hærmændene på Helgeland»', '«Fru Inger til Østråt»']"
123,0,af,,,,,"['bogtrykker Jensen', 'Hegel', 'min svoger, Thoresen']",[],[],"['«Hærmændene på Helgeland»', '«Fru Inger til Østråt»']"
124,0,disse,,,,,"['bogtrykker Jensen', 'Hegel', 'min svoger, Thoresen']",[],[],"['«Hærmændene på Helgeland»', '«Fru Inger til Østråt»']"
125,0,nye,,,,,"['bogtrykker Jensen', 'Hegel', 'min svoger, Thoresen']",[],[],"['«Hærmændene på Helgeland»', '«Fru Inger til Østråt»']"
126,0,oplag,,,,,"['bogtrykker Jensen', 'Hegel', 'min svoger, Thoresen']",[],[],"['«Hærmændene på Helgeland»', '«Fru Inger til Østråt»']"
127,0,erholder,,,,,"['bogtrykker Jensen', 'Hegel', 'min svoger, Thoresen']",[],[],"['«Hærmændene på Helgeland»', '«Fru Inger til Østråt»']"
128,0,jeg,,,,,"['bogtrykker Jensen', 'Hegel', 'min svoger, Thoresen']",[],[],"['«Hærmændene på Helgeland»', '«Fru Inger til Østråt»']"
129,0,"nyt,",,,,,"['bogtrykker Jensen', 'Hegel', 'min svoger, Thoresen']",[],[],"['«Hærmændene på Helgeland»', '«Fru Inger til Østråt»']"
130,0,og,,,,,"['bogtrykker Jensen', 'Hegel', 'min svoger, Thoresen']",[],[],"['«Hærmændene på Helgeland»', '«Fru Inger til Østråt»']"
131,0,jeg,,,,,"['bogtrykker Jensen', 'Hegel', 'min svoger, Thoresen']",[],[],"['«Hærmændene på Helgeland»', '«Fru Inger til Østråt»']"
132,0,kan,,,,,"['bogtrykker Jensen', 'Hegel', 'min svoger, Thoresen']",[],[],"['«Hærmændene på Helgeland»', '«Fru Inger til Østråt»']"
133,0,"tilføje,",,,,,"['bogtrykker Jensen', 'Hegel', 'min svoger, Thoresen']",[],[],"['«Hærmændene på Helgeland»', '«Fru Inger til Østråt»']"
134,0,særdeles,,,,,"['bogtrykker Jensen', 'Hegel', 'min svoger, Thoresen']",[],[],"['«Hærmændene på Helgeland»', '«Fru Inger til Østråt»']"
135,0,rundeligt,,,,,"['bogtrykker Jensen', 'Hegel', 'min svoger, Thoresen']",[],[],"['«Hærmændene på Helgeland»', '«Fru Inger til Østråt»']"
136,0,forfatterhonorar.,,,,,"['bogtrykker Jensen', 'Hegel', 'min svoger, Thoresen']",[],[],"['«Hærmændene på Helgeland»', '«Fru Inger til Østråt»']"
137,0,Det,,,,,"['bogtrykker Jensen', 'Hegel', 'min svoger, Thoresen']",[],[],"['«Hærmændene på Helgeland»', '«Fru Inger til Østråt»']"
138,0,er,,,,,"['bogtrykker Jensen', 'Hegel', 'min svoger, Thoresen']",[],[],"['«Hærmændene på Helgeland»', '«Fru Inger til Østråt»']"
139,0,altså,,,,,"['bogtrykker Jensen', 'Hegel', 'min svoger, Thoresen']",[],[],"['«Hærmændene på Helgeland»', '«Fru Inger til Østråt»']"
140,0,en,,,,,"['bogtrykker Jensen', 'Hegel', 'min svoger, Thoresen']",[],[],"['«Hærmændene på Helgeland»', '«Fru Inger til Østråt»']"
141,0,for,,,,,"['bogtrykker Jensen', 'Hegel', 'min svoger, Thoresen']",[],[],"['«Hærmændene på Helgeland»', '«Fru Inger til Østråt»']"
142,0,mig,,,,,"['bogtrykker Jensen', 'Hegel', 'min svoger, Thoresen']",[],[],"['«Hærmændene på Helgeland»', '«Fru Inger til Østråt»']"
143,0,betydelig,,,,,"['bogtrykker Jensen', 'Hegel', 'min svoger, Thoresen']",[],[],"['«Hærmændene på Helgeland»', '«Fru Inger til Østråt»']"
144,0,"affære,",,,,,"['bogtrykker Jensen', 'Hegel', 'min svoger, Thoresen']",[],[],"['«Hærmændene på Helgeland»', '«Fru Inger til Østråt»']"
145,0,der,,,,,"['bogtrykker Jensen', 'Hegel', 'min svoger, Thoresen']",[],[],"['«Hærmændene på Helgeland»', '«Fru Inger til Østråt»']"
146,0,har,,,,,"['bogtrykker Jensen', 'Hegel', 'min svoger, Thoresen']",[],[],"['«Hærmændene på Helgeland»', '«Fru Inger til Østråt»']"
147,0,stået,,,,,"['bogtrykker Jensen', 'Hegel', 'min svoger, Thoresen']",[],[],"['«Hærmændene på Helgeland»', '«Fru Inger til Østråt»']"
148,0,på,,,,,"['bogtrykker Jensen', 'Hegel', 'min svoger, Thoresen']",[],[],"['«Hærmændene på Helgeland»', '«Fru Inger til Østråt»']"
149,0,spil.Jeg,,,,,"['bogtrykker Jensen', 'Hegel', 'min svoger, Thoresen']",[],[],"['«Hærmændene på Helgeland»', '«Fru Inger til Østråt»']"
150,0,har,,,,,"['bogtrykker Jensen', 'Hegel', 'min svoger, Thoresen']",[],[],"['«Hærmændene på Helgeland»', '«Fru Inger til Østråt»']"
151,0,tidligere,,,,,"['bogtrykker Jensen', 'Hegel', 'min svoger, Thoresen']",[],[],"['«Hærmændene på Helgeland»', '«Fru Inger til Østråt»']"
152,0,gennem,,,,,"['bogtrykker Jensen', 'Hegel', 'min svoger, Thoresen']",[],[],"['«Hærmændene på Helgeland»', '«Fru Inger til Østråt»']"
153,0,min,,,,,"['bogtrykker Jensen', 'Hegel', 'min svoger, Thoresen']",[],[],"['«Hærmændene på Helgeland»', '«Fru Inger til Østråt»']"
154,0,"svoger,",,,,,"['bogtrykker Jensen', 'Hegel', 'min svoger, Thoresen']",[],[],"['«Hærmændene på Helgeland»', '«Fru Inger til Østråt»']"
155,0,"Thoresen,",,,,,"['bogtrykker Jensen', 'Hegel', 'min svoger, Thoresen']",[],[],"['«Hærmændene på Helgeland»', '«Fru Inger til Østråt»']"
156,0,ladet,,,,,"['bogtrykker Jensen', 'Hegel', 'min svoger, Thoresen']",[],[],"['«Hærmændene på Helgeland»', '«Fru Inger til Østråt»']"
157,0,forespørge,,,,,"['bogtrykker Jensen', 'Hegel', 'min svoger, Thoresen']",[],[],"['«Hærmændene på Helgeland»', '«Fru Inger til Østråt»']"
158,0,om,,,,,"['bogtrykker Jensen', 'Hegel', 'min svoger, Thoresen']",[],[],"['«Hærmændene på Helgeland»', '«Fru Inger til Østråt»']"
159,0,De,,,,,"['bogtrykker Jensen', 'Hegel', 'min svoger, Thoresen']",[],[],"['«Hærmændene på Helgeland»', '«Fru Inger til Østråt»']"
160,0,ikke,,,,,"['bogtrykker Jensen', 'Hegel', 'min svoger, Thoresen']",[],[],"['«Hærmændene på Helgeland»', '«Fru Inger til Østråt»']"
161,0,ønskede,,,,,"['bogtrykker Jensen', 'Hegel', 'min svoger, Thoresen']",[],[],"['«Hærmændene på Helgeland»', '«Fru Inger til Østråt»']"
162,0,foreløbig,,,,,"['bogtrykker Jensen', 'Hegel', 'min svoger, Thoresen']",[],[],"['«Hærmændene på Helgeland»', '«Fru Inger til Østråt»']"
163,0,remisse,,,,,"['bogtrykker Jensen', 'Hegel', 'min svoger, Thoresen']",[],[],"['«Hærmændene på Helgeland»', '«Fru Inger til Østråt»']"
164,0,til,,,,,"['bogtrykker Jensen', 'Hegel', 'min svoger, Thoresen']",[],[],"['«Hærmændene på Helgeland»', '«Fru Inger til Østråt»']"
165,0,dækkelse,,,,,"['bogtrykker Jensen', 'Hegel', 'min svoger, Thoresen']",[],[],"['«Hærmændene på Helgeland»', '«Fru Inger til Østråt»']"
166,0,af,,,,,"['bogtrykker Jensen', 'Hegel', 'min svoger, Thoresen']",[],[],"['«Hærmændene på Helgeland»', '«Fru Inger til Østråt»']"
167,0,de,,,,,"['bogtrykker Jensen', 'Hegel', 'min svoger, Thoresen']",[],[],"['«Hærmændene på Helgeland»', '«Fru Inger til Østråt»']"
168,0,mangehånde,,,,,"['bogtrykker Jensen', 'Hegel', 'min svoger, Thoresen']",[],[],"['«Hærmændene på Helgeland»', '«Fru Inger til Østråt»']"
169,0,"udlæg,",,,,,"['bogtrykker Jensen', 'Hegel', 'min svoger, Thoresen']",[],[],"['«Hærmændene på Helgeland»', '«Fru Inger til Østråt»']"
170,0,som,,,,,"['bogtrykker Jensen', 'Hegel', 'min svoger, Thoresen']",[],[],"['«Hærmændene på Helgeland»', '«Fru Inger til Østråt»']"
171,0,De,,,,,"['bogtrykker Jensen', 'Hegel', 'min svoger, Thoresen']",[],[],"['«Hærmændene på Helgeland»', '«Fru Inger til Østråt»']"
172,0,for,,,,,"['bogtrykker Jensen', 'Hegel', 'min svoger, Thoresen']",[],[],"['«Hærmændene på Helgeland»', '«Fru Inger til Østråt»']"
173,0,min,,,,,"['bogtrykker Jensen', 'Hegel', 'min svoger, Thoresen']",[],[],"['«Hærmændene på Helgeland»', '«Fru Inger til Østråt»']"
174,0,skyld,,,,,"['bogtrykker Jensen', 'Hegel', 'min svoger, Thoresen']",[],[],"['«Hærmændene på Helgeland»', '«Fru Inger til Østråt»']"
175,0,utvivlsomt,,,,,"['bogtrykker Jensen', 'Hegel', 'min svoger, Thoresen']",[],[],"['«Hærmændene på Helgeland»', '«Fru Inger til Østråt»']"
176,0,må,,,,,"['bogtrykker Jensen', 'Hegel', 'min svoger, Thoresen']",[],[],"['«Hærmændene på Helgeland»', '«Fru Inger til Østråt»']"
177,0,have,,,,,"['bogtrykker Jensen', 'Hegel', 'min svoger, Thoresen']",[],[],"['«Hærmændene på Helgeland»', '«Fru Inger til Østråt»']"
178,0,havt.,,,,,"['bogtrykker Jensen', 'Hegel', 'min svoger, Thoresen']",[],[],"['«Hærmændene på Helgeland»', '«Fru Inger til Østråt»']"
179,0,Herpå,,,,,"['bogtrykker Jensen', 'Hegel', 'min svoger, Thoresen']",[],[],"['«Hærmændene på Helgeland»', '«Fru Inger til Østråt»']"
180,0,har,,,,,"['bogtrykker Jensen', 'Hegel', 'min svoger, Thoresen']",[],[],"['«Hærmændene på Helgeland»', '«Fru Inger til Østråt»']"
181,0,jeg,,,,,"['bogtrykker Jensen', 'Hegel', 'min svoger, Thoresen']",[],[],"['«Hærmændene på Helgeland»', '«Fru Inger til Østråt»']"
182,0,fra,,,,,"['bogtrykker Jensen', 'Hegel', 'min svoger, Thoresen']",[],[],"['«Hærmændene på Helgeland»', '«Fru Inger til Østråt»']"
183,0,min,,,,,"['bogtrykker Jensen', 'Hegel', 'min svoger, Thoresen']",[],[],"['«Hærmændene på Helgeland»', '«Fru Inger til Østråt»']"
184,0,svoger,,,,,"['bogtrykker Jensen', 'Hegel', 'min svoger, Thoresen']",[],[],"['«Hærmændene på Helgeland»', '«Fru Inger til Østråt»']"
185,0,intet,,,,,"['bogtrykker Jensen', 'Hegel', 'min svoger, Thoresen']",[],[],"['«Hærmændene på Helgeland»', '«Fru Inger til Østråt»']"
186,0,svar,,,,,"['bogtrykker Jensen', 'Hegel', 'min svoger, Thoresen']",[],[],"['«Hærmændene på Helgeland»', '«Fru Inger til Østråt»']"
187,0,modtaget,,,,,"['bogtrykker Jensen', 'Hegel', 'min svoger, Thoresen']",[],[],"['«Hærmændene på Helgeland»', '«Fru Inger til Østråt»']"
188,0,og,,,,,"['bogtrykker Jensen', 'Hegel', 'min svoger, Thoresen']",[],[],"['«Hærmændene på Helgeland»', '«Fru Inger til Østråt»']"
189,0,jeg,,,,,"['bogtrykker Jensen', 'Hegel', 'min svoger, Thoresen']",[],[],"['«Hærmændene på Helgeland»', '«Fru Inger til Østråt»']"
190,0,tillader,,,,,"['bogtrykker Jensen', 'Hegel', 'min svoger, Thoresen']",[],[],"['«Hærmændene på Helgeland»', '«Fru Inger til Østråt»']"
191,0,mig,,,,,"['bogtrykker Jensen', 'Hegel', 'min svoger, Thoresen']",[],[],"['«Hærmændene på Helgeland»', '«Fru Inger til Østråt»']"
192,0,derfor,,,,,"['bogtrykker Jensen', 'Hegel', 'min svoger, Thoresen']",[],[],"['«Hærmændene på Helgeland»', '«Fru Inger til Østråt»']"
193,0,herved,,,,,"['bogtrykker Jensen', 'Hegel', 'min svoger, Thoresen']",[],[],"['«Hærmændene på Helgeland»', '«Fru Inger til Østråt»']"
194,0,at,,,,,"['bogtrykker Jensen', 'Hegel', 'min svoger, Thoresen']",[],[],"['«Hærmændene på Helgeland»', '«Fru Inger til Østråt»']"
195,0,gentage,,,,,"['bogtrykker Jensen', 'Hegel', 'min svoger, Thoresen']",[],[],"['«Hærmændene på Helgeland»', '«Fru Inger til Østråt»']"
196,0,min,,,,,"['bogtrykker Jensen', 'Hegel', 'min svoger, Thoresen']",[],[],"['«Hærmændene på Helgeland»', '«Fru Inger til Østråt»']"
197,0,forespørgsel,,,,,"['bogtrykker Jensen', 'Hegel', 'min svoger, Thoresen']",[],[],"['«Hærmændene på Helgeland»', '«Fru Inger til Østråt»']"
198,0,da,,,,,"['bogtrykker Jensen', 'Hegel', 'min svoger, Thoresen']",[],[],"['«Hærmændene på Helgeland»', '«Fru Inger til Østråt»']"
199,0,jeg,,,,,"['bogtrykker Jensen', 'Hegel', 'min svoger, Thoresen']",[],[],"['«Hærmændene på Helgeland»', '«Fru Inger til Østråt»']"
200,0,ikke,,,,,"['bogtrykker Jensen', 'Hegel', 'min svoger, Thoresen']",[],[],"['«Hærmændene på Helgeland»', '«Fru Inger til Østråt»']"
201,0,"ved,",,,,,"['bogtrykker Jensen', 'Hegel', 'min svoger, Thoresen']",[],[],"['«Hærmændene på Helgeland»', '«Fru Inger til Østråt»']"
202,0,hvorledes,,,,,"['bogtrykker Jensen', 'Hegel', 'min svoger, Thoresen']",[],[],"['«Hærmændene på Helgeland»', '«Fru Inger til Østråt»']"
203,0,skik,,,,,"['bogtrykker Jensen', 'Hegel', 'min svoger, Thoresen']",[],[],"['«Hærmændene på Helgeland»', '«Fru Inger til Østråt»']"
204,0,og,,,,,"['bogtrykker Jensen', 'Hegel', 'min svoger, Thoresen']",[],[],"['«Hærmændene på Helgeland»', '«Fru Inger til Østråt»']"
205,0,brug,,,,,"['bogtrykker Jensen', 'Hegel', 'min svoger, Thoresen']",[],[],"['«Hærmændene på Helgeland»', '«Fru Inger til Østråt»']"
206,0,er,,,,,"['bogtrykker Jensen', 'Hegel', 'min svoger, Thoresen']",[],[],"['«Hærmændene på Helgeland»', '«Fru Inger til Østråt»']"
207,0,i,,,,,"['bogtrykker Jensen', 'Hegel', 'min svoger, Thoresen']",[],[],"['«Hærmændene på Helgeland»', '«Fru Inger til Østråt»']"
208,0,deslige,,,,,"['bogtrykker Jensen', 'Hegel', 'min svoger, Thoresen']",[],[],"['«Hærmændene på Helgeland»', '«Fru Inger til Østråt»']"
209,0,anliggender.Særdeles,,,,,"['bogtrykker Jensen', 'Hegel', 'min svoger, Thoresen']",[],[],"['«Hærmændene på Helgeland»', '«Fru Inger til Østråt»']"
210,0,kært,,,,,"['bogtrykker Jensen', 'Hegel', 'min svoger, Thoresen']",[],[],"['«Hærmændene på Helgeland»', '«Fru Inger til Østråt»']"
211,0,var,,,,,"['bogtrykker Jensen', 'Hegel', 'min svoger, Thoresen']",[],[],"['«Hærmændene på Helgeland»', '«Fru Inger til Østråt»']"
212,0,det,,,,,"['bogtrykker Jensen', 'Hegel', 'min svoger, Thoresen']",[],[],"['«Hærmændene på Helgeland»', '«Fru Inger til Østråt»']"
213,0,mig,,,,,"['bogtrykker Jensen', 'Hegel', 'min svoger, Thoresen']",[],[],"['«Hærmændene på Helgeland»', '«Fru Inger til Østråt»']"
214,0,at,,,,,"['bogtrykker Jensen', 'Hegel', 'min svoger, Thoresen']",[],[],"['«Hærmændene på Helgeland»', '«Fru Inger til Østråt»']"
215,0,erfare,,,,,"['bogtrykker Jensen', 'Hegel', 'min svoger, Thoresen']",[],[],"['«Hærmændene på Helgeland»', '«Fru Inger til Østråt»']"
216,0,at,,,,,"['bogtrykker Jensen', 'Hegel', 'min svoger, Thoresen']",[],[],"['«Hærmændene på Helgeland»', '«Fru Inger til Østråt»']"
217,0,de,,,,,"['bogtrykker Jensen', 'Hegel', 'min svoger, Thoresen']",[],[],"['«Hærmændene på Helgeland»', '«Fru Inger til Østråt»']"
218,0,af,,,,,"['bogtrykker Jensen', 'Hegel', 'min svoger, Thoresen']",[],[],"['«Hærmændene på Helgeland»', '«Fru Inger til Østråt»']"
219,0,Dem,,,,,"['bogtrykker Jensen', 'Hegel', 'min svoger, Thoresen']",[],[],"['«Hærmændene på Helgeland»', '«Fru Inger til Østråt»']"
220,0,trufne,,,,,"['bogtrykker Jensen', 'Hegel', 'min svoger, Thoresen']",[],[],"['«Hærmændene på Helgeland»', '«Fru Inger til Østråt»']"
221,0,forholdsregler,,,,,"['bogtrykker Jensen', 'Hegel', 'min svoger, Thoresen']",[],[],"['«Hærmændene på Helgeland»', '«Fru Inger til Østråt»']"
222,0,muliggør,,,,,"['bogtrykker Jensen', 'Hegel', 'min svoger, Thoresen']",[],[],"['«Hærmændene på Helgeland»', '«Fru Inger til Østråt»']"
223,0,sagens,,,,,"['bogtrykker Jensen', 'Hegel', 'min svoger, Thoresen']",[],[],"['«Hærmændene på Helgeland»', '«Fru Inger til Østråt»']"
224,0,afslutning,,,,,"['bogtrykker Jensen', 'Hegel', 'min svoger, Thoresen']",[],[],"['«Hærmændene på Helgeland»', '«Fru Inger til Østråt»']"
225,0,allerede,,,,,"['bogtrykker Jensen', 'Hegel', 'min svoger, Thoresen']",[],[],"['«Hærmændene på Helgeland»', '«Fru Inger til Østråt»']"
226,0,i,,,,,"['bogtrykker Jensen', 'Hegel', 'min svoger, Thoresen']",[],[],"['«Hærmændene på Helgeland»', '«Fru Inger til Østråt»']"
227,0,næste,,,,,"['bogtrykker Jensen', 'Hegel', 'min svoger, Thoresen']",[],[],"['«Hærmændene på Helgeland»', '«Fru Inger til Østråt»']"
228,0,år.,,,,,"['bogtrykker Jensen', 'Hegel', 'min svoger, Thoresen']",[],[],"['«Hærmændene på Helgeland»', '«Fru Inger til Østråt»']"
229,0,Indtil,,,,,"['bogtrykker Jensen', 'Hegel', 'min svoger, Thoresen']",[],[],"['«Hærmændene på Helgeland»', '«Fru Inger til Østråt»']"
230,0,da,,,,,"['bogtrykker Jensen', 'Hegel', 'min svoger, Thoresen']",[],[],"['«Hærmændene på Helgeland»', '«Fru Inger til Østråt»']"
231,0,henlever,,,,,"['bogtrykker Jensen', 'Hegel', 'min svoger, Thoresen']",[],[],"['«Hærmændene på Helgeland»', '«Fru Inger til Østråt»']"
232,0,jeg,,,,,"['bogtrykker Jensen', 'Hegel', 'min svoger, Thoresen']",[],[],"['«Hærmændene på Helgeland»', '«Fru Inger til Østråt»']"
233,0,i,,,,,"['bogtrykker Jensen', 'Hegel', 'min svoger, Thoresen']",[],[],"['«Hærmændene på Helgeland»', '«Fru Inger til Østråt»']"
234,0,den,,,,,"['bogtrykker Jensen', 'Hegel', 'min svoger, Thoresen']",[],[],"['«Hærmændene på Helgeland»', '«Fru Inger til Østråt»']"
235,0,"tryghed,",,,,,"['bogtrykker Jensen', 'Hegel', 'min svoger, Thoresen']",[],[],"['«Hærmændene på Helgeland»', '«Fru Inger til Østråt»']"
236,0,som,,,,,"['bogtrykker Jensen', 'Hegel', 'min svoger, Thoresen']",[],[],"['«Hærmændene på Helgeland»', '«Fru Inger til Østråt»']"
237,0,ligger,,,,,"['bogtrykker Jensen', 'Hegel', 'min svoger, Thoresen']",[],[],"['«Hærmændene på Helgeland»', '«Fru Inger til Østråt»']"
238,0,i,,,,,"['bogtrykker Jensen', 'Hegel', 'min svoger, Thoresen']",[],[],"['«Hærmændene på Helgeland»', '«Fru Inger til Østråt»']"
239,0,at,,,,,"['bogtrykker Jensen', 'Hegel', 'min svoger, Thoresen']",[],[],"['«Hærmændene på Helgeland»', '«Fru Inger til Østråt»']"
240,0,vide,,,,,"['bogtrykker Jensen', 'Hegel', 'min svoger, Thoresen']",[],[],"['«Hærmændene på Helgeland»', '«Fru Inger til Østråt»']"
241,0,sine,,,,,"['bogtrykker Jensen', 'Hegel', 'min svoger, Thoresen']",[],[],"['«Hærmændene på Helgeland»', '«Fru Inger til Østråt»']"
242,0,anliggender,,,,,"['bogtrykker Jensen', 'Hegel', 'min svoger, Thoresen']",[],[],"['«Hærmændene på Helgeland»', '«Fru Inger til Østråt»']"
243,0,i,,,,,"['bogtrykker Jensen', 'Hegel', 'min svoger, Thoresen']",[],[],"['«Hærmændene på Helgeland»', '«Fru Inger til Østråt»']"
244,0,de,,,,,"['bogtrykker Jensen', 'Hegel', 'min svoger, Thoresen']",[],[],"['«Hærmændene på Helgeland»', '«Fru Inger til Østråt»']"
245,0,bedste,,,,,"['bogtrykker Jensen', 'Hegel', 'min svoger, Thoresen']",[],[],"['«Hærmændene på Helgeland»', '«Fru Inger til Østråt»']"
246,0,"hænder,",,,,,"['bogtrykker Jensen', 'Hegel', 'min svoger, Thoresen']",[],[],"['«Hærmændene på Helgeland»', '«Fru Inger til Østråt»']"
247,0,og,,,,,"['bogtrykker Jensen', 'Hegel', 'min svoger, Thoresen']",[],[],"['«Hærmændene på Helgeland»', '«Fru Inger til Østråt»']"
248,0,tegner,,,,,"['bogtrykker Jensen', 'Hegel', 'min svoger, Thoresen']",[],[],"['«Hærmændene på Helgeland»', '«Fru Inger til Østråt»']"
249,0,mig,,,,,"['bogtrykker Jensen', 'Hegel', 'min svoger, Thoresen']",[],[],"['«Hærmændene på Helgeland»', '«Fru Inger til Østråt»']"
