,,0,human_annotation,who,dacy_medium,spacy_trf,person,place,org,work
0,0,Det,,,,,['Deres søn'],"['London', 'Kristiania']",[],[]
1,0,var,,,,,['Deres søn'],"['London', 'Kristiania']",[],[]
2,0,mig,,,,,['Deres søn'],"['London', 'Kristiania']",[],[]
3,0,overmåde,,,,,['Deres søn'],"['London', 'Kristiania']",[],[]
4,0,kært,,,,,['Deres søn'],"['London', 'Kristiania']",[],[]
5,0,af,,,,,['Deres søn'],"['London', 'Kristiania']",[],[]
6,0,Deres,,,,,['Deres søn'],"['London', 'Kristiania']",[],[]
7,0,venlige,,,,,['Deres søn'],"['London', 'Kristiania']",[],[]
8,0,brev,,,,,['Deres søn'],"['London', 'Kristiania']",[],[]
9,0,at,,,,,['Deres søn'],"['London', 'Kristiania']",[],[]
10,0,erfare,,,,,['Deres søn'],"['London', 'Kristiania']",[],[]
11,0,at,,,,,['Deres søn'],"['London', 'Kristiania']",[],[]
12,0,bogpakken,,,,,['Deres søn'],"['London', 'Kristiania']",[],[]
13,0,til,,,,,['Deres søn'],"['London', 'Kristiania']",[],[]
14,0,London,,,,,['Deres søn'],"['London', 'Kristiania']",[],[]
15,0,allerede,,,,,['Deres søn'],"['London', 'Kristiania']",[],[]
16,0,var,,,,,['Deres søn'],"['London', 'Kristiania']",[],[]
17,0,afsendt.,,,,,['Deres søn'],"['London', 'Kristiania']",[],[]
18,0,Jeg,,,,,['Deres søn'],"['London', 'Kristiania']",[],[]
19,0,har,,,,,['Deres søn'],"['London', 'Kristiania']",[],[]
20,0,nemlig,,,,,['Deres søn'],"['London', 'Kristiania']",[],[]
21,0,i,,,,,['Deres søn'],"['London', 'Kristiania']",[],[]
22,0,denne,,,,,['Deres søn'],"['London', 'Kristiania']",[],[]
23,0,sag,,,,,['Deres søn'],"['London', 'Kristiania']",[],[]
24,0,været,,,,,['Deres søn'],"['London', 'Kristiania']",[],[]
25,0,noget,,,,,['Deres søn'],"['London', 'Kristiania']",[],[]
26,0,forsømmelig,,,,,['Deres søn'],"['London', 'Kristiania']",[],[]
27,0,og,,,,,['Deres søn'],"['London', 'Kristiania']",[],[]
28,0,begyndte,,,,,['Deres søn'],"['London', 'Kristiania']",[],[]
29,0,nu,,,,,['Deres søn'],"['London', 'Kristiania']",[],[]
30,0,at,,,,,['Deres søn'],"['London', 'Kristiania']",[],[]
31,0,frygte,,,,,['Deres søn'],"['London', 'Kristiania']",[],[]
32,0,for,,,,,['Deres søn'],"['London', 'Kristiania']",[],[]
33,0,at,,,,,['Deres søn'],"['London', 'Kristiania']",[],[]
34,0,denne,,,,,['Deres søn'],"['London', 'Kristiania']",[],[]
35,0,forsømmelighed,,,,,['Deres søn'],"['London', 'Kristiania']",[],[]
36,0,kunde,,,,,['Deres søn'],"['London', 'Kristiania']",[],[]
37,0,have,,,,,['Deres søn'],"['London', 'Kristiania']",[],[]
38,0,sine,,,,,['Deres søn'],"['London', 'Kristiania']",[],[]
39,0,følger.En,,,,,['Deres søn'],"['London', 'Kristiania']",[],[]
40,0,lignende,,,,,['Deres søn'],"['London', 'Kristiania']",[],[]
41,0,forsømmelighed,,,,,['Deres søn'],"['London', 'Kristiania']",[],[]
42,0,har,,,,,['Deres søn'],"['London', 'Kristiania']",[],[]
43,0,bragt,,,,,['Deres søn'],"['London', 'Kristiania']",[],[]
44,0,mig,,,,,['Deres søn'],"['London', 'Kristiania']",[],[]
45,0,til,,,,,['Deres søn'],"['London', 'Kristiania']",[],[]
46,0,alt,,,,,['Deres søn'],"['London', 'Kristiania']",[],[]
47,0,for,,,,,['Deres søn'],"['London', 'Kristiania']",[],[]
48,0,længe,,,,,['Deres søn'],"['London', 'Kristiania']",[],[]
49,0,at,,,,,['Deres søn'],"['London', 'Kristiania']",[],[]
50,0,opsætte,,,,,['Deres søn'],"['London', 'Kristiania']",[],[]
51,0,med,,,,,['Deres søn'],"['London', 'Kristiania']",[],[]
52,0,at,,,,,['Deres søn'],"['London', 'Kristiania']",[],[]
53,0,rekvirere,,,,,['Deres søn'],"['London', 'Kristiania']",[],[]
54,0,penge,,,,,['Deres søn'],"['London', 'Kristiania']",[],[]
55,0,fra,,,,,['Deres søn'],"['London', 'Kristiania']",[],[]
56,0,"Kristiania,",,,,,['Deres søn'],"['London', 'Kristiania']",[],[]
57,0,og,,,,,['Deres søn'],"['London', 'Kristiania']",[],[]
58,0,jeg,,,,,['Deres søn'],"['London', 'Kristiania']",[],[]
59,0,nødes,,,,,['Deres søn'],"['London', 'Kristiania']",[],[]
60,0,derfor,,,,,['Deres søn'],"['London', 'Kristiania']",[],[]
61,0,til,,,,,['Deres søn'],"['London', 'Kristiania']",[],[]
62,0,igen,,,,,['Deres søn'],"['London', 'Kristiania']",[],[]
63,0,at,,,,,['Deres søn'],"['London', 'Kristiania']",[],[]
64,0,ulejlige,,,,,['Deres søn'],"['London', 'Kristiania']",[],[]
65,0,Dem.,,,,,['Deres søn'],"['London', 'Kristiania']",[],[]
66,0,Tør,,,,,['Deres søn'],"['London', 'Kristiania']",[],[]
67,0,jeg,,,,,['Deres søn'],"['London', 'Kristiania']",[],[]
68,0,altså,,,,,['Deres søn'],"['London', 'Kristiania']",[],[]
69,0,anmode,,,,,['Deres søn'],"['London', 'Kristiania']",[],[]
70,0,Dem,,,,,['Deres søn'],"['London', 'Kristiania']",[],[]
71,0,om,,,,,['Deres søn'],"['London', 'Kristiania']",[],[]
72,0,at,,,,,['Deres søn'],"['London', 'Kristiania']",[],[]
73,0,vise,,,,,['Deres søn'],"['London', 'Kristiania']",[],[]
74,0,mig,,,,,['Deres søn'],"['London', 'Kristiania']",[],[]
75,0,den,,,,,['Deres søn'],"['London', 'Kristiania']",[],[]
76,0,godhed,,,,,['Deres søn'],"['London', 'Kristiania']",[],[]
77,0,at,,,,,['Deres søn'],"['London', 'Kristiania']",[],[]
78,0,sende,,,,,['Deres søn'],"['London', 'Kristiania']",[],[]
79,0,mig,,,,,['Deres søn'],"['London', 'Kristiania']",[],[]
80,0,150,,,,,['Deres søn'],"['London', 'Kristiania']",[],[]
81,0,Thaler,,,,,['Deres søn'],"['London', 'Kristiania']",[],[]
82,0,preussisk?I,,,,,['Deres søn'],"['London', 'Kristiania']",[],[]
83,0,al,,,,,['Deres søn'],"['London', 'Kristiania']",[],[]
84,0,hast,,,,,['Deres søn'],"['London', 'Kristiania']",[],[]
85,0,en,,,,,['Deres søn'],"['London', 'Kristiania']",[],[]
86,0,hjertelig,,,,,['Deres søn'],"['London', 'Kristiania']",[],[]
87,0,hilsen,,,,,['Deres søn'],"['London', 'Kristiania']",[],[]
88,0,til,,,,,['Deres søn'],"['London', 'Kristiania']",[],[]
89,0,Dem,,,,,['Deres søn'],"['London', 'Kristiania']",[],[]
90,0,og,,,,,['Deres søn'],"['London', 'Kristiania']",[],[]
91,0,Deres,,,,,['Deres søn'],"['London', 'Kristiania']",[],[]
92,0,søn,,,,,['Deres søn'],"['London', 'Kristiania']",[],[]
93,0,fra,,,,,['Deres søn'],"['London', 'Kristiania']",[],[]
