,,0,human_annotation,who,dacy_medium,spacy_trf,person,place,org,work
0,0,I,,,,,[],[],[],['mit nye Skuespil']
1,0,et,,,,,[],[],[],['mit nye Skuespil']
2,0,"Brev,",,,,,[],[],[],['mit nye Skuespil']
3,0,indrykket,,,,,[],[],[],['mit nye Skuespil']
4,0,i,,,,,[],[],[],['mit nye Skuespil']
5,0,Aftenbladets,,,,,[],[],[],['mit nye Skuespil']
6,0,No.,,,,,[],[],[],['mit nye Skuespil']
7,0,"22,",,,,,[],[],[],['mit nye Skuespil']
8,0,har,,,,,[],[],[],['mit nye Skuespil']
9,0,det,,,,,[],[],[],['mit nye Skuespil']
10,0,behaget,,,,,[],[],[],['mit nye Skuespil']
11,0,"Dem,",,,,,[],[],[],['mit nye Skuespil']
12,0,blandt,,,,,[],[],[],['mit nye Skuespil']
13,0,endel,,,,,[],[],[],['mit nye Skuespil']
14,0,andre,,,,,[],[],[],['mit nye Skuespil']
15,0,"Gjenstande,",,,,,[],[],[],['mit nye Skuespil']
16,0,ogsaa,,,,,[],[],[],['mit nye Skuespil']
17,0,at,,,,,[],[],[],['mit nye Skuespil']
18,0,omtale,,,,,[],[],[],['mit nye Skuespil']
19,0,mig,,,,,[],[],[],['mit nye Skuespil']
20,0,og,,,,,[],[],[],['mit nye Skuespil']
21,0,mit,,,,,[],[],[],['mit nye Skuespil']
22,0,nye,,,,,[],[],[],['mit nye Skuespil']
23,0,Skuespil,,,,,[],[],[],['mit nye Skuespil']
24,0,paa,,,,,[],[],[],['mit nye Skuespil']
25,0,følgende,,,,,[],[],[],['mit nye Skuespil']
26,0,Maade:«Siden,,,,,[],[],[],['mit nye Skuespil']
27,0,jeg,,,,,[],[],[],['mit nye Skuespil']
28,0,har,,,,,[],[],[],['mit nye Skuespil']
29,0,talt,,,,,[],[],[],['mit nye Skuespil']
30,0,saameget,,,,,[],[],[],['mit nye Skuespil']
31,0,om,,,,,[],[],[],['mit nye Skuespil']
32,0,Theatret,,,,,[],[],[],['mit nye Skuespil']
33,0,burde,,,,,[],[],[],['mit nye Skuespil']
34,0,jeg,,,,,[],[],[],['mit nye Skuespil']
35,0,vel,,,,,[],[],[],['mit nye Skuespil']
36,0,fortælle,,,,,[],[],[],['mit nye Skuespil']
37,0,en,,,,,[],[],[],['mit nye Skuespil']
38,0,Smule,,,,,[],[],[],['mit nye Skuespil']
39,0,om,,,,,[],[],[],['mit nye Skuespil']
40,0,det,,,,,[],[],[],['mit nye Skuespil']
41,0,nye,,,,,[],[],[],['mit nye Skuespil']
42,0,"Stykke,",,,,,[],[],[],['mit nye Skuespil']
43,0,som,,,,,[],[],[],['mit nye Skuespil']
44,0,forrige,,,,,[],[],[],['mit nye Skuespil']
45,0,Uge,,,,,[],[],[],['mit nye Skuespil']
46,0,gik,,,,,[],[],[],['mit nye Skuespil']
47,0,over,,,,,[],[],[],['mit nye Skuespil']
48,0,Scenen;,,,,,[],[],[],['mit nye Skuespil']
49,0,men,,,,,[],[],[],['mit nye Skuespil']
50,0,jeg,,,,,[],[],[],['mit nye Skuespil']
51,0,har,,,,,[],[],[],['mit nye Skuespil']
52,0,kun,,,,,[],[],[],['mit nye Skuespil']
53,0,seet,,,,,[],[],[],['mit nye Skuespil']
54,0,det,,,,,[],[],[],['mit nye Skuespil']
55,0,een,,,,,[],[],[],['mit nye Skuespil']
56,0,"Gang,",,,,,[],[],[],['mit nye Skuespil']
57,0,og,,,,,[],[],[],['mit nye Skuespil']
58,0,det,,,,,[],[],[],['mit nye Skuespil']
59,0,er,,,,,[],[],[],['mit nye Skuespil']
60,0,ikke,,,,,[],[],[],['mit nye Skuespil']
61,0,nok,,,,,[],[],[],['mit nye Skuespil']
62,0,for,,,,,[],[],[],['mit nye Skuespil']
63,0,at,,,,,[],[],[],['mit nye Skuespil']
64,0,sætte,,,,,[],[],[],['mit nye Skuespil']
65,0,sig,,,,,[],[],[],['mit nye Skuespil']
66,0,ind,,,,,[],[],[],['mit nye Skuespil']
67,0,i,,,,,[],[],[],['mit nye Skuespil']
68,0,alt,,,,,[],[],[],['mit nye Skuespil']
69,0,det,,,,,[],[],[],['mit nye Skuespil']
70,0,"Virvar,",,,,,[],[],[],['mit nye Skuespil']
71,0,som,,,,,[],[],[],['mit nye Skuespil']
72,0,forekommer,,,,,[],[],[],['mit nye Skuespil']
73,0,deri.,,,,,[],[],[],['mit nye Skuespil']
74,0,Heller,,,,,[],[],[],['mit nye Skuespil']
75,0,ikke,,,,,[],[],[],['mit nye Skuespil']
76,0,vilde,,,,,[],[],[],['mit nye Skuespil']
77,0,den,,,,,[],[],[],['mit nye Skuespil']
78,0,"Dom,",,,,,[],[],[],['mit nye Skuespil']
79,0,jeg,,,,,[],[],[],['mit nye Skuespil']
80,0,vilde,,,,,[],[],[],['mit nye Skuespil']
81,0,komme,,,,,[],[],[],['mit nye Skuespil']
82,0,til,,,,,[],[],[],['mit nye Skuespil']
83,0,at,,,,,[],[],[],['mit nye Skuespil']
84,0,"fælde,",,,,,[],[],[],['mit nye Skuespil']
85,0,blive,,,,,[],[],[],['mit nye Skuespil']
86,0,synderlig,,,,,[],[],[],['mit nye Skuespil']
87,0,gunstig,,,,,[],[],[],['mit nye Skuespil']
88,0,for,,,,,[],[],[],['mit nye Skuespil']
89,0,"Forfatteren,",,,,,[],[],[],['mit nye Skuespil']
90,0,der,,,,,[],[],[],['mit nye Skuespil']
91,0,i,,,,,[],[],[],['mit nye Skuespil']
92,0,Modsætning,,,,,[],[],[],['mit nye Skuespil']
93,0,til,,,,,[],[],[],['mit nye Skuespil']
94,0,det,,,,,[],[],[],['mit nye Skuespil']
95,0,"rige,",,,,,[],[],[],['mit nye Skuespil']
96,0,poetiske,,,,,[],[],[],['mit nye Skuespil']
97,0,Væld,,,,,[],[],[],['mit nye Skuespil']
98,0,han,,,,,[],[],[],['mit nye Skuespil']
99,0,"besidder,",,,,,[],[],[],['mit nye Skuespil']
100,0,synes,,,,,[],[],[],['mit nye Skuespil']
101,0,at,,,,,[],[],[],['mit nye Skuespil']
102,0,savne,,,,,[],[],[],['mit nye Skuespil']
103,0,baade,,,,,[],[],[],['mit nye Skuespil']
104,0,Menneskekundskab,,,,,[],[],[],['mit nye Skuespil']
105,0,og,,,,,[],[],[],['mit nye Skuespil']
106,0,Verdenskundskab.,,,,,[],[],[],['mit nye Skuespil']
107,0,Derfor,,,,,[],[],[],['mit nye Skuespil']
108,0,mere,,,,,[],[],[],['mit nye Skuespil']
109,0,derom,,,,,[],[],[],['mit nye Skuespil']
110,0,naar,,,,,[],[],[],['mit nye Skuespil']
111,0,det,,,,,[],[],[],['mit nye Skuespil']
112,0,igjen,,,,,[],[],[],['mit nye Skuespil']
113,0,er,,,,,[],[],[],['mit nye Skuespil']
114,0,opført.»At,,,,,[],[],[],['mit nye Skuespil']
115,0,indlade,,,,,[],[],[],['mit nye Skuespil']
116,0,sig,,,,,[],[],[],['mit nye Skuespil']
117,0,i,,,,,[],[],[],['mit nye Skuespil']
118,0,Pennefeide,,,,,[],[],[],['mit nye Skuespil']
119,0,med,,,,,[],[],[],['mit nye Skuespil']
120,0,anonyme,,,,,[],[],[],['mit nye Skuespil']
121,0,Brevskrivere,,,,,[],[],[],['mit nye Skuespil']
122,0,er,,,,,[],[],[],['mit nye Skuespil']
123,0,nu,,,,,[],[],[],['mit nye Skuespil']
124,0,vistnok,,,,,[],[],[],['mit nye Skuespil']
125,0,i,,,,,[],[],[],['mit nye Skuespil']
126,0,Regelen,,,,,[],[],[],['mit nye Skuespil']
127,0,en,,,,,[],[],[],['mit nye Skuespil']
128,0,unødig,,,,,[],[],[],['mit nye Skuespil']
129,0,Gjerning;,,,,,[],[],[],['mit nye Skuespil']
130,0,men,,,,,[],[],[],['mit nye Skuespil']
131,0,da,,,,,[],[],[],['mit nye Skuespil']
132,0,Deres,,,,,[],[],[],['mit nye Skuespil']
133,0,ovenfor,,,,,[],[],[],['mit nye Skuespil']
134,0,anførte,,,,,[],[],[],['mit nye Skuespil']
135,0,Yttringer,,,,,[],[],[],['mit nye Skuespil']
136,0,"indeholde,",,,,,[],[],[],['mit nye Skuespil']
137,0,ligesom,,,,,[],[],[],['mit nye Skuespil']
138,0,i,,,,,[],[],[],['mit nye Skuespil']
139,0,en,,,,,[],[],[],['mit nye Skuespil']
140,0,"Sum,",,,,,[],[],[],['mit nye Skuespil']
141,0,al,,,,,[],[],[],['mit nye Skuespil']
142,0,den,,,,,[],[],[],['mit nye Skuespil']
143,0,Letsindighed,,,,,[],[],[],['mit nye Skuespil']
144,0,og,,,,,[],[],[],['mit nye Skuespil']
145,0,"Uvorrenhed,",,,,,[],[],[],['mit nye Skuespil']
146,0,hvormed,,,,,[],[],[],['mit nye Skuespil']
147,0,næsten,,,,,[],[],[],['mit nye Skuespil']
148,0,ethvert,,,,,[],[],[],['mit nye Skuespil']
149,0,skrivekyndigt,,,,,[],[],[],['mit nye Skuespil']
150,0,Menneske,,,,,[],[],[],['mit nye Skuespil']
151,0,nutildags,,,,,[],[],[],['mit nye Skuespil']
152,0,troer,,,,,[],[],[],['mit nye Skuespil']
153,0,sig,,,,,[],[],[],['mit nye Skuespil']
154,0,berettiget,,,,,[],[],[],['mit nye Skuespil']
155,0,til,,,,,[],[],[],['mit nye Skuespil']
156,0,offentligt,,,,,[],[],[],['mit nye Skuespil']
157,0,at,,,,,[],[],[],['mit nye Skuespil']
158,0,affærdige,,,,,[],[],[],['mit nye Skuespil']
159,0,enhver,,,,,[],[],[],['mit nye Skuespil']
160,0,Frembringelse,,,,,[],[],[],['mit nye Skuespil']
161,0,paa,,,,,[],[],[],['mit nye Skuespil']
162,0,Kunstens,,,,,[],[],[],['mit nye Skuespil']
163,0,eller,,,,,[],[],[],['mit nye Skuespil']
164,0,Literaturens,,,,,[],[],[],['mit nye Skuespil']
165,0,"Enemærker,",,,,,[],[],[],['mit nye Skuespil']
166,0,saa,,,,,[],[],[],['mit nye Skuespil']
167,0,kan,,,,,[],[],[],['mit nye Skuespil']
168,0,jeg,,,,,[],[],[],['mit nye Skuespil']
169,0,for,,,,,[],[],[],['mit nye Skuespil']
170,0,Principets,,,,,[],[],[],['mit nye Skuespil']
171,0,Skyld,,,,,[],[],[],['mit nye Skuespil']
172,0,ikke,,,,,[],[],[],['mit nye Skuespil']
173,0,lade,,,,,[],[],[],['mit nye Skuespil']
174,0,Deres,,,,,[],[],[],['mit nye Skuespil']
175,0,Ord,,,,,[],[],[],['mit nye Skuespil']
176,0,gaa,,,,,[],[],[],['mit nye Skuespil']
177,0,saa,,,,,[],[],[],['mit nye Skuespil']
178,0,aldeles,,,,,[],[],[],['mit nye Skuespil']
179,0,upaatalte.Forinden,,,,,[],[],[],['mit nye Skuespil']
180,0,jeg,,,,,[],[],[],['mit nye Skuespil']
181,0,indlader,,,,,[],[],[],['mit nye Skuespil']
182,0,mig,,,,,[],[],[],['mit nye Skuespil']
183,0,videre,,,,,[],[],[],['mit nye Skuespil']
184,0,med,,,,,[],[],[],['mit nye Skuespil']
185,0,Dem,,,,,[],[],[],['mit nye Skuespil']
186,0,skal,,,,,[],[],[],['mit nye Skuespil']
187,0,jeg,,,,,[],[],[],['mit nye Skuespil']
188,0,imidlertid,,,,,[],[],[],['mit nye Skuespil']
189,0,opfordre,,,,,[],[],[],['mit nye Skuespil']
190,0,Dem,,,,,[],[],[],['mit nye Skuespil']
191,0,"til,",,,,,[],[],[],['mit nye Skuespil']
192,0,efter,,,,,[],[],[],['mit nye Skuespil']
193,0,Pligt,,,,,[],[],[],['mit nye Skuespil']
194,0,og,,,,,[],[],[],['mit nye Skuespil']
195,0,"Skyldighed,",,,,,[],[],[],['mit nye Skuespil']
196,0,at,,,,,[],[],[],['mit nye Skuespil']
197,0,besvare,,,,,[],[],[],['mit nye Skuespil']
198,0,følgende,,,,,[],[],[],['mit nye Skuespil']
199,0,Spørgsmaal:a),,,,,[],[],[],['mit nye Skuespil']
200,0,Naar,,,,,[],[],[],['mit nye Skuespil']
201,0,De,,,,,[],[],[],['mit nye Skuespil']
202,0,offentligt,,,,,[],[],[],['mit nye Skuespil']
203,0,fremsætter,,,,,[],[],[],['mit nye Skuespil']
204,0,den,,,,,[],[],[],['mit nye Skuespil']
205,0,"Paastand,",,,,,[],[],[],['mit nye Skuespil']
206,0,at,,,,,[],[],[],['mit nye Skuespil']
207,0,Stykket,,,,,[],[],[],['mit nye Skuespil']
208,0,indeholder,,,,,[],[],[],['mit nye Skuespil']
209,0,en,,,,,[],[],[],['mit nye Skuespil']
210,0,heel,,,,,[],[],[],['mit nye Skuespil']
211,0,Deel,,,,,[],[],[],['mit nye Skuespil']
212,0,"«Virvar»,",,,,,[],[],[],['mit nye Skuespil']
213,0,fælder,,,,,[],[],[],['mit nye Skuespil']
214,0,De,,,,,[],[],[],['mit nye Skuespil']
215,0,saa,,,,,[],[],[],['mit nye Skuespil']
216,0,ikke,,,,,[],[],[],['mit nye Skuespil']
217,0,en,,,,,[],[],[],['mit nye Skuespil']
218,0,Dom,,,,,[],[],[],['mit nye Skuespil']
219,0,over,,,,,[],[],[],['mit nye Skuespil']
220,0,Stykket?,,,,,[],[],[],['mit nye Skuespil']
221,0,Og,,,,,[],[],[],['mit nye Skuespil']
222,0,hvor,,,,,[],[],[],['mit nye Skuespil']
223,0,tør,,,,,[],[],[],['mit nye Skuespil']
224,0,De,,,,,[],[],[],['mit nye Skuespil']
225,0,indlade,,,,,[],[],[],['mit nye Skuespil']
226,0,Dem,,,,,[],[],[],['mit nye Skuespil']
227,0,paa,,,,,[],[],[],['mit nye Skuespil']
228,0,at,,,,,[],[],[],['mit nye Skuespil']
229,0,fælde,,,,,[],[],[],['mit nye Skuespil']
230,0,Dom,,,,,[],[],[],['mit nye Skuespil']
231,0,over,,,,,[],[],[],['mit nye Skuespil']
232,0,et,,,,,[],[],[],['mit nye Skuespil']
233,0,"Arbejde,",,,,,[],[],[],['mit nye Skuespil']
234,0,som,,,,,[],[],[],['mit nye Skuespil']
235,0,De,,,,,[],[],[],['mit nye Skuespil']
236,0,selv,,,,,[],[],[],['mit nye Skuespil']
237,0,siger,,,,,[],[],[],['mit nye Skuespil']
238,0,De,,,,,[],[],[],['mit nye Skuespil']
239,0,endnu,,,,,[],[],[],['mit nye Skuespil']
240,0,ikke,,,,,[],[],[],['mit nye Skuespil']
241,0,har,,,,,[],[],[],['mit nye Skuespil']
242,0,havt,,,,,[],[],[],['mit nye Skuespil']
243,0,Anledning,,,,,[],[],[],['mit nye Skuespil']
244,0,til,,,,,[],[],[],['mit nye Skuespil']
245,0,at,,,,,[],[],[],['mit nye Skuespil']
246,0,sætte,,,,,[],[],[],['mit nye Skuespil']
247,0,Dem,,,,,[],[],[],['mit nye Skuespil']
248,0,tilstrækkeligt,,,,,[],[],[],['mit nye Skuespil']
249,0,ind,,,,,[],[],[],['mit nye Skuespil']
250,0,i?,,,,,[],[],[],['mit nye Skuespil']
251,0,Er,,,,,[],[],[],['mit nye Skuespil']
252,0,ikke,,,,,[],[],[],['mit nye Skuespil']
253,0,slig,,,,,[],[],[],['mit nye Skuespil']
254,0,Adfærd,,,,,[],[],[],['mit nye Skuespil']
255,0,baade,,,,,[],[],[],['mit nye Skuespil']
256,0,uvorren,,,,,[],[],[],['mit nye Skuespil']
257,0,og,,,,,[],[],[],['mit nye Skuespil']
258,0,letsindig?b),,,,,[],[],[],['mit nye Skuespil']
259,0,Sømmer,,,,,[],[],[],['mit nye Skuespil']
260,0,det,,,,,[],[],[],['mit nye Skuespil']
261,0,sig,,,,,[],[],[],['mit nye Skuespil']
262,0,vel,,,,,[],[],[],['mit nye Skuespil']
263,0,for,,,,,[],[],[],['mit nye Skuespil']
264,0,"Dem,",,,,,[],[],[],['mit nye Skuespil']
265,0,som,,,,,[],[],[],['mit nye Skuespil']
266,0,en,,,,,[],[],[],['mit nye Skuespil']
267,0,Smagens,,,,,[],[],[],['mit nye Skuespil']
268,0,"Leder,",,,,,[],[],[],['mit nye Skuespil']
269,0,at,,,,,[],[],[],['mit nye Skuespil']
270,0,holde,,,,,[],[],[],['mit nye Skuespil']
271,0,Deres,,,,,[],[],[],['mit nye Skuespil']
272,0,Bemærkninger,,,,,[],[],[],['mit nye Skuespil']
273,0,"tilbage,",,,,,[],[],[],['mit nye Skuespil']
274,0,fordi,,,,,[],[],[],['mit nye Skuespil']
275,0,den,,,,,[],[],[],['mit nye Skuespil']
276,0,"Dom,",,,,,[],[],[],['mit nye Skuespil']
277,0,De,,,,,[],[],[],['mit nye Skuespil']
278,0,vilde,,,,,[],[],[],['mit nye Skuespil']
279,0,komme,,,,,[],[],[],['mit nye Skuespil']
280,0,til,,,,,[],[],[],['mit nye Skuespil']
281,0,at,,,,,[],[],[],['mit nye Skuespil']
282,0,"fælde,",,,,,[],[],[],['mit nye Skuespil']
283,0,«ikke,,,,,[],[],[],['mit nye Skuespil']
284,0,vilde,,,,,[],[],[],['mit nye Skuespil']
285,0,blive,,,,,[],[],[],['mit nye Skuespil']
286,0,synderlig,,,,,[],[],[],['mit nye Skuespil']
287,0,gunstig,,,,,[],[],[],['mit nye Skuespil']
288,0,for,,,,,[],[],[],['mit nye Skuespil']
289,0,Forfatteren»?,,,,,[],[],[],['mit nye Skuespil']
290,0,Er,,,,,[],[],[],['mit nye Skuespil']
291,0,det,,,,,[],[],[],['mit nye Skuespil']
292,0,da,,,,,[],[],[],['mit nye Skuespil']
293,0,ikke,,,,,[],[],[],['mit nye Skuespil']
294,0,Deres,,,,,[],[],[],['mit nye Skuespil']
295,0,Hensigt,,,,,[],[],[],['mit nye Skuespil']
296,0,at,,,,,[],[],[],['mit nye Skuespil']
297,0,veilede,,,,,[],[],[],['mit nye Skuespil']
298,0,baade,,,,,[],[],[],['mit nye Skuespil']
299,0,ham,,,,,[],[],[],['mit nye Skuespil']
300,0,og,,,,,[],[],[],['mit nye Skuespil']
301,0,Publicum?,,,,,[],[],[],['mit nye Skuespil']
302,0,Men,,,,,[],[],[],['mit nye Skuespil']
303,0,kan,,,,,[],[],[],['mit nye Skuespil']
304,0,De,,,,,[],[],[],['mit nye Skuespil']
305,0,saa,,,,,[],[],[],['mit nye Skuespil']
306,0,forsvare,,,,,[],[],[],['mit nye Skuespil']
307,0,at,,,,,[],[],[],['mit nye Skuespil']
308,0,holde,,,,,[],[],[],['mit nye Skuespil']
309,0,Deres,,,,,[],[],[],['mit nye Skuespil']
310,0,«Dom»,,,,,[],[],[],['mit nye Skuespil']
311,0,"tilbage,",,,,,[],[],[],['mit nye Skuespil']
312,0,fordi,,,,,[],[],[],['mit nye Skuespil']
313,0,den,,,,,[],[],[],['mit nye Skuespil']
314,0,vilde,,,,,[],[],[],['mit nye Skuespil']
315,0,blive,,,,,[],[],[],['mit nye Skuespil']
316,0,Forfatteren,,,,,[],[],[],['mit nye Skuespil']
317,0,ugunstig?,,,,,[],[],[],['mit nye Skuespil']
318,0,Og,,,,,[],[],[],['mit nye Skuespil']
319,0,"endelig,",,,,,[],[],[],['mit nye Skuespil']
320,0,–,,,,,[],[],[],['mit nye Skuespil']
321,0,hvis,,,,,[],[],[],['mit nye Skuespil']
322,0,De,,,,,[],[],[],['mit nye Skuespil']
323,0,ikke,,,,,[],[],[],['mit nye Skuespil']
324,0,har,,,,,[],[],[],['mit nye Skuespil']
325,0,tilsigtet,,,,,[],[],[],['mit nye Skuespil']
326,0,en,,,,,[],[],[],['mit nye Skuespil']
327,0,saadan,,,,,[],[],[],['mit nye Skuespil']
328,0,"Veiledning,",,,,,[],[],[],['mit nye Skuespil']
329,0,hvorfor,,,,,[],[],[],['mit nye Skuespil']
330,0,sætter,,,,,[],[],[],['mit nye Skuespil']
331,0,De,,,,,[],[],[],['mit nye Skuespil']
332,0,da,,,,,[],[],[],['mit nye Skuespil']
333,0,Deres,,,,,[],[],[],['mit nye Skuespil']
334,0,Skriverier,,,,,[],[],[],['mit nye Skuespil']
335,0,i,,,,,[],[],[],['mit nye Skuespil']
336,0,Aviserne?c),,,,,[],[],[],['mit nye Skuespil']
337,0,Hvad,,,,,[],[],[],['mit nye Skuespil']
338,0,mener,,,,,[],[],[],['mit nye Skuespil']
339,0,De,,,,,[],[],[],['mit nye Skuespil']
340,0,Almenheden,,,,,[],[],[],['mit nye Skuespil']
341,0,bry’er,,,,,[],[],[],['mit nye Skuespil']
342,0,sig,,,,,[],[],[],['mit nye Skuespil']
343,0,om,,,,,[],[],[],['mit nye Skuespil']
344,0,Deres,,,,,[],[],[],['mit nye Skuespil']
345,0,private,,,,,[],[],[],['mit nye Skuespil']
346,0,Formening,,,,,[],[],[],['mit nye Skuespil']
347,0,angaaende,,,,,[],[],[],['mit nye Skuespil']
348,0,Ens,,,,,[],[],[],['mit nye Skuespil']
349,0,"«rige,",,,,,[],[],[],['mit nye Skuespil']
350,0,poetiske,,,,,[],[],[],['mit nye Skuespil']
351,0,"Væld»,",,,,,[],[],[],['mit nye Skuespil']
352,0,og,,,,,[],[],[],['mit nye Skuespil']
353,0,hvorledes,,,,,[],[],[],['mit nye Skuespil']
354,0,skal,,,,,[],[],[],['mit nye Skuespil']
355,0,man,,,,,[],[],[],['mit nye Skuespil']
356,0,passende,,,,,[],[],[],['mit nye Skuespil']
357,0,betegne,,,,,[],[],[],['mit nye Skuespil']
358,0,slige,,,,,[],[],[],['mit nye Skuespil']
359,0,Tirader,,,,,[],[],[],['mit nye Skuespil']
360,0,af,,,,,[],[],[],['mit nye Skuespil']
361,0,en,,,,,[],[],[],['mit nye Skuespil']
362,0,Hr.,,,,,[],[],[],['mit nye Skuespil']
363,0,n-s?,,,,,[],[],[],['mit nye Skuespil']
364,0,Kan,,,,,[],[],[],['mit nye Skuespil']
365,0,saadant,,,,,[],[],[],['mit nye Skuespil']
366,0,henføres,,,,,[],[],[],['mit nye Skuespil']
367,0,under,,,,,[],[],[],['mit nye Skuespil']
368,0,andre,,,,,[],[],[],['mit nye Skuespil']
369,0,"Rubriker,",,,,,[],[],[],['mit nye Skuespil']
370,0,end,,,,,[],[],[],['mit nye Skuespil']
371,0,under,,,,,[],[],[],['mit nye Skuespil']
372,0,Thevandspassiar,,,,,[],[],[],['mit nye Skuespil']
373,0,og,,,,,[],[],[],['mit nye Skuespil']
374,0,"Privatvrøvl,",,,,,[],[],[],['mit nye Skuespil']
375,0,–,,,,,[],[],[],['mit nye Skuespil']
376,0,og,,,,,[],[],[],['mit nye Skuespil']
377,0,er,,,,,[],[],[],['mit nye Skuespil']
378,0,det,,,,,[],[],[],['mit nye Skuespil']
379,0,anstændigt,,,,,[],[],[],['mit nye Skuespil']
380,0,at,,,,,[],[],[],['mit nye Skuespil']
381,0,byde,,,,,[],[],[],['mit nye Skuespil']
382,0,Publicum,,,,,[],[],[],['mit nye Skuespil']
383,0,sligt?d),,,,,[],[],[],['mit nye Skuespil']
384,0,Naar,,,,,[],[],[],['mit nye Skuespil']
385,0,Hr.,,,,,[],[],[],['mit nye Skuespil']
386,0,"n-s,",,,,,[],[],[],['mit nye Skuespil']
387,0,efter,,,,,[],[],[],['mit nye Skuespil']
388,0,«kun,,,,,[],[],[],['mit nye Skuespil']
389,0,een,,,,,[],[],[],['mit nye Skuespil']
390,0,Gang,,,,,[],[],[],['mit nye Skuespil']
391,0,at,,,,,[],[],[],['mit nye Skuespil']
392,0,have,,,,,[],[],[],['mit nye Skuespil']
393,0,seet,,,,,[],[],[],['mit nye Skuespil']
394,0,Stykket»,,,,,[],[],[],['mit nye Skuespil']
395,0,og,,,,,[],[],[],['mit nye Skuespil']
396,0,endnu,,,,,[],[],[],['mit nye Skuespil']
397,0,ikke,,,,,[],[],[],['mit nye Skuespil']
398,0,«sat,,,,,[],[],[],['mit nye Skuespil']
399,0,sig,,,,,[],[],[],['mit nye Skuespil']
400,0,nok,,,,,[],[],[],['mit nye Skuespil']
401,0,ind,,,,,[],[],[],['mit nye Skuespil']
402,0,"deri»,",,,,,[],[],[],['mit nye Skuespil']
403,0,"opdager,",,,,,[],[],[],['mit nye Skuespil']
404,0,at,,,,,[],[],[],['mit nye Skuespil']
405,0,det,,,,,[],[],[],['mit nye Skuespil']
406,0,røber,,,,,[],[],[],['mit nye Skuespil']
407,0,Mangel,,,,,[],[],[],['mit nye Skuespil']
408,0,paa,,,,,[],[],[],['mit nye Skuespil']
409,0,«Menneskekundskab,,,,,[],[],[],['mit nye Skuespil']
410,0,og,,,,,[],[],[],['mit nye Skuespil']
411,0,"Verdenskundskab»,",,,,,[],[],[],['mit nye Skuespil']
412,0,mener,,,,,[],[],[],['mit nye Skuespil']
413,0,De,,,,,[],[],[],['mit nye Skuespil']
414,0,saa,,,,,[],[],[],['mit nye Skuespil']
415,0,ikke,,,,,[],[],[],['mit nye Skuespil']
416,0,at,,,,,[],[],[],['mit nye Skuespil']
417,0,enhver,,,,,[],[],[],['mit nye Skuespil']
418,0,Anden,,,,,[],[],[],['mit nye Skuespil']
419,0,med,,,,,[],[],[],['mit nye Skuespil']
420,0,normale,,,,,[],[],[],['mit nye Skuespil']
421,0,Forstandsevner,,,,,[],[],[],['mit nye Skuespil']
422,0,vil,,,,,[],[],[],['mit nye Skuespil']
423,0,kunne,,,,,[],[],[],['mit nye Skuespil']
424,0,gjøre,,,,,[],[],[],['mit nye Skuespil']
425,0,den,,,,,[],[],[],['mit nye Skuespil']
426,0,samme,,,,,[],[],[],['mit nye Skuespil']
427,0,Opdagelse?,,,,,[],[],[],['mit nye Skuespil']
428,0,Jeg,,,,,[],[],[],['mit nye Skuespil']
429,0,tænker,,,,,[],[],[],['mit nye Skuespil']
430,0,De,,,,,[],[],[],['mit nye Skuespil']
431,0,gjør,,,,,[],[],[],['mit nye Skuespil']
432,0,rettest,,,,,[],[],[],['mit nye Skuespil']
433,0,i,,,,,[],[],[],['mit nye Skuespil']
434,0,at,,,,,[],[],[],['mit nye Skuespil']
435,0,indrømme,,,,,[],[],[],['mit nye Skuespil']
436,0,mig,,,,,[],[],[],['mit nye Skuespil']
437,0,dette.,,,,,[],[],[],['mit nye Skuespil']
438,0,Men,,,,,[],[],[],['mit nye Skuespil']
439,0,hvis,,,,,[],[],[],['mit nye Skuespil']
440,0,saa,,,,,[],[],[],['mit nye Skuespil']
441,0,"er,",,,,,[],[],[],['mit nye Skuespil']
442,0,hvorfor,,,,,[],[],[],['mit nye Skuespil']
443,0,skal,,,,,[],[],[],['mit nye Skuespil']
444,0,De,,,,,[],[],[],['mit nye Skuespil']
445,0,saa,,,,,[],[],[],['mit nye Skuespil']
446,0,have,,,,,[],[],[],['mit nye Skuespil']
447,0,Deres,,,,,[],[],[],['mit nye Skuespil']
448,0,Privatformeninger,,,,,[],[],[],['mit nye Skuespil']
449,0,ind,,,,,[],[],[],['mit nye Skuespil']
450,0,i,,,,,[],[],[],['mit nye Skuespil']
451,0,Bladene?,,,,,[],[],[],['mit nye Skuespil']
452,0,Hvorfor,,,,,[],[],[],['mit nye Skuespil']
453,0,trænger,,,,,[],[],[],['mit nye Skuespil']
454,0,De,,,,,[],[],[],['mit nye Skuespil']
455,0,Dem,,,,,[],[],[],['mit nye Skuespil']
456,0,frem,,,,,[],[],[],['mit nye Skuespil']
457,0,med,,,,,[],[],[],['mit nye Skuespil']
458,0,et,,,,,[],[],[],['mit nye Skuespil']
459,0,"Ledebaand,",,,,,[],[],[],['mit nye Skuespil']
460,0,som,,,,,[],[],[],['mit nye Skuespil']
461,0,Ingen,,,,,[],[],[],['mit nye Skuespil']
462,0,har,,,,,[],[],[],['mit nye Skuespil']
463,0,Brug,,,,,[],[],[],['mit nye Skuespil']
464,0,for?Disse,,,,,[],[],[],['mit nye Skuespil']
465,0,Spørgsmaal,,,,,[],[],[],['mit nye Skuespil']
466,0,skylder,,,,,[],[],[],['mit nye Skuespil']
467,0,De,,,,,[],[],[],['mit nye Skuespil']
468,0,baade,,,,,[],[],[],['mit nye Skuespil']
469,0,Dem,,,,,[],[],[],['mit nye Skuespil']
470,0,selv,,,,,[],[],[],['mit nye Skuespil']
471,0,og,,,,,[],[],[],['mit nye Skuespil']
472,0,mig,,,,,[],[],[],['mit nye Skuespil']
473,0,at,,,,,[],[],[],['mit nye Skuespil']
474,0,besvare;,,,,,[],[],[],['mit nye Skuespil']
475,0,enhver,,,,,[],[],[],['mit nye Skuespil']
476,0,løs,,,,,[],[],[],['mit nye Skuespil']
477,0,"Paastand,",,,,,[],[],[],['mit nye Skuespil']
478,0,offentligt,,,,,[],[],[],['mit nye Skuespil']
479,0,"fremsat,",,,,,[],[],[],['mit nye Skuespil']
480,0,bør,,,,,[],[],[],['mit nye Skuespil']
481,0,ogsaa,,,,,[],[],[],['mit nye Skuespil']
482,0,offentligt,,,,,[],[],[],['mit nye Skuespil']
483,0,begrundes.For,,,,,[],[],[],['mit nye Skuespil']
484,0,imidlertid,,,,,[],[],[],['mit nye Skuespil']
485,0,at,,,,,[],[],[],['mit nye Skuespil']
486,0,spare,,,,,[],[],[],['mit nye Skuespil']
487,0,Dem,,,,,[],[],[],['mit nye Skuespil']
488,0,for,,,,,[],[],[],['mit nye Skuespil']
489,0,unødigt,,,,,[],[],[],['mit nye Skuespil']
490,0,"Arbejde,",,,,,[],[],[],['mit nye Skuespil']
491,0,skal,,,,,[],[],[],['mit nye Skuespil']
492,0,jeg,,,,,[],[],[],['mit nye Skuespil']
493,0,paa,,,,,[],[],[],['mit nye Skuespil']
494,0,Forhaand,,,,,[],[],[],['mit nye Skuespil']
495,0,gjøre,,,,,[],[],[],['mit nye Skuespil']
496,0,opmærksom,,,,,[],[],[],['mit nye Skuespil']
497,0,paa,,,,,[],[],[],['mit nye Skuespil']
498,0,en,,,,,[],[],[],['mit nye Skuespil']
499,0,Ting:,,,,,[],[],[],['mit nye Skuespil']
500,0,Dersom,,,,,[],[],[],['mit nye Skuespil']
501,0,"De,",,,,,[],[],[],['mit nye Skuespil']
502,0,som,,,,,[],[],[],['mit nye Skuespil']
503,0,rimeligt,,,,,[],[],[],['mit nye Skuespil']
504,0,kan,,,,,[],[],[],['mit nye Skuespil']
505,0,"være,",,,,,[],[],[],['mit nye Skuespil']
506,0,skulde,,,,,[],[],[],['mit nye Skuespil']
507,0,finde,,,,,[],[],[],['mit nye Skuespil']
508,0,det,,,,,[],[],[],['mit nye Skuespil']
509,0,nemmest,,,,,[],[],[],['mit nye Skuespil']
510,0,at,,,,,[],[],[],['mit nye Skuespil']
511,0,smutte,,,,,[],[],[],['mit nye Skuespil']
512,0,fra,,,,,[],[],[],['mit nye Skuespil']
513,0,Sagen,,,,,[],[],[],['mit nye Skuespil']
514,0,ved,,,,,[],[],[],['mit nye Skuespil']
515,0,et,,,,,[],[],[],['mit nye Skuespil']
516,0,lidet,,,,,[],[],[],['mit nye Skuespil']
517,0,"Kunstgreb,",,,,,[],[],[],['mit nye Skuespil']
518,0,saa,,,,,[],[],[],['mit nye Skuespil']
519,0,vil,,,,,[],[],[],['mit nye Skuespil']
520,0,det,,,,,[],[],[],['mit nye Skuespil']
521,0,ikke,,,,,[],[],[],['mit nye Skuespil']
522,0,nytte,,,,,[],[],[],['mit nye Skuespil']
523,0,Dem,,,,,[],[],[],['mit nye Skuespil']
524,0,til,,,,,[],[],[],['mit nye Skuespil']
525,0,"Noget,",,,,,[],[],[],['mit nye Skuespil']
526,0,det,,,,,[],[],[],['mit nye Skuespil']
527,0,siger,,,,,[],[],[],['mit nye Skuespil']
528,0,jeg,,,,,[],[],[],['mit nye Skuespil']
529,0,Dem,,,,,[],[],[],['mit nye Skuespil']
530,0,forud.,,,,,[],[],[],['mit nye Skuespil']
531,0,Jeg,,,,,[],[],[],['mit nye Skuespil']
532,0,tænker,,,,,[],[],[],['mit nye Skuespil']
533,0,mig,,,,,[],[],[],['mit nye Skuespil']
534,0,"nemlig,",,,,,[],[],[],['mit nye Skuespil']
535,0,at,,,,,[],[],[],['mit nye Skuespil']
536,0,De,,,,,[],[],[],['mit nye Skuespil']
537,0,kunde,,,,,[],[],[],['mit nye Skuespil']
538,0,falde,,,,,[],[],[],['mit nye Skuespil']
539,0,"paa,",,,,,[],[],[],['mit nye Skuespil']
540,0,istedetfor,,,,,[],[],[],['mit nye Skuespil']
541,0,Svar,,,,,[],[],[],['mit nye Skuespil']
542,0,paa,,,,,[],[],[],['mit nye Skuespil']
543,0,mine,,,,,[],[],[],['mit nye Skuespil']
544,0,"Spørgsmaal,",,,,,[],[],[],['mit nye Skuespil']
545,0,at,,,,,[],[],[],['mit nye Skuespil']
546,0,give,,,,,[],[],[],['mit nye Skuespil']
547,0,en,,,,,[],[],[],['mit nye Skuespil']
548,0,Fremstilling,,,,,[],[],[],['mit nye Skuespil']
549,0,af,,,,,[],[],[],['mit nye Skuespil']
550,0,Stykkets,,,,,[],[],[],['mit nye Skuespil']
551,0,Indhold,,,,,[],[],[],['mit nye Skuespil']
552,0,og,,,,,[],[],[],['mit nye Skuespil']
553,0,saa,,,,,[],[],[],['mit nye Skuespil']
554,0,til,,,,,[],[],[],['mit nye Skuespil']
555,0,Slutning,,,,,[],[],[],['mit nye Skuespil']
556,0,spørge:,,,,,[],[],[],['mit nye Skuespil']
557,0,«Er,,,,,[],[],[],['mit nye Skuespil']
558,0,ikke,,,,,[],[],[],['mit nye Skuespil']
559,0,dette,,,,,[],[],[],['mit nye Skuespil']
560,0,et,,,,,[],[],[],['mit nye Skuespil']
561,0,komplet,,,,,[],[],[],['mit nye Skuespil']
562,0,Virvar?,,,,,[],[],[],['mit nye Skuespil']
563,0,Røber,,,,,[],[],[],['mit nye Skuespil']
564,0,ikke,,,,,[],[],[],['mit nye Skuespil']
565,0,dette,,,,,[],[],[],['mit nye Skuespil']
566,0,Mangel,,,,,[],[],[],['mit nye Skuespil']
567,0,baade,,,,,[],[],[],['mit nye Skuespil']
568,0,paa,,,,,[],[],[],['mit nye Skuespil']
569,0,Menneskekundskab,,,,,[],[],[],['mit nye Skuespil']
570,0,og,,,,,[],[],[],['mit nye Skuespil']
571,0,Verdenskundskab?»,,,,,[],[],[],['mit nye Skuespil']
572,0,Men,,,,,[],[],[],['mit nye Skuespil']
573,0,derved,,,,,[],[],[],['mit nye Skuespil']
574,0,kommer,,,,,[],[],[],['mit nye Skuespil']
575,0,De,,,,,[],[],[],['mit nye Skuespil']
576,0,sandelig,,,,,[],[],[],['mit nye Skuespil']
577,0,ikke,,,,,[],[],[],['mit nye Skuespil']
578,0,et,,,,,[],[],[],['mit nye Skuespil']
579,0,eneste,,,,,[],[],[],['mit nye Skuespil']
580,0,Skridt,,,,,[],[],[],['mit nye Skuespil']
581,0,videre;,,,,,[],[],[],['mit nye Skuespil']
582,0,thi,,,,,[],[],[],['mit nye Skuespil']
583,0,ved,,,,,[],[],[],['mit nye Skuespil']
584,0,den,,,,,[],[],[],['mit nye Skuespil']
585,0,Fremgangsmaade,,,,,[],[],[],['mit nye Skuespil']
586,0,beviser,,,,,[],[],[],['mit nye Skuespil']
587,0,De,,,,,[],[],[],['mit nye Skuespil']
588,0,jo,,,,,[],[],[],['mit nye Skuespil']
589,0,kun,,,,,[],[],[],['mit nye Skuespil']
590,0,at,,,,,[],[],[],['mit nye Skuespil']
591,0,Stykkets,,,,,[],[],[],['mit nye Skuespil']
592,0,"Indhold,",,,,,[],[],[],['mit nye Skuespil']
593,0,fremstillet,,,,,[],[],[],['mit nye Skuespil']
594,0,med,,,,,[],[],[],['mit nye Skuespil']
595,0,Deres,,,,,[],[],[],['mit nye Skuespil']
596,0,"Ord,",,,,,[],[],[],['mit nye Skuespil']
597,0,og,,,,,[],[],[],['mit nye Skuespil']
598,0,med,,,,,[],[],[],['mit nye Skuespil']
599,0,Deres,,,,,[],[],[],['mit nye Skuespil']
600,0,"Pen,",,,,,[],[],[],['mit nye Skuespil']
601,0,bliver,,,,,[],[],[],['mit nye Skuespil']
602,0,til,,,,,[],[],[],['mit nye Skuespil']
603,0,et,,,,,[],[],[],['mit nye Skuespil']
604,0,"«Virvar»,",,,,,[],[],[],['mit nye Skuespil']
605,0,lidende,,,,,[],[],[],['mit nye Skuespil']
606,0,af,,,,,[],[],[],['mit nye Skuespil']
607,0,Mangel,,,,,[],[],[],['mit nye Skuespil']
608,0,paa,,,,,[],[],[],['mit nye Skuespil']
609,0,Menneskekundskab,,,,,[],[],[],['mit nye Skuespil']
610,0,"osv.,",,,,,[],[],[],['mit nye Skuespil']
611,0,"Noget,",,,,,[],[],[],['mit nye Skuespil']
612,0,hvorom,,,,,[],[],[],['mit nye Skuespil']
613,0,jeg,,,,,[],[],[],['mit nye Skuespil']
614,0,aldrig,,,,,[],[],[],['mit nye Skuespil']
615,0,har,,,,,[],[],[],['mit nye Skuespil']
616,0,næret,,,,,[],[],[],['mit nye Skuespil']
617,0,"Tvivl,",,,,,[],[],[],['mit nye Skuespil']
618,0,og,,,,,[],[],[],['mit nye Skuespil']
619,0,som,,,,,[],[],[],['mit nye Skuespil']
620,0,det,,,,,[],[],[],['mit nye Skuespil']
621,0,aldrig,,,,,[],[],[],['mit nye Skuespil']
622,0,kunde,,,,,[],[],[],['mit nye Skuespil']
623,0,falde,,,,,[],[],[],['mit nye Skuespil']
624,0,mig,,,,,[],[],[],['mit nye Skuespil']
625,0,ind,,,,,[],[],[],['mit nye Skuespil']
626,0,at,,,,,[],[],[],['mit nye Skuespil']
627,0,fordre,,,,,[],[],[],['mit nye Skuespil']
628,0,Beviser,,,,,[],[],[],['mit nye Skuespil']
629,0,for.,,,,,[],[],[],['mit nye Skuespil']
630,0,"Nei,",,,,,[],[],[],['mit nye Skuespil']
631,0,hvad,,,,,[],[],[],['mit nye Skuespil']
632,0,her,,,,,[],[],[],['mit nye Skuespil']
633,0,skal,,,,,[],[],[],['mit nye Skuespil']
634,0,"bevises,",,,,,[],[],[],['mit nye Skuespil']
635,0,er,,,,,[],[],[],['mit nye Skuespil']
636,0,at,,,,,[],[],[],['mit nye Skuespil']
637,0,"Stykket,",,,,,[],[],[],['mit nye Skuespil']
638,0,gjengivet,,,,,[],[],[],['mit nye Skuespil']
639,0,med,,,,,[],[],[],['mit nye Skuespil']
640,0,mine,,,,,[],[],[],['mit nye Skuespil']
641,0,Ord,,,,,[],[],[],['mit nye Skuespil']
642,0,og,,,,,[],[],[],['mit nye Skuespil']
643,0,med,,,,,[],[],[],['mit nye Skuespil']
644,0,min,,,,,[],[],[],['mit nye Skuespil']
645,0,"Pen,",,,,,[],[],[],['mit nye Skuespil']
646,0,er,,,,,[],[],[],['mit nye Skuespil']
647,0,fuldt,,,,,[],[],[],['mit nye Skuespil']
648,0,af,,,,,[],[],[],['mit nye Skuespil']
649,0,Virvar,,,,,[],[],[],['mit nye Skuespil']
650,0,m.,,,,,[],[],[],['mit nye Skuespil']
651,0,m.,,,,,[],[],[],['mit nye Skuespil']
652,0,I,,,,,[],[],[],['mit nye Skuespil']
653,0,Kunsten,,,,,[],[],[],['mit nye Skuespil']
654,0,saavelsom,,,,,[],[],[],['mit nye Skuespil']
655,0,i,,,,,[],[],[],['mit nye Skuespil']
656,0,Literaturen,,,,,[],[],[],['mit nye Skuespil']
657,0,gjelder,,,,,[],[],[],['mit nye Skuespil']
658,0,nemlig,,,,,[],[],[],['mit nye Skuespil']
659,0,intet,,,,,[],[],[],['mit nye Skuespil']
660,0,"«Hvad»,",,,,,[],[],[],['mit nye Skuespil']
661,0,men,,,,,[],[],[],['mit nye Skuespil']
662,0,kun,,,,,[],[],[],['mit nye Skuespil']
663,0,"«Hvorledes»,",,,,,[],[],[],['mit nye Skuespil']
664,0,og,,,,,[],[],[],['mit nye Skuespil']
665,0,ad,,,,,[],[],[],['mit nye Skuespil']
666,0,den,,,,,[],[],[],['mit nye Skuespil']
667,0,fortællende,,,,,[],[],[],['mit nye Skuespil']
668,0,Vej,,,,,[],[],[],['mit nye Skuespil']
669,0,vil,,,,,[],[],[],['mit nye Skuespil']
670,0,De,,,,,[],[],[],['mit nye Skuespil']
671,0,saaledes,,,,,[],[],[],['mit nye Skuespil']
672,0,aldrig,,,,,[],[],[],['mit nye Skuespil']
673,0,kunne,,,,,[],[],[],['mit nye Skuespil']
674,0,klare,,,,,[],[],[],['mit nye Skuespil']
675,0,Dem;,,,,,[],[],[],['mit nye Skuespil']
676,0,Grunde,,,,,[],[],[],['mit nye Skuespil']
677,0,maa,,,,,[],[],[],['mit nye Skuespil']
678,0,De,,,,,[],[],[],['mit nye Skuespil']
679,0,"opdrive,",,,,,[],[],[],['mit nye Skuespil']
680,0,Grunde,,,,,[],[],[],['mit nye Skuespil']
681,0,for,,,,,[],[],[],['mit nye Skuespil']
682,0,Deres,,,,,[],[],[],['mit nye Skuespil']
683,0,"Paastande,",,,,,[],[],[],['mit nye Skuespil']
684,0,ifald,,,,,[],[],[],['mit nye Skuespil']
685,0,De,,,,,[],[],[],['mit nye Skuespil']
686,0,ikke,,,,,[],[],[],['mit nye Skuespil']
687,0,vil,,,,,[],[],[],['mit nye Skuespil']
688,0,staa,,,,,[],[],[],['mit nye Skuespil']
689,0,som,,,,,[],[],[],['mit nye Skuespil']
690,0,"En,",,,,,[],[],[],['mit nye Skuespil']
691,0,der,,,,,[],[],[],['mit nye Skuespil']
692,0,kun,,,,,[],[],[],['mit nye Skuespil']
693,0,farer,,,,,[],[],[],['mit nye Skuespil']
694,0,med,,,,,[],[],[],['mit nye Skuespil']
695,0,løs,,,,,[],[],[],['mit nye Skuespil']
696,0,Snak,,,,,[],[],[],['mit nye Skuespil']
697,0,og,,,,,[],[],[],['mit nye Skuespil']
698,0,som,,,,,[],[],[],['mit nye Skuespil']
699,0,havde,,,,,[],[],[],['mit nye Skuespil']
700,0,gjort,,,,,[],[],[],['mit nye Skuespil']
701,0,klogest,,,,,[],[],[],['mit nye Skuespil']
702,0,i,,,,,[],[],[],['mit nye Skuespil']
703,0,at,,,,,[],[],[],['mit nye Skuespil']
704,0,tie,,,,,[],[],[],['mit nye Skuespil']
705,0,stille.Idet,,,,,[],[],[],['mit nye Skuespil']
706,0,jeg,,,,,[],[],[],['mit nye Skuespil']
707,0,nu,,,,,[],[],[],['mit nye Skuespil']
708,0,ønsker,,,,,[],[],[],['mit nye Skuespil']
709,0,Dem,,,,,[],[],[],['mit nye Skuespil']
710,0,Held,,,,,[],[],[],['mit nye Skuespil']
711,0,med,,,,,[],[],[],['mit nye Skuespil']
712,0,Deres,,,,,[],[],[],['mit nye Skuespil']
713,0,"Arbeide,",,,,,[],[],[],['mit nye Skuespil']
714,0,vil,,,,,[],[],[],['mit nye Skuespil']
715,0,jeg,,,,,[],[],[],['mit nye Skuespil']
716,0,bede,,,,,[],[],[],['mit nye Skuespil']
717,0,Dem,,,,,[],[],[],['mit nye Skuespil']
718,0,endelig,,,,,[],[],[],['mit nye Skuespil']
719,0,ikke,,,,,[],[],[],['mit nye Skuespil']
720,0,at,,,,,[],[],[],['mit nye Skuespil']
721,0,lade,,,,,[],[],[],['mit nye Skuespil']
722,0,Dem,,,,,[],[],[],['mit nye Skuespil']
723,0,genere,,,,,[],[],[],['mit nye Skuespil']
724,0,af,,,,,[],[],[],['mit nye Skuespil']
725,0,den,,,,,[],[],[],['mit nye Skuespil']
726,0,«ugunstige,,,,,[],[],[],['mit nye Skuespil']
727,0,Dom»;,,,,,[],[],[],['mit nye Skuespil']
728,0,jeg,,,,,[],[],[],['mit nye Skuespil']
729,0,er,,,,,[],[],[],['mit nye Skuespil']
730,0,ikke,,,,,[],[],[],['mit nye Skuespil']
731,0,saa,,,,,[],[],[],['mit nye Skuespil']
732,0,ømskindet,,,,,[],[],[],['mit nye Skuespil']
733,0,som,,,,,[],[],[],['mit nye Skuespil']
734,0,De,,,,,[],[],[],['mit nye Skuespil']
735,0,synes,,,,,[],[],[],['mit nye Skuespil']
736,0,at,,,,,[],[],[],['mit nye Skuespil']
737,0,"mene,",,,,,[],[],[],['mit nye Skuespil']
738,0,det,,,,,[],[],[],['mit nye Skuespil']
739,0,er,,,,,[],[],[],['mit nye Skuespil']
740,0,mig,,,,,[],[],[],['mit nye Skuespil']
741,0,om,,,,,[],[],[],['mit nye Skuespil']
742,0,Sandheden,,,,,[],[],[],['mit nye Skuespil']
743,0,at,,,,,[],[],[],['mit nye Skuespil']
744,0,"gjøre,",,,,,[],[],[],['mit nye Skuespil']
745,0,og,,,,,[],[],[],['mit nye Skuespil']
746,0,for,,,,,[],[],[],['mit nye Skuespil']
747,0,enhver,,,,,[],[],[],['mit nye Skuespil']
748,0,grundig,,,,,[],[],[],['mit nye Skuespil']
749,0,"Kritik,",,,,,[],[],[],['mit nye Skuespil']
750,0,den,,,,,[],[],[],['mit nye Skuespil']
751,0,være,,,,,[],[],[],['mit nye Skuespil']
752,0,nu,,,,,[],[],[],['mit nye Skuespil']
753,0,rosende,,,,,[],[],[],['mit nye Skuespil']
754,0,eller,,,,,[],[],[],['mit nye Skuespil']
755,0,"dadlende,",,,,,[],[],[],['mit nye Skuespil']
756,0,vil,,,,,[],[],[],['mit nye Skuespil']
757,0,jeg,,,,,[],[],[],['mit nye Skuespil']
758,0,vide,,,,,[],[],[],['mit nye Skuespil']
759,0,at,,,,,[],[],[],['mit nye Skuespil']
760,0,være,,,,,[],[],[],['mit nye Skuespil']
761,0,"taknemmelig,",,,,,[],[],[],['mit nye Skuespil']
762,0,saafremt,,,,,[],[],[],['mit nye Skuespil']
763,0,den,,,,,[],[],[],['mit nye Skuespil']
764,0,kun,,,,,[],[],[],['mit nye Skuespil']
765,0,leder,,,,,[],[],[],['mit nye Skuespil']
766,0,mig,,,,,[],[],[],['mit nye Skuespil']
767,0,til,,,,,[],[],[],['mit nye Skuespil']
768,0,større,,,,,[],[],[],['mit nye Skuespil']
769,0,Klarhed,,,,,[],[],[],['mit nye Skuespil']
770,0,over,,,,,[],[],[],['mit nye Skuespil']
771,0,mig,,,,,[],[],[],['mit nye Skuespil']
772,0,selv.,,,,,[],[],[],['mit nye Skuespil']
773,0,Det,,,,,[],[],[],['mit nye Skuespil']
774,0,er,,,,,[],[],[],['mit nye Skuespil']
775,0,derfor,,,,,[],[],[],['mit nye Skuespil']
776,0,ingenlunde,,,,,[],[],[],['mit nye Skuespil']
777,0,paa,,,,,[],[],[],['mit nye Skuespil']
778,0,Grund,,,,,[],[],[],['mit nye Skuespil']
779,0,af,,,,,[],[],[],['mit nye Skuespil']
780,0,Paastandenes,,,,,[],[],[],['mit nye Skuespil']
781,0,Skarphed,,,,,[],[],[],['mit nye Skuespil']
782,0,at,,,,,[],[],[],['mit nye Skuespil']
783,0,jeg,,,,,[],[],[],['mit nye Skuespil']
784,0,har,,,,,[],[],[],['mit nye Skuespil']
785,0,taget,,,,,[],[],[],['mit nye Skuespil']
786,0,til,,,,,[],[],[],['mit nye Skuespil']
787,0,Gjenmæle,,,,,[],[],[],['mit nye Skuespil']
788,0,mod,,,,,[],[],[],['mit nye Skuespil']
789,0,"Dem,",,,,,[],[],[],['mit nye Skuespil']
790,0,men,,,,,[],[],[],['mit nye Skuespil']
791,0,fordi,,,,,[],[],[],['mit nye Skuespil']
792,0,Deres,,,,,[],[],[],['mit nye Skuespil']
793,0,Paastande,,,,,[],[],[],['mit nye Skuespil']
794,0,ere,,,,,[],[],[],['mit nye Skuespil']
795,0,løse,,,,,[],[],[],['mit nye Skuespil']
796,0,og,,,,,[],[],[],['mit nye Skuespil']
797,0,ubegrundede.,,,,,[],[],[],['mit nye Skuespil']
798,0,Kan,,,,,[],[],[],['mit nye Skuespil']
799,0,jeg,,,,,[],[],[],['mit nye Skuespil']
800,0,nu,,,,,[],[],[],['mit nye Skuespil']
801,0,af,,,,,[],[],[],['mit nye Skuespil']
802,0,Deres,,,,,[],[],[],['mit nye Skuespil']
803,0,Svar,,,,,[],[],[],['mit nye Skuespil']
804,0,paa,,,,,[],[],[],['mit nye Skuespil']
805,0,disse,,,,,[],[],[],['mit nye Skuespil']
806,0,Linier,,,,,[],[],[],['mit nye Skuespil']
807,0,udvinde,,,,,[],[],[],['mit nye Skuespil']
808,0,noget,,,,,[],[],[],['mit nye Skuespil']
809,0,"Lærerigt,",,,,,[],[],[],['mit nye Skuespil']
810,0,saa,,,,,[],[],[],['mit nye Skuespil']
811,0,skal,,,,,[],[],[],['mit nye Skuespil']
812,0,det,,,,,[],[],[],['mit nye Skuespil']
813,0,være,,,,,[],[],[],['mit nye Skuespil']
814,0,mig,,,,,[],[],[],['mit nye Skuespil']
815,0,kjært;,,,,,[],[],[],['mit nye Skuespil']
816,0,i,,,,,[],[],[],['mit nye Skuespil']
817,0,modsat,,,,,[],[],[],['mit nye Skuespil']
818,0,Fald,,,,,[],[],[],['mit nye Skuespil']
819,0,maa,,,,,[],[],[],['mit nye Skuespil']
820,0,De,,,,,[],[],[],['mit nye Skuespil']
821,0,trøste,,,,,[],[],[],['mit nye Skuespil']
822,0,Dem,,,,,[],[],[],['mit nye Skuespil']
823,0,med,,,,,[],[],[],['mit nye Skuespil']
824,0,at,,,,,[],[],[],['mit nye Skuespil']
825,0,Deres,,,,,[],[],[],['mit nye Skuespil']
826,0,Svar,,,,,[],[],[],['mit nye Skuespil']
827,0,kommer,,,,,[],[],[],['mit nye Skuespil']
828,0,til,,,,,[],[],[],['mit nye Skuespil']
829,0,at,,,,,[],[],[],['mit nye Skuespil']
830,0,indeholde,,,,,[],[],[],['mit nye Skuespil']
831,0,en,,,,,[],[],[],['mit nye Skuespil']
832,0,gavnlig,,,,,[],[],[],['mit nye Skuespil']
833,0,Lære,,,,,[],[],[],['mit nye Skuespil']
834,0,for,,,,,[],[],[],['mit nye Skuespil']
835,0,Dem,,,,,[],[],[],['mit nye Skuespil']
836,0,"selv,",,,,,[],[],[],['mit nye Skuespil']
837,0,den,,,,,[],[],[],['mit nye Skuespil']
838,0,"nemlig,",,,,,[],[],[],['mit nye Skuespil']
839,0,at,,,,,[],[],[],['mit nye Skuespil']
840,0,ikke,,,,,[],[],[],['mit nye Skuespil']
841,0,Enhver,,,,,[],[],[],['mit nye Skuespil']
842,0,er,,,,,[],[],[],['mit nye Skuespil']
843,0,kaldet,,,,,[],[],[],['mit nye Skuespil']
844,0,til,,,,,[],[],[],['mit nye Skuespil']
845,0,at,,,,,[],[],[],['mit nye Skuespil']
846,0,kjæmpe,,,,,[],[],[],['mit nye Skuespil']
847,0,i,,,,,[],[],[],['mit nye Skuespil']
848,0,Smagens,,,,,[],[],[],['mit nye Skuespil']
849,0,"Tjeneste,",,,,,[],[],[],['mit nye Skuespil']
850,0,om,,,,,[],[],[],['mit nye Skuespil']
851,0,han,,,,,[],[],[],['mit nye Skuespil']
852,0,end,,,,,[],[],[],['mit nye Skuespil']
853,0,er,,,,,[],[],[],['mit nye Skuespil']
854,0,skrivekyndig,,,,,[],[],[],['mit nye Skuespil']
855,0,og,,,,,[],[],[],['mit nye Skuespil']
856,0,i,,,,,[],[],[],['mit nye Skuespil']
857,0,Privatlivet,,,,,[],[],[],['mit nye Skuespil']
858,0,slumper,,,,,[],[],[],['mit nye Skuespil']
859,0,til,,,,,[],[],[],['mit nye Skuespil']
860,0,at,,,,,[],[],[],['mit nye Skuespil']
861,0,opsnappe,,,,,[],[],[],['mit nye Skuespil']
862,0,en,,,,,[],[],[],['mit nye Skuespil']
863,0,Del,,,,,[],[],[],['mit nye Skuespil']
864,0,"Meninger,",,,,,[],[],[],['mit nye Skuespil']
865,0,der,,,,,[],[],[],['mit nye Skuespil']
866,0,bekvemmeligen,,,,,[],[],[],['mit nye Skuespil']
867,0,laer,,,,,[],[],[],['mit nye Skuespil']
868,0,sig,,,,,[],[],[],['mit nye Skuespil']
869,0,føre,,,,,[],[],[],['mit nye Skuespil']
870,0,i,,,,,[],[],[],['mit nye Skuespil']
871,0,Pennen.,,,,,[],[],[],['mit nye Skuespil']
