,,0,human_annotation,who,dacy_medium,spacy_trf,person,place,org,work
0,0,Undskyld,,,,,['min hustru'],['München'],[],"['et større dramatisk arbejde', 'det sidste digt']"
1,0,at,,,,,['min hustru'],['München'],[],"['et større dramatisk arbejde', 'det sidste digt']"
2,0,jeg,,,,,['min hustru'],['München'],[],"['et større dramatisk arbejde', 'det sidste digt']"
3,0,ikke,,,,,['min hustru'],['München'],[],"['et større dramatisk arbejde', 'det sidste digt']"
4,0,før,,,,,['min hustru'],['München'],[],"['et større dramatisk arbejde', 'det sidste digt']"
5,0,har,,,,,['min hustru'],['München'],[],"['et større dramatisk arbejde', 'det sidste digt']"
6,0,ladet,,,,,['min hustru'],['München'],[],"['et større dramatisk arbejde', 'det sidste digt']"
7,0,Dem,,,,,['min hustru'],['München'],[],"['et større dramatisk arbejde', 'det sidste digt']"
8,0,høre,,,,,['min hustru'],['München'],[],"['et større dramatisk arbejde', 'det sidste digt']"
9,0,fra,,,,,['min hustru'],['München'],[],"['et større dramatisk arbejde', 'det sidste digt']"
10,0,mig.,,,,,['min hustru'],['München'],[],"['et større dramatisk arbejde', 'det sidste digt']"
11,0,Deres,,,,,['min hustru'],['München'],[],"['et større dramatisk arbejde', 'det sidste digt']"
12,0,to,,,,,['min hustru'],['München'],[],"['et større dramatisk arbejde', 'det sidste digt']"
13,0,brevkort,,,,,['min hustru'],['München'],[],"['et større dramatisk arbejde', 'det sidste digt']"
14,0,modtog,,,,,['min hustru'],['München'],[],"['et større dramatisk arbejde', 'det sidste digt']"
15,0,jeg,,,,,['min hustru'],['München'],[],"['et større dramatisk arbejde', 'det sidste digt']"
16,0,igår.,,,,,['min hustru'],['München'],[],"['et større dramatisk arbejde', 'det sidste digt']"
17,0,Til,,,,,['min hustru'],['München'],[],"['et større dramatisk arbejde', 'det sidste digt']"
18,0,Oktober-heftet,,,,,['min hustru'],['München'],[],"['et større dramatisk arbejde', 'det sidste digt']"
19,0,er,,,,,['min hustru'],['München'],[],"['et større dramatisk arbejde', 'det sidste digt']"
20,0,det,,,,,['min hustru'],['München'],[],"['et større dramatisk arbejde', 'det sidste digt']"
21,0,mig,,,,,['min hustru'],['München'],[],"['et større dramatisk arbejde', 'det sidste digt']"
22,0,en,,,,,['min hustru'],['München'],[],"['et større dramatisk arbejde', 'det sidste digt']"
23,0,umulighed,,,,,['min hustru'],['München'],[],"['et større dramatisk arbejde', 'det sidste digt']"
24,0,at,,,,,['min hustru'],['München'],[],"['et større dramatisk arbejde', 'det sidste digt']"
25,0,levere,,,,,['min hustru'],['München'],[],"['et større dramatisk arbejde', 'det sidste digt']"
26,0,noget,,,,,['min hustru'],['München'],[],"['et større dramatisk arbejde', 'det sidste digt']"
27,0,bidrag;,,,,,['min hustru'],['München'],[],"['et større dramatisk arbejde', 'det sidste digt']"
28,0,jeg,,,,,['min hustru'],['München'],[],"['et større dramatisk arbejde', 'det sidste digt']"
29,0,går,,,,,['min hustru'],['München'],[],"['et større dramatisk arbejde', 'det sidste digt']"
30,0,nemlig,,,,,['min hustru'],['München'],[],"['et større dramatisk arbejde', 'det sidste digt']"
31,0,i,,,,,['min hustru'],['München'],[],"['et større dramatisk arbejde', 'det sidste digt']"
32,0,denne,,,,,['min hustru'],['München'],[],"['et større dramatisk arbejde', 'det sidste digt']"
33,0,tid,,,,,['min hustru'],['München'],[],"['et større dramatisk arbejde', 'det sidste digt']"
34,0,omkring,,,,,['min hustru'],['München'],[],"['et større dramatisk arbejde', 'det sidste digt']"
35,0,med,,,,,['min hustru'],['München'],[],"['et større dramatisk arbejde', 'det sidste digt']"
36,0,et,,,,,['min hustru'],['München'],[],"['et større dramatisk arbejde', 'det sidste digt']"
37,0,større,,,,,['min hustru'],['München'],[],"['et større dramatisk arbejde', 'det sidste digt']"
38,0,dramatisk,,,,,['min hustru'],['München'],[],"['et større dramatisk arbejde', 'det sidste digt']"
39,0,arbejde,,,,,['min hustru'],['München'],[],"['et større dramatisk arbejde', 'det sidste digt']"
40,0,i,,,,,['min hustru'],['München'],[],"['et større dramatisk arbejde', 'det sidste digt']"
41,0,tankerne,,,,,['min hustru'],['München'],[],"['et større dramatisk arbejde', 'det sidste digt']"
42,0,og,,,,,['min hustru'],['München'],[],"['et større dramatisk arbejde', 'det sidste digt']"
43,0,dette,,,,,['min hustru'],['München'],[],"['et større dramatisk arbejde', 'det sidste digt']"
44,0,udelukker,,,,,['min hustru'],['München'],[],"['et større dramatisk arbejde', 'det sidste digt']"
45,0,med,,,,,['min hustru'],['München'],[],"['et større dramatisk arbejde', 'det sidste digt']"
46,0,nødvendighed,,,,,['min hustru'],['München'],[],"['et større dramatisk arbejde', 'det sidste digt']"
47,0,beskæftigelsen,,,,,['min hustru'],['München'],[],"['et større dramatisk arbejde', 'det sidste digt']"
48,0,med,,,,,['min hustru'],['München'],[],"['et større dramatisk arbejde', 'det sidste digt']"
49,0,alt,,,,,['min hustru'],['München'],[],"['et større dramatisk arbejde', 'det sidste digt']"
50,0,andet.,,,,,['min hustru'],['München'],[],"['et større dramatisk arbejde', 'det sidste digt']"
51,0,I,,,,,['min hustru'],['München'],[],"['et større dramatisk arbejde', 'det sidste digt']"
52,0,slutningen,,,,,['min hustru'],['München'],[],"['et større dramatisk arbejde', 'det sidste digt']"
53,0,af,,,,,['min hustru'],['München'],[],"['et større dramatisk arbejde', 'det sidste digt']"
54,0,måneden,,,,,['min hustru'],['München'],[],"['et større dramatisk arbejde', 'det sidste digt']"
55,0,vender,,,,,['min hustru'],['München'],[],"['et større dramatisk arbejde', 'det sidste digt']"
56,0,jeg,,,,,['min hustru'],['München'],[],"['et større dramatisk arbejde', 'det sidste digt']"
57,0,tilbage,,,,,['min hustru'],['München'],[],"['et større dramatisk arbejde', 'det sidste digt']"
58,0,til,,,,,['min hustru'],['München'],[],"['et større dramatisk arbejde', 'det sidste digt']"
59,0,München,,,,,['min hustru'],['München'],[],"['et større dramatisk arbejde', 'det sidste digt']"
60,0,og,,,,,['min hustru'],['München'],[],"['et større dramatisk arbejde', 'det sidste digt']"
61,0,begynder,,,,,['min hustru'],['München'],[],"['et større dramatisk arbejde', 'det sidste digt']"
62,0,da,,,,,['min hustru'],['München'],[],"['et større dramatisk arbejde', 'det sidste digt']"
63,0,for,,,,,['min hustru'],['München'],[],"['et større dramatisk arbejde', 'det sidste digt']"
64,0,alvor,,,,,['min hustru'],['München'],[],"['et større dramatisk arbejde', 'det sidste digt']"
65,0,at,,,,,['min hustru'],['München'],[],"['et større dramatisk arbejde', 'det sidste digt']"
66,0,skrive.,,,,,['min hustru'],['München'],[],"['et større dramatisk arbejde', 'det sidste digt']"
67,0,Kan,,,,,['min hustru'],['München'],[],"['et større dramatisk arbejde', 'det sidste digt']"
68,0,"jeg,",,,,,['min hustru'],['München'],[],"['et større dramatisk arbejde', 'det sidste digt']"
69,0,så,,,,,['min hustru'],['München'],[],"['et større dramatisk arbejde', 'det sidste digt']"
70,0,skal,,,,,['min hustru'],['München'],[],"['et større dramatisk arbejde', 'det sidste digt']"
71,0,jeg,,,,,['min hustru'],['München'],[],"['et større dramatisk arbejde', 'det sidste digt']"
72,0,«mellem,,,,,['min hustru'],['München'],[],"['et større dramatisk arbejde', 'det sidste digt']"
73,0,akterne»,,,,,['min hustru'],['München'],[],"['et større dramatisk arbejde', 'det sidste digt']"
74,0,se,,,,,['min hustru'],['München'],[],"['et større dramatisk arbejde', 'det sidste digt']"
75,0,at,,,,,['min hustru'],['München'],[],"['et større dramatisk arbejde', 'det sidste digt']"
76,0,gøre,,,,,['min hustru'],['München'],[],"['et større dramatisk arbejde', 'det sidste digt']"
77,0,noget,,,,,['min hustru'],['München'],[],"['et større dramatisk arbejde', 'det sidste digt']"
78,0,istand,,,,,['min hustru'],['München'],[],"['et større dramatisk arbejde', 'det sidste digt']"
79,0,til,,,,,['min hustru'],['München'],[],"['et større dramatisk arbejde', 'det sidste digt']"
80,0,Dem;,,,,,['min hustru'],['München'],[],"['et større dramatisk arbejde', 'det sidste digt']"
81,0,men,,,,,['min hustru'],['München'],[],"['et større dramatisk arbejde', 'det sidste digt']"
82,0,De,,,,,['min hustru'],['München'],[],"['et større dramatisk arbejde', 'det sidste digt']"
83,0,forestiller,,,,,['min hustru'],['München'],[],"['et større dramatisk arbejde', 'det sidste digt']"
84,0,Dem,,,,,['min hustru'],['München'],[],"['et større dramatisk arbejde', 'det sidste digt']"
85,0,neppe,,,,,['min hustru'],['München'],[],"['et større dramatisk arbejde', 'det sidste digt']"
86,0,hvor,,,,,['min hustru'],['München'],[],"['et større dramatisk arbejde', 'det sidste digt']"
87,0,megen,,,,,['min hustru'],['München'],[],"['et større dramatisk arbejde', 'det sidste digt']"
88,0,anvendelse,,,,,['min hustru'],['München'],[],"['et større dramatisk arbejde', 'det sidste digt']"
89,0,af,,,,,['min hustru'],['München'],[],"['et større dramatisk arbejde', 'det sidste digt']"
90,0,tid,,,,,['min hustru'],['München'],[],"['et større dramatisk arbejde', 'det sidste digt']"
91,0,jeg,,,,,['min hustru'],['München'],[],"['et større dramatisk arbejde', 'det sidste digt']"
92,0,behøver,,,,,['min hustru'],['München'],[],"['et større dramatisk arbejde', 'det sidste digt']"
93,0,for,,,,,['min hustru'],['München'],[],"['et større dramatisk arbejde', 'det sidste digt']"
94,0,at,,,,,['min hustru'],['München'],[],"['et større dramatisk arbejde', 'det sidste digt']"
95,0,få,,,,,['min hustru'],['München'],[],"['et større dramatisk arbejde', 'det sidste digt']"
96,0,et,,,,,['min hustru'],['München'],[],"['et større dramatisk arbejde', 'det sidste digt']"
97,0,sådant,,,,,['min hustru'],['München'],[],"['et større dramatisk arbejde', 'det sidste digt']"
98,0,lidet,,,,,['min hustru'],['München'],[],"['et større dramatisk arbejde', 'det sidste digt']"
99,0,bidrag,,,,,['min hustru'],['München'],[],"['et større dramatisk arbejde', 'det sidste digt']"
100,0,istand;,,,,,['min hustru'],['München'],[],"['et større dramatisk arbejde', 'det sidste digt']"
101,0,selve,,,,,['min hustru'],['München'],[],"['et større dramatisk arbejde', 'det sidste digt']"
102,0,nedskrivningen,,,,,['min hustru'],['München'],[],"['et større dramatisk arbejde', 'det sidste digt']"
103,0,er,,,,,['min hustru'],['München'],[],"['et større dramatisk arbejde', 'det sidste digt']"
104,0,naturligvis,,,,,['min hustru'],['München'],[],"['et større dramatisk arbejde', 'det sidste digt']"
105,0,for,,,,,['min hustru'],['München'],[],"['et større dramatisk arbejde', 'det sidste digt']"
106,0,intet,,,,,['min hustru'],['München'],[],"['et større dramatisk arbejde', 'det sidste digt']"
107,0,at,,,,,['min hustru'],['München'],[],"['et større dramatisk arbejde', 'det sidste digt']"
108,0,regne;,,,,,['min hustru'],['München'],[],"['et større dramatisk arbejde', 'det sidste digt']"
109,0,men,,,,,['min hustru'],['München'],[],"['et større dramatisk arbejde', 'det sidste digt']"
110,0,jeg,,,,,['min hustru'],['München'],[],"['et større dramatisk arbejde', 'det sidste digt']"
111,0,tør,,,,,['min hustru'],['München'],[],"['et større dramatisk arbejde', 'det sidste digt']"
112,0,trygt,,,,,['min hustru'],['München'],[],"['et større dramatisk arbejde', 'det sidste digt']"
113,0,sige,,,,,['min hustru'],['München'],[],"['et større dramatisk arbejde', 'det sidste digt']"
114,0,at,,,,,['min hustru'],['München'],[],"['et større dramatisk arbejde', 'det sidste digt']"
115,0,det,,,,,['min hustru'],['München'],[],"['et større dramatisk arbejde', 'det sidste digt']"
116,0,sidste,,,,,['min hustru'],['München'],[],"['et større dramatisk arbejde', 'det sidste digt']"
117,0,"digt,",,,,,['min hustru'],['München'],[],"['et større dramatisk arbejde', 'det sidste digt']"
118,0,jeg,,,,,['min hustru'],['München'],[],"['et større dramatisk arbejde', 'det sidste digt']"
119,0,sendte,,,,,['min hustru'],['München'],[],"['et større dramatisk arbejde', 'det sidste digt']"
120,0,"Dem,",,,,,['min hustru'],['München'],[],"['et større dramatisk arbejde', 'det sidste digt']"
121,0,optog,,,,,['min hustru'],['München'],[],"['et større dramatisk arbejde', 'det sidste digt']"
122,0,mig,,,,,['min hustru'],['München'],[],"['et større dramatisk arbejde', 'det sidste digt']"
123,0,udelukkende,,,,,['min hustru'],['München'],[],"['et større dramatisk arbejde', 'det sidste digt']"
124,0,i,,,,,['min hustru'],['München'],[],"['et større dramatisk arbejde', 'det sidste digt']"
125,0,en,,,,,['min hustru'],['München'],[],"['et større dramatisk arbejde', 'det sidste digt']"
126,0,hel,,,,,['min hustru'],['München'],[],"['et større dramatisk arbejde', 'det sidste digt']"
127,0,måned.,,,,,['min hustru'],['München'],[],"['et større dramatisk arbejde', 'det sidste digt']"
128,0,Jeg,,,,,['min hustru'],['München'],[],"['et større dramatisk arbejde', 'det sidste digt']"
129,0,kan,,,,,['min hustru'],['München'],[],"['et større dramatisk arbejde', 'det sidste digt']"
130,0,altså,,,,,['min hustru'],['München'],[],"['et større dramatisk arbejde', 'det sidste digt']"
131,0,nu,,,,,['min hustru'],['München'],[],"['et større dramatisk arbejde', 'det sidste digt']"
132,0,til,,,,,['min hustru'],['München'],[],"['et større dramatisk arbejde', 'det sidste digt']"
133,0,sådant,,,,,['min hustru'],['München'],[],"['et større dramatisk arbejde', 'det sidste digt']"
134,0,kun,,,,,['min hustru'],['München'],[],"['et større dramatisk arbejde', 'det sidste digt']"
135,0,anvende,,,,,['min hustru'],['München'],[],"['et større dramatisk arbejde', 'det sidste digt']"
136,0,pauserne.,,,,,['min hustru'],['München'],[],"['et større dramatisk arbejde', 'det sidste digt']"
137,0,Men,,,,,['min hustru'],['München'],[],"['et større dramatisk arbejde', 'det sidste digt']"
138,0,senere,,,,,['min hustru'],['München'],[],"['et større dramatisk arbejde', 'det sidste digt']"
139,0,hen,,,,,['min hustru'],['München'],[],"['et større dramatisk arbejde', 'det sidste digt']"
140,0,skal,,,,,['min hustru'],['München'],[],"['et større dramatisk arbejde', 'det sidste digt']"
141,0,De,,,,,['min hustru'],['München'],[],"['et større dramatisk arbejde', 'det sidste digt']"
142,0,absolut,,,,,['min hustru'],['München'],[],"['et større dramatisk arbejde', 'det sidste digt']"
143,0,få,,,,,['min hustru'],['München'],[],"['et større dramatisk arbejde', 'det sidste digt']"
144,0,noget,,,,,['min hustru'],['München'],[],"['et større dramatisk arbejde', 'det sidste digt']"
145,0,fra,,,,,['min hustru'],['München'],[],"['et større dramatisk arbejde', 'det sidste digt']"
146,0,mig.,,,,,['min hustru'],['München'],[],"['et større dramatisk arbejde', 'det sidste digt']"
147,0,Vær,,,,,['min hustru'],['München'],[],"['et større dramatisk arbejde', 'det sidste digt']"
148,0,overbevist,,,,,['min hustru'],['München'],[],"['et større dramatisk arbejde', 'det sidste digt']"
149,0,om,,,,,['min hustru'],['München'],[],"['et større dramatisk arbejde', 'det sidste digt']"
150,0,at,,,,,['min hustru'],['München'],[],"['et større dramatisk arbejde', 'det sidste digt']"
151,0,jeg,,,,,['min hustru'],['München'],[],"['et større dramatisk arbejde', 'det sidste digt']"
152,0,gerne,,,,,['min hustru'],['München'],[],"['et større dramatisk arbejde', 'det sidste digt']"
153,0,skriver,,,,,['min hustru'],['München'],[],"['et større dramatisk arbejde', 'det sidste digt']"
154,0,for,,,,,['min hustru'],['München'],[],"['et større dramatisk arbejde', 'det sidste digt']"
155,0,og,,,,,['min hustru'],['München'],[],"['et større dramatisk arbejde', 'det sidste digt']"
156,0,med,,,,,['min hustru'],['München'],[],"['et større dramatisk arbejde', 'det sidste digt']"
157,0,Dem!,,,,,['min hustru'],['München'],[],"['et større dramatisk arbejde', 'det sidste digt']"
158,0,Dette,,,,,['min hustru'],['München'],[],"['et større dramatisk arbejde', 'det sidste digt']"
159,0,i,,,,,['min hustru'],['München'],[],"['et større dramatisk arbejde', 'det sidste digt']"
160,0,al,,,,,['min hustru'],['München'],[],"['et større dramatisk arbejde', 'det sidste digt']"
161,0,korthed,,,,,['min hustru'],['München'],[],"['et større dramatisk arbejde', 'det sidste digt']"
162,0,for,,,,,['min hustru'],['München'],[],"['et større dramatisk arbejde', 'det sidste digt']"
163,0,idag.Med,,,,,['min hustru'],['München'],[],"['et større dramatisk arbejde', 'det sidste digt']"
164,0,hjertelig,,,,,['min hustru'],['München'],[],"['et større dramatisk arbejde', 'det sidste digt']"
165,0,hilsen,,,,,['min hustru'],['München'],[],"['et større dramatisk arbejde', 'det sidste digt']"
166,0,fra,,,,,['min hustru'],['München'],[],"['et større dramatisk arbejde', 'det sidste digt']"
167,0,min,,,,,['min hustru'],['München'],[],"['et større dramatisk arbejde', 'det sidste digt']"
168,0,hustru,,,,,['min hustru'],['München'],[],"['et større dramatisk arbejde', 'det sidste digt']"
169,0,og,,,,,['min hustru'],['München'],[],"['et større dramatisk arbejde', 'det sidste digt']"
170,0,mig,,,,,['min hustru'],['München'],[],"['et større dramatisk arbejde', 'det sidste digt']"
171,0,selv,,,,,['min hustru'],['München'],[],"['et større dramatisk arbejde', 'det sidste digt']"
