,,0,human_annotation,who,dacy_medium,spacy_trf,person,place,org,work
0,0,Jeg,,,,,[],"['Berchtesgaden', 'Tyrol', 'Dresden', 'Cassel']",[],['«Brand»']
1,0,vil,,,,,[],"['Berchtesgaden', 'Tyrol', 'Dresden', 'Cassel']",[],['«Brand»']
2,0,ikke,,,,,[],"['Berchtesgaden', 'Tyrol', 'Dresden', 'Cassel']",[],['«Brand»']
3,0,forsøge,,,,,[],"['Berchtesgaden', 'Tyrol', 'Dresden', 'Cassel']",[],['«Brand»']
4,0,på,,,,,[],"['Berchtesgaden', 'Tyrol', 'Dresden', 'Cassel']",[],['«Brand»']
5,0,at,,,,,[],"['Berchtesgaden', 'Tyrol', 'Dresden', 'Cassel']",[],['«Brand»']
6,0,undskylde,,,,,[],"['Berchtesgaden', 'Tyrol', 'Dresden', 'Cassel']",[],['«Brand»']
7,0,min,,,,,[],"['Berchtesgaden', 'Tyrol', 'Dresden', 'Cassel']",[],['«Brand»']
8,0,lange,,,,,[],"['Berchtesgaden', 'Tyrol', 'Dresden', 'Cassel']",[],['«Brand»']
9,0,"taushed,",,,,,[],"['Berchtesgaden', 'Tyrol', 'Dresden', 'Cassel']",[],['«Brand»']
10,0,men,,,,,[],"['Berchtesgaden', 'Tyrol', 'Dresden', 'Cassel']",[],['«Brand»']
11,0,appellerer,,,,,[],"['Berchtesgaden', 'Tyrol', 'Dresden', 'Cassel']",[],['«Brand»']
12,0,til,,,,,[],"['Berchtesgaden', 'Tyrol', 'Dresden', 'Cassel']",[],['«Brand»']
13,0,Deres,,,,,[],"['Berchtesgaden', 'Tyrol', 'Dresden', 'Cassel']",[],['«Brand»']
14,0,venskabelige,,,,,[],"['Berchtesgaden', 'Tyrol', 'Dresden', 'Cassel']",[],['«Brand»']
15,0,overbærenhed,,,,,[],"['Berchtesgaden', 'Tyrol', 'Dresden', 'Cassel']",[],['«Brand»']
16,0,og,,,,,[],"['Berchtesgaden', 'Tyrol', 'Dresden', 'Cassel']",[],['«Brand»']
17,0,håber,,,,,[],"['Berchtesgaden', 'Tyrol', 'Dresden', 'Cassel']",[],['«Brand»']
18,0,i,,,,,[],"['Berchtesgaden', 'Tyrol', 'Dresden', 'Cassel']",[],['«Brand»']
19,0,henhold,,,,,[],"['Berchtesgaden', 'Tyrol', 'Dresden', 'Cassel']",[],['«Brand»']
20,0,til,,,,,[],"['Berchtesgaden', 'Tyrol', 'Dresden', 'Cassel']",[],['«Brand»']
21,0,denne,,,,,[],"['Berchtesgaden', 'Tyrol', 'Dresden', 'Cassel']",[],['«Brand»']
22,0,at,,,,,[],"['Berchtesgaden', 'Tyrol', 'Dresden', 'Cassel']",[],['«Brand»']
23,0,De,,,,,[],"['Berchtesgaden', 'Tyrol', 'Dresden', 'Cassel']",[],['«Brand»']
24,0,tilgiver,,,,,[],"['Berchtesgaden', 'Tyrol', 'Dresden', 'Cassel']",[],['«Brand»']
25,0,min,,,,,[],"['Berchtesgaden', 'Tyrol', 'Dresden', 'Cassel']",[],['«Brand»']
26,0,uefterrettelighed.,,,,,[],"['Berchtesgaden', 'Tyrol', 'Dresden', 'Cassel']",[],['«Brand»']
27,0,Det,,,,,[],"['Berchtesgaden', 'Tyrol', 'Dresden', 'Cassel']",[],['«Brand»']
28,0,exemplar,,,,,[],"['Berchtesgaden', 'Tyrol', 'Dresden', 'Cassel']",[],['«Brand»']
29,0,af,,,,,[],"['Berchtesgaden', 'Tyrol', 'Dresden', 'Cassel']",[],['«Brand»']
30,0,«Brand»,,,,,[],"['Berchtesgaden', 'Tyrol', 'Dresden', 'Cassel']",[],['«Brand»']
31,0,i,,,,,[],"['Berchtesgaden', 'Tyrol', 'Dresden', 'Cassel']",[],['«Brand»']
32,0,tysk,,,,,[],"['Berchtesgaden', 'Tyrol', 'Dresden', 'Cassel']",[],['«Brand»']
33,0,"oversættelse,",,,,,[],"['Berchtesgaden', 'Tyrol', 'Dresden', 'Cassel']",[],['«Brand»']
34,0,som,,,,,[],"['Berchtesgaden', 'Tyrol', 'Dresden', 'Cassel']",[],['«Brand»']
35,0,De,,,,,[],"['Berchtesgaden', 'Tyrol', 'Dresden', 'Cassel']",[],['«Brand»']
36,0,var,,,,,[],"['Berchtesgaden', 'Tyrol', 'Dresden', 'Cassel']",[],['«Brand»']
37,0,så,,,,,[],"['Berchtesgaden', 'Tyrol', 'Dresden', 'Cassel']",[],['«Brand»']
38,0,god,,,,,[],"['Berchtesgaden', 'Tyrol', 'Dresden', 'Cassel']",[],['«Brand»']
39,0,at,,,,,[],"['Berchtesgaden', 'Tyrol', 'Dresden', 'Cassel']",[],['«Brand»']
40,0,sende,,,,,[],"['Berchtesgaden', 'Tyrol', 'Dresden', 'Cassel']",[],['«Brand»']
41,0,"mig,",,,,,[],"['Berchtesgaden', 'Tyrol', 'Dresden', 'Cassel']",[],['«Brand»']
42,0,har,,,,,[],"['Berchtesgaden', 'Tyrol', 'Dresden', 'Cassel']",[],['«Brand»']
43,0,jeg,,,,,[],"['Berchtesgaden', 'Tyrol', 'Dresden', 'Cassel']",[],['«Brand»']
44,0,rigtig,,,,,[],"['Berchtesgaden', 'Tyrol', 'Dresden', 'Cassel']",[],['«Brand»']
45,0,modtaget,,,,,[],"['Berchtesgaden', 'Tyrol', 'Dresden', 'Cassel']",[],['«Brand»']
46,0,og,,,,,[],"['Berchtesgaden', 'Tyrol', 'Dresden', 'Cassel']",[],['«Brand»']
47,0,takker,,,,,[],"['Berchtesgaden', 'Tyrol', 'Dresden', 'Cassel']",[],['«Brand»']
48,0,Dem,,,,,[],"['Berchtesgaden', 'Tyrol', 'Dresden', 'Cassel']",[],['«Brand»']
49,0,derfor.Jeg,,,,,[],"['Berchtesgaden', 'Tyrol', 'Dresden', 'Cassel']",[],['«Brand»']
50,0,har,,,,,[],"['Berchtesgaden', 'Tyrol', 'Dresden', 'Cassel']",[],['«Brand»']
51,0,bragt,,,,,[],"['Berchtesgaden', 'Tyrol', 'Dresden', 'Cassel']",[],['«Brand»']
52,0,i,,,,,[],"['Berchtesgaden', 'Tyrol', 'Dresden', 'Cassel']",[],['«Brand»']
53,0,erfaring,,,,,[],"['Berchtesgaden', 'Tyrol', 'Dresden', 'Cassel']",[],['«Brand»']
54,0,at,,,,,[],"['Berchtesgaden', 'Tyrol', 'Dresden', 'Cassel']",[],['«Brand»']
55,0,en,,,,,[],"['Berchtesgaden', 'Tyrol', 'Dresden', 'Cassel']",[],['«Brand»']
56,0,anden,,,,,[],"['Berchtesgaden', 'Tyrol', 'Dresden', 'Cassel']",[],['«Brand»']
57,0,tysk,,,,,[],"['Berchtesgaden', 'Tyrol', 'Dresden', 'Cassel']",[],['«Brand»']
58,0,oversættelse,,,,,[],"['Berchtesgaden', 'Tyrol', 'Dresden', 'Cassel']",[],['«Brand»']
59,0,af,,,,,[],"['Berchtesgaden', 'Tyrol', 'Dresden', 'Cassel']",[],['«Brand»']
60,0,«Brand»,,,,,[],"['Berchtesgaden', 'Tyrol', 'Dresden', 'Cassel']",[],['«Brand»']
61,0,(ikke,,,,,[],"['Berchtesgaden', 'Tyrol', 'Dresden', 'Cassel']",[],['«Brand»']
62,0,den,,,,,[],"['Berchtesgaden', 'Tyrol', 'Dresden', 'Cassel']",[],['«Brand»']
63,0,af,,,,,[],"['Berchtesgaden', 'Tyrol', 'Dresden', 'Cassel']",[],['«Brand»']
64,0,mig,,,,,[],"['Berchtesgaden', 'Tyrol', 'Dresden', 'Cassel']",[],['«Brand»']
65,0,tidligere,,,,,[],"['Berchtesgaden', 'Tyrol', 'Dresden', 'Cassel']",[],['«Brand»']
66,0,omskrevne),,,,,[],"['Berchtesgaden', 'Tyrol', 'Dresden', 'Cassel']",[],['«Brand»']
67,0,skal,,,,,[],"['Berchtesgaden', 'Tyrol', 'Dresden', 'Cassel']",[],['«Brand»']
68,0,være,,,,,[],"['Berchtesgaden', 'Tyrol', 'Dresden', 'Cassel']",[],['«Brand»']
69,0,under,,,,,[],"['Berchtesgaden', 'Tyrol', 'Dresden', 'Cassel']",[],['«Brand»']
70,0,pressen;,,,,,[],"['Berchtesgaden', 'Tyrol', 'Dresden', 'Cassel']",[],['«Brand»']
71,0,jeg,,,,,[],"['Berchtesgaden', 'Tyrol', 'Dresden', 'Cassel']",[],['«Brand»']
72,0,kender,,,,,[],"['Berchtesgaden', 'Tyrol', 'Dresden', 'Cassel']",[],['«Brand»']
73,0,for,,,,,[],"['Berchtesgaden', 'Tyrol', 'Dresden', 'Cassel']",[],['«Brand»']
74,0,resten,,,,,[],"['Berchtesgaden', 'Tyrol', 'Dresden', 'Cassel']",[],['«Brand»']
75,0,ikke,,,,,[],"['Berchtesgaden', 'Tyrol', 'Dresden', 'Cassel']",[],['«Brand»']
76,0,nærmere,,,,,[],"['Berchtesgaden', 'Tyrol', 'Dresden', 'Cassel']",[],['«Brand»']
77,0,til,,,,,[],"['Berchtesgaden', 'Tyrol', 'Dresden', 'Cassel']",[],['«Brand»']
78,0,den,,,,,[],"['Berchtesgaden', 'Tyrol', 'Dresden', 'Cassel']",[],['«Brand»']
79,0,"sag,",,,,,[],"['Berchtesgaden', 'Tyrol', 'Dresden', 'Cassel']",[],['«Brand»']
80,0,men,,,,,[],"['Berchtesgaden', 'Tyrol', 'Dresden', 'Cassel']",[],['«Brand»']
81,0,vil,,,,,[],"['Berchtesgaden', 'Tyrol', 'Dresden', 'Cassel']",[],['«Brand»']
82,0,dog,,,,,[],"['Berchtesgaden', 'Tyrol', 'Dresden', 'Cassel']",[],['«Brand»']
83,0,nævne,,,,,[],"['Berchtesgaden', 'Tyrol', 'Dresden', 'Cassel']",[],['«Brand»']
84,0,den.At,,,,,[],"['Berchtesgaden', 'Tyrol', 'Dresden', 'Cassel']",[],['«Brand»']
85,0,De,,,,,[],"['Berchtesgaden', 'Tyrol', 'Dresden', 'Cassel']",[],['«Brand»']
86,0,har,,,,,[],"['Berchtesgaden', 'Tyrol', 'Dresden', 'Cassel']",[],['«Brand»']
87,0,kaldt,,,,,[],"['Berchtesgaden', 'Tyrol', 'Dresden', 'Cassel']",[],['«Brand»']
88,0,Deres,,,,,[],"['Berchtesgaden', 'Tyrol', 'Dresden', 'Cassel']",[],['«Brand»']
89,0,oversættelse,,,,,[],"['Berchtesgaden', 'Tyrol', 'Dresden', 'Cassel']",[],['«Brand»']
90,0,en,,,,,[],"['Berchtesgaden', 'Tyrol', 'Dresden', 'Cassel']",[],['«Brand»']
91,0,bearbejdelse,,,,,[],"['Berchtesgaden', 'Tyrol', 'Dresden', 'Cassel']",[],['«Brand»']
92,0,finder,,,,,[],"['Berchtesgaden', 'Tyrol', 'Dresden', 'Cassel']",[],['«Brand»']
93,0,jeg,,,,,[],"['Berchtesgaden', 'Tyrol', 'Dresden', 'Cassel']",[],['«Brand»']
94,0,ganske,,,,,[],"['Berchtesgaden', 'Tyrol', 'Dresden', 'Cassel']",[],['«Brand»']
95,0,rigtigt;,,,,,[],"['Berchtesgaden', 'Tyrol', 'Dresden', 'Cassel']",[],['«Brand»']
96,0,det,,,,,[],"['Berchtesgaden', 'Tyrol', 'Dresden', 'Cassel']",[],['«Brand»']
97,0,har,,,,,[],"['Berchtesgaden', 'Tyrol', 'Dresden', 'Cassel']",[],['«Brand»']
98,0,jo,,,,,[],"['Berchtesgaden', 'Tyrol', 'Dresden', 'Cassel']",[],['«Brand»']
99,0,netop,,,,,[],"['Berchtesgaden', 'Tyrol', 'Dresden', 'Cassel']",[],['«Brand»']
100,0,ligget,,,,,[],"['Berchtesgaden', 'Tyrol', 'Dresden', 'Cassel']",[],['«Brand»']
101,0,i,,,,,[],"['Berchtesgaden', 'Tyrol', 'Dresden', 'Cassel']",[],['«Brand»']
102,0,Deres,,,,,[],"['Berchtesgaden', 'Tyrol', 'Dresden', 'Cassel']",[],['«Brand»']
103,0,plan,,,,,[],"['Berchtesgaden', 'Tyrol', 'Dresden', 'Cassel']",[],['«Brand»']
104,0,ikke,,,,,[],"['Berchtesgaden', 'Tyrol', 'Dresden', 'Cassel']",[],['«Brand»']
105,0,at,,,,,[],"['Berchtesgaden', 'Tyrol', 'Dresden', 'Cassel']",[],['«Brand»']
106,0,holde,,,,,[],"['Berchtesgaden', 'Tyrol', 'Dresden', 'Cassel']",[],['«Brand»']
107,0,Dem,,,,,[],"['Berchtesgaden', 'Tyrol', 'Dresden', 'Cassel']",[],['«Brand»']
108,0,strængt,,,,,[],"['Berchtesgaden', 'Tyrol', 'Dresden', 'Cassel']",[],['«Brand»']
109,0,til,,,,,[],"['Berchtesgaden', 'Tyrol', 'Dresden', 'Cassel']",[],['«Brand»']
110,0,originalen.,,,,,[],"['Berchtesgaden', 'Tyrol', 'Dresden', 'Cassel']",[],['«Brand»']
111,0,Tror,,,,,[],"['Berchtesgaden', 'Tyrol', 'Dresden', 'Cassel']",[],['«Brand»']
112,0,De,,,,,[],"['Berchtesgaden', 'Tyrol', 'Dresden', 'Cassel']",[],['«Brand»']
113,0,imidlertid,,,,,[],"['Berchtesgaden', 'Tyrol', 'Dresden', 'Cassel']",[],['«Brand»']
114,0,"ikke,",,,,,[],"['Berchtesgaden', 'Tyrol', 'Dresden', 'Cassel']",[],['«Brand»']
115,0,hvis,,,,,[],"['Berchtesgaden', 'Tyrol', 'Dresden', 'Cassel']",[],['«Brand»']
116,0,en,,,,,[],"['Berchtesgaden', 'Tyrol', 'Dresden', 'Cassel']",[],['«Brand»']
117,0,ny,,,,,[],"['Berchtesgaden', 'Tyrol', 'Dresden', 'Cassel']",[],['«Brand»']
118,0,udgave,,,,,[],"['Berchtesgaden', 'Tyrol', 'Dresden', 'Cassel']",[],['«Brand»']
119,0,kommer,,,,,[],"['Berchtesgaden', 'Tyrol', 'Dresden', 'Cassel']",[],['«Brand»']
120,0,i,,,,,[],"['Berchtesgaden', 'Tyrol', 'Dresden', 'Cassel']",[],['«Brand»']
121,0,"stand,",,,,,[],"['Berchtesgaden', 'Tyrol', 'Dresden', 'Cassel']",[],['«Brand»']
122,0,at,,,,,[],"['Berchtesgaden', 'Tyrol', 'Dresden', 'Cassel']",[],['«Brand»']
123,0,det,,,,,[],"['Berchtesgaden', 'Tyrol', 'Dresden', 'Cassel']",[],['«Brand»']
124,0,skulde,,,,,[],"['Berchtesgaden', 'Tyrol', 'Dresden', 'Cassel']",[],['«Brand»']
125,0,være,,,,,[],"['Berchtesgaden', 'Tyrol', 'Dresden', 'Cassel']",[],['«Brand»']
126,0,muligt,,,,,[],"['Berchtesgaden', 'Tyrol', 'Dresden', 'Cassel']",[],['«Brand»']
127,0,at,,,,,[],"['Berchtesgaden', 'Tyrol', 'Dresden', 'Cassel']",[],['«Brand»']
128,0,foretage,,,,,[],"['Berchtesgaden', 'Tyrol', 'Dresden', 'Cassel']",[],['«Brand»']
129,0,en,,,,,[],"['Berchtesgaden', 'Tyrol', 'Dresden', 'Cassel']",[],['«Brand»']
130,0,del,,,,,[],"['Berchtesgaden', 'Tyrol', 'Dresden', 'Cassel']",[],['«Brand»']
131,0,rettelser,,,,,[],"['Berchtesgaden', 'Tyrol', 'Dresden', 'Cassel']",[],['«Brand»']
132,0,ved,,,,,[],"['Berchtesgaden', 'Tyrol', 'Dresden', 'Cassel']",[],['«Brand»']
133,0,"versemålet,",,,,,[],"['Berchtesgaden', 'Tyrol', 'Dresden', 'Cassel']",[],['«Brand»']
134,0,samt,,,,,[],"['Berchtesgaden', 'Tyrol', 'Dresden', 'Cassel']",[],['«Brand»']
135,0,at,,,,,[],"['Berchtesgaden', 'Tyrol', 'Dresden', 'Cassel']",[],['«Brand»']
136,0,benytte,,,,,[],"['Berchtesgaden', 'Tyrol', 'Dresden', 'Cassel']",[],['«Brand»']
137,0,rim,,,,,[],"['Berchtesgaden', 'Tyrol', 'Dresden', 'Cassel']",[],['«Brand»']
138,0,"overalt,",,,,,[],"['Berchtesgaden', 'Tyrol', 'Dresden', 'Cassel']",[],['«Brand»']
139,0,ligesom,,,,,[],"['Berchtesgaden', 'Tyrol', 'Dresden', 'Cassel']",[],['«Brand»']
140,0,i,,,,,[],"['Berchtesgaden', 'Tyrol', 'Dresden', 'Cassel']",[],['«Brand»']
141,0,originalen?,,,,,[],"['Berchtesgaden', 'Tyrol', 'Dresden', 'Cassel']",[],['«Brand»']
142,0,At,,,,,[],"['Berchtesgaden', 'Tyrol', 'Dresden', 'Cassel']",[],['«Brand»']
143,0,dette,,,,,[],"['Berchtesgaden', 'Tyrol', 'Dresden', 'Cassel']",[],['«Brand»']
144,0,vil,,,,,[],"['Berchtesgaden', 'Tyrol', 'Dresden', 'Cassel']",[],['«Brand»']
145,0,koste,,,,,[],"['Berchtesgaden', 'Tyrol', 'Dresden', 'Cassel']",[],['«Brand»']
146,0,meget,,,,,[],"['Berchtesgaden', 'Tyrol', 'Dresden', 'Cassel']",[],['«Brand»']
147,0,arbejde,,,,,[],"['Berchtesgaden', 'Tyrol', 'Dresden', 'Cassel']",[],['«Brand»']
148,0,indser,,,,,[],"['Berchtesgaden', 'Tyrol', 'Dresden', 'Cassel']",[],['«Brand»']
149,0,jeg,,,,,[],"['Berchtesgaden', 'Tyrol', 'Dresden', 'Cassel']",[],['«Brand»']
150,0,tilfulde,,,,,[],"['Berchtesgaden', 'Tyrol', 'Dresden', 'Cassel']",[],['«Brand»']
151,0,men,,,,,[],"['Berchtesgaden', 'Tyrol', 'Dresden', 'Cassel']",[],['«Brand»']
152,0,hele,,,,,[],"['Berchtesgaden', 'Tyrol', 'Dresden', 'Cassel']",[],['«Brand»']
153,0,første,,,,,[],"['Berchtesgaden', 'Tyrol', 'Dresden', 'Cassel']",[],['«Brand»']
154,0,akt,,,,,[],"['Berchtesgaden', 'Tyrol', 'Dresden', 'Cassel']",[],['«Brand»']
155,0,af,,,,,[],"['Berchtesgaden', 'Tyrol', 'Dresden', 'Cassel']",[],['«Brand»']
156,0,Deres,,,,,[],"['Berchtesgaden', 'Tyrol', 'Dresden', 'Cassel']",[],['«Brand»']
157,0,oversættelse,,,,,[],"['Berchtesgaden', 'Tyrol', 'Dresden', 'Cassel']",[],['«Brand»']
158,0,viser,,,,,[],"['Berchtesgaden', 'Tyrol', 'Dresden', 'Cassel']",[],['«Brand»']
159,0,dog,,,,,[],"['Berchtesgaden', 'Tyrol', 'Dresden', 'Cassel']",[],['«Brand»']
160,0,at,,,,,[],"['Berchtesgaden', 'Tyrol', 'Dresden', 'Cassel']",[],['«Brand»']
161,0,det,,,,,[],"['Berchtesgaden', 'Tyrol', 'Dresden', 'Cassel']",[],['«Brand»']
162,0,ikke,,,,,[],"['Berchtesgaden', 'Tyrol', 'Dresden', 'Cassel']",[],['«Brand»']
163,0,er,,,,,[],"['Berchtesgaden', 'Tyrol', 'Dresden', 'Cassel']",[],['«Brand»']
164,0,nogen,,,,,[],"['Berchtesgaden', 'Tyrol', 'Dresden', 'Cassel']",[],['«Brand»']
165,0,umulighed.,,,,,[],"['Berchtesgaden', 'Tyrol', 'Dresden', 'Cassel']",[],['«Brand»']
166,0,En,,,,,[],"['Berchtesgaden', 'Tyrol', 'Dresden', 'Cassel']",[],['«Brand»']
167,0,orienterende,,,,,[],"['Berchtesgaden', 'Tyrol', 'Dresden', 'Cassel']",[],['«Brand»']
168,0,indledning,,,,,[],"['Berchtesgaden', 'Tyrol', 'Dresden', 'Cassel']",[],['«Brand»']
169,0,tror,,,,,[],"['Berchtesgaden', 'Tyrol', 'Dresden', 'Cassel']",[],['«Brand»']
170,0,jeg,,,,,[],"['Berchtesgaden', 'Tyrol', 'Dresden', 'Cassel']",[],['«Brand»']
171,0,vilde,,,,,[],"['Berchtesgaden', 'Tyrol', 'Dresden', 'Cassel']",[],['«Brand»']
172,0,være,,,,,[],"['Berchtesgaden', 'Tyrol', 'Dresden', 'Cassel']",[],['«Brand»']
173,0,meget,,,,,[],"['Berchtesgaden', 'Tyrol', 'Dresden', 'Cassel']",[],['«Brand»']
174,0,hensigtsmæssig.Nordover,,,,,[],"['Berchtesgaden', 'Tyrol', 'Dresden', 'Cassel']",[],['«Brand»']
175,0,kommer,,,,,[],"['Berchtesgaden', 'Tyrol', 'Dresden', 'Cassel']",[],['«Brand»']
176,0,jeg,,,,,[],"['Berchtesgaden', 'Tyrol', 'Dresden', 'Cassel']",[],['«Brand»']
177,0,ikke,,,,,[],"['Berchtesgaden', 'Tyrol', 'Dresden', 'Cassel']",[],['«Brand»']
178,0,i,,,,,[],"['Berchtesgaden', 'Tyrol', 'Dresden', 'Cassel']",[],['«Brand»']
179,0,denne,,,,,[],"['Berchtesgaden', 'Tyrol', 'Dresden', 'Cassel']",[],['«Brand»']
180,0,"sommer,",,,,,[],"['Berchtesgaden', 'Tyrol', 'Dresden', 'Cassel']",[],['«Brand»']
181,0,derimod,,,,,[],"['Berchtesgaden', 'Tyrol', 'Dresden', 'Cassel']",[],['«Brand»']
182,0,reiser,,,,,[],"['Berchtesgaden', 'Tyrol', 'Dresden', 'Cassel']",[],['«Brand»']
183,0,jeg,,,,,[],"['Berchtesgaden', 'Tyrol', 'Dresden', 'Cassel']",[],['«Brand»']
184,0,om,,,,,[],"['Berchtesgaden', 'Tyrol', 'Dresden', 'Cassel']",[],['«Brand»']
185,0,nogle,,,,,[],"['Berchtesgaden', 'Tyrol', 'Dresden', 'Cassel']",[],['«Brand»']
186,0,dage,,,,,[],"['Berchtesgaden', 'Tyrol', 'Dresden', 'Cassel']",[],['«Brand»']
187,0,til,,,,,[],"['Berchtesgaden', 'Tyrol', 'Dresden', 'Cassel']",[],['«Brand»']
188,0,Berchtesgaden,,,,,[],"['Berchtesgaden', 'Tyrol', 'Dresden', 'Cassel']",[],['«Brand»']
189,0,i,,,,,[],"['Berchtesgaden', 'Tyrol', 'Dresden', 'Cassel']",[],['«Brand»']
190,0,"Tyrol,",,,,,[],"['Berchtesgaden', 'Tyrol', 'Dresden', 'Cassel']",[],['«Brand»']
191,0,hvor,,,,,[],"['Berchtesgaden', 'Tyrol', 'Dresden', 'Cassel']",[],['«Brand»']
192,0,jeg,,,,,[],"['Berchtesgaden', 'Tyrol', 'Dresden', 'Cassel']",[],['«Brand»']
193,0,agter,,,,,[],"['Berchtesgaden', 'Tyrol', 'Dresden', 'Cassel']",[],['«Brand»']
194,0,at,,,,,[],"['Berchtesgaden', 'Tyrol', 'Dresden', 'Cassel']",[],['«Brand»']
195,0,tilbringe,,,,,[],"['Berchtesgaden', 'Tyrol', 'Dresden', 'Cassel']",[],['«Brand»']
196,0,5–6,,,,,[],"['Berchtesgaden', 'Tyrol', 'Dresden', 'Cassel']",[],['«Brand»']
197,0,uger,,,,,[],"['Berchtesgaden', 'Tyrol', 'Dresden', 'Cassel']",[],['«Brand»']
198,0,og,,,,,[],"['Berchtesgaden', 'Tyrol', 'Dresden', 'Cassel']",[],['«Brand»']
199,0,vender,,,,,[],"['Berchtesgaden', 'Tyrol', 'Dresden', 'Cassel']",[],['«Brand»']
200,0,derpå,,,,,[],"['Berchtesgaden', 'Tyrol', 'Dresden', 'Cassel']",[],['«Brand»']
201,0,tilbage,,,,,[],"['Berchtesgaden', 'Tyrol', 'Dresden', 'Cassel']",[],['«Brand»']
202,0,til,,,,,[],"['Berchtesgaden', 'Tyrol', 'Dresden', 'Cassel']",[],['«Brand»']
203,0,Dresden.,,,,,[],"['Berchtesgaden', 'Tyrol', 'Dresden', 'Cassel']",[],['«Brand»']
204,0,Forhåbentlig,,,,,[],"['Berchtesgaden', 'Tyrol', 'Dresden', 'Cassel']",[],['«Brand»']
205,0,træffer,,,,,[],"['Berchtesgaden', 'Tyrol', 'Dresden', 'Cassel']",[],['«Brand»']
206,0,dette,,,,,[],"['Berchtesgaden', 'Tyrol', 'Dresden', 'Cassel']",[],['«Brand»']
207,0,brev,,,,,[],"['Berchtesgaden', 'Tyrol', 'Dresden', 'Cassel']",[],['«Brand»']
208,0,"Dem,",,,,,[],"['Berchtesgaden', 'Tyrol', 'Dresden', 'Cassel']",[],['«Brand»']
209,0,selv,,,,,[],"['Berchtesgaden', 'Tyrol', 'Dresden', 'Cassel']",[],['«Brand»']
210,0,om,,,,,[],"['Berchtesgaden', 'Tyrol', 'Dresden', 'Cassel']",[],['«Brand»']
211,0,De,,,,,[],"['Berchtesgaden', 'Tyrol', 'Dresden', 'Cassel']",[],['«Brand»']
212,0,skulde,,,,,[],"['Berchtesgaden', 'Tyrol', 'Dresden', 'Cassel']",[],['«Brand»']
213,0,være,,,,,[],"['Berchtesgaden', 'Tyrol', 'Dresden', 'Cassel']",[],['«Brand»']
214,0,afrejst,,,,,[],"['Berchtesgaden', 'Tyrol', 'Dresden', 'Cassel']",[],['«Brand»']
215,0,fra,,,,,[],"['Berchtesgaden', 'Tyrol', 'Dresden', 'Cassel']",[],['«Brand»']
216,0,Cassel.,,,,,[],"['Berchtesgaden', 'Tyrol', 'Dresden', 'Cassel']",[],['«Brand»']
217,0,Jeg,,,,,[],"['Berchtesgaden', 'Tyrol', 'Dresden', 'Cassel']",[],['«Brand»']
218,0,beder,,,,,[],"['Berchtesgaden', 'Tyrol', 'Dresden', 'Cassel']",[],['«Brand»']
219,0,Dem,,,,,[],"['Berchtesgaden', 'Tyrol', 'Dresden', 'Cassel']",[],['«Brand»']
220,0,hilse,,,,,[],"['Berchtesgaden', 'Tyrol', 'Dresden', 'Cassel']",[],['«Brand»']
221,0,vore,,,,,[],"['Berchtesgaden', 'Tyrol', 'Dresden', 'Cassel']",[],['«Brand»']
222,0,fælles,,,,,[],"['Berchtesgaden', 'Tyrol', 'Dresden', 'Cassel']",[],['«Brand»']
223,0,skandinaviske,,,,,[],"['Berchtesgaden', 'Tyrol', 'Dresden', 'Cassel']",[],['«Brand»']
224,0,venner,,,,,[],"['Berchtesgaden', 'Tyrol', 'Dresden', 'Cassel']",[],['«Brand»']
225,0,og,,,,,[],"['Berchtesgaden', 'Tyrol', 'Dresden', 'Cassel']",[],['«Brand»']
226,0,bekendte,,,,,[],"['Berchtesgaden', 'Tyrol', 'Dresden', 'Cassel']",[],['«Brand»']
227,0,og,,,,,[],"['Berchtesgaden', 'Tyrol', 'Dresden', 'Cassel']",[],['«Brand»']
228,0,håber,,,,,[],"['Berchtesgaden', 'Tyrol', 'Dresden', 'Cassel']",[],['«Brand»']
229,0,at,,,,,[],"['Berchtesgaden', 'Tyrol', 'Dresden', 'Cassel']",[],['«Brand»']
230,0,De,,,,,[],"['Berchtesgaden', 'Tyrol', 'Dresden', 'Cassel']",[],['«Brand»']
231,0,fremdeles,,,,,[],"['Berchtesgaden', 'Tyrol', 'Dresden', 'Cassel']",[],['«Brand»']
232,0,bevarer,,,,,[],"['Berchtesgaden', 'Tyrol', 'Dresden', 'Cassel']",[],['«Brand»']
233,0,mig,,,,,[],"['Berchtesgaden', 'Tyrol', 'Dresden', 'Cassel']",[],['«Brand»']
234,0,i,,,,,[],"['Berchtesgaden', 'Tyrol', 'Dresden', 'Cassel']",[],['«Brand»']
235,0,venskabelig,,,,,[],"['Berchtesgaden', 'Tyrol', 'Dresden', 'Cassel']",[],['«Brand»']
236,0,erindring,,,,,[],"['Berchtesgaden', 'Tyrol', 'Dresden', 'Cassel']",[],['«Brand»']
237,0,indtil,,,,,[],"['Berchtesgaden', 'Tyrol', 'Dresden', 'Cassel']",[],['«Brand»']
238,0,jeg,,,,,[],"['Berchtesgaden', 'Tyrol', 'Dresden', 'Cassel']",[],['«Brand»']
239,0,atter,,,,,[],"['Berchtesgaden', 'Tyrol', 'Dresden', 'Cassel']",[],['«Brand»']
240,0,får,,,,,[],"['Berchtesgaden', 'Tyrol', 'Dresden', 'Cassel']",[],['«Brand»']
241,0,den,,,,,[],"['Berchtesgaden', 'Tyrol', 'Dresden', 'Cassel']",[],['«Brand»']
242,0,fornøjelse,,,,,[],"['Berchtesgaden', 'Tyrol', 'Dresden', 'Cassel']",[],['«Brand»']
243,0,personlig,,,,,[],"['Berchtesgaden', 'Tyrol', 'Dresden', 'Cassel']",[],['«Brand»']
244,0,at,,,,,[],"['Berchtesgaden', 'Tyrol', 'Dresden', 'Cassel']",[],['«Brand»']
245,0,træffe,,,,,[],"['Berchtesgaden', 'Tyrol', 'Dresden', 'Cassel']",[],['«Brand»']
246,0,Dem.,,,,,[],"['Berchtesgaden', 'Tyrol', 'Dresden', 'Cassel']",[],['«Brand»']
