,,0,human_annotation,who,dacy_medium,spacy_trf,person,place,org,work
0,0,Der,,,,,"['Vor kjære gamle Moder', 'Fader', 'Vicekongen', 'min Kone', 'min lille Gut']","['Norge', 'Stockholm', 'Dresden', 'Paris', 'Egypten']",[],[]
1,0,er,,,,,"['Vor kjære gamle Moder', 'Fader', 'Vicekongen', 'min Kone', 'min lille Gut']","['Norge', 'Stockholm', 'Dresden', 'Paris', 'Egypten']",[],[]
2,0,gaaet,,,,,"['Vor kjære gamle Moder', 'Fader', 'Vicekongen', 'min Kone', 'min lille Gut']","['Norge', 'Stockholm', 'Dresden', 'Paris', 'Egypten']",[],[]
3,0,Maaneder,,,,,"['Vor kjære gamle Moder', 'Fader', 'Vicekongen', 'min Kone', 'min lille Gut']","['Norge', 'Stockholm', 'Dresden', 'Paris', 'Egypten']",[],[]
4,0,siden,,,,,"['Vor kjære gamle Moder', 'Fader', 'Vicekongen', 'min Kone', 'min lille Gut']","['Norge', 'Stockholm', 'Dresden', 'Paris', 'Egypten']",[],[]
5,0,jeg,,,,,"['Vor kjære gamle Moder', 'Fader', 'Vicekongen', 'min Kone', 'min lille Gut']","['Norge', 'Stockholm', 'Dresden', 'Paris', 'Egypten']",[],[]
6,0,modtog,,,,,"['Vor kjære gamle Moder', 'Fader', 'Vicekongen', 'min Kone', 'min lille Gut']","['Norge', 'Stockholm', 'Dresden', 'Paris', 'Egypten']",[],[]
7,0,dit,,,,,"['Vor kjære gamle Moder', 'Fader', 'Vicekongen', 'min Kone', 'min lille Gut']","['Norge', 'Stockholm', 'Dresden', 'Paris', 'Egypten']",[],[]
8,0,kjærlige,,,,,"['Vor kjære gamle Moder', 'Fader', 'Vicekongen', 'min Kone', 'min lille Gut']","['Norge', 'Stockholm', 'Dresden', 'Paris', 'Egypten']",[],[]
9,0,"Brev,",,,,,"['Vor kjære gamle Moder', 'Fader', 'Vicekongen', 'min Kone', 'min lille Gut']","['Norge', 'Stockholm', 'Dresden', 'Paris', 'Egypten']",[],[]
10,0,–,,,,,"['Vor kjære gamle Moder', 'Fader', 'Vicekongen', 'min Kone', 'min lille Gut']","['Norge', 'Stockholm', 'Dresden', 'Paris', 'Egypten']",[],[]
11,0,og,,,,,"['Vor kjære gamle Moder', 'Fader', 'Vicekongen', 'min Kone', 'min lille Gut']","['Norge', 'Stockholm', 'Dresden', 'Paris', 'Egypten']",[],[]
12,0,nu,,,,,"['Vor kjære gamle Moder', 'Fader', 'Vicekongen', 'min Kone', 'min lille Gut']","['Norge', 'Stockholm', 'Dresden', 'Paris', 'Egypten']",[],[]
13,0,først,,,,,"['Vor kjære gamle Moder', 'Fader', 'Vicekongen', 'min Kone', 'min lille Gut']","['Norge', 'Stockholm', 'Dresden', 'Paris', 'Egypten']",[],[]
14,0,svarer,,,,,"['Vor kjære gamle Moder', 'Fader', 'Vicekongen', 'min Kone', 'min lille Gut']","['Norge', 'Stockholm', 'Dresden', 'Paris', 'Egypten']",[],[]
15,0,jeg.,,,,,"['Vor kjære gamle Moder', 'Fader', 'Vicekongen', 'min Kone', 'min lille Gut']","['Norge', 'Stockholm', 'Dresden', 'Paris', 'Egypten']",[],[]
16,0,Men,,,,,"['Vor kjære gamle Moder', 'Fader', 'Vicekongen', 'min Kone', 'min lille Gut']","['Norge', 'Stockholm', 'Dresden', 'Paris', 'Egypten']",[],[]
17,0,der,,,,,"['Vor kjære gamle Moder', 'Fader', 'Vicekongen', 'min Kone', 'min lille Gut']","['Norge', 'Stockholm', 'Dresden', 'Paris', 'Egypten']",[],[]
18,0,er,,,,,"['Vor kjære gamle Moder', 'Fader', 'Vicekongen', 'min Kone', 'min lille Gut']","['Norge', 'Stockholm', 'Dresden', 'Paris', 'Egypten']",[],[]
19,0,saa,,,,,"['Vor kjære gamle Moder', 'Fader', 'Vicekongen', 'min Kone', 'min lille Gut']","['Norge', 'Stockholm', 'Dresden', 'Paris', 'Egypten']",[],[]
20,0,"meget,",,,,,"['Vor kjære gamle Moder', 'Fader', 'Vicekongen', 'min Kone', 'min lille Gut']","['Norge', 'Stockholm', 'Dresden', 'Paris', 'Egypten']",[],[]
21,0,som,,,,,"['Vor kjære gamle Moder', 'Fader', 'Vicekongen', 'min Kone', 'min lille Gut']","['Norge', 'Stockholm', 'Dresden', 'Paris', 'Egypten']",[],[]
22,0,staar,,,,,"['Vor kjære gamle Moder', 'Fader', 'Vicekongen', 'min Kone', 'min lille Gut']","['Norge', 'Stockholm', 'Dresden', 'Paris', 'Egypten']",[],[]
23,0,imellem,,,,,"['Vor kjære gamle Moder', 'Fader', 'Vicekongen', 'min Kone', 'min lille Gut']","['Norge', 'Stockholm', 'Dresden', 'Paris', 'Egypten']",[],[]
24,0,"os,",,,,,"['Vor kjære gamle Moder', 'Fader', 'Vicekongen', 'min Kone', 'min lille Gut']","['Norge', 'Stockholm', 'Dresden', 'Paris', 'Egypten']",[],[]
25,0,imellem,,,,,"['Vor kjære gamle Moder', 'Fader', 'Vicekongen', 'min Kone', 'min lille Gut']","['Norge', 'Stockholm', 'Dresden', 'Paris', 'Egypten']",[],[]
26,0,mig,,,,,"['Vor kjære gamle Moder', 'Fader', 'Vicekongen', 'min Kone', 'min lille Gut']","['Norge', 'Stockholm', 'Dresden', 'Paris', 'Egypten']",[],[]
27,0,og,,,,,"['Vor kjære gamle Moder', 'Fader', 'Vicekongen', 'min Kone', 'min lille Gut']","['Norge', 'Stockholm', 'Dresden', 'Paris', 'Egypten']",[],[]
28,0,Hjemmet;,,,,,"['Vor kjære gamle Moder', 'Fader', 'Vicekongen', 'min Kone', 'min lille Gut']","['Norge', 'Stockholm', 'Dresden', 'Paris', 'Egypten']",[],[]
29,0,forstaa,,,,,"['Vor kjære gamle Moder', 'Fader', 'Vicekongen', 'min Kone', 'min lille Gut']","['Norge', 'Stockholm', 'Dresden', 'Paris', 'Egypten']",[],[]
30,0,dette,,,,,"['Vor kjære gamle Moder', 'Fader', 'Vicekongen', 'min Kone', 'min lille Gut']","['Norge', 'Stockholm', 'Dresden', 'Paris', 'Egypten']",[],[]
31,0,og,,,,,"['Vor kjære gamle Moder', 'Fader', 'Vicekongen', 'min Kone', 'min lille Gut']","['Norge', 'Stockholm', 'Dresden', 'Paris', 'Egypten']",[],[]
32,0,tro,,,,,"['Vor kjære gamle Moder', 'Fader', 'Vicekongen', 'min Kone', 'min lille Gut']","['Norge', 'Stockholm', 'Dresden', 'Paris', 'Egypten']",[],[]
33,0,ikke,,,,,"['Vor kjære gamle Moder', 'Fader', 'Vicekongen', 'min Kone', 'min lille Gut']","['Norge', 'Stockholm', 'Dresden', 'Paris', 'Egypten']",[],[]
34,0,at,,,,,"['Vor kjære gamle Moder', 'Fader', 'Vicekongen', 'min Kone', 'min lille Gut']","['Norge', 'Stockholm', 'Dresden', 'Paris', 'Egypten']",[],[]
35,0,jeg,,,,,"['Vor kjære gamle Moder', 'Fader', 'Vicekongen', 'min Kone', 'min lille Gut']","['Norge', 'Stockholm', 'Dresden', 'Paris', 'Egypten']",[],[]
36,0,i,,,,,"['Vor kjære gamle Moder', 'Fader', 'Vicekongen', 'min Kone', 'min lille Gut']","['Norge', 'Stockholm', 'Dresden', 'Paris', 'Egypten']",[],[]
37,0,de,,,,,"['Vor kjære gamle Moder', 'Fader', 'Vicekongen', 'min Kone', 'min lille Gut']","['Norge', 'Stockholm', 'Dresden', 'Paris', 'Egypten']",[],[]
38,0,lange,,,,,"['Vor kjære gamle Moder', 'Fader', 'Vicekongen', 'min Kone', 'min lille Gut']","['Norge', 'Stockholm', 'Dresden', 'Paris', 'Egypten']",[],[]
39,0,Aar,,,,,"['Vor kjære gamle Moder', 'Fader', 'Vicekongen', 'min Kone', 'min lille Gut']","['Norge', 'Stockholm', 'Dresden', 'Paris', 'Egypten']",[],[]
40,0,og,,,,,"['Vor kjære gamle Moder', 'Fader', 'Vicekongen', 'min Kone', 'min lille Gut']","['Norge', 'Stockholm', 'Dresden', 'Paris', 'Egypten']",[],[]
41,0,nu,,,,,"['Vor kjære gamle Moder', 'Fader', 'Vicekongen', 'min Kone', 'min lille Gut']","['Norge', 'Stockholm', 'Dresden', 'Paris', 'Egypten']",[],[]
42,0,senest,,,,,"['Vor kjære gamle Moder', 'Fader', 'Vicekongen', 'min Kone', 'min lille Gut']","['Norge', 'Stockholm', 'Dresden', 'Paris', 'Egypten']",[],[]
43,0,i,,,,,"['Vor kjære gamle Moder', 'Fader', 'Vicekongen', 'min Kone', 'min lille Gut']","['Norge', 'Stockholm', 'Dresden', 'Paris', 'Egypten']",[],[]
44,0,Sommer,,,,,"['Vor kjære gamle Moder', 'Fader', 'Vicekongen', 'min Kone', 'min lille Gut']","['Norge', 'Stockholm', 'Dresden', 'Paris', 'Egypten']",[],[]
45,0,har,,,,,"['Vor kjære gamle Moder', 'Fader', 'Vicekongen', 'min Kone', 'min lille Gut']","['Norge', 'Stockholm', 'Dresden', 'Paris', 'Egypten']",[],[]
46,0,tiet,,,,,"['Vor kjære gamle Moder', 'Fader', 'Vicekongen', 'min Kone', 'min lille Gut']","['Norge', 'Stockholm', 'Dresden', 'Paris', 'Egypten']",[],[]
47,0,af,,,,,"['Vor kjære gamle Moder', 'Fader', 'Vicekongen', 'min Kone', 'min lille Gut']","['Norge', 'Stockholm', 'Dresden', 'Paris', 'Egypten']",[],[]
48,0,Ligegyldighed.,,,,,"['Vor kjære gamle Moder', 'Fader', 'Vicekongen', 'min Kone', 'min lille Gut']","['Norge', 'Stockholm', 'Dresden', 'Paris', 'Egypten']",[],[]
49,0,Jeg,,,,,"['Vor kjære gamle Moder', 'Fader', 'Vicekongen', 'min Kone', 'min lille Gut']","['Norge', 'Stockholm', 'Dresden', 'Paris', 'Egypten']",[],[]
50,0,kan,,,,,"['Vor kjære gamle Moder', 'Fader', 'Vicekongen', 'min Kone', 'min lille Gut']","['Norge', 'Stockholm', 'Dresden', 'Paris', 'Egypten']",[],[]
51,0,ikke,,,,,"['Vor kjære gamle Moder', 'Fader', 'Vicekongen', 'min Kone', 'min lille Gut']","['Norge', 'Stockholm', 'Dresden', 'Paris', 'Egypten']",[],[]
52,0,skrive,,,,,"['Vor kjære gamle Moder', 'Fader', 'Vicekongen', 'min Kone', 'min lille Gut']","['Norge', 'Stockholm', 'Dresden', 'Paris', 'Egypten']",[],[]
53,0,Breve;,,,,,"['Vor kjære gamle Moder', 'Fader', 'Vicekongen', 'min Kone', 'min lille Gut']","['Norge', 'Stockholm', 'Dresden', 'Paris', 'Egypten']",[],[]
54,0,jeg,,,,,"['Vor kjære gamle Moder', 'Fader', 'Vicekongen', 'min Kone', 'min lille Gut']","['Norge', 'Stockholm', 'Dresden', 'Paris', 'Egypten']",[],[]
55,0,maa,,,,,"['Vor kjære gamle Moder', 'Fader', 'Vicekongen', 'min Kone', 'min lille Gut']","['Norge', 'Stockholm', 'Dresden', 'Paris', 'Egypten']",[],[]
56,0,være,,,,,"['Vor kjære gamle Moder', 'Fader', 'Vicekongen', 'min Kone', 'min lille Gut']","['Norge', 'Stockholm', 'Dresden', 'Paris', 'Egypten']",[],[]
57,0,personligt,,,,,"['Vor kjære gamle Moder', 'Fader', 'Vicekongen', 'min Kone', 'min lille Gut']","['Norge', 'Stockholm', 'Dresden', 'Paris', 'Egypten']",[],[]
58,0,nær,,,,,"['Vor kjære gamle Moder', 'Fader', 'Vicekongen', 'min Kone', 'min lille Gut']","['Norge', 'Stockholm', 'Dresden', 'Paris', 'Egypten']",[],[]
59,0,og,,,,,"['Vor kjære gamle Moder', 'Fader', 'Vicekongen', 'min Kone', 'min lille Gut']","['Norge', 'Stockholm', 'Dresden', 'Paris', 'Egypten']",[],[]
60,0,give,,,,,"['Vor kjære gamle Moder', 'Fader', 'Vicekongen', 'min Kone', 'min lille Gut']","['Norge', 'Stockholm', 'Dresden', 'Paris', 'Egypten']",[],[]
61,0,mig,,,,,"['Vor kjære gamle Moder', 'Fader', 'Vicekongen', 'min Kone', 'min lille Gut']","['Norge', 'Stockholm', 'Dresden', 'Paris', 'Egypten']",[],[]
62,0,selv,,,,,"['Vor kjære gamle Moder', 'Fader', 'Vicekongen', 'min Kone', 'min lille Gut']","['Norge', 'Stockholm', 'Dresden', 'Paris', 'Egypten']",[],[]
63,0,helt,,,,,"['Vor kjære gamle Moder', 'Fader', 'Vicekongen', 'min Kone', 'min lille Gut']","['Norge', 'Stockholm', 'Dresden', 'Paris', 'Egypten']",[],[]
64,0,og,,,,,"['Vor kjære gamle Moder', 'Fader', 'Vicekongen', 'min Kone', 'min lille Gut']","['Norge', 'Stockholm', 'Dresden', 'Paris', 'Egypten']",[],[]
65,0,holdent.,,,,,"['Vor kjære gamle Moder', 'Fader', 'Vicekongen', 'min Kone', 'min lille Gut']","['Norge', 'Stockholm', 'Dresden', 'Paris', 'Egypten']",[],[]
66,0,Du,,,,,"['Vor kjære gamle Moder', 'Fader', 'Vicekongen', 'min Kone', 'min lille Gut']","['Norge', 'Stockholm', 'Dresden', 'Paris', 'Egypten']",[],[]
67,0,"derimod,",,,,,"['Vor kjære gamle Moder', 'Fader', 'Vicekongen', 'min Kone', 'min lille Gut']","['Norge', 'Stockholm', 'Dresden', 'Paris', 'Egypten']",[],[]
68,0,Du,,,,,"['Vor kjære gamle Moder', 'Fader', 'Vicekongen', 'min Kone', 'min lille Gut']","['Norge', 'Stockholm', 'Dresden', 'Paris', 'Egypten']",[],[]
69,0,kan,,,,,"['Vor kjære gamle Moder', 'Fader', 'Vicekongen', 'min Kone', 'min lille Gut']","['Norge', 'Stockholm', 'Dresden', 'Paris', 'Egypten']",[],[]
70,0,skrive;,,,,,"['Vor kjære gamle Moder', 'Fader', 'Vicekongen', 'min Kone', 'min lille Gut']","['Norge', 'Stockholm', 'Dresden', 'Paris', 'Egypten']",[],[]
71,0,gjør,,,,,"['Vor kjære gamle Moder', 'Fader', 'Vicekongen', 'min Kone', 'min lille Gut']","['Norge', 'Stockholm', 'Dresden', 'Paris', 'Egypten']",[],[]
72,0,det;,,,,,"['Vor kjære gamle Moder', 'Fader', 'Vicekongen', 'min Kone', 'min lille Gut']","['Norge', 'Stockholm', 'Dresden', 'Paris', 'Egypten']",[],[]
73,0,gjør,,,,,"['Vor kjære gamle Moder', 'Fader', 'Vicekongen', 'min Kone', 'min lille Gut']","['Norge', 'Stockholm', 'Dresden', 'Paris', 'Egypten']",[],[]
74,0,det,,,,,"['Vor kjære gamle Moder', 'Fader', 'Vicekongen', 'min Kone', 'min lille Gut']","['Norge', 'Stockholm', 'Dresden', 'Paris', 'Egypten']",[],[]
75,0,ofte!,,,,,"['Vor kjære gamle Moder', 'Fader', 'Vicekongen', 'min Kone', 'min lille Gut']","['Norge', 'Stockholm', 'Dresden', 'Paris', 'Egypten']",[],[]
76,0,Jeg,,,,,"['Vor kjære gamle Moder', 'Fader', 'Vicekongen', 'min Kone', 'min lille Gut']","['Norge', 'Stockholm', 'Dresden', 'Paris', 'Egypten']",[],[]
77,0,skal,,,,,"['Vor kjære gamle Moder', 'Fader', 'Vicekongen', 'min Kone', 'min lille Gut']","['Norge', 'Stockholm', 'Dresden', 'Paris', 'Egypten']",[],[]
78,0,svare,,,,,"['Vor kjære gamle Moder', 'Fader', 'Vicekongen', 'min Kone', 'min lille Gut']","['Norge', 'Stockholm', 'Dresden', 'Paris', 'Egypten']",[],[]
79,0,–,,,,,"['Vor kjære gamle Moder', 'Fader', 'Vicekongen', 'min Kone', 'min lille Gut']","['Norge', 'Stockholm', 'Dresden', 'Paris', 'Egypten']",[],[]
80,0,med,,,,,"['Vor kjære gamle Moder', 'Fader', 'Vicekongen', 'min Kone', 'min lille Gut']","['Norge', 'Stockholm', 'Dresden', 'Paris', 'Egypten']",[],[]
81,0,en,,,,,"['Vor kjære gamle Moder', 'Fader', 'Vicekongen', 'min Kone', 'min lille Gut']","['Norge', 'Stockholm', 'Dresden', 'Paris', 'Egypten']",[],[]
82,0,kjærlig,,,,,"['Vor kjære gamle Moder', 'Fader', 'Vicekongen', 'min Kone', 'min lille Gut']","['Norge', 'Stockholm', 'Dresden', 'Paris', 'Egypten']",[],[]
83,0,Hilsen,,,,,"['Vor kjære gamle Moder', 'Fader', 'Vicekongen', 'min Kone', 'min lille Gut']","['Norge', 'Stockholm', 'Dresden', 'Paris', 'Egypten']",[],[]
84,0,"ialfald,",,,,,"['Vor kjære gamle Moder', 'Fader', 'Vicekongen', 'min Kone', 'min lille Gut']","['Norge', 'Stockholm', 'Dresden', 'Paris', 'Egypten']",[],[]
85,0,med,,,,,"['Vor kjære gamle Moder', 'Fader', 'Vicekongen', 'min Kone', 'min lille Gut']","['Norge', 'Stockholm', 'Dresden', 'Paris', 'Egypten']",[],[]
86,0,et,,,,,"['Vor kjære gamle Moder', 'Fader', 'Vicekongen', 'min Kone', 'min lille Gut']","['Norge', 'Stockholm', 'Dresden', 'Paris', 'Egypten']",[],[]
87,0,"Budskab,",,,,,"['Vor kjære gamle Moder', 'Fader', 'Vicekongen', 'min Kone', 'min lille Gut']","['Norge', 'Stockholm', 'Dresden', 'Paris', 'Egypten']",[],[]
88,0,som,,,,,"['Vor kjære gamle Moder', 'Fader', 'Vicekongen', 'min Kone', 'min lille Gut']","['Norge', 'Stockholm', 'Dresden', 'Paris', 'Egypten']",[],[]
89,0,jeg,,,,,"['Vor kjære gamle Moder', 'Fader', 'Vicekongen', 'min Kone', 'min lille Gut']","['Norge', 'Stockholm', 'Dresden', 'Paris', 'Egypten']",[],[]
90,0,haaber,,,,,"['Vor kjære gamle Moder', 'Fader', 'Vicekongen', 'min Kone', 'min lille Gut']","['Norge', 'Stockholm', 'Dresden', 'Paris', 'Egypten']",[],[]
91,0,ikke,,,,,"['Vor kjære gamle Moder', 'Fader', 'Vicekongen', 'min Kone', 'min lille Gut']","['Norge', 'Stockholm', 'Dresden', 'Paris', 'Egypten']",[],[]
92,0,skal,,,,,"['Vor kjære gamle Moder', 'Fader', 'Vicekongen', 'min Kone', 'min lille Gut']","['Norge', 'Stockholm', 'Dresden', 'Paris', 'Egypten']",[],[]
93,0,bedrøve,,,,,"['Vor kjære gamle Moder', 'Fader', 'Vicekongen', 'min Kone', 'min lille Gut']","['Norge', 'Stockholm', 'Dresden', 'Paris', 'Egypten']",[],[]
94,0,Dig.Jeg,,,,,"['Vor kjære gamle Moder', 'Fader', 'Vicekongen', 'min Kone', 'min lille Gut']","['Norge', 'Stockholm', 'Dresden', 'Paris', 'Egypten']",[],[]
95,0,ser,,,,,"['Vor kjære gamle Moder', 'Fader', 'Vicekongen', 'min Kone', 'min lille Gut']","['Norge', 'Stockholm', 'Dresden', 'Paris', 'Egypten']",[],[]
96,0,indad,,,,,"['Vor kjære gamle Moder', 'Fader', 'Vicekongen', 'min Kone', 'min lille Gut']","['Norge', 'Stockholm', 'Dresden', 'Paris', 'Egypten']",[],[]
97,0,i,,,,,"['Vor kjære gamle Moder', 'Fader', 'Vicekongen', 'min Kone', 'min lille Gut']","['Norge', 'Stockholm', 'Dresden', 'Paris', 'Egypten']",[],[]
98,0,mig,,,,,"['Vor kjære gamle Moder', 'Fader', 'Vicekongen', 'min Kone', 'min lille Gut']","['Norge', 'Stockholm', 'Dresden', 'Paris', 'Egypten']",[],[]
99,0,selv;,,,,,"['Vor kjære gamle Moder', 'Fader', 'Vicekongen', 'min Kone', 'min lille Gut']","['Norge', 'Stockholm', 'Dresden', 'Paris', 'Egypten']",[],[]
100,0,der,,,,,"['Vor kjære gamle Moder', 'Fader', 'Vicekongen', 'min Kone', 'min lille Gut']","['Norge', 'Stockholm', 'Dresden', 'Paris', 'Egypten']",[],[]
101,0,har,,,,,"['Vor kjære gamle Moder', 'Fader', 'Vicekongen', 'min Kone', 'min lille Gut']","['Norge', 'Stockholm', 'Dresden', 'Paris', 'Egypten']",[],[]
102,0,jeg,,,,,"['Vor kjære gamle Moder', 'Fader', 'Vicekongen', 'min Kone', 'min lille Gut']","['Norge', 'Stockholm', 'Dresden', 'Paris', 'Egypten']",[],[]
103,0,min,,,,,"['Vor kjære gamle Moder', 'Fader', 'Vicekongen', 'min Kone', 'min lille Gut']","['Norge', 'Stockholm', 'Dresden', 'Paris', 'Egypten']",[],[]
104,0,"Kampplads,",,,,,"['Vor kjære gamle Moder', 'Fader', 'Vicekongen', 'min Kone', 'min lille Gut']","['Norge', 'Stockholm', 'Dresden', 'Paris', 'Egypten']",[],[]
105,0,hvor,,,,,"['Vor kjære gamle Moder', 'Fader', 'Vicekongen', 'min Kone', 'min lille Gut']","['Norge', 'Stockholm', 'Dresden', 'Paris', 'Egypten']",[],[]
106,0,jeg,,,,,"['Vor kjære gamle Moder', 'Fader', 'Vicekongen', 'min Kone', 'min lille Gut']","['Norge', 'Stockholm', 'Dresden', 'Paris', 'Egypten']",[],[]
107,0,snart,,,,,"['Vor kjære gamle Moder', 'Fader', 'Vicekongen', 'min Kone', 'min lille Gut']","['Norge', 'Stockholm', 'Dresden', 'Paris', 'Egypten']",[],[]
108,0,sejrer,,,,,"['Vor kjære gamle Moder', 'Fader', 'Vicekongen', 'min Kone', 'min lille Gut']","['Norge', 'Stockholm', 'Dresden', 'Paris', 'Egypten']",[],[]
109,0,snart,,,,,"['Vor kjære gamle Moder', 'Fader', 'Vicekongen', 'min Kone', 'min lille Gut']","['Norge', 'Stockholm', 'Dresden', 'Paris', 'Egypten']",[],[]
110,0,lider,,,,,"['Vor kjære gamle Moder', 'Fader', 'Vicekongen', 'min Kone', 'min lille Gut']","['Norge', 'Stockholm', 'Dresden', 'Paris', 'Egypten']",[],[]
111,0,Nederlag.,,,,,"['Vor kjære gamle Moder', 'Fader', 'Vicekongen', 'min Kone', 'min lille Gut']","['Norge', 'Stockholm', 'Dresden', 'Paris', 'Egypten']",[],[]
112,0,Men,,,,,"['Vor kjære gamle Moder', 'Fader', 'Vicekongen', 'min Kone', 'min lille Gut']","['Norge', 'Stockholm', 'Dresden', 'Paris', 'Egypten']",[],[]
113,0,om,,,,,"['Vor kjære gamle Moder', 'Fader', 'Vicekongen', 'min Kone', 'min lille Gut']","['Norge', 'Stockholm', 'Dresden', 'Paris', 'Egypten']",[],[]
114,0,alt,,,,,"['Vor kjære gamle Moder', 'Fader', 'Vicekongen', 'min Kone', 'min lille Gut']","['Norge', 'Stockholm', 'Dresden', 'Paris', 'Egypten']",[],[]
115,0,dette,,,,,"['Vor kjære gamle Moder', 'Fader', 'Vicekongen', 'min Kone', 'min lille Gut']","['Norge', 'Stockholm', 'Dresden', 'Paris', 'Egypten']",[],[]
116,0,lader,,,,,"['Vor kjære gamle Moder', 'Fader', 'Vicekongen', 'min Kone', 'min lille Gut']","['Norge', 'Stockholm', 'Dresden', 'Paris', 'Egypten']",[],[]
117,0,sig,,,,,"['Vor kjære gamle Moder', 'Fader', 'Vicekongen', 'min Kone', 'min lille Gut']","['Norge', 'Stockholm', 'Dresden', 'Paris', 'Egypten']",[],[]
118,0,intet,,,,,"['Vor kjære gamle Moder', 'Fader', 'Vicekongen', 'min Kone', 'min lille Gut']","['Norge', 'Stockholm', 'Dresden', 'Paris', 'Egypten']",[],[]
119,0,skrive,,,,,"['Vor kjære gamle Moder', 'Fader', 'Vicekongen', 'min Kone', 'min lille Gut']","['Norge', 'Stockholm', 'Dresden', 'Paris', 'Egypten']",[],[]
120,0,i,,,,,"['Vor kjære gamle Moder', 'Fader', 'Vicekongen', 'min Kone', 'min lille Gut']","['Norge', 'Stockholm', 'Dresden', 'Paris', 'Egypten']",[],[]
121,0,et,,,,,"['Vor kjære gamle Moder', 'Fader', 'Vicekongen', 'min Kone', 'min lille Gut']","['Norge', 'Stockholm', 'Dresden', 'Paris', 'Egypten']",[],[]
122,0,Brev.,,,,,"['Vor kjære gamle Moder', 'Fader', 'Vicekongen', 'min Kone', 'min lille Gut']","['Norge', 'Stockholm', 'Dresden', 'Paris', 'Egypten']",[],[]
123,0,Forsøg,,,,,"['Vor kjære gamle Moder', 'Fader', 'Vicekongen', 'min Kone', 'min lille Gut']","['Norge', 'Stockholm', 'Dresden', 'Paris', 'Egypten']",[],[]
124,0,ikke,,,,,"['Vor kjære gamle Moder', 'Fader', 'Vicekongen', 'min Kone', 'min lille Gut']","['Norge', 'Stockholm', 'Dresden', 'Paris', 'Egypten']",[],[]
125,0,paa,,,,,"['Vor kjære gamle Moder', 'Fader', 'Vicekongen', 'min Kone', 'min lille Gut']","['Norge', 'Stockholm', 'Dresden', 'Paris', 'Egypten']",[],[]
126,0,noget,,,,,"['Vor kjære gamle Moder', 'Fader', 'Vicekongen', 'min Kone', 'min lille Gut']","['Norge', 'Stockholm', 'Dresden', 'Paris', 'Egypten']",[],[]
127,0,Omvendelsesværk.,,,,,"['Vor kjære gamle Moder', 'Fader', 'Vicekongen', 'min Kone', 'min lille Gut']","['Norge', 'Stockholm', 'Dresden', 'Paris', 'Egypten']",[],[]
128,0,Jeg,,,,,"['Vor kjære gamle Moder', 'Fader', 'Vicekongen', 'min Kone', 'min lille Gut']","['Norge', 'Stockholm', 'Dresden', 'Paris', 'Egypten']",[],[]
129,0,vil,,,,,"['Vor kjære gamle Moder', 'Fader', 'Vicekongen', 'min Kone', 'min lille Gut']","['Norge', 'Stockholm', 'Dresden', 'Paris', 'Egypten']",[],[]
130,0,være,,,,,"['Vor kjære gamle Moder', 'Fader', 'Vicekongen', 'min Kone', 'min lille Gut']","['Norge', 'Stockholm', 'Dresden', 'Paris', 'Egypten']",[],[]
131,0,sand;,,,,,"['Vor kjære gamle Moder', 'Fader', 'Vicekongen', 'min Kone', 'min lille Gut']","['Norge', 'Stockholm', 'Dresden', 'Paris', 'Egypten']",[],[]
132,0,hvad,,,,,"['Vor kjære gamle Moder', 'Fader', 'Vicekongen', 'min Kone', 'min lille Gut']","['Norge', 'Stockholm', 'Dresden', 'Paris', 'Egypten']",[],[]
133,0,der,,,,,"['Vor kjære gamle Moder', 'Fader', 'Vicekongen', 'min Kone', 'min lille Gut']","['Norge', 'Stockholm', 'Dresden', 'Paris', 'Egypten']",[],[]
134,0,skal,,,,,"['Vor kjære gamle Moder', 'Fader', 'Vicekongen', 'min Kone', 'min lille Gut']","['Norge', 'Stockholm', 'Dresden', 'Paris', 'Egypten']",[],[]
135,0,"komme,",,,,,"['Vor kjære gamle Moder', 'Fader', 'Vicekongen', 'min Kone', 'min lille Gut']","['Norge', 'Stockholm', 'Dresden', 'Paris', 'Egypten']",[],[]
136,0,det,,,,,"['Vor kjære gamle Moder', 'Fader', 'Vicekongen', 'min Kone', 'min lille Gut']","['Norge', 'Stockholm', 'Dresden', 'Paris', 'Egypten']",[],[]
137,0,kommer,,,,,"['Vor kjære gamle Moder', 'Fader', 'Vicekongen', 'min Kone', 'min lille Gut']","['Norge', 'Stockholm', 'Dresden', 'Paris', 'Egypten']",[],[]
138,0,nok.Vor,,,,,"['Vor kjære gamle Moder', 'Fader', 'Vicekongen', 'min Kone', 'min lille Gut']","['Norge', 'Stockholm', 'Dresden', 'Paris', 'Egypten']",[],[]
139,0,kjære,,,,,"['Vor kjære gamle Moder', 'Fader', 'Vicekongen', 'min Kone', 'min lille Gut']","['Norge', 'Stockholm', 'Dresden', 'Paris', 'Egypten']",[],[]
140,0,gamle,,,,,"['Vor kjære gamle Moder', 'Fader', 'Vicekongen', 'min Kone', 'min lille Gut']","['Norge', 'Stockholm', 'Dresden', 'Paris', 'Egypten']",[],[]
141,0,Moder,,,,,"['Vor kjære gamle Moder', 'Fader', 'Vicekongen', 'min Kone', 'min lille Gut']","['Norge', 'Stockholm', 'Dresden', 'Paris', 'Egypten']",[],[]
142,0,er,,,,,"['Vor kjære gamle Moder', 'Fader', 'Vicekongen', 'min Kone', 'min lille Gut']","['Norge', 'Stockholm', 'Dresden', 'Paris', 'Egypten']",[],[]
143,0,altsaa,,,,,"['Vor kjære gamle Moder', 'Fader', 'Vicekongen', 'min Kone', 'min lille Gut']","['Norge', 'Stockholm', 'Dresden', 'Paris', 'Egypten']",[],[]
144,0,død.,,,,,"['Vor kjære gamle Moder', 'Fader', 'Vicekongen', 'min Kone', 'min lille Gut']","['Norge', 'Stockholm', 'Dresden', 'Paris', 'Egypten']",[],[]
145,0,"Takk,",,,,,"['Vor kjære gamle Moder', 'Fader', 'Vicekongen', 'min Kone', 'min lille Gut']","['Norge', 'Stockholm', 'Dresden', 'Paris', 'Egypten']",[],[]
146,0,fordi,,,,,"['Vor kjære gamle Moder', 'Fader', 'Vicekongen', 'min Kone', 'min lille Gut']","['Norge', 'Stockholm', 'Dresden', 'Paris', 'Egypten']",[],[]
147,0,Du,,,,,"['Vor kjære gamle Moder', 'Fader', 'Vicekongen', 'min Kone', 'min lille Gut']","['Norge', 'Stockholm', 'Dresden', 'Paris', 'Egypten']",[],[]
148,0,saa,,,,,"['Vor kjære gamle Moder', 'Fader', 'Vicekongen', 'min Kone', 'min lille Gut']","['Norge', 'Stockholm', 'Dresden', 'Paris', 'Egypten']",[],[]
149,0,kjærlighedsfuldt,,,,,"['Vor kjære gamle Moder', 'Fader', 'Vicekongen', 'min Kone', 'min lille Gut']","['Norge', 'Stockholm', 'Dresden', 'Paris', 'Egypten']",[],[]
150,0,har,,,,,"['Vor kjære gamle Moder', 'Fader', 'Vicekongen', 'min Kone', 'min lille Gut']","['Norge', 'Stockholm', 'Dresden', 'Paris', 'Egypten']",[],[]
151,0,baaret,,,,,"['Vor kjære gamle Moder', 'Fader', 'Vicekongen', 'min Kone', 'min lille Gut']","['Norge', 'Stockholm', 'Dresden', 'Paris', 'Egypten']",[],[]
152,0,Pligten,,,,,"['Vor kjære gamle Moder', 'Fader', 'Vicekongen', 'min Kone', 'min lille Gut']","['Norge', 'Stockholm', 'Dresden', 'Paris', 'Egypten']",[],[]
153,0,for,,,,,"['Vor kjære gamle Moder', 'Fader', 'Vicekongen', 'min Kone', 'min lille Gut']","['Norge', 'Stockholm', 'Dresden', 'Paris', 'Egypten']",[],[]
154,0,os,,,,,"['Vor kjære gamle Moder', 'Fader', 'Vicekongen', 'min Kone', 'min lille Gut']","['Norge', 'Stockholm', 'Dresden', 'Paris', 'Egypten']",[],[]
155,0,andre.,,,,,"['Vor kjære gamle Moder', 'Fader', 'Vicekongen', 'min Kone', 'min lille Gut']","['Norge', 'Stockholm', 'Dresden', 'Paris', 'Egypten']",[],[]
156,0,Du,,,,,"['Vor kjære gamle Moder', 'Fader', 'Vicekongen', 'min Kone', 'min lille Gut']","['Norge', 'Stockholm', 'Dresden', 'Paris', 'Egypten']",[],[]
157,0,er,,,,,"['Vor kjære gamle Moder', 'Fader', 'Vicekongen', 'min Kone', 'min lille Gut']","['Norge', 'Stockholm', 'Dresden', 'Paris', 'Egypten']",[],[]
158,0,visselig,,,,,"['Vor kjære gamle Moder', 'Fader', 'Vicekongen', 'min Kone', 'min lille Gut']","['Norge', 'Stockholm', 'Dresden', 'Paris', 'Egypten']",[],[]
159,0,den,,,,,"['Vor kjære gamle Moder', 'Fader', 'Vicekongen', 'min Kone', 'min lille Gut']","['Norge', 'Stockholm', 'Dresden', 'Paris', 'Egypten']",[],[]
160,0,bedste!Jeg,,,,,"['Vor kjære gamle Moder', 'Fader', 'Vicekongen', 'min Kone', 'min lille Gut']","['Norge', 'Stockholm', 'Dresden', 'Paris', 'Egypten']",[],[]
161,0,flakker,,,,,"['Vor kjære gamle Moder', 'Fader', 'Vicekongen', 'min Kone', 'min lille Gut']","['Norge', 'Stockholm', 'Dresden', 'Paris', 'Egypten']",[],[]
162,0,meget,,,,,"['Vor kjære gamle Moder', 'Fader', 'Vicekongen', 'min Kone', 'min lille Gut']","['Norge', 'Stockholm', 'Dresden', 'Paris', 'Egypten']",[],[]
163,0,omkring,,,,,"['Vor kjære gamle Moder', 'Fader', 'Vicekongen', 'min Kone', 'min lille Gut']","['Norge', 'Stockholm', 'Dresden', 'Paris', 'Egypten']",[],[]
164,0,i,,,,,"['Vor kjære gamle Moder', 'Fader', 'Vicekongen', 'min Kone', 'min lille Gut']","['Norge', 'Stockholm', 'Dresden', 'Paris', 'Egypten']",[],[]
165,0,Verden.,,,,,"['Vor kjære gamle Moder', 'Fader', 'Vicekongen', 'min Kone', 'min lille Gut']","['Norge', 'Stockholm', 'Dresden', 'Paris', 'Egypten']",[],[]
166,0,Hvem,,,,,"['Vor kjære gamle Moder', 'Fader', 'Vicekongen', 'min Kone', 'min lille Gut']","['Norge', 'Stockholm', 'Dresden', 'Paris', 'Egypten']",[],[]
167,0,ved,,,,,"['Vor kjære gamle Moder', 'Fader', 'Vicekongen', 'min Kone', 'min lille Gut']","['Norge', 'Stockholm', 'Dresden', 'Paris', 'Egypten']",[],[]
168,0,om,,,,,"['Vor kjære gamle Moder', 'Fader', 'Vicekongen', 'min Kone', 'min lille Gut']","['Norge', 'Stockholm', 'Dresden', 'Paris', 'Egypten']",[],[]
169,0,jeg,,,,,"['Vor kjære gamle Moder', 'Fader', 'Vicekongen', 'min Kone', 'min lille Gut']","['Norge', 'Stockholm', 'Dresden', 'Paris', 'Egypten']",[],[]
170,0,ikke,,,,,"['Vor kjære gamle Moder', 'Fader', 'Vicekongen', 'min Kone', 'min lille Gut']","['Norge', 'Stockholm', 'Dresden', 'Paris', 'Egypten']",[],[]
171,0,næste,,,,,"['Vor kjære gamle Moder', 'Fader', 'Vicekongen', 'min Kone', 'min lille Gut']","['Norge', 'Stockholm', 'Dresden', 'Paris', 'Egypten']",[],[]
172,0,Sommer,,,,,"['Vor kjære gamle Moder', 'Fader', 'Vicekongen', 'min Kone', 'min lille Gut']","['Norge', 'Stockholm', 'Dresden', 'Paris', 'Egypten']",[],[]
173,0,kommer,,,,,"['Vor kjære gamle Moder', 'Fader', 'Vicekongen', 'min Kone', 'min lille Gut']","['Norge', 'Stockholm', 'Dresden', 'Paris', 'Egypten']",[],[]
174,0,till,,,,,"['Vor kjære gamle Moder', 'Fader', 'Vicekongen', 'min Kone', 'min lille Gut']","['Norge', 'Stockholm', 'Dresden', 'Paris', 'Egypten']",[],[]
175,0,"Norge,",,,,,"['Vor kjære gamle Moder', 'Fader', 'Vicekongen', 'min Kone', 'min lille Gut']","['Norge', 'Stockholm', 'Dresden', 'Paris', 'Egypten']",[],[]
176,0,og,,,,,"['Vor kjære gamle Moder', 'Fader', 'Vicekongen', 'min Kone', 'min lille Gut']","['Norge', 'Stockholm', 'Dresden', 'Paris', 'Egypten']",[],[]
177,0,da,,,,,"['Vor kjære gamle Moder', 'Fader', 'Vicekongen', 'min Kone', 'min lille Gut']","['Norge', 'Stockholm', 'Dresden', 'Paris', 'Egypten']",[],[]
178,0,vil,,,,,"['Vor kjære gamle Moder', 'Fader', 'Vicekongen', 'min Kone', 'min lille Gut']","['Norge', 'Stockholm', 'Dresden', 'Paris', 'Egypten']",[],[]
179,0,jeg,,,,,"['Vor kjære gamle Moder', 'Fader', 'Vicekongen', 'min Kone', 'min lille Gut']","['Norge', 'Stockholm', 'Dresden', 'Paris', 'Egypten']",[],[]
180,0,se,,,,,"['Vor kjære gamle Moder', 'Fader', 'Vicekongen', 'min Kone', 'min lille Gut']","['Norge', 'Stockholm', 'Dresden', 'Paris', 'Egypten']",[],[]
181,0,det,,,,,"['Vor kjære gamle Moder', 'Fader', 'Vicekongen', 'min Kone', 'min lille Gut']","['Norge', 'Stockholm', 'Dresden', 'Paris', 'Egypten']",[],[]
182,0,gamle,,,,,"['Vor kjære gamle Moder', 'Fader', 'Vicekongen', 'min Kone', 'min lille Gut']","['Norge', 'Stockholm', 'Dresden', 'Paris', 'Egypten']",[],[]
183,0,"Hjem,",,,,,"['Vor kjære gamle Moder', 'Fader', 'Vicekongen', 'min Kone', 'min lille Gut']","['Norge', 'Stockholm', 'Dresden', 'Paris', 'Egypten']",[],[]
184,0,hvor,,,,,"['Vor kjære gamle Moder', 'Fader', 'Vicekongen', 'min Kone', 'min lille Gut']","['Norge', 'Stockholm', 'Dresden', 'Paris', 'Egypten']",[],[]
185,0,jeg,,,,,"['Vor kjære gamle Moder', 'Fader', 'Vicekongen', 'min Kone', 'min lille Gut']","['Norge', 'Stockholm', 'Dresden', 'Paris', 'Egypten']",[],[]
186,0,dog,,,,,"['Vor kjære gamle Moder', 'Fader', 'Vicekongen', 'min Kone', 'min lille Gut']","['Norge', 'Stockholm', 'Dresden', 'Paris', 'Egypten']",[],[]
187,0,endnu,,,,,"['Vor kjære gamle Moder', 'Fader', 'Vicekongen', 'min Kone', 'min lille Gut']","['Norge', 'Stockholm', 'Dresden', 'Paris', 'Egypten']",[],[]
188,0,hænger,,,,,"['Vor kjære gamle Moder', 'Fader', 'Vicekongen', 'min Kone', 'min lille Gut']","['Norge', 'Stockholm', 'Dresden', 'Paris', 'Egypten']",[],[]
189,0,fast,,,,,"['Vor kjære gamle Moder', 'Fader', 'Vicekongen', 'min Kone', 'min lille Gut']","['Norge', 'Stockholm', 'Dresden', 'Paris', 'Egypten']",[],[]
190,0,med,,,,,"['Vor kjære gamle Moder', 'Fader', 'Vicekongen', 'min Kone', 'min lille Gut']","['Norge', 'Stockholm', 'Dresden', 'Paris', 'Egypten']",[],[]
191,0,saa,,,,,"['Vor kjære gamle Moder', 'Fader', 'Vicekongen', 'min Kone', 'min lille Gut']","['Norge', 'Stockholm', 'Dresden', 'Paris', 'Egypten']",[],[]
192,0,mange,,,,,"['Vor kjære gamle Moder', 'Fader', 'Vicekongen', 'min Kone', 'min lille Gut']","['Norge', 'Stockholm', 'Dresden', 'Paris', 'Egypten']",[],[]
193,0,Rødder.,,,,,"['Vor kjære gamle Moder', 'Fader', 'Vicekongen', 'min Kone', 'min lille Gut']","['Norge', 'Stockholm', 'Dresden', 'Paris', 'Egypten']",[],[]
194,0,Hils,,,,,"['Vor kjære gamle Moder', 'Fader', 'Vicekongen', 'min Kone', 'min lille Gut']","['Norge', 'Stockholm', 'Dresden', 'Paris', 'Egypten']",[],[]
195,0,Fader,,,,,"['Vor kjære gamle Moder', 'Fader', 'Vicekongen', 'min Kone', 'min lille Gut']","['Norge', 'Stockholm', 'Dresden', 'Paris', 'Egypten']",[],[]
196,0,kjærligst,,,,,"['Vor kjære gamle Moder', 'Fader', 'Vicekongen', 'min Kone', 'min lille Gut']","['Norge', 'Stockholm', 'Dresden', 'Paris', 'Egypten']",[],[]
197,0,fra,,,,,"['Vor kjære gamle Moder', 'Fader', 'Vicekongen', 'min Kone', 'min lille Gut']","['Norge', 'Stockholm', 'Dresden', 'Paris', 'Egypten']",[],[]
198,0,mig;,,,,,"['Vor kjære gamle Moder', 'Fader', 'Vicekongen', 'min Kone', 'min lille Gut']","['Norge', 'Stockholm', 'Dresden', 'Paris', 'Egypten']",[],[]
199,0,forklar,,,,,"['Vor kjære gamle Moder', 'Fader', 'Vicekongen', 'min Kone', 'min lille Gut']","['Norge', 'Stockholm', 'Dresden', 'Paris', 'Egypten']",[],[]
200,0,"ham,",,,,,"['Vor kjære gamle Moder', 'Fader', 'Vicekongen', 'min Kone', 'min lille Gut']","['Norge', 'Stockholm', 'Dresden', 'Paris', 'Egypten']",[],[]
201,0,angaaende,,,,,"['Vor kjære gamle Moder', 'Fader', 'Vicekongen', 'min Kone', 'min lille Gut']","['Norge', 'Stockholm', 'Dresden', 'Paris', 'Egypten']",[],[]
202,0,"mig,",,,,,"['Vor kjære gamle Moder', 'Fader', 'Vicekongen', 'min Kone', 'min lille Gut']","['Norge', 'Stockholm', 'Dresden', 'Paris', 'Egypten']",[],[]
203,0,hvad,,,,,"['Vor kjære gamle Moder', 'Fader', 'Vicekongen', 'min Kone', 'min lille Gut']","['Norge', 'Stockholm', 'Dresden', 'Paris', 'Egypten']",[],[]
204,0,Du,,,,,"['Vor kjære gamle Moder', 'Fader', 'Vicekongen', 'min Kone', 'min lille Gut']","['Norge', 'Stockholm', 'Dresden', 'Paris', 'Egypten']",[],[]
205,0,saa,,,,,"['Vor kjære gamle Moder', 'Fader', 'Vicekongen', 'min Kone', 'min lille Gut']","['Norge', 'Stockholm', 'Dresden', 'Paris', 'Egypten']",[],[]
206,0,godt,,,,,"['Vor kjære gamle Moder', 'Fader', 'Vicekongen', 'min Kone', 'min lille Gut']","['Norge', 'Stockholm', 'Dresden', 'Paris', 'Egypten']",[],[]
207,0,forstaar;,,,,,"['Vor kjære gamle Moder', 'Fader', 'Vicekongen', 'min Kone', 'min lille Gut']","['Norge', 'Stockholm', 'Dresden', 'Paris', 'Egypten']",[],[]
208,0,han,,,,,"['Vor kjære gamle Moder', 'Fader', 'Vicekongen', 'min Kone', 'min lille Gut']","['Norge', 'Stockholm', 'Dresden', 'Paris', 'Egypten']",[],[]
209,0,gjør,,,,,"['Vor kjære gamle Moder', 'Fader', 'Vicekongen', 'min Kone', 'min lille Gut']","['Norge', 'Stockholm', 'Dresden', 'Paris', 'Egypten']",[],[]
210,0,det,,,,,"['Vor kjære gamle Moder', 'Fader', 'Vicekongen', 'min Kone', 'min lille Gut']","['Norge', 'Stockholm', 'Dresden', 'Paris', 'Egypten']",[],[]
211,0,kanske,,,,,"['Vor kjære gamle Moder', 'Fader', 'Vicekongen', 'min Kone', 'min lille Gut']","['Norge', 'Stockholm', 'Dresden', 'Paris', 'Egypten']",[],[]
212,0,ikke.Her,,,,,"['Vor kjære gamle Moder', 'Fader', 'Vicekongen', 'min Kone', 'min lille Gut']","['Norge', 'Stockholm', 'Dresden', 'Paris', 'Egypten']",[],[]
213,0,i,,,,,"['Vor kjære gamle Moder', 'Fader', 'Vicekongen', 'min Kone', 'min lille Gut']","['Norge', 'Stockholm', 'Dresden', 'Paris', 'Egypten']",[],[]
214,0,Stockholm,,,,,"['Vor kjære gamle Moder', 'Fader', 'Vicekongen', 'min Kone', 'min lille Gut']","['Norge', 'Stockholm', 'Dresden', 'Paris', 'Egypten']",[],[]
215,0,har,,,,,"['Vor kjære gamle Moder', 'Fader', 'Vicekongen', 'min Kone', 'min lille Gut']","['Norge', 'Stockholm', 'Dresden', 'Paris', 'Egypten']",[],[]
216,0,jeg,,,,,"['Vor kjære gamle Moder', 'Fader', 'Vicekongen', 'min Kone', 'min lille Gut']","['Norge', 'Stockholm', 'Dresden', 'Paris', 'Egypten']",[],[]
217,0,været,,,,,"['Vor kjære gamle Moder', 'Fader', 'Vicekongen', 'min Kone', 'min lille Gut']","['Norge', 'Stockholm', 'Dresden', 'Paris', 'Egypten']",[],[]
218,0,siden,,,,,"['Vor kjære gamle Moder', 'Fader', 'Vicekongen', 'min Kone', 'min lille Gut']","['Norge', 'Stockholm', 'Dresden', 'Paris', 'Egypten']",[],[]
219,0,Midten,,,,,"['Vor kjære gamle Moder', 'Fader', 'Vicekongen', 'min Kone', 'min lille Gut']","['Norge', 'Stockholm', 'Dresden', 'Paris', 'Egypten']",[],[]
220,0,af,,,,,"['Vor kjære gamle Moder', 'Fader', 'Vicekongen', 'min Kone', 'min lille Gut']","['Norge', 'Stockholm', 'Dresden', 'Paris', 'Egypten']",[],[]
221,0,Juli;,,,,,"['Vor kjære gamle Moder', 'Fader', 'Vicekongen', 'min Kone', 'min lille Gut']","['Norge', 'Stockholm', 'Dresden', 'Paris', 'Egypten']",[],[]
222,0,nu,,,,,"['Vor kjære gamle Moder', 'Fader', 'Vicekongen', 'min Kone', 'min lille Gut']","['Norge', 'Stockholm', 'Dresden', 'Paris', 'Egypten']",[],[]
223,0,rejser,,,,,"['Vor kjære gamle Moder', 'Fader', 'Vicekongen', 'min Kone', 'min lille Gut']","['Norge', 'Stockholm', 'Dresden', 'Paris', 'Egypten']",[],[]
224,0,jeg,,,,,"['Vor kjære gamle Moder', 'Fader', 'Vicekongen', 'min Kone', 'min lille Gut']","['Norge', 'Stockholm', 'Dresden', 'Paris', 'Egypten']",[],[]
225,0,over,,,,,"['Vor kjære gamle Moder', 'Fader', 'Vicekongen', 'min Kone', 'min lille Gut']","['Norge', 'Stockholm', 'Dresden', 'Paris', 'Egypten']",[],[]
226,0,Dresden,,,,,"['Vor kjære gamle Moder', 'Fader', 'Vicekongen', 'min Kone', 'min lille Gut']","['Norge', 'Stockholm', 'Dresden', 'Paris', 'Egypten']",[],[]
227,0,og,,,,,"['Vor kjære gamle Moder', 'Fader', 'Vicekongen', 'min Kone', 'min lille Gut']","['Norge', 'Stockholm', 'Dresden', 'Paris', 'Egypten']",[],[]
228,0,Paris,,,,,"['Vor kjære gamle Moder', 'Fader', 'Vicekongen', 'min Kone', 'min lille Gut']","['Norge', 'Stockholm', 'Dresden', 'Paris', 'Egypten']",[],[]
229,0,till,,,,,"['Vor kjære gamle Moder', 'Fader', 'Vicekongen', 'min Kone', 'min lille Gut']","['Norge', 'Stockholm', 'Dresden', 'Paris', 'Egypten']",[],[]
230,0,"Egypten,",,,,,"['Vor kjære gamle Moder', 'Fader', 'Vicekongen', 'min Kone', 'min lille Gut']","['Norge', 'Stockholm', 'Dresden', 'Paris', 'Egypten']",[],[]
231,0,hvorhen,,,,,"['Vor kjære gamle Moder', 'Fader', 'Vicekongen', 'min Kone', 'min lille Gut']","['Norge', 'Stockholm', 'Dresden', 'Paris', 'Egypten']",[],[]
232,0,"jeg,",,,,,"['Vor kjære gamle Moder', 'Fader', 'Vicekongen', 'min Kone', 'min lille Gut']","['Norge', 'Stockholm', 'Dresden', 'Paris', 'Egypten']",[],[]
233,0,som,,,,,"['Vor kjære gamle Moder', 'Fader', 'Vicekongen', 'min Kone', 'min lille Gut']","['Norge', 'Stockholm', 'Dresden', 'Paris', 'Egypten']",[],[]
234,0,Du,,,,,"['Vor kjære gamle Moder', 'Fader', 'Vicekongen', 'min Kone', 'min lille Gut']","['Norge', 'Stockholm', 'Dresden', 'Paris', 'Egypten']",[],[]
235,0,maaske,,,,,"['Vor kjære gamle Moder', 'Fader', 'Vicekongen', 'min Kone', 'min lille Gut']","['Norge', 'Stockholm', 'Dresden', 'Paris', 'Egypten']",[],[]
236,0,af,,,,,"['Vor kjære gamle Moder', 'Fader', 'Vicekongen', 'min Kone', 'min lille Gut']","['Norge', 'Stockholm', 'Dresden', 'Paris', 'Egypten']",[],[]
237,0,Aviserne,,,,,"['Vor kjære gamle Moder', 'Fader', 'Vicekongen', 'min Kone', 'min lille Gut']","['Norge', 'Stockholm', 'Dresden', 'Paris', 'Egypten']",[],[]
238,0,har,,,,,"['Vor kjære gamle Moder', 'Fader', 'Vicekongen', 'min Kone', 'min lille Gut']","['Norge', 'Stockholm', 'Dresden', 'Paris', 'Egypten']",[],[]
239,0,"erfaret,",,,,,"['Vor kjære gamle Moder', 'Fader', 'Vicekongen', 'min Kone', 'min lille Gut']","['Norge', 'Stockholm', 'Dresden', 'Paris', 'Egypten']",[],[]
240,0,er,,,,,"['Vor kjære gamle Moder', 'Fader', 'Vicekongen', 'min Kone', 'min lille Gut']","['Norge', 'Stockholm', 'Dresden', 'Paris', 'Egypten']",[],[]
241,0,indbuden,,,,,"['Vor kjære gamle Moder', 'Fader', 'Vicekongen', 'min Kone', 'min lille Gut']","['Norge', 'Stockholm', 'Dresden', 'Paris', 'Egypten']",[],[]
242,0,af,,,,,"['Vor kjære gamle Moder', 'Fader', 'Vicekongen', 'min Kone', 'min lille Gut']","['Norge', 'Stockholm', 'Dresden', 'Paris', 'Egypten']",[],[]
243,0,Vicekongen.,,,,,"['Vor kjære gamle Moder', 'Fader', 'Vicekongen', 'min Kone', 'min lille Gut']","['Norge', 'Stockholm', 'Dresden', 'Paris', 'Egypten']",[],[]
244,0,I,,,,,"['Vor kjære gamle Moder', 'Fader', 'Vicekongen', 'min Kone', 'min lille Gut']","['Norge', 'Stockholm', 'Dresden', 'Paris', 'Egypten']",[],[]
245,0,Midten,,,,,"['Vor kjære gamle Moder', 'Fader', 'Vicekongen', 'min Kone', 'min lille Gut']","['Norge', 'Stockholm', 'Dresden', 'Paris', 'Egypten']",[],[]
246,0,af,,,,,"['Vor kjære gamle Moder', 'Fader', 'Vicekongen', 'min Kone', 'min lille Gut']","['Norge', 'Stockholm', 'Dresden', 'Paris', 'Egypten']",[],[]
247,0,December,,,,,"['Vor kjære gamle Moder', 'Fader', 'Vicekongen', 'min Kone', 'min lille Gut']","['Norge', 'Stockholm', 'Dresden', 'Paris', 'Egypten']",[],[]
248,0,tænker,,,,,"['Vor kjære gamle Moder', 'Fader', 'Vicekongen', 'min Kone', 'min lille Gut']","['Norge', 'Stockholm', 'Dresden', 'Paris', 'Egypten']",[],[]
249,0,jeg,,,,,"['Vor kjære gamle Moder', 'Fader', 'Vicekongen', 'min Kone', 'min lille Gut']","['Norge', 'Stockholm', 'Dresden', 'Paris', 'Egypten']",[],[]
250,0,igjen,,,,,"['Vor kjære gamle Moder', 'Fader', 'Vicekongen', 'min Kone', 'min lille Gut']","['Norge', 'Stockholm', 'Dresden', 'Paris', 'Egypten']",[],[]
251,0,at,,,,,"['Vor kjære gamle Moder', 'Fader', 'Vicekongen', 'min Kone', 'min lille Gut']","['Norge', 'Stockholm', 'Dresden', 'Paris', 'Egypten']",[],[]
252,0,være,,,,,"['Vor kjære gamle Moder', 'Fader', 'Vicekongen', 'min Kone', 'min lille Gut']","['Norge', 'Stockholm', 'Dresden', 'Paris', 'Egypten']",[],[]
253,0,i,,,,,"['Vor kjære gamle Moder', 'Fader', 'Vicekongen', 'min Kone', 'min lille Gut']","['Norge', 'Stockholm', 'Dresden', 'Paris', 'Egypten']",[],[]
254,0,"Dresden,",,,,,"['Vor kjære gamle Moder', 'Fader', 'Vicekongen', 'min Kone', 'min lille Gut']","['Norge', 'Stockholm', 'Dresden', 'Paris', 'Egypten']",[],[]
255,0,hvor,,,,,"['Vor kjære gamle Moder', 'Fader', 'Vicekongen', 'min Kone', 'min lille Gut']","['Norge', 'Stockholm', 'Dresden', 'Paris', 'Egypten']",[],[]
256,0,min,,,,,"['Vor kjære gamle Moder', 'Fader', 'Vicekongen', 'min Kone', 'min lille Gut']","['Norge', 'Stockholm', 'Dresden', 'Paris', 'Egypten']",[],[]
257,0,Kone,,,,,"['Vor kjære gamle Moder', 'Fader', 'Vicekongen', 'min Kone', 'min lille Gut']","['Norge', 'Stockholm', 'Dresden', 'Paris', 'Egypten']",[],[]
258,0,er,,,,,"['Vor kjære gamle Moder', 'Fader', 'Vicekongen', 'min Kone', 'min lille Gut']","['Norge', 'Stockholm', 'Dresden', 'Paris', 'Egypten']",[],[]
259,0,og,,,,,"['Vor kjære gamle Moder', 'Fader', 'Vicekongen', 'min Kone', 'min lille Gut']","['Norge', 'Stockholm', 'Dresden', 'Paris', 'Egypten']",[],[]
260,0,hvor,,,,,"['Vor kjære gamle Moder', 'Fader', 'Vicekongen', 'min Kone', 'min lille Gut']","['Norge', 'Stockholm', 'Dresden', 'Paris', 'Egypten']",[],[]
261,0,min,,,,,"['Vor kjære gamle Moder', 'Fader', 'Vicekongen', 'min Kone', 'min lille Gut']","['Norge', 'Stockholm', 'Dresden', 'Paris', 'Egypten']",[],[]
262,0,lille,,,,,"['Vor kjære gamle Moder', 'Fader', 'Vicekongen', 'min Kone', 'min lille Gut']","['Norge', 'Stockholm', 'Dresden', 'Paris', 'Egypten']",[],[]
263,0,Gut,,,,,"['Vor kjære gamle Moder', 'Fader', 'Vicekongen', 'min Kone', 'min lille Gut']","['Norge', 'Stockholm', 'Dresden', 'Paris', 'Egypten']",[],[]
264,0,gaar,,,,,"['Vor kjære gamle Moder', 'Fader', 'Vicekongen', 'min Kone', 'min lille Gut']","['Norge', 'Stockholm', 'Dresden', 'Paris', 'Egypten']",[],[]
265,0,i,,,,,"['Vor kjære gamle Moder', 'Fader', 'Vicekongen', 'min Kone', 'min lille Gut']","['Norge', 'Stockholm', 'Dresden', 'Paris', 'Egypten']",[],[]
266,0,Skole;,,,,,"['Vor kjære gamle Moder', 'Fader', 'Vicekongen', 'min Kone', 'min lille Gut']","['Norge', 'Stockholm', 'Dresden', 'Paris', 'Egypten']",[],[]
267,0,jeg,,,,,"['Vor kjære gamle Moder', 'Fader', 'Vicekongen', 'min Kone', 'min lille Gut']","['Norge', 'Stockholm', 'Dresden', 'Paris', 'Egypten']",[],[]
268,0,har,,,,,"['Vor kjære gamle Moder', 'Fader', 'Vicekongen', 'min Kone', 'min lille Gut']","['Norge', 'Stockholm', 'Dresden', 'Paris', 'Egypten']",[],[]
269,0,kun,,,,,"['Vor kjære gamle Moder', 'Fader', 'Vicekongen', 'min Kone', 'min lille Gut']","['Norge', 'Stockholm', 'Dresden', 'Paris', 'Egypten']",[],[]
270,0,den,,,,,"['Vor kjære gamle Moder', 'Fader', 'Vicekongen', 'min Kone', 'min lille Gut']","['Norge', 'Stockholm', 'Dresden', 'Paris', 'Egypten']",[],[]
271,0,ene.Indlagt,,,,,"['Vor kjære gamle Moder', 'Fader', 'Vicekongen', 'min Kone', 'min lille Gut']","['Norge', 'Stockholm', 'Dresden', 'Paris', 'Egypten']",[],[]
272,0,sender,,,,,"['Vor kjære gamle Moder', 'Fader', 'Vicekongen', 'min Kone', 'min lille Gut']","['Norge', 'Stockholm', 'Dresden', 'Paris', 'Egypten']",[],[]
273,0,jeg,,,,,"['Vor kjære gamle Moder', 'Fader', 'Vicekongen', 'min Kone', 'min lille Gut']","['Norge', 'Stockholm', 'Dresden', 'Paris', 'Egypten']",[],[]
274,0,Dig,,,,,"['Vor kjære gamle Moder', 'Fader', 'Vicekongen', 'min Kone', 'min lille Gut']","['Norge', 'Stockholm', 'Dresden', 'Paris', 'Egypten']",[],[]
275,0,mit,,,,,"['Vor kjære gamle Moder', 'Fader', 'Vicekongen', 'min Kone', 'min lille Gut']","['Norge', 'Stockholm', 'Dresden', 'Paris', 'Egypten']",[],[]
276,0,Portræt;,,,,,"['Vor kjære gamle Moder', 'Fader', 'Vicekongen', 'min Kone', 'min lille Gut']","['Norge', 'Stockholm', 'Dresden', 'Paris', 'Egypten']",[],[]
277,0,har,,,,,"['Vor kjære gamle Moder', 'Fader', 'Vicekongen', 'min Kone', 'min lille Gut']","['Norge', 'Stockholm', 'Dresden', 'Paris', 'Egypten']",[],[]
278,0,Du,,,,,"['Vor kjære gamle Moder', 'Fader', 'Vicekongen', 'min Kone', 'min lille Gut']","['Norge', 'Stockholm', 'Dresden', 'Paris', 'Egypten']",[],[]
279,0,noget,,,,,"['Vor kjære gamle Moder', 'Fader', 'Vicekongen', 'min Kone', 'min lille Gut']","['Norge', 'Stockholm', 'Dresden', 'Paris', 'Egypten']",[],[]
280,0,Billede,,,,,"['Vor kjære gamle Moder', 'Fader', 'Vicekongen', 'min Kone', 'min lille Gut']","['Norge', 'Stockholm', 'Dresden', 'Paris', 'Egypten']",[],[]
281,0,af,,,,,"['Vor kjære gamle Moder', 'Fader', 'Vicekongen', 'min Kone', 'min lille Gut']","['Norge', 'Stockholm', 'Dresden', 'Paris', 'Egypten']",[],[]
282,0,Dig,,,,,"['Vor kjære gamle Moder', 'Fader', 'Vicekongen', 'min Kone', 'min lille Gut']","['Norge', 'Stockholm', 'Dresden', 'Paris', 'Egypten']",[],[]
283,0,og,,,,,"['Vor kjære gamle Moder', 'Fader', 'Vicekongen', 'min Kone', 'min lille Gut']","['Norge', 'Stockholm', 'Dresden', 'Paris', 'Egypten']",[],[]
284,0,"dine,",,,,,"['Vor kjære gamle Moder', 'Fader', 'Vicekongen', 'min Kone', 'min lille Gut']","['Norge', 'Stockholm', 'Dresden', 'Paris', 'Egypten']",[],[]
285,0,saa,,,,,"['Vor kjære gamle Moder', 'Fader', 'Vicekongen', 'min Kone', 'min lille Gut']","['Norge', 'Stockholm', 'Dresden', 'Paris', 'Egypten']",[],[]
286,0,send,,,,,"['Vor kjære gamle Moder', 'Fader', 'Vicekongen', 'min Kone', 'min lille Gut']","['Norge', 'Stockholm', 'Dresden', 'Paris', 'Egypten']",[],[]
287,0,os,,,,,"['Vor kjære gamle Moder', 'Fader', 'Vicekongen', 'min Kone', 'min lille Gut']","['Norge', 'Stockholm', 'Dresden', 'Paris', 'Egypten']",[],[]
288,0,et,,,,,"['Vor kjære gamle Moder', 'Fader', 'Vicekongen', 'min Kone', 'min lille Gut']","['Norge', 'Stockholm', 'Dresden', 'Paris', 'Egypten']",[],[]
289,0,igjen.,,,,,"['Vor kjære gamle Moder', 'Fader', 'Vicekongen', 'min Kone', 'min lille Gut']","['Norge', 'Stockholm', 'Dresden', 'Paris', 'Egypten']",[],[]
290,0,Min,,,,,"['Vor kjære gamle Moder', 'Fader', 'Vicekongen', 'min Kone', 'min lille Gut']","['Norge', 'Stockholm', 'Dresden', 'Paris', 'Egypten']",[],[]
291,0,Kone,,,,,"['Vor kjære gamle Moder', 'Fader', 'Vicekongen', 'min Kone', 'min lille Gut']","['Norge', 'Stockholm', 'Dresden', 'Paris', 'Egypten']",[],[]
292,0,skulde,,,,,"['Vor kjære gamle Moder', 'Fader', 'Vicekongen', 'min Kone', 'min lille Gut']","['Norge', 'Stockholm', 'Dresden', 'Paris', 'Egypten']",[],[]
293,0,jeg,,,,,"['Vor kjære gamle Moder', 'Fader', 'Vicekongen', 'min Kone', 'min lille Gut']","['Norge', 'Stockholm', 'Dresden', 'Paris', 'Egypten']",[],[]
294,0,ønske,,,,,"['Vor kjære gamle Moder', 'Fader', 'Vicekongen', 'min Kone', 'min lille Gut']","['Norge', 'Stockholm', 'Dresden', 'Paris', 'Egypten']",[],[]
295,0,Du,,,,,"['Vor kjære gamle Moder', 'Fader', 'Vicekongen', 'min Kone', 'min lille Gut']","['Norge', 'Stockholm', 'Dresden', 'Paris', 'Egypten']",[],[]
296,0,kjendte;,,,,,"['Vor kjære gamle Moder', 'Fader', 'Vicekongen', 'min Kone', 'min lille Gut']","['Norge', 'Stockholm', 'Dresden', 'Paris', 'Egypten']",[],[]
297,0,hun,,,,,"['Vor kjære gamle Moder', 'Fader', 'Vicekongen', 'min Kone', 'min lille Gut']","['Norge', 'Stockholm', 'Dresden', 'Paris', 'Egypten']",[],[]
298,0,passer,,,,,"['Vor kjære gamle Moder', 'Fader', 'Vicekongen', 'min Kone', 'min lille Gut']","['Norge', 'Stockholm', 'Dresden', 'Paris', 'Egypten']",[],[]
299,0,aldeles,,,,,"['Vor kjære gamle Moder', 'Fader', 'Vicekongen', 'min Kone', 'min lille Gut']","['Norge', 'Stockholm', 'Dresden', 'Paris', 'Egypten']",[],[]
300,0,for,,,,,"['Vor kjære gamle Moder', 'Fader', 'Vicekongen', 'min Kone', 'min lille Gut']","['Norge', 'Stockholm', 'Dresden', 'Paris', 'Egypten']",[],[]
301,0,mig,,,,,"['Vor kjære gamle Moder', 'Fader', 'Vicekongen', 'min Kone', 'min lille Gut']","['Norge', 'Stockholm', 'Dresden', 'Paris', 'Egypten']",[],[]
302,0,og,,,,,"['Vor kjære gamle Moder', 'Fader', 'Vicekongen', 'min Kone', 'min lille Gut']","['Norge', 'Stockholm', 'Dresden', 'Paris', 'Egypten']",[],[]
303,0,beder,,,,,"['Vor kjære gamle Moder', 'Fader', 'Vicekongen', 'min Kone', 'min lille Gut']","['Norge', 'Stockholm', 'Dresden', 'Paris', 'Egypten']",[],[]
304,0,mig,,,,,"['Vor kjære gamle Moder', 'Fader', 'Vicekongen', 'min Kone', 'min lille Gut']","['Norge', 'Stockholm', 'Dresden', 'Paris', 'Egypten']",[],[]
305,0,hilse.,,,,,"['Vor kjære gamle Moder', 'Fader', 'Vicekongen', 'min Kone', 'min lille Gut']","['Norge', 'Stockholm', 'Dresden', 'Paris', 'Egypten']",[],[]
306,0,Vor,,,,,"['Vor kjære gamle Moder', 'Fader', 'Vicekongen', 'min Kone', 'min lille Gut']","['Norge', 'Stockholm', 'Dresden', 'Paris', 'Egypten']",[],[]
307,0,Adresse,,,,,"['Vor kjære gamle Moder', 'Fader', 'Vicekongen', 'min Kone', 'min lille Gut']","['Norge', 'Stockholm', 'Dresden', 'Paris', 'Egypten']",[],[]
308,0,i,,,,,"['Vor kjære gamle Moder', 'Fader', 'Vicekongen', 'min Kone', 'min lille Gut']","['Norge', 'Stockholm', 'Dresden', 'Paris', 'Egypten']",[],[]
309,0,Dresden,,,,,"['Vor kjære gamle Moder', 'Fader', 'Vicekongen', 'min Kone', 'min lille Gut']","['Norge', 'Stockholm', 'Dresden', 'Paris', 'Egypten']",[],[]
310,0,er:,,,,,"['Vor kjære gamle Moder', 'Fader', 'Vicekongen', 'min Kone', 'min lille Gut']","['Norge', 'Stockholm', 'Dresden', 'Paris', 'Egypten']",[],[]
311,0,"Königsbrücker-Strasse,",,,,,"['Vor kjære gamle Moder', 'Fader', 'Vicekongen', 'min Kone', 'min lille Gut']","['Norge', 'Stockholm', 'Dresden', 'Paris', 'Egypten']",[],[]
312,0,No,,,,,"['Vor kjære gamle Moder', 'Fader', 'Vicekongen', 'min Kone', 'min lille Gut']","['Norge', 'Stockholm', 'Dresden', 'Paris', 'Egypten']",[],[]
313,0,33.Dette,,,,,"['Vor kjære gamle Moder', 'Fader', 'Vicekongen', 'min Kone', 'min lille Gut']","['Norge', 'Stockholm', 'Dresden', 'Paris', 'Egypten']",[],[]
314,0,Brev,,,,,"['Vor kjære gamle Moder', 'Fader', 'Vicekongen', 'min Kone', 'min lille Gut']","['Norge', 'Stockholm', 'Dresden', 'Paris', 'Egypten']",[],[]
315,0,er,,,,,"['Vor kjære gamle Moder', 'Fader', 'Vicekongen', 'min Kone', 'min lille Gut']","['Norge', 'Stockholm', 'Dresden', 'Paris', 'Egypten']",[],[]
316,0,kort,,,,,"['Vor kjære gamle Moder', 'Fader', 'Vicekongen', 'min Kone', 'min lille Gut']","['Norge', 'Stockholm', 'Dresden', 'Paris', 'Egypten']",[],[]
317,0,og,,,,,"['Vor kjære gamle Moder', 'Fader', 'Vicekongen', 'min Kone', 'min lille Gut']","['Norge', 'Stockholm', 'Dresden', 'Paris', 'Egypten']",[],[]
318,0,jeg,,,,,"['Vor kjære gamle Moder', 'Fader', 'Vicekongen', 'min Kone', 'min lille Gut']","['Norge', 'Stockholm', 'Dresden', 'Paris', 'Egypten']",[],[]
319,0,er,,,,,"['Vor kjære gamle Moder', 'Fader', 'Vicekongen', 'min Kone', 'min lille Gut']","['Norge', 'Stockholm', 'Dresden', 'Paris', 'Egypten']",[],[]
320,0,gaaet,,,,,"['Vor kjære gamle Moder', 'Fader', 'Vicekongen', 'min Kone', 'min lille Gut']","['Norge', 'Stockholm', 'Dresden', 'Paris', 'Egypten']",[],[]
321,0,"forbi,",,,,,"['Vor kjære gamle Moder', 'Fader', 'Vicekongen', 'min Kone', 'min lille Gut']","['Norge', 'Stockholm', 'Dresden', 'Paris', 'Egypten']",[],[]
322,0,hvad,,,,,"['Vor kjære gamle Moder', 'Fader', 'Vicekongen', 'min Kone', 'min lille Gut']","['Norge', 'Stockholm', 'Dresden', 'Paris', 'Egypten']",[],[]
323,0,Du,,,,,"['Vor kjære gamle Moder', 'Fader', 'Vicekongen', 'min Kone', 'min lille Gut']","['Norge', 'Stockholm', 'Dresden', 'Paris', 'Egypten']",[],[]
324,0,maaske,,,,,"['Vor kjære gamle Moder', 'Fader', 'Vicekongen', 'min Kone', 'min lille Gut']","['Norge', 'Stockholm', 'Dresden', 'Paris', 'Egypten']",[],[]
325,0,ønskede,,,,,"['Vor kjære gamle Moder', 'Fader', 'Vicekongen', 'min Kone', 'min lille Gut']","['Norge', 'Stockholm', 'Dresden', 'Paris', 'Egypten']",[],[]
326,0,at,,,,,"['Vor kjære gamle Moder', 'Fader', 'Vicekongen', 'min Kone', 'min lille Gut']","['Norge', 'Stockholm', 'Dresden', 'Paris', 'Egypten']",[],[]
327,0,jeg,,,,,"['Vor kjære gamle Moder', 'Fader', 'Vicekongen', 'min Kone', 'min lille Gut']","['Norge', 'Stockholm', 'Dresden', 'Paris', 'Egypten']",[],[]
328,0,især,,,,,"['Vor kjære gamle Moder', 'Fader', 'Vicekongen', 'min Kone', 'min lille Gut']","['Norge', 'Stockholm', 'Dresden', 'Paris', 'Egypten']",[],[]
329,0,skulde,,,,,"['Vor kjære gamle Moder', 'Fader', 'Vicekongen', 'min Kone', 'min lille Gut']","['Norge', 'Stockholm', 'Dresden', 'Paris', 'Egypten']",[],[]
330,0,udtale,,,,,"['Vor kjære gamle Moder', 'Fader', 'Vicekongen', 'min Kone', 'min lille Gut']","['Norge', 'Stockholm', 'Dresden', 'Paris', 'Egypten']",[],[]
331,0,mig,,,,,"['Vor kjære gamle Moder', 'Fader', 'Vicekongen', 'min Kone', 'min lille Gut']","['Norge', 'Stockholm', 'Dresden', 'Paris', 'Egypten']",[],[]
332,0,om.,,,,,"['Vor kjære gamle Moder', 'Fader', 'Vicekongen', 'min Kone', 'min lille Gut']","['Norge', 'Stockholm', 'Dresden', 'Paris', 'Egypten']",[],[]
333,0,Anderledes,,,,,"['Vor kjære gamle Moder', 'Fader', 'Vicekongen', 'min Kone', 'min lille Gut']","['Norge', 'Stockholm', 'Dresden', 'Paris', 'Egypten']",[],[]
334,0,kan,,,,,"['Vor kjære gamle Moder', 'Fader', 'Vicekongen', 'min Kone', 'min lille Gut']","['Norge', 'Stockholm', 'Dresden', 'Paris', 'Egypten']",[],[]
335,0,det,,,,,"['Vor kjære gamle Moder', 'Fader', 'Vicekongen', 'min Kone', 'min lille Gut']","['Norge', 'Stockholm', 'Dresden', 'Paris', 'Egypten']",[],[]
336,0,for,,,,,"['Vor kjære gamle Moder', 'Fader', 'Vicekongen', 'min Kone', 'min lille Gut']","['Norge', 'Stockholm', 'Dresden', 'Paris', 'Egypten']",[],[]
337,0,Tiden,,,,,"['Vor kjære gamle Moder', 'Fader', 'Vicekongen', 'min Kone', 'min lille Gut']","['Norge', 'Stockholm', 'Dresden', 'Paris', 'Egypten']",[],[]
338,0,ikke,,,,,"['Vor kjære gamle Moder', 'Fader', 'Vicekongen', 'min Kone', 'min lille Gut']","['Norge', 'Stockholm', 'Dresden', 'Paris', 'Egypten']",[],[]
339,0,være;,,,,,"['Vor kjære gamle Moder', 'Fader', 'Vicekongen', 'min Kone', 'min lille Gut']","['Norge', 'Stockholm', 'Dresden', 'Paris', 'Egypten']",[],[]
340,0,men,,,,,"['Vor kjære gamle Moder', 'Fader', 'Vicekongen', 'min Kone', 'min lille Gut']","['Norge', 'Stockholm', 'Dresden', 'Paris', 'Egypten']",[],[]
341,0,tro,,,,,"['Vor kjære gamle Moder', 'Fader', 'Vicekongen', 'min Kone', 'min lille Gut']","['Norge', 'Stockholm', 'Dresden', 'Paris', 'Egypten']",[],[]
342,0,ikke,,,,,"['Vor kjære gamle Moder', 'Fader', 'Vicekongen', 'min Kone', 'min lille Gut']","['Norge', 'Stockholm', 'Dresden', 'Paris', 'Egypten']",[],[]
343,0,at,,,,,"['Vor kjære gamle Moder', 'Fader', 'Vicekongen', 'min Kone', 'min lille Gut']","['Norge', 'Stockholm', 'Dresden', 'Paris', 'Egypten']",[],[]
344,0,jeg,,,,,"['Vor kjære gamle Moder', 'Fader', 'Vicekongen', 'min Kone', 'min lille Gut']","['Norge', 'Stockholm', 'Dresden', 'Paris', 'Egypten']",[],[]
345,0,mangler,,,,,"['Vor kjære gamle Moder', 'Fader', 'Vicekongen', 'min Kone', 'min lille Gut']","['Norge', 'Stockholm', 'Dresden', 'Paris', 'Egypten']",[],[]
346,0,den,,,,,"['Vor kjære gamle Moder', 'Fader', 'Vicekongen', 'min Kone', 'min lille Gut']","['Norge', 'Stockholm', 'Dresden', 'Paris', 'Egypten']",[],[]
347,0,"Hjærtevarme,",,,,,"['Vor kjære gamle Moder', 'Fader', 'Vicekongen', 'min Kone', 'min lille Gut']","['Norge', 'Stockholm', 'Dresden', 'Paris', 'Egypten']",[],[]
348,0,som,,,,,"['Vor kjære gamle Moder', 'Fader', 'Vicekongen', 'min Kone', 'min lille Gut']","['Norge', 'Stockholm', 'Dresden', 'Paris', 'Egypten']",[],[]
349,0,først,,,,,"['Vor kjære gamle Moder', 'Fader', 'Vicekongen', 'min Kone', 'min lille Gut']","['Norge', 'Stockholm', 'Dresden', 'Paris', 'Egypten']",[],[]
350,0,og,,,,,"['Vor kjære gamle Moder', 'Fader', 'Vicekongen', 'min Kone', 'min lille Gut']","['Norge', 'Stockholm', 'Dresden', 'Paris', 'Egypten']",[],[]
351,0,fremst,,,,,"['Vor kjære gamle Moder', 'Fader', 'Vicekongen', 'min Kone', 'min lille Gut']","['Norge', 'Stockholm', 'Dresden', 'Paris', 'Egypten']",[],[]
352,0,maa,,,,,"['Vor kjære gamle Moder', 'Fader', 'Vicekongen', 'min Kone', 'min lille Gut']","['Norge', 'Stockholm', 'Dresden', 'Paris', 'Egypten']",[],[]
353,0,være,,,,,"['Vor kjære gamle Moder', 'Fader', 'Vicekongen', 'min Kone', 'min lille Gut']","['Norge', 'Stockholm', 'Dresden', 'Paris', 'Egypten']",[],[]
354,0,"tillstede,",,,,,"['Vor kjære gamle Moder', 'Fader', 'Vicekongen', 'min Kone', 'min lille Gut']","['Norge', 'Stockholm', 'Dresden', 'Paris', 'Egypten']",[],[]
355,0,hvor,,,,,"['Vor kjære gamle Moder', 'Fader', 'Vicekongen', 'min Kone', 'min lille Gut']","['Norge', 'Stockholm', 'Dresden', 'Paris', 'Egypten']",[],[]
356,0,et,,,,,"['Vor kjære gamle Moder', 'Fader', 'Vicekongen', 'min Kone', 'min lille Gut']","['Norge', 'Stockholm', 'Dresden', 'Paris', 'Egypten']",[],[]
357,0,sandt,,,,,"['Vor kjære gamle Moder', 'Fader', 'Vicekongen', 'min Kone', 'min lille Gut']","['Norge', 'Stockholm', 'Dresden', 'Paris', 'Egypten']",[],[]
358,0,og,,,,,"['Vor kjære gamle Moder', 'Fader', 'Vicekongen', 'min Kone', 'min lille Gut']","['Norge', 'Stockholm', 'Dresden', 'Paris', 'Egypten']",[],[]
359,0,stærkt,,,,,"['Vor kjære gamle Moder', 'Fader', 'Vicekongen', 'min Kone', 'min lille Gut']","['Norge', 'Stockholm', 'Dresden', 'Paris', 'Egypten']",[],[]
360,0,Aandsliv,,,,,"['Vor kjære gamle Moder', 'Fader', 'Vicekongen', 'min Kone', 'min lille Gut']","['Norge', 'Stockholm', 'Dresden', 'Paris', 'Egypten']",[],[]
361,0,skal,,,,,"['Vor kjære gamle Moder', 'Fader', 'Vicekongen', 'min Kone', 'min lille Gut']","['Norge', 'Stockholm', 'Dresden', 'Paris', 'Egypten']",[],[]
362,0,trives.,,,,,"['Vor kjære gamle Moder', 'Fader', 'Vicekongen', 'min Kone', 'min lille Gut']","['Norge', 'Stockholm', 'Dresden', 'Paris', 'Egypten']",[],[]
