,,0,human_annotation,who,dacy_medium,spacy_trf,person,place,org,work
0,0,Igår,,,,,['Deres søn'],['København'],[],"['mit nye arbejde', '«Peer Gynt»']"
1,0,havde,,,,,['Deres søn'],['København'],[],"['mit nye arbejde', '«Peer Gynt»']"
2,0,jeg,,,,,['Deres søn'],['København'],[],"['mit nye arbejde', '«Peer Gynt»']"
3,0,den,,,,,['Deres søn'],['København'],[],"['mit nye arbejde', '«Peer Gynt»']"
4,0,store,,,,,['Deres søn'],['København'],[],"['mit nye arbejde', '«Peer Gynt»']"
5,0,glæde,,,,,['Deres søn'],['København'],[],"['mit nye arbejde', '«Peer Gynt»']"
6,0,at,,,,,['Deres søn'],['København'],[],"['mit nye arbejde', '«Peer Gynt»']"
7,0,modtage,,,,,['Deres søn'],['København'],[],"['mit nye arbejde', '«Peer Gynt»']"
8,0,"bogpakken,",,,,,['Deres søn'],['København'],[],"['mit nye arbejde', '«Peer Gynt»']"
9,0,hvoraf,,,,,['Deres søn'],['København'],[],"['mit nye arbejde', '«Peer Gynt»']"
10,0,jeg,,,,,['Deres søn'],['København'],[],"['mit nye arbejde', '«Peer Gynt»']"
11,0,ser,,,,,['Deres søn'],['København'],[],"['mit nye arbejde', '«Peer Gynt»']"
12,0,at,,,,,['Deres søn'],['København'],[],"['mit nye arbejde', '«Peer Gynt»']"
13,0,mit,,,,,['Deres søn'],['København'],[],"['mit nye arbejde', '«Peer Gynt»']"
14,0,nye,,,,,['Deres søn'],['København'],[],"['mit nye arbejde', '«Peer Gynt»']"
15,0,arbejde,,,,,['Deres søn'],['København'],[],"['mit nye arbejde', '«Peer Gynt»']"
16,0,i,,,,,['Deres søn'],['København'],[],"['mit nye arbejde', '«Peer Gynt»']"
17,0,det,,,,,['Deres søn'],['København'],[],"['mit nye arbejde', '«Peer Gynt»']"
18,0,splendide,,,,,['Deres søn'],['København'],[],"['mit nye arbejde', '«Peer Gynt»']"
19,0,udstyr,,,,,['Deres søn'],['København'],[],"['mit nye arbejde', '«Peer Gynt»']"
20,0,ser,,,,,['Deres søn'],['København'],[],"['mit nye arbejde', '«Peer Gynt»']"
21,0,ud,,,,,['Deres søn'],['København'],[],"['mit nye arbejde', '«Peer Gynt»']"
22,0,som,,,,,['Deres søn'],['København'],[],"['mit nye arbejde', '«Peer Gynt»']"
23,0,et,,,,,['Deres søn'],['København'],[],"['mit nye arbejde', '«Peer Gynt»']"
24,0,pragtværk.,,,,,['Deres søn'],['København'],[],"['mit nye arbejde', '«Peer Gynt»']"
25,0,Nu,,,,,['Deres søn'],['København'],[],"['mit nye arbejde', '«Peer Gynt»']"
26,0,er,,,,,['Deres søn'],['København'],[],"['mit nye arbejde', '«Peer Gynt»']"
27,0,bogen,,,,,['Deres søn'],['København'],[],"['mit nye arbejde', '«Peer Gynt»']"
28,0,rimeligvis,,,,,['Deres søn'],['København'],[],"['mit nye arbejde', '«Peer Gynt»']"
29,0,allerede,,,,,['Deres søn'],['København'],[],"['mit nye arbejde', '«Peer Gynt»']"
30,0,i,,,,,['Deres søn'],['København'],[],"['mit nye arbejde', '«Peer Gynt»']"
31,0,manges,,,,,['Deres søn'],['København'],[],"['mit nye arbejde', '«Peer Gynt»']"
32,0,hænder,,,,,['Deres søn'],['København'],[],"['mit nye arbejde', '«Peer Gynt»']"
33,0,og,,,,,['Deres søn'],['København'],[],"['mit nye arbejde', '«Peer Gynt»']"
34,0,jeg,,,,,['Deres søn'],['København'],[],"['mit nye arbejde', '«Peer Gynt»']"
35,0,vil,,,,,['Deres søn'],['København'],[],"['mit nye arbejde', '«Peer Gynt»']"
36,0,håbe,,,,,['Deres søn'],['København'],[],"['mit nye arbejde', '«Peer Gynt»']"
37,0,det,,,,,['Deres søn'],['København'],[],"['mit nye arbejde', '«Peer Gynt»']"
38,0,bedste.,,,,,['Deres søn'],['København'],[],"['mit nye arbejde', '«Peer Gynt»']"
39,0,Gid,,,,,['Deres søn'],['København'],[],"['mit nye arbejde', '«Peer Gynt»']"
40,0,blot,,,,,['Deres søn'],['København'],[],"['mit nye arbejde', '«Peer Gynt»']"
41,0,ikke,,,,,['Deres søn'],['København'],[],"['mit nye arbejde', '«Peer Gynt»']"
42,0,at,,,,,['Deres søn'],['København'],[],"['mit nye arbejde', '«Peer Gynt»']"
43,0,de,,,,,['Deres søn'],['København'],[],"['mit nye arbejde', '«Peer Gynt»']"
44,0,øjeblikkelige,,,,,['Deres søn'],['København'],[],"['mit nye arbejde', '«Peer Gynt»']"
45,0,politiske,,,,,['Deres søn'],['København'],[],"['mit nye arbejde', '«Peer Gynt»']"
46,0,forviklinger,,,,,['Deres søn'],['København'],[],"['mit nye arbejde', '«Peer Gynt»']"
47,0,i,,,,,['Deres søn'],['København'],[],"['mit nye arbejde', '«Peer Gynt»']"
48,0,København,,,,,['Deres søn'],['København'],[],"['mit nye arbejde', '«Peer Gynt»']"
49,0,må,,,,,['Deres søn'],['København'],[],"['mit nye arbejde', '«Peer Gynt»']"
50,0,drage,,,,,['Deres søn'],['København'],[],"['mit nye arbejde', '«Peer Gynt»']"
51,0,opmærksomheden,,,,,['Deres søn'],['København'],[],"['mit nye arbejde', '«Peer Gynt»']"
52,0,bort,,,,,['Deres søn'],['København'],[],"['mit nye arbejde', '«Peer Gynt»']"
53,0,fra,,,,,['Deres søn'],['København'],[],"['mit nye arbejde', '«Peer Gynt»']"
54,0,alt,,,,,['Deres søn'],['København'],[],"['mit nye arbejde', '«Peer Gynt»']"
55,0,andet.Indlagt,,,,,['Deres søn'],['København'],[],"['mit nye arbejde', '«Peer Gynt»']"
56,0,sender,,,,,['Deres søn'],['København'],[],"['mit nye arbejde', '«Peer Gynt»']"
57,0,jeg,,,,,['Deres søn'],['København'],[],"['mit nye arbejde', '«Peer Gynt»']"
58,0,de,,,,,['Deres søn'],['København'],[],"['mit nye arbejde', '«Peer Gynt»']"
59,0,to,,,,,['Deres søn'],['København'],[],"['mit nye arbejde', '«Peer Gynt»']"
60,0,før,,,,,['Deres søn'],['København'],[],"['mit nye arbejde', '«Peer Gynt»']"
61,0,berørte,,,,,['Deres søn'],['København'],[],"['mit nye arbejde', '«Peer Gynt»']"
62,0,skrivelser.Exemplarerne,,,,,['Deres søn'],['København'],[],"['mit nye arbejde', '«Peer Gynt»']"
63,0,af,,,,,['Deres søn'],['København'],[],"['mit nye arbejde', '«Peer Gynt»']"
64,0,«Peer,,,,,['Deres søn'],['København'],[],"['mit nye arbejde', '«Peer Gynt»']"
65,0,Gynt»,,,,,['Deres søn'],['København'],[],"['mit nye arbejde', '«Peer Gynt»']"
66,0,havde,,,,,['Deres søn'],['København'],[],"['mit nye arbejde', '«Peer Gynt»']"
67,0,det,,,,,['Deres søn'],['København'],[],"['mit nye arbejde', '«Peer Gynt»']"
68,0,ikke,,,,,['Deres søn'],['København'],[],"['mit nye arbejde', '«Peer Gynt»']"
69,0,været,,,,,['Deres søn'],['København'],[],"['mit nye arbejde', '«Peer Gynt»']"
70,0,nødvendigt,,,,,['Deres søn'],['København'],[],"['mit nye arbejde', '«Peer Gynt»']"
71,0,at,,,,,['Deres søn'],['København'],[],"['mit nye arbejde', '«Peer Gynt»']"
72,0,sende,,,,,['Deres søn'],['København'],[],"['mit nye arbejde', '«Peer Gynt»']"
73,0,"mig,",,,,,['Deres søn'],['København'],[],"['mit nye arbejde', '«Peer Gynt»']"
74,0,da,,,,,['Deres søn'],['København'],[],"['mit nye arbejde', '«Peer Gynt»']"
75,0,jeg,,,,,['Deres søn'],['København'],[],"['mit nye arbejde', '«Peer Gynt»']"
76,0,har,,,,,['Deres søn'],['København'],[],"['mit nye arbejde', '«Peer Gynt»']"
77,0,flere,,,,,['Deres søn'],['København'],[],"['mit nye arbejde', '«Peer Gynt»']"
78,0,uindbundne.,,,,,['Deres søn'],['København'],[],"['mit nye arbejde', '«Peer Gynt»']"
79,0,De,,,,,['Deres søn'],['København'],[],"['mit nye arbejde', '«Peer Gynt»']"
80,0,defekte,,,,,['Deres søn'],['København'],[],"['mit nye arbejde', '«Peer Gynt»']"
81,0,skal,,,,,['Deres søn'],['København'],[],"['mit nye arbejde', '«Peer Gynt»']"
82,0,jeg,,,,,['Deres søn'],['København'],[],"['mit nye arbejde', '«Peer Gynt»']"
83,0,ret,,,,,['Deres søn'],['København'],[],"['mit nye arbejde', '«Peer Gynt»']"
84,0,snart,,,,,['Deres søn'],['København'],[],"['mit nye arbejde', '«Peer Gynt»']"
85,0,tilbagesende.Med,,,,,['Deres søn'],['København'],[],"['mit nye arbejde', '«Peer Gynt»']"
86,0,hjertelig,,,,,['Deres søn'],['København'],[],"['mit nye arbejde', '«Peer Gynt»']"
87,0,hilsen,,,,,['Deres søn'],['København'],[],"['mit nye arbejde', '«Peer Gynt»']"
88,0,til,,,,,['Deres søn'],['København'],[],"['mit nye arbejde', '«Peer Gynt»']"
89,0,Dem,,,,,['Deres søn'],['København'],[],"['mit nye arbejde', '«Peer Gynt»']"
90,0,og,,,,,['Deres søn'],['København'],[],"['mit nye arbejde', '«Peer Gynt»']"
91,0,Deres,,,,,['Deres søn'],['København'],[],"['mit nye arbejde', '«Peer Gynt»']"
92,0,søn,,,,,['Deres søn'],['København'],[],"['mit nye arbejde', '«Peer Gynt»']"
93,0,tegner,,,,,['Deres søn'],['København'],[],"['mit nye arbejde', '«Peer Gynt»']"
94,0,jeg,,,,,['Deres søn'],['København'],[],"['mit nye arbejde', '«Peer Gynt»']"
95,0,mig,,,,,['Deres søn'],['København'],[],"['mit nye arbejde', '«Peer Gynt»']"
