,,0,human_annotation,who,dacy_medium,spacy_trf,person,place,org,work
0,0,Uagtet,,,,,"['herr Grieg', 'herr tom Dick']",['Rom'],['Skandinaverne i Rom'],[]
1,0,jeg,,,,,"['herr Grieg', 'herr tom Dick']",['Rom'],['Skandinaverne i Rom'],[]
2,0,i,,,,,"['herr Grieg', 'herr tom Dick']",['Rom'],['Skandinaverne i Rom'],[]
3,0,disse,,,,,"['herr Grieg', 'herr tom Dick']",['Rom'],['Skandinaverne i Rom'],[]
4,0,dage,,,,,"['herr Grieg', 'herr tom Dick']",['Rom'],['Skandinaverne i Rom'],[]
5,0,befinder,,,,,"['herr Grieg', 'herr tom Dick']",['Rom'],['Skandinaverne i Rom'],[]
6,0,mig,,,,,"['herr Grieg', 'herr tom Dick']",['Rom'],['Skandinaverne i Rom'],[]
7,0,noget,,,,,"['herr Grieg', 'herr tom Dick']",['Rom'],['Skandinaverne i Rom'],[]
8,0,"upasselig,",,,,,"['herr Grieg', 'herr tom Dick']",['Rom'],['Skandinaverne i Rom'],[]
9,0,skynder,,,,,"['herr Grieg', 'herr tom Dick']",['Rom'],['Skandinaverne i Rom'],[]
10,0,jeg,,,,,"['herr Grieg', 'herr tom Dick']",['Rom'],['Skandinaverne i Rom'],[]
11,0,mig,,,,,"['herr Grieg', 'herr tom Dick']",['Rom'],['Skandinaverne i Rom'],[]
12,0,dog,,,,,"['herr Grieg', 'herr tom Dick']",['Rom'],['Skandinaverne i Rom'],[]
13,0,at,,,,,"['herr Grieg', 'herr tom Dick']",['Rom'],['Skandinaverne i Rom'],[]
14,0,besvare,,,,,"['herr Grieg', 'herr tom Dick']",['Rom'],['Skandinaverne i Rom'],[]
15,0,Deres,,,,,"['herr Grieg', 'herr tom Dick']",['Rom'],['Skandinaverne i Rom'],[]
16,0,venlige,,,,,"['herr Grieg', 'herr tom Dick']",['Rom'],['Skandinaverne i Rom'],[]
17,0,og,,,,,"['herr Grieg', 'herr tom Dick']",['Rom'],['Skandinaverne i Rom'],[]
18,0,meget,,,,,"['herr Grieg', 'herr tom Dick']",['Rom'],['Skandinaverne i Rom'],[]
19,0,ærede,,,,,"['herr Grieg', 'herr tom Dick']",['Rom'],['Skandinaverne i Rom'],[]
20,0,"skrivelse,",,,,,"['herr Grieg', 'herr tom Dick']",['Rom'],['Skandinaverne i Rom'],[]
21,0,som,,,,,"['herr Grieg', 'herr tom Dick']",['Rom'],['Skandinaverne i Rom'],[]
22,0,jeg,,,,,"['herr Grieg', 'herr tom Dick']",['Rom'],['Skandinaverne i Rom'],[]
23,0,modtog,,,,,"['herr Grieg', 'herr tom Dick']",['Rom'],['Skandinaverne i Rom'],[]
24,0,"imorges.Årsagen,",,,,,"['herr Grieg', 'herr tom Dick']",['Rom'],['Skandinaverne i Rom'],[]
25,0,hvorfor,,,,,"['herr Grieg', 'herr tom Dick']",['Rom'],['Skandinaverne i Rom'],[]
26,0,jeg,,,,,"['herr Grieg', 'herr tom Dick']",['Rom'],['Skandinaverne i Rom'],[]
27,0,anser,,,,,"['herr Grieg', 'herr tom Dick']",['Rom'],['Skandinaverne i Rom'],[]
28,0,et,,,,,"['herr Grieg', 'herr tom Dick']",['Rom'],['Skandinaverne i Rom'],[]
29,0,hurtigt,,,,,"['herr Grieg', 'herr tom Dick']",['Rom'],['Skandinaverne i Rom'],[]
30,0,svar,,,,,"['herr Grieg', 'herr tom Dick']",['Rom'],['Skandinaverne i Rom'],[]
31,0,"nødvendigt,",,,,,"['herr Grieg', 'herr tom Dick']",['Rom'],['Skandinaverne i Rom'],[]
32,0,er,,,,,"['herr Grieg', 'herr tom Dick']",['Rom'],['Skandinaverne i Rom'],[]
33,0,denne:I,,,,,"['herr Grieg', 'herr tom Dick']",['Rom'],['Skandinaverne i Rom'],[]
34,0,Deres,,,,,"['herr Grieg', 'herr tom Dick']",['Rom'],['Skandinaverne i Rom'],[]
35,0,brev,,,,,"['herr Grieg', 'herr tom Dick']",['Rom'],['Skandinaverne i Rom'],[]
36,0,af,,,,,"['herr Grieg', 'herr tom Dick']",['Rom'],['Skandinaverne i Rom'],[]
37,0,8de,,,,,"['herr Grieg', 'herr tom Dick']",['Rom'],['Skandinaverne i Rom'],[]
38,0,Juni,,,,,"['herr Grieg', 'herr tom Dick']",['Rom'],['Skandinaverne i Rom'],[]
39,0,1870,,,,,"['herr Grieg', 'herr tom Dick']",['Rom'],['Skandinaverne i Rom'],[]
40,0,melder,,,,,"['herr Grieg', 'herr tom Dick']",['Rom'],['Skandinaverne i Rom'],[]
41,0,De,,,,,"['herr Grieg', 'herr tom Dick']",['Rom'],['Skandinaverne i Rom'],[]
42,0,mig,,,,,"['herr Grieg', 'herr tom Dick']",['Rom'],['Skandinaverne i Rom'],[]
43,0,at,,,,,"['herr Grieg', 'herr tom Dick']",['Rom'],['Skandinaverne i Rom'],[]
44,0,Skandinaverne,,,,,"['herr Grieg', 'herr tom Dick']",['Rom'],['Skandinaverne i Rom'],[]
45,0,i,,,,,"['herr Grieg', 'herr tom Dick']",['Rom'],['Skandinaverne i Rom'],[]
46,0,Rom,,,,,"['herr Grieg', 'herr tom Dick']",['Rom'],['Skandinaverne i Rom'],[]
47,0,fra,,,,,"['herr Grieg', 'herr tom Dick']",['Rom'],['Skandinaverne i Rom'],[]
48,0,nævnte,,,,,"['herr Grieg', 'herr tom Dick']",['Rom'],['Skandinaverne i Rom'],[]
49,0,års,,,,,"['herr Grieg', 'herr tom Dick']",['Rom'],['Skandinaverne i Rom'],[]
50,0,udgang,,,,,"['herr Grieg', 'herr tom Dick']",['Rom'],['Skandinaverne i Rom'],[]
51,0,ikke,,,,,"['herr Grieg', 'herr tom Dick']",['Rom'],['Skandinaverne i Rom'],[]
52,0,længere,,,,,"['herr Grieg', 'herr tom Dick']",['Rom'],['Skandinaverne i Rom'],[]
53,0,ønsker,,,,,"['herr Grieg', 'herr tom Dick']",['Rom'],['Skandinaverne i Rom'],[]
54,0,"Morgenbladet,",,,,,"['herr Grieg', 'herr tom Dick']",['Rom'],['Skandinaverne i Rom'],[]
55,0,samt,,,,,"['herr Grieg', 'herr tom Dick']",['Rom'],['Skandinaverne i Rom'],[]
56,0,at,,,,,"['herr Grieg', 'herr tom Dick']",['Rom'],['Skandinaverne i Rom'],[]
57,0,herr,,,,,"['herr Grieg', 'herr tom Dick']",['Rom'],['Skandinaverne i Rom'],[]
58,0,Grieg,,,,,"['herr Grieg', 'herr tom Dick']",['Rom'],['Skandinaverne i Rom'],[]
59,0,fra,,,,,"['herr Grieg', 'herr tom Dick']",['Rom'],['Skandinaverne i Rom'],[]
60,0,samme,,,,,"['herr Grieg', 'herr tom Dick']",['Rom'],['Skandinaverne i Rom'],[]
61,0,tid,,,,,"['herr Grieg', 'herr tom Dick']",['Rom'],['Skandinaverne i Rom'],[]
62,0,af,,,,,"['herr Grieg', 'herr tom Dick']",['Rom'],['Skandinaverne i Rom'],[]
63,0,vil,,,,,"['herr Grieg', 'herr tom Dick']",['Rom'],['Skandinaverne i Rom'],[]
64,0,skaffe,,,,,"['herr Grieg', 'herr tom Dick']",['Rom'],['Skandinaverne i Rom'],[]
65,0,det,,,,,"['herr Grieg', 'herr tom Dick']",['Rom'],['Skandinaverne i Rom'],[]
66,0,norske,,,,,"['herr Grieg', 'herr tom Dick']",['Rom'],['Skandinaverne i Rom'],[]
67,0,Aftenblad,,,,,"['herr Grieg', 'herr tom Dick']",['Rom'],['Skandinaverne i Rom'],[]
68,0,istedet.,,,,,"['herr Grieg', 'herr tom Dick']",['Rom'],['Skandinaverne i Rom'],[]
69,0,Da,,,,,"['herr Grieg', 'herr tom Dick']",['Rom'],['Skandinaverne i Rom'],[]
70,0,ingen,,,,,"['herr Grieg', 'herr tom Dick']",['Rom'],['Skandinaverne i Rom'],[]
71,0,kontra-besked,,,,,"['herr Grieg', 'herr tom Dick']",['Rom'],['Skandinaverne i Rom'],[]
72,0,indløb,,,,,"['herr Grieg', 'herr tom Dick']",['Rom'],['Skandinaverne i Rom'],[]
73,0,fra,,,,,"['herr Grieg', 'herr tom Dick']",['Rom'],['Skandinaverne i Rom'],[]
74,0,Dem,,,,,"['herr Grieg', 'herr tom Dick']",['Rom'],['Skandinaverne i Rom'],[]
75,0,måtte,,,,,"['herr Grieg', 'herr tom Dick']",['Rom'],['Skandinaverne i Rom'],[]
76,0,jeg,,,,,"['herr Grieg', 'herr tom Dick']",['Rom'],['Skandinaverne i Rom'],[]
77,0,henimod,,,,,"['herr Grieg', 'herr tom Dick']",['Rom'],['Skandinaverne i Rom'],[]
78,0,årsskiftet,,,,,"['herr Grieg', 'herr tom Dick']",['Rom'],['Skandinaverne i Rom'],[]
79,0,tilmelde,,,,,"['herr Grieg', 'herr tom Dick']",['Rom'],['Skandinaverne i Rom'],[]
80,0,Morgenbladets,,,,,"['herr Grieg', 'herr tom Dick']",['Rom'],['Skandinaverne i Rom'],[]
81,0,expedition,,,,,"['herr Grieg', 'herr tom Dick']",['Rom'],['Skandinaverne i Rom'],[]
82,0,at,,,,,"['herr Grieg', 'herr tom Dick']",['Rom'],['Skandinaverne i Rom'],[]
83,0,man,,,,,"['herr Grieg', 'herr tom Dick']",['Rom'],['Skandinaverne i Rom'],[]
84,0,fra,,,,,"['herr Grieg', 'herr tom Dick']",['Rom'],['Skandinaverne i Rom'],[]
85,0,31te,,,,,"['herr Grieg', 'herr tom Dick']",['Rom'],['Skandinaverne i Rom'],[]
86,0,december,,,,,"['herr Grieg', 'herr tom Dick']",['Rom'],['Skandinaverne i Rom'],[]
87,0,skulde,,,,,"['herr Grieg', 'herr tom Dick']",['Rom'],['Skandinaverne i Rom'],[]
88,0,standse,,,,,"['herr Grieg', 'herr tom Dick']",['Rom'],['Skandinaverne i Rom'],[]
89,0,forsendelsen.Hvorvidt,,,,,"['herr Grieg', 'herr tom Dick']",['Rom'],['Skandinaverne i Rom'],[]
90,0,man,,,,,"['herr Grieg', 'herr tom Dick']",['Rom'],['Skandinaverne i Rom'],[]
91,0,i,,,,,"['herr Grieg', 'herr tom Dick']",['Rom'],['Skandinaverne i Rom'],[]
92,0,Rom,,,,,"['herr Grieg', 'herr tom Dick']",['Rom'],['Skandinaverne i Rom'],[]
93,0,er,,,,,"['herr Grieg', 'herr tom Dick']",['Rom'],['Skandinaverne i Rom'],[]
94,0,tjent,,,,,"['herr Grieg', 'herr tom Dick']",['Rom'],['Skandinaverne i Rom'],[]
95,0,med,,,,,"['herr Grieg', 'herr tom Dick']",['Rom'],['Skandinaverne i Rom'],[]
96,0,at,,,,,"['herr Grieg', 'herr tom Dick']",['Rom'],['Skandinaverne i Rom'],[]
97,0,få,,,,,"['herr Grieg', 'herr tom Dick']",['Rom'],['Skandinaverne i Rom'],[]
98,0,en,,,,,"['herr Grieg', 'herr tom Dick']",['Rom'],['Skandinaverne i Rom'],[]
99,0,indholdsløs,,,,,"['herr Grieg', 'herr tom Dick']",['Rom'],['Skandinaverne i Rom'],[]
100,0,avis,,,,,"['herr Grieg', 'herr tom Dick']",['Rom'],['Skandinaverne i Rom'],[]
101,0,istedetfor,,,,,"['herr Grieg', 'herr tom Dick']",['Rom'],['Skandinaverne i Rom'],[]
102,0,en,,,,,"['herr Grieg', 'herr tom Dick']",['Rom'],['Skandinaverne i Rom'],[]
103,0,"indholdsrig,",,,,,"['herr Grieg', 'herr tom Dick']",['Rom'],['Skandinaverne i Rom'],[]
104,0,vedkommer,,,,,"['herr Grieg', 'herr tom Dick']",['Rom'],['Skandinaverne i Rom'],[]
105,0,ikke,,,,,"['herr Grieg', 'herr tom Dick']",['Rom'],['Skandinaverne i Rom'],[]
106,0,mig;,,,,,"['herr Grieg', 'herr tom Dick']",['Rom'],['Skandinaverne i Rom'],[]
107,0,men,,,,,"['herr Grieg', 'herr tom Dick']",['Rom'],['Skandinaverne i Rom'],[]
108,0,da,,,,,"['herr Grieg', 'herr tom Dick']",['Rom'],['Skandinaverne i Rom'],[]
109,0,jeg,,,,,"['herr Grieg', 'herr tom Dick']",['Rom'],['Skandinaverne i Rom'],[]
110,0,dog,,,,,"['herr Grieg', 'herr tom Dick']",['Rom'],['Skandinaverne i Rom'],[]
111,0,tænkte,,,,,"['herr Grieg', 'herr tom Dick']",['Rom'],['Skandinaverne i Rom'],[]
112,0,mig,,,,,"['herr Grieg', 'herr tom Dick']",['Rom'],['Skandinaverne i Rom'],[]
113,0,muligheden,,,,,"['herr Grieg', 'herr tom Dick']",['Rom'],['Skandinaverne i Rom'],[]
114,0,af,,,,,"['herr Grieg', 'herr tom Dick']",['Rom'],['Skandinaverne i Rom'],[]
115,0,at,,,,,"['herr Grieg', 'herr tom Dick']",['Rom'],['Skandinaverne i Rom'],[]
116,0,det,,,,,"['herr Grieg', 'herr tom Dick']",['Rom'],['Skandinaverne i Rom'],[]
117,0,Griegske,,,,,"['herr Grieg', 'herr tom Dick']",['Rom'],['Skandinaverne i Rom'],[]
118,0,anstaltmageri,,,,,"['herr Grieg', 'herr tom Dick']",['Rom'],['Skandinaverne i Rom'],[]
119,0,af,,,,,"['herr Grieg', 'herr tom Dick']",['Rom'],['Skandinaverne i Rom'],[]
120,0,en,,,,,"['herr Grieg', 'herr tom Dick']",['Rom'],['Skandinaverne i Rom'],[]
121,0,eller,,,,,"['herr Grieg', 'herr tom Dick']",['Rom'],['Skandinaverne i Rom'],[]
122,0,anden,,,,,"['herr Grieg', 'herr tom Dick']",['Rom'],['Skandinaverne i Rom'],[]
123,0,grund,,,,,"['herr Grieg', 'herr tom Dick']",['Rom'],['Skandinaverne i Rom'],[]
124,0,kunde,,,,,"['herr Grieg', 'herr tom Dick']",['Rom'],['Skandinaverne i Rom'],[]
125,0,komme,,,,,"['herr Grieg', 'herr tom Dick']",['Rom'],['Skandinaverne i Rom'],[]
126,0,til,,,,,"['herr Grieg', 'herr tom Dick']",['Rom'],['Skandinaverne i Rom'],[]
127,0,at,,,,,"['herr Grieg', 'herr tom Dick']",['Rom'],['Skandinaverne i Rom'],[]
128,0,"strande,",,,,,"['herr Grieg', 'herr tom Dick']",['Rom'],['Skandinaverne i Rom'],[]
129,0,så,,,,,"['herr Grieg', 'herr tom Dick']",['Rom'],['Skandinaverne i Rom'],[]
130,0,har,,,,,"['herr Grieg', 'herr tom Dick']",['Rom'],['Skandinaverne i Rom'],[]
131,0,jeg,,,,,"['herr Grieg', 'herr tom Dick']",['Rom'],['Skandinaverne i Rom'],[]
132,0,efter,,,,,"['herr Grieg', 'herr tom Dick']",['Rom'],['Skandinaverne i Rom'],[]
133,0,evne,,,,,"['herr Grieg', 'herr tom Dick']",['Rom'],['Skandinaverne i Rom'],[]
134,0,søgt,,,,,"['herr Grieg', 'herr tom Dick']",['Rom'],['Skandinaverne i Rom'],[]
135,0,at,,,,,"['herr Grieg', 'herr tom Dick']",['Rom'],['Skandinaverne i Rom'],[]
136,0,betage,,,,,"['herr Grieg', 'herr tom Dick']",['Rom'],['Skandinaverne i Rom'],[]
137,0,sagen,,,,,"['herr Grieg', 'herr tom Dick']",['Rom'],['Skandinaverne i Rom'],[]
138,0,det,,,,,"['herr Grieg', 'herr tom Dick']",['Rom'],['Skandinaverne i Rom'],[]
139,0,for,,,,,"['herr Grieg', 'herr tom Dick']",['Rom'],['Skandinaverne i Rom'],[]
140,0,Morgenbladet,,,,,"['herr Grieg', 'herr tom Dick']",['Rom'],['Skandinaverne i Rom'],[]
141,0,krænkende,,,,,"['herr Grieg', 'herr tom Dick']",['Rom'],['Skandinaverne i Rom'],[]
142,0,udseende;,,,,,"['herr Grieg', 'herr tom Dick']",['Rom'],['Skandinaverne i Rom'],[]
143,0,og,,,,,"['herr Grieg', 'herr tom Dick']",['Rom'],['Skandinaverne i Rom'],[]
144,0,dersom,,,,,"['herr Grieg', 'herr tom Dick']",['Rom'],['Skandinaverne i Rom'],[]
145,0,De,,,,,"['herr Grieg', 'herr tom Dick']",['Rom'],['Skandinaverne i Rom'],[]
146,0,fremdeles,,,,,"['herr Grieg', 'herr tom Dick']",['Rom'],['Skandinaverne i Rom'],[]
147,0,ønsker,,,,,"['herr Grieg', 'herr tom Dick']",['Rom'],['Skandinaverne i Rom'],[]
148,0,at,,,,,"['herr Grieg', 'herr tom Dick']",['Rom'],['Skandinaverne i Rom'],[]
149,0,beholde,,,,,"['herr Grieg', 'herr tom Dick']",['Rom'],['Skandinaverne i Rom'],[]
150,0,dette,,,,,"['herr Grieg', 'herr tom Dick']",['Rom'],['Skandinaverne i Rom'],[]
151,0,"blad,",,,,,"['herr Grieg', 'herr tom Dick']",['Rom'],['Skandinaverne i Rom'],[]
152,0,så,,,,,"['herr Grieg', 'herr tom Dick']",['Rom'],['Skandinaverne i Rom'],[]
153,0,vil,,,,,"['herr Grieg', 'herr tom Dick']",['Rom'],['Skandinaverne i Rom'],[]
154,0,sådant,,,,,"['herr Grieg', 'herr tom Dick']",['Rom'],['Skandinaverne i Rom'],[]
155,0,hurtigst,,,,,"['herr Grieg', 'herr tom Dick']",['Rom'],['Skandinaverne i Rom'],[]
156,0,og,,,,,"['herr Grieg', 'herr tom Dick']",['Rom'],['Skandinaverne i Rom'],[]
157,0,bekvemmest,,,,,"['herr Grieg', 'herr tom Dick']",['Rom'],['Skandinaverne i Rom'],[]
158,0,kunne,,,,,"['herr Grieg', 'herr tom Dick']",['Rom'],['Skandinaverne i Rom'],[]
159,0,ske,,,,,"['herr Grieg', 'herr tom Dick']",['Rom'],['Skandinaverne i Rom'],[]
160,0,ved,,,,,"['herr Grieg', 'herr tom Dick']",['Rom'],['Skandinaverne i Rom'],[]
161,0,en,,,,,"['herr Grieg', 'herr tom Dick']",['Rom'],['Skandinaverne i Rom'],[]
162,0,henvendelse,,,,,"['herr Grieg', 'herr tom Dick']",['Rom'],['Skandinaverne i Rom'],[]
163,0,til,,,,,"['herr Grieg', 'herr tom Dick']",['Rom'],['Skandinaverne i Rom'],[]
164,0,"mig,",,,,,"['herr Grieg', 'herr tom Dick']",['Rom'],['Skandinaverne i Rom'],[]
165,0,som,,,,,"['herr Grieg', 'herr tom Dick']",['Rom'],['Skandinaverne i Rom'],[]
166,0,da,,,,,"['herr Grieg', 'herr tom Dick']",['Rom'],['Skandinaverne i Rom'],[]
167,0,uopholdelig,,,,,"['herr Grieg', 'herr tom Dick']",['Rom'],['Skandinaverne i Rom'],[]
168,0,skal,,,,,"['herr Grieg', 'herr tom Dick']",['Rom'],['Skandinaverne i Rom'],[]
169,0,besørge,,,,,"['herr Grieg', 'herr tom Dick']",['Rom'],['Skandinaverne i Rom'],[]
170,0,det,,,,,"['herr Grieg', 'herr tom Dick']",['Rom'],['Skandinaverne i Rom'],[]
171,0,fornødne.Hvis,,,,,"['herr Grieg', 'herr tom Dick']",['Rom'],['Skandinaverne i Rom'],[]
172,0,de,,,,,"['herr Grieg', 'herr tom Dick']",['Rom'],['Skandinaverne i Rom'],[]
173,0,norske,,,,,"['herr Grieg', 'herr tom Dick']",['Rom'],['Skandinaverne i Rom'],[]
174,0,Skandinaver,,,,,"['herr Grieg', 'herr tom Dick']",['Rom'],['Skandinaverne i Rom'],[]
175,0,i,,,,,"['herr Grieg', 'herr tom Dick']",['Rom'],['Skandinaverne i Rom'],[]
176,0,Rom,,,,,"['herr Grieg', 'herr tom Dick']",['Rom'],['Skandinaverne i Rom'],[]
177,0,for,,,,,"['herr Grieg', 'herr tom Dick']",['Rom'],['Skandinaverne i Rom'],[]
178,0,tiden,,,,,"['herr Grieg', 'herr tom Dick']",['Rom'],['Skandinaverne i Rom'],[]
179,0,er,,,,,"['herr Grieg', 'herr tom Dick']",['Rom'],['Skandinaverne i Rom'],[]
180,0,uden,,,,,"['herr Grieg', 'herr tom Dick']",['Rom'],['Skandinaverne i Rom'],[]
181,0,aviser,,,,,"['herr Grieg', 'herr tom Dick']",['Rom'],['Skandinaverne i Rom'],[]
182,0,fra,,,,,"['herr Grieg', 'herr tom Dick']",['Rom'],['Skandinaverne i Rom'],[]
183,0,"hjemlandet,",,,,,"['herr Grieg', 'herr tom Dick']",['Rom'],['Skandinaverne i Rom'],[]
184,0,så,,,,,"['herr Grieg', 'herr tom Dick']",['Rom'],['Skandinaverne i Rom'],[]
185,0,må,,,,,"['herr Grieg', 'herr tom Dick']",['Rom'],['Skandinaverne i Rom'],[]
186,0,jeg,,,,,"['herr Grieg', 'herr tom Dick']",['Rom'],['Skandinaverne i Rom'],[]
187,0,forlange,,,,,"['herr Grieg', 'herr tom Dick']",['Rom'],['Skandinaverne i Rom'],[]
188,0,at,,,,,"['herr Grieg', 'herr tom Dick']",['Rom'],['Skandinaverne i Rom'],[]
189,0,man,,,,,"['herr Grieg', 'herr tom Dick']",['Rom'],['Skandinaverne i Rom'],[]
190,0,gør,,,,,"['herr Grieg', 'herr tom Dick']",['Rom'],['Skandinaverne i Rom'],[]
191,0,dem,,,,,"['herr Grieg', 'herr tom Dick']",['Rom'],['Skandinaverne i Rom'],[]
192,0,udtrykkelig,,,,,"['herr Grieg', 'herr tom Dick']",['Rom'],['Skandinaverne i Rom'],[]
193,0,opmærksom,,,,,"['herr Grieg', 'herr tom Dick']",['Rom'],['Skandinaverne i Rom'],[]
194,0,"på,",,,,,"['herr Grieg', 'herr tom Dick']",['Rom'],['Skandinaverne i Rom'],[]
195,0,hos,,,,,"['herr Grieg', 'herr tom Dick']",['Rom'],['Skandinaverne i Rom'],[]
196,0,hvem,,,,,"['herr Grieg', 'herr tom Dick']",['Rom'],['Skandinaverne i Rom'],[]
197,0,skylden,,,,,"['herr Grieg', 'herr tom Dick']",['Rom'],['Skandinaverne i Rom'],[]
198,0,"ligger,",,,,,"['herr Grieg', 'herr tom Dick']",['Rom'],['Skandinaverne i Rom'],[]
199,0,nemlig,,,,,"['herr Grieg', 'herr tom Dick']",['Rom'],['Skandinaverne i Rom'],[]
200,0,hos,,,,,"['herr Grieg', 'herr tom Dick']",['Rom'],['Skandinaverne i Rom'],[]
201,0,herr,,,,,"['herr Grieg', 'herr tom Dick']",['Rom'],['Skandinaverne i Rom'],[]
202,0,Grieg,,,,,"['herr Grieg', 'herr tom Dick']",['Rom'],['Skandinaverne i Rom'],[]
203,0,og,,,,,"['herr Grieg', 'herr tom Dick']",['Rom'],['Skandinaverne i Rom'],[]
204,0,ikke,,,,,"['herr Grieg', 'herr tom Dick']",['Rom'],['Skandinaverne i Rom'],[]
205,0,hos,,,,,"['herr Grieg', 'herr tom Dick']",['Rom'],['Skandinaverne i Rom'],[]
206,0,mig.Brevet,,,,,"['herr Grieg', 'herr tom Dick']",['Rom'],['Skandinaverne i Rom'],[]
207,0,til,,,,,"['herr Grieg', 'herr tom Dick']",['Rom'],['Skandinaverne i Rom'],[]
208,0,herr,,,,,"['herr Grieg', 'herr tom Dick']",['Rom'],['Skandinaverne i Rom'],[]
209,0,tom,,,,,"['herr Grieg', 'herr tom Dick']",['Rom'],['Skandinaverne i Rom'],[]
210,0,Dick,,,,,"['herr Grieg', 'herr tom Dick']",['Rom'],['Skandinaverne i Rom'],[]
211,0,skal,,,,,"['herr Grieg', 'herr tom Dick']",['Rom'],['Skandinaverne i Rom'],[]
212,0,snarest,,,,,"['herr Grieg', 'herr tom Dick']",['Rom'],['Skandinaverne i Rom'],[]
213,0,muligt,,,,,"['herr Grieg', 'herr tom Dick']",['Rom'],['Skandinaverne i Rom'],[]
214,0,blive,,,,,"['herr Grieg', 'herr tom Dick']",['Rom'],['Skandinaverne i Rom'],[]
215,0,besørget.Den,,,,,"['herr Grieg', 'herr tom Dick']",['Rom'],['Skandinaverne i Rom'],[]
216,0,medfølgende,,,,,"['herr Grieg', 'herr tom Dick']",['Rom'],['Skandinaverne i Rom'],[]
217,0,regning,,,,,"['herr Grieg', 'herr tom Dick']",['Rom'],['Skandinaverne i Rom'],[]
218,0,forstår,,,,,"['herr Grieg', 'herr tom Dick']",['Rom'],['Skandinaverne i Rom'],[]
219,0,jeg,,,,,"['herr Grieg', 'herr tom Dick']",['Rom'],['Skandinaverne i Rom'],[]
220,0,fuldkommen;,,,,,"['herr Grieg', 'herr tom Dick']",['Rom'],['Skandinaverne i Rom'],[]
221,0,men,,,,,"['herr Grieg', 'herr tom Dick']",['Rom'],['Skandinaverne i Rom'],[]
222,0,renteberegningen,,,,,"['herr Grieg', 'herr tom Dick']",['Rom'],['Skandinaverne i Rom'],[]
223,0,finder,,,,,"['herr Grieg', 'herr tom Dick']",['Rom'],['Skandinaverne i Rom'],[]
224,0,jeg,,,,,"['herr Grieg', 'herr tom Dick']",['Rom'],['Skandinaverne i Rom'],[]
225,0,i,,,,,"['herr Grieg', 'herr tom Dick']",['Rom'],['Skandinaverne i Rom'],[]
226,0,to,,,,,"['herr Grieg', 'herr tom Dick']",['Rom'],['Skandinaverne i Rom'],[]
227,0,punkter,,,,,"['herr Grieg', 'herr tom Dick']",['Rom'],['Skandinaverne i Rom'],[]
228,0,ubillig:1.),,,,,"['herr Grieg', 'herr tom Dick']",['Rom'],['Skandinaverne i Rom'],[]
229,0,jeg,,,,,"['herr Grieg', 'herr tom Dick']",['Rom'],['Skandinaverne i Rom'],[]
230,0,må,,,,,"['herr Grieg', 'herr tom Dick']",['Rom'],['Skandinaverne i Rom'],[]
231,0,højlig,,,,,"['herr Grieg', 'herr tom Dick']",['Rom'],['Skandinaverne i Rom'],[]
232,0,betvivle,,,,,"['herr Grieg', 'herr tom Dick']",['Rom'],['Skandinaverne i Rom'],[]
233,0,at,,,,,"['herr Grieg', 'herr tom Dick']",['Rom'],['Skandinaverne i Rom'],[]
234,0,lånekassens,,,,,"['herr Grieg', 'herr tom Dick']",['Rom'],['Skandinaverne i Rom'],[]
235,0,øvrige,,,,,"['herr Grieg', 'herr tom Dick']",['Rom'],['Skandinaverne i Rom'],[]
236,0,midler,,,,,"['herr Grieg', 'herr tom Dick']",['Rom'],['Skandinaverne i Rom'],[]
237,0,gøres,,,,,"['herr Grieg', 'herr tom Dick']",['Rom'],['Skandinaverne i Rom'],[]
238,0,frugtbringende,,,,,"['herr Grieg', 'herr tom Dick']",['Rom'],['Skandinaverne i Rom'],[]
239,0,til,,,,,"['herr Grieg', 'herr tom Dick']",['Rom'],['Skandinaverne i Rom'],[]
240,0,5,,,,,"['herr Grieg', 'herr tom Dick']",['Rom'],['Skandinaverne i Rom'],[]
241,0,p.,,,,,"['herr Grieg', 'herr tom Dick']",['Rom'],['Skandinaverne i Rom'],[]
242,0,ct;,,,,,"['herr Grieg', 'herr tom Dick']",['Rom'],['Skandinaverne i Rom'],[]
243,0,efter,,,,,"['herr Grieg', 'herr tom Dick']",['Rom'],['Skandinaverne i Rom'],[]
244,0,italienske,,,,,"['herr Grieg', 'herr tom Dick']",['Rom'],['Skandinaverne i Rom'],[]
245,0,forholde,,,,,"['herr Grieg', 'herr tom Dick']",['Rom'],['Skandinaverne i Rom'],[]
246,0,må,,,,,"['herr Grieg', 'herr tom Dick']",['Rom'],['Skandinaverne i Rom'],[]
247,0,3,,,,,"['herr Grieg', 'herr tom Dick']",['Rom'],['Skandinaverne i Rom'],[]
248,0,p:,,,,,"['herr Grieg', 'herr tom Dick']",['Rom'],['Skandinaverne i Rom'],[]
249,0,ct:,,,,,"['herr Grieg', 'herr tom Dick']",['Rom'],['Skandinaverne i Rom'],[]
250,0,ansees,,,,,"['herr Grieg', 'herr tom Dick']",['Rom'],['Skandinaverne i Rom'],[]
251,0,for,,,,,"['herr Grieg', 'herr tom Dick']",['Rom'],['Skandinaverne i Rom'],[]
252,0,god,,,,,"['herr Grieg', 'herr tom Dick']",['Rom'],['Skandinaverne i Rom'],[]
253,0,rente.2.),,,,,"['herr Grieg', 'herr tom Dick']",['Rom'],['Skandinaverne i Rom'],[]
254,0,det,,,,,"['herr Grieg', 'herr tom Dick']",['Rom'],['Skandinaverne i Rom'],[]
255,0,går,,,,,"['herr Grieg', 'herr tom Dick']",['Rom'],['Skandinaverne i Rom'],[]
256,0,ikke,,,,,"['herr Grieg', 'herr tom Dick']",['Rom'],['Skandinaverne i Rom'],[]
257,0,an,,,,,"['herr Grieg', 'herr tom Dick']",['Rom'],['Skandinaverne i Rom'],[]
258,0,at,,,,,"['herr Grieg', 'herr tom Dick']",['Rom'],['Skandinaverne i Rom'],[]
259,0,beregne,,,,,"['herr Grieg', 'herr tom Dick']",['Rom'],['Skandinaverne i Rom'],[]
260,0,rente,,,,,"['herr Grieg', 'herr tom Dick']",['Rom'],['Skandinaverne i Rom'],[]
261,0,for,,,,,"['herr Grieg', 'herr tom Dick']",['Rom'],['Skandinaverne i Rom'],[]
262,0,året,,,,,"['herr Grieg', 'herr tom Dick']",['Rom'],['Skandinaverne i Rom'],[]
263,0,1870,,,,,"['herr Grieg', 'herr tom Dick']",['Rom'],['Skandinaverne i Rom'],[]
264,0,af,,,,,"['herr Grieg', 'herr tom Dick']",['Rom'],['Skandinaverne i Rom'],[]
265,0,Morgenbladets,,,,,"['herr Grieg', 'herr tom Dick']",['Rom'],['Skandinaverne i Rom'],[]
266,0,kostende;,,,,,"['herr Grieg', 'herr tom Dick']",['Rom'],['Skandinaverne i Rom'],[]
267,0,havde,,,,,"['herr Grieg', 'herr tom Dick']",['Rom'],['Skandinaverne i Rom'],[]
268,0,foreningen,,,,,"['herr Grieg', 'herr tom Dick']",['Rom'],['Skandinaverne i Rom'],[]
269,0,selv,,,,,"['herr Grieg', 'herr tom Dick']",['Rom'],['Skandinaverne i Rom'],[]
270,0,skullet,,,,,"['herr Grieg', 'herr tom Dick']",['Rom'],['Skandinaverne i Rom'],[]
271,0,bestille,,,,,"['herr Grieg', 'herr tom Dick']",['Rom'],['Skandinaverne i Rom'],[]
272,0,og,,,,,"['herr Grieg', 'herr tom Dick']",['Rom'],['Skandinaverne i Rom'],[]
273,0,betale,,,,,"['herr Grieg', 'herr tom Dick']",['Rom'],['Skandinaverne i Rom'],[]
274,0,"bladet,",,,,,"['herr Grieg', 'herr tom Dick']",['Rom'],['Skandinaverne i Rom'],[]
275,0,så,,,,,"['herr Grieg', 'herr tom Dick']",['Rom'],['Skandinaverne i Rom'],[]
276,0,måtte,,,,,"['herr Grieg', 'herr tom Dick']",['Rom'],['Skandinaverne i Rom'],[]
277,0,beløbet,,,,,"['herr Grieg', 'herr tom Dick']",['Rom'],['Skandinaverne i Rom'],[]
278,0,været,,,,,"['herr Grieg', 'herr tom Dick']",['Rom'],['Skandinaverne i Rom'],[]
279,0,erlagt,,,,,"['herr Grieg', 'herr tom Dick']",['Rom'],['Skandinaverne i Rom'],[]
280,0,"forskudsvis,",,,,,"['herr Grieg', 'herr tom Dick']",['Rom'],['Skandinaverne i Rom'],[]
281,0,og,,,,,"['herr Grieg', 'herr tom Dick']",['Rom'],['Skandinaverne i Rom'],[]
282,0,at,,,,,"['herr Grieg', 'herr tom Dick']",['Rom'],['Skandinaverne i Rom'],[]
283,0,jeg,,,,,"['herr Grieg', 'herr tom Dick']",['Rom'],['Skandinaverne i Rom'],[]
284,0,ifølge,,,,,"['herr Grieg', 'herr tom Dick']",['Rom'],['Skandinaverne i Rom'],[]
285,0,mit,,,,,"['herr Grieg', 'herr tom Dick']",['Rom'],['Skandinaverne i Rom'],[]
286,0,literære,,,,,"['herr Grieg', 'herr tom Dick']",['Rom'],['Skandinaverne i Rom'],[]
287,0,forhold,,,,,"['herr Grieg', 'herr tom Dick']",['Rom'],['Skandinaverne i Rom'],[]
288,0,til,,,,,"['herr Grieg', 'herr tom Dick']",['Rom'],['Skandinaverne i Rom'],[]
289,0,bladet,,,,,"['herr Grieg', 'herr tom Dick']",['Rom'],['Skandinaverne i Rom'],[]
290,0,kan,,,,,"['herr Grieg', 'herr tom Dick']",['Rom'],['Skandinaverne i Rom'],[]
291,0,arrangere,,,,,"['herr Grieg', 'herr tom Dick']",['Rom'],['Skandinaverne i Rom'],[]
292,0,mig,,,,,"['herr Grieg', 'herr tom Dick']",['Rom'],['Skandinaverne i Rom'],[]
293,0,anderledes,,,,,"['herr Grieg', 'herr tom Dick']",['Rom'],['Skandinaverne i Rom'],[]
294,0,er,,,,,"['herr Grieg', 'herr tom Dick']",['Rom'],['Skandinaverne i Rom'],[]
295,0,en,,,,,"['herr Grieg', 'herr tom Dick']",['Rom'],['Skandinaverne i Rom'],[]
296,0,"privatsag,",,,,,"['herr Grieg', 'herr tom Dick']",['Rom'],['Skandinaverne i Rom'],[]
297,0,som,,,,,"['herr Grieg', 'herr tom Dick']",['Rom'],['Skandinaverne i Rom'],[]
298,0,ikke,,,,,"['herr Grieg', 'herr tom Dick']",['Rom'],['Skandinaverne i Rom'],[]
299,0,berettiger,,,,,"['herr Grieg', 'herr tom Dick']",['Rom'],['Skandinaverne i Rom'],[]
300,0,Skandinaverne,,,,,"['herr Grieg', 'herr tom Dick']",['Rom'],['Skandinaverne i Rom'],[]
301,0,i,,,,,"['herr Grieg', 'herr tom Dick']",['Rom'],['Skandinaverne i Rom'],[]
302,0,Rom,,,,,"['herr Grieg', 'herr tom Dick']",['Rom'],['Skandinaverne i Rom'],[]
303,0,til,,,,,"['herr Grieg', 'herr tom Dick']",['Rom'],['Skandinaverne i Rom'],[]
304,0,nogen,,,,,"['herr Grieg', 'herr tom Dick']",['Rom'],['Skandinaverne i Rom'],[]
305,0,slags,,,,,"['herr Grieg', 'herr tom Dick']",['Rom'],['Skandinaverne i Rom'],[]
306,0,pengefordel,,,,,"['herr Grieg', 'herr tom Dick']",['Rom'],['Skandinaverne i Rom'],[]
307,0,på,,,,,"['herr Grieg', 'herr tom Dick']",['Rom'],['Skandinaverne i Rom'],[]
308,0,min,,,,,"['herr Grieg', 'herr tom Dick']",['Rom'],['Skandinaverne i Rom'],[]
309,0,bekostning.For,,,,,"['herr Grieg', 'herr tom Dick']",['Rom'],['Skandinaverne i Rom'],[]
310,0,øvrigt,,,,,"['herr Grieg', 'herr tom Dick']",['Rom'],['Skandinaverne i Rom'],[]
311,0,beder,,,,,"['herr Grieg', 'herr tom Dick']",['Rom'],['Skandinaverne i Rom'],[]
312,0,jeg,,,,,"['herr Grieg', 'herr tom Dick']",['Rom'],['Skandinaverne i Rom'],[]
313,0,"Dem,",,,,,"['herr Grieg', 'herr tom Dick']",['Rom'],['Skandinaverne i Rom'],[]
314,0,kære,,,,,"['herr Grieg', 'herr tom Dick']",['Rom'],['Skandinaverne i Rom'],[]
315,0,herr,,,,,"['herr Grieg', 'herr tom Dick']",['Rom'],['Skandinaverne i Rom'],[]
316,0,"etatsråd,",,,,,"['herr Grieg', 'herr tom Dick']",['Rom'],['Skandinaverne i Rom'],[]
317,0,at,,,,,"['herr Grieg', 'herr tom Dick']",['Rom'],['Skandinaverne i Rom'],[]
318,0,bringe,,,,,"['herr Grieg', 'herr tom Dick']",['Rom'],['Skandinaverne i Rom'],[]
319,0,mine,,,,,"['herr Grieg', 'herr tom Dick']",['Rom'],['Skandinaverne i Rom'],[]
320,0,romerske,,,,,"['herr Grieg', 'herr tom Dick']",['Rom'],['Skandinaverne i Rom'],[]
321,0,venner,,,,,"['herr Grieg', 'herr tom Dick']",['Rom'],['Skandinaverne i Rom'],[]
322,0,en,,,,,"['herr Grieg', 'herr tom Dick']",['Rom'],['Skandinaverne i Rom'],[]
323,0,venlig,,,,,"['herr Grieg', 'herr tom Dick']",['Rom'],['Skandinaverne i Rom'],[]
324,0,hilsen.,,,,,"['herr Grieg', 'herr tom Dick']",['Rom'],['Skandinaverne i Rom'],[]
325,0,Dem,,,,,"['herr Grieg', 'herr tom Dick']",['Rom'],['Skandinaverne i Rom'],[]
326,0,selv,,,,,"['herr Grieg', 'herr tom Dick']",['Rom'],['Skandinaverne i Rom'],[]
327,0,beder,,,,,"['herr Grieg', 'herr tom Dick']",['Rom'],['Skandinaverne i Rom'],[]
328,0,jeg,,,,,"['herr Grieg', 'herr tom Dick']",['Rom'],['Skandinaverne i Rom'],[]
329,0,modtage,,,,,"['herr Grieg', 'herr tom Dick']",['Rom'],['Skandinaverne i Rom'],[]
330,0,forsikkringen,,,,,"['herr Grieg', 'herr tom Dick']",['Rom'],['Skandinaverne i Rom'],[]
331,0,om,,,,,"['herr Grieg', 'herr tom Dick']",['Rom'],['Skandinaverne i Rom'],[]
332,0,min,,,,,"['herr Grieg', 'herr tom Dick']",['Rom'],['Skandinaverne i Rom'],[]
333,0,hjerteligste,,,,,"['herr Grieg', 'herr tom Dick']",['Rom'],['Skandinaverne i Rom'],[]
334,0,"hengivenhed,",,,,,"['herr Grieg', 'herr tom Dick']",['Rom'],['Skandinaverne i Rom'],[]
335,0,og,,,,,"['herr Grieg', 'herr tom Dick']",['Rom'],['Skandinaverne i Rom'],[]
336,0,med,,,,,"['herr Grieg', 'herr tom Dick']",['Rom'],['Skandinaverne i Rom'],[]
337,0,ønsket,,,,,"['herr Grieg', 'herr tom Dick']",['Rom'],['Skandinaverne i Rom'],[]
338,0,om,,,,,"['herr Grieg', 'herr tom Dick']",['Rom'],['Skandinaverne i Rom'],[]
339,0,et,,,,,"['herr Grieg', 'herr tom Dick']",['Rom'],['Skandinaverne i Rom'],[]
340,0,godt,,,,,"['herr Grieg', 'herr tom Dick']",['Rom'],['Skandinaverne i Rom'],[]
341,0,og,,,,,"['herr Grieg', 'herr tom Dick']",['Rom'],['Skandinaverne i Rom'],[]
342,0,glædeligt,,,,,"['herr Grieg', 'herr tom Dick']",['Rom'],['Skandinaverne i Rom'],[]
343,0,nytår,,,,,"['herr Grieg', 'herr tom Dick']",['Rom'],['Skandinaverne i Rom'],[]
344,0,tegner,,,,,"['herr Grieg', 'herr tom Dick']",['Rom'],['Skandinaverne i Rom'],[]
345,0,jeg,,,,,"['herr Grieg', 'herr tom Dick']",['Rom'],['Skandinaverne i Rom'],[]
346,0,mig,,,,,"['herr Grieg', 'herr tom Dick']",['Rom'],['Skandinaverne i Rom'],[]
