,,0,human_annotation,who,dacy_medium,spacy_trf,person,place,org,work
0,0,Uagtet,,,,,[],['Bergen'],['Theatret'],[]
1,0,Forretningerne,,,,,[],['Bergen'],['Theatret'],[]
2,0,ved,,,,,[],['Bergen'],['Theatret'],[]
3,0,Theatret,,,,,[],['Bergen'],['Theatret'],[]
4,0,under,,,,,[],['Bergen'],['Theatret'],[]
5,0,Opholdet,,,,,[],['Bergen'],['Theatret'],[]
6,0,her,,,,,[],['Bergen'],['Theatret'],[]
7,0,i,,,,,[],['Bergen'],['Theatret'],[]
8,0,Trondhjem,,,,,[],['Bergen'],['Theatret'],[]
9,0,kun,,,,,[],['Bergen'],['Theatret'],[]
10,0,medtager,,,,,[],['Bergen'],['Theatret'],[]
11,0,en,,,,,[],['Bergen'],['Theatret'],[]
12,0,ringe,,,,,[],['Bergen'],['Theatret'],[]
13,0,Deel,,,,,[],['Bergen'],['Theatret'],[]
14,0,af,,,,,[],['Bergen'],['Theatret'],[]
15,0,min,,,,,[],['Bergen'],['Theatret'],[]
16,0,"Tid,",,,,,[],['Bergen'],['Theatret'],[]
17,0,saa,,,,,[],['Bergen'],['Theatret'],[]
18,0,er,,,,,[],['Bergen'],['Theatret'],[]
19,0,jeg,,,,,[],['Bergen'],['Theatret'],[]
20,0,dog,,,,,[],['Bergen'],['Theatret'],[]
21,0,ved,,,,,[],['Bergen'],['Theatret'],[]
22,0,de,,,,,[],['Bergen'],['Theatret'],[]
23,0,daglige,,,,,[],['Bergen'],['Theatret'],[]
24,0,Smaasysler,,,,,[],['Bergen'],['Theatret'],[]
25,0,forhindret,,,,,[],['Bergen'],['Theatret'],[]
26,0,fra,,,,,[],['Bergen'],['Theatret'],[]
27,0,i,,,,,[],['Bergen'],['Theatret'],[]
28,0,uforstyrret,,,,,[],['Bergen'],['Theatret'],[]
29,0,Rolighed,,,,,[],['Bergen'],['Theatret'],[]
30,0,at,,,,,[],['Bergen'],['Theatret'],[]
31,0,kunne,,,,,[],['Bergen'],['Theatret'],[]
32,0,beskjæftige,,,,,[],['Bergen'],['Theatret'],[]
33,0,mig,,,,,[],['Bergen'],['Theatret'],[]
34,0,med,,,,,[],['Bergen'],['Theatret'],[]
35,0,et,,,,,[],['Bergen'],['Theatret'],[]
36,0,"Arbeide,",,,,,[],['Bergen'],['Theatret'],[]
37,0,som,,,,,[],['Bergen'],['Theatret'],[]
38,0,det,,,,,[],['Bergen'],['Theatret'],[]
39,0,er,,,,,[],['Bergen'],['Theatret'],[]
40,0,mig,,,,,[],['Bergen'],['Theatret'],[]
41,0,magtpaaliggende,,,,,[],['Bergen'],['Theatret'],[]
42,0,at,,,,,[],['Bergen'],['Theatret'],[]
43,0,fuldføre,,,,,[],['Bergen'],['Theatret'],[]
44,0,snarest,,,,,[],['Bergen'],['Theatret'],[]
45,0,muligt;,,,,,[],['Bergen'],['Theatret'],[]
46,0,jeg,,,,,[],['Bergen'],['Theatret'],[]
47,0,tillader,,,,,[],['Bergen'],['Theatret'],[]
48,0,mig,,,,,[],['Bergen'],['Theatret'],[]
49,0,derfor,,,,,[],['Bergen'],['Theatret'],[]
50,0,at,,,,,[],['Bergen'],['Theatret'],[]
51,0,anmode,,,,,[],['Bergen'],['Theatret'],[]
52,0,om,,,,,[],['Bergen'],['Theatret'],[]
53,0,Bestyrelsens,,,,,[],['Bergen'],['Theatret'],[]
54,0,Samtykke,,,,,[],['Bergen'],['Theatret'],[]
55,0,til,,,,,[],['Bergen'],['Theatret'],[]
56,0,at,,,,,[],['Bergen'],['Theatret'],[]
57,0,vende,,,,,[],['Bergen'],['Theatret'],[]
58,0,tilbage,,,,,[],['Bergen'],['Theatret'],[]
59,0,til,,,,,[],['Bergen'],['Theatret'],[]
60,0,Bergen,,,,,[],['Bergen'],['Theatret'],[]
61,0,med,,,,,[],['Bergen'],['Theatret'],[]
62,0,næste,,,,,[],['Bergen'],['Theatret'],[]
63,0,Dampskib.,,,,,[],['Bergen'],['Theatret'],[]
