,,0,human_annotation,who,dacy_medium,spacy_trf,person,place,org,work
0,0,Igår,,,,,['herr Steensballe'],['Norge'],[],['«Catilina»']
1,0,afsendte,,,,,['herr Steensballe'],['Norge'],[],['«Catilina»']
2,0,jeg,,,,,['herr Steensballe'],['Norge'],[],['«Catilina»']
3,0,herfra,,,,,['herr Steensballe'],['Norge'],[],['«Catilina»']
4,0,med,,,,,['herr Steensballe'],['Norge'],[],['«Catilina»']
5,0,pakkeposten,,,,,['herr Steensballe'],['Norge'],[],['«Catilina»']
6,0,manuskriptet,,,,,['herr Steensballe'],['Norge'],[],['«Catilina»']
7,0,til,,,,,['herr Steensballe'],['Norge'],[],['«Catilina»']
8,0,"«Catilina»,",,,,,['herr Steensballe'],['Norge'],[],['«Catilina»']
9,0,hvilket,,,,,['herr Steensballe'],['Norge'],[],['«Catilina»']
10,0,jeg,,,,,['herr Steensballe'],['Norge'],[],['«Catilina»']
11,0,håber,,,,,['herr Steensballe'],['Norge'],[],['«Catilina»']
12,0,vil,,,,,['herr Steensballe'],['Norge'],[],['«Catilina»']
13,0,være,,,,,['herr Steensballe'],['Norge'],[],['«Catilina»']
14,0,i,,,,,['herr Steensballe'],['Norge'],[],['«Catilina»']
15,0,Deres,,,,,['herr Steensballe'],['Norge'],[],['«Catilina»']
16,0,hænder,,,,,['herr Steensballe'],['Norge'],[],['«Catilina»']
17,0,omtrent,,,,,['herr Steensballe'],['Norge'],[],['«Catilina»']
18,0,samtidig,,,,,['herr Steensballe'],['Norge'],[],['«Catilina»']
19,0,med,,,,,['herr Steensballe'],['Norge'],[],['«Catilina»']
20,0,disse,,,,,['herr Steensballe'],['Norge'],[],['«Catilina»']
21,0,linjer.Indlagt,,,,,['herr Steensballe'],['Norge'],[],['«Catilina»']
22,0,vedlægger,,,,,['herr Steensballe'],['Norge'],[],['«Catilina»']
23,0,jeg,,,,,['herr Steensballe'],['Norge'],[],['«Catilina»']
24,0,en,,,,,['herr Steensballe'],['Norge'],[],['«Catilina»']
25,0,skrivelse,,,,,['herr Steensballe'],['Norge'],[],['«Catilina»']
26,0,til,,,,,['herr Steensballe'],['Norge'],[],['«Catilina»']
27,0,herr,,,,,['herr Steensballe'],['Norge'],[],['«Catilina»']
28,0,Steensballe,,,,,['herr Steensballe'],['Norge'],[],['«Catilina»']
29,0,og,,,,,['herr Steensballe'],['Norge'],[],['«Catilina»']
30,0,beder,,,,,['herr Steensballe'],['Norge'],[],['«Catilina»']
31,0,Dem,,,,,['herr Steensballe'],['Norge'],[],['«Catilina»']
32,0,godhedsfuldt,,,,,['herr Steensballe'],['Norge'],[],['«Catilina»']
33,0,sørge,,,,,['herr Steensballe'],['Norge'],[],['«Catilina»']
34,0,for,,,,,['herr Steensballe'],['Norge'],[],['«Catilina»']
35,0,alt,,,,,['herr Steensballe'],['Norge'],[],['«Catilina»']
36,0,"øvrigt,",,,,,['herr Steensballe'],['Norge'],[],['«Catilina»']
37,0,hvad,,,,,['herr Steensballe'],['Norge'],[],['«Catilina»']
38,0,indkaldelsen,,,,,['herr Steensballe'],['Norge'],[],['«Catilina»']
39,0,og,,,,,['herr Steensballe'],['Norge'],[],['«Catilina»']
40,0,tilintetgørelsen,,,,,['herr Steensballe'],['Norge'],[],['«Catilina»']
41,0,af,,,,,['herr Steensballe'],['Norge'],[],['«Catilina»']
42,0,de,,,,,['herr Steensballe'],['Norge'],[],['«Catilina»']
43,0,gamle,,,,,['herr Steensballe'],['Norge'],[],['«Catilina»']
44,0,exemplarer,,,,,['herr Steensballe'],['Norge'],[],['«Catilina»']
45,0,betræffer.Jeg,,,,,['herr Steensballe'],['Norge'],[],['«Catilina»']
46,0,har,,,,,['herr Steensballe'],['Norge'],[],['«Catilina»']
47,0,godt,,,,,['herr Steensballe'],['Norge'],[],['«Catilina»']
48,0,håb,,,,,['herr Steensballe'],['Norge'],[],['«Catilina»']
49,0,om,,,,,['herr Steensballe'],['Norge'],[],['«Catilina»']
50,0,at,,,,,['herr Steensballe'],['Norge'],[],['«Catilina»']
51,0,den,,,,,['herr Steensballe'],['Norge'],[],['«Catilina»']
52,0,nye,,,,,['herr Steensballe'],['Norge'],[],['«Catilina»']
53,0,udgave,,,,,['herr Steensballe'],['Norge'],[],['«Catilina»']
54,0,vil,,,,,['herr Steensballe'],['Norge'],[],['«Catilina»']
55,0,finde,,,,,['herr Steensballe'],['Norge'],[],['«Catilina»']
56,0,rigelig,,,,,['herr Steensballe'],['Norge'],[],['«Catilina»']
57,0,afsætning.,,,,,['herr Steensballe'],['Norge'],[],['«Catilina»']
58,0,Mine,,,,,['herr Steensballe'],['Norge'],[],['«Catilina»']
59,0,venner,,,,,['herr Steensballe'],['Norge'],[],['«Catilina»']
60,0,i,,,,,['herr Steensballe'],['Norge'],[],['«Catilina»']
61,0,Norge,,,,,['herr Steensballe'],['Norge'],[],['«Catilina»']
62,0,vil,,,,,['herr Steensballe'],['Norge'],[],['«Catilina»']
63,0,sørge,,,,,['herr Steensballe'],['Norge'],[],['«Catilina»']
64,0,for,,,,,['herr Steensballe'],['Norge'],[],['«Catilina»']
65,0,at,,,,,['herr Steensballe'],['Norge'],[],['«Catilina»']
66,0,anledningen,,,,,['herr Steensballe'],['Norge'],[],['«Catilina»']
67,0,bliver,,,,,['herr Steensballe'],['Norge'],[],['«Catilina»']
68,0,omtalt,,,,,['herr Steensballe'],['Norge'],[],['«Catilina»']
69,0,i,,,,,['herr Steensballe'],['Norge'],[],['«Catilina»']
70,0,"bladene,",,,,,['herr Steensballe'],['Norge'],[],['«Catilina»']
71,0,og,,,,,['herr Steensballe'],['Norge'],[],['«Catilina»']
72,0,ejerne,,,,,['herr Steensballe'],['Norge'],[],['«Catilina»']
73,0,af,,,,,['herr Steensballe'],['Norge'],[],['«Catilina»']
74,0,mine,,,,,['herr Steensballe'],['Norge'],[],['«Catilina»']
75,0,øvrige,,,,,['herr Steensballe'],['Norge'],[],['«Catilina»']
76,0,bøger,,,,,['herr Steensballe'],['Norge'],[],['«Catilina»']
77,0,vil,,,,,['herr Steensballe'],['Norge'],[],['«Catilina»']
78,0,jo,,,,,['herr Steensballe'],['Norge'],[],['«Catilina»']
79,0,for,,,,,['herr Steensballe'],['Norge'],[],['«Catilina»']
80,0,fuldstændigheds,,,,,['herr Steensballe'],['Norge'],[],['«Catilina»']
81,0,skyld,,,,,['herr Steensballe'],['Norge'],[],['«Catilina»']
82,0,også,,,,,['herr Steensballe'],['Norge'],[],['«Catilina»']
83,0,måtte,,,,,['herr Steensballe'],['Norge'],[],['«Catilina»']
84,0,anskaffe,,,,,['herr Steensballe'],['Norge'],[],['«Catilina»']
85,0,denne.,,,,,['herr Steensballe'],['Norge'],[],['«Catilina»']
86,0,Dette,,,,,['herr Steensballe'],['Norge'],[],['«Catilina»']
87,0,i,,,,,['herr Steensballe'],['Norge'],[],['«Catilina»']
88,0,al,,,,,['herr Steensballe'],['Norge'],[],['«Catilina»']
89,0,hast,,,,,['herr Steensballe'],['Norge'],[],['«Catilina»']
90,0,for,,,,,['herr Steensballe'],['Norge'],[],['«Catilina»']
91,0,idag!,,,,,['herr Steensballe'],['Norge'],[],['«Catilina»']
