,,0,human_annotation,who,dacy_medium,spacy_trf,person,place,org,work
0,0,De,,,,,[],[],['studentersamfundet'],['«Kejser og Galilæer»']
1,0,har,,,,,[],[],['studentersamfundet'],['«Kejser og Galilæer»']
2,0,havt,,,,,[],[],['studentersamfundet'],['«Kejser og Galilæer»']
3,0,den,,,,,[],[],['studentersamfundet'],['«Kejser og Galilæer»']
4,0,godhed,,,,,[],[],['studentersamfundet'],['«Kejser og Galilæer»']
5,0,at,,,,,[],[],['studentersamfundet'],['«Kejser og Galilæer»']
6,0,oversende,,,,,[],[],['studentersamfundet'],['«Kejser og Galilæer»']
7,0,mig,,,,,[],[],['studentersamfundet'],['«Kejser og Galilæer»']
8,0,et,,,,,[],[],['studentersamfundet'],['«Kejser og Galilæer»']
9,0,aftryk,,,,,[],[],['studentersamfundet'],['«Kejser og Galilæer»']
10,0,af,,,,,[],[],['studentersamfundet'],['«Kejser og Galilæer»']
11,0,Deres,,,,,[],[],['studentersamfundet'],['«Kejser og Galilæer»']
12,0,foredrag,,,,,[],[],['studentersamfundet'],['«Kejser og Galilæer»']
13,0,over,,,,,[],[],['studentersamfundet'],['«Kejser og Galilæer»']
14,0,«Kejser,,,,,[],[],['studentersamfundet'],['«Kejser og Galilæer»']
15,0,og,,,,,[],[],['studentersamfundet'],['«Kejser og Galilæer»']
16,0,"Galilæer»,",,,,,[],[],['studentersamfundet'],['«Kejser og Galilæer»']
17,0,hvorfor,,,,,[],[],['studentersamfundet'],['«Kejser og Galilæer»']
18,0,jeg,,,,,[],[],['studentersamfundet'],['«Kejser og Galilæer»']
19,0,herved,,,,,[],[],['studentersamfundet'],['«Kejser og Galilæer»']
20,0,beder,,,,,[],[],['studentersamfundet'],['«Kejser og Galilæer»']
21,0,Dem,,,,,[],[],['studentersamfundet'],['«Kejser og Galilæer»']
22,0,modtage,,,,,[],[],['studentersamfundet'],['«Kejser og Galilæer»']
23,0,min,,,,,[],[],['studentersamfundet'],['«Kejser og Galilæer»']
24,0,forbindtligste,,,,,[],[],['studentersamfundet'],['«Kejser og Galilæer»']
25,0,tak.,,,,,[],[],['studentersamfundet'],['«Kejser og Galilæer»']
26,0,Det,,,,,[],[],['studentersamfundet'],['«Kejser og Galilæer»']
27,0,glædede,,,,,[],[],['studentersamfundet'],['«Kejser og Galilæer»']
28,0,mig,,,,,[],[],['studentersamfundet'],['«Kejser og Galilæer»']
29,0,at,,,,,[],[],['studentersamfundet'],['«Kejser og Galilæer»']
30,0,erfare,,,,,[],[],['studentersamfundet'],['«Kejser og Galilæer»']
31,0,at,,,,,[],[],['studentersamfundet'],['«Kejser og Galilæer»']
32,0,studentersamfundet,,,,,[],[],['studentersamfundet'],['«Kejser og Galilæer»']
33,0,gentagende,,,,,[],[],['studentersamfundet'],['«Kejser og Galilæer»']
34,0,har,,,,,[],[],['studentersamfundet'],['«Kejser og Galilæer»']
35,0,beskæftiget,,,,,[],[],['studentersamfundet'],['«Kejser og Galilæer»']
36,0,sig,,,,,[],[],['studentersamfundet'],['«Kejser og Galilæer»']
37,0,med,,,,,[],[],['studentersamfundet'],['«Kejser og Galilæer»']
38,0,min,,,,,[],[],['studentersamfundet'],['«Kejser og Galilæer»']
39,0,"bog,",,,,,[],[],['studentersamfundet'],['«Kejser og Galilæer»']
40,0,og,,,,,[],[],['studentersamfundet'],['«Kejser og Galilæer»']
41,0,jeg,,,,,[],[],['studentersamfundet'],['«Kejser og Galilæer»']
42,0,beklager,,,,,[],[],['studentersamfundet'],['«Kejser og Galilæer»']
43,0,kun,,,,,[],[],['studentersamfundet'],['«Kejser og Galilæer»']
44,0,at,,,,,[],[],['studentersamfundet'],['«Kejser og Galilæer»']
45,0,tiden,,,,,[],[],['studentersamfundet'],['«Kejser og Galilæer»']
46,0,ikke,,,,,[],[],['studentersamfundet'],['«Kejser og Galilæer»']
47,0,idag,,,,,[],[],['studentersamfundet'],['«Kejser og Galilæer»']
48,0,tillader,,,,,[],[],['studentersamfundet'],['«Kejser og Galilæer»']
49,0,mig,,,,,[],[],['studentersamfundet'],['«Kejser og Galilæer»']
50,0,nærmere,,,,,[],[],['studentersamfundet'],['«Kejser og Galilæer»']
51,0,at,,,,,[],[],['studentersamfundet'],['«Kejser og Galilæer»']
52,0,udtale,,,,,[],[],['studentersamfundet'],['«Kejser og Galilæer»']
53,0,mig,,,,,[],[],['studentersamfundet'],['«Kejser og Galilæer»']
54,0,om,,,,,[],[],['studentersamfundet'],['«Kejser og Galilæer»']
55,0,min,,,,,[],[],['studentersamfundet'],['«Kejser og Galilæer»']
56,0,samstemmen,,,,,[],[],['studentersamfundet'],['«Kejser og Galilæer»']
57,0,eller,,,,,[],[],['studentersamfundet'],['«Kejser og Galilæer»']
58,0,afvigen,,,,,[],[],['studentersamfundet'],['«Kejser og Galilæer»']
59,0,fra,,,,,[],[],['studentersamfundet'],['«Kejser og Galilæer»']
60,0,Deres,,,,,[],[],['studentersamfundet'],['«Kejser og Galilæer»']
61,0,opfatning,,,,,[],[],['studentersamfundet'],['«Kejser og Galilæer»']
62,0,af,,,,,[],[],['studentersamfundet'],['«Kejser og Galilæer»']
63,0,stykkets,,,,,[],[],['studentersamfundet'],['«Kejser og Galilæer»']
64,0,plan,,,,,[],[],['studentersamfundet'],['«Kejser og Galilæer»']
65,0,og,,,,,[],[],['studentersamfundet'],['«Kejser og Galilæer»']
66,0,idé.Med,,,,,[],[],['studentersamfundet'],['«Kejser og Galilæer»']
67,0,gentagen,,,,,[],[],['studentersamfundet'],['«Kejser og Galilæer»']
68,0,tak,,,,,[],[],['studentersamfundet'],['«Kejser og Galilæer»']
69,0,for,,,,,[],[],['studentersamfundet'],['«Kejser og Galilæer»']
70,0,den,,,,,[],[],['studentersamfundet'],['«Kejser og Galilæer»']
71,0,mig,,,,,[],[],['studentersamfundet'],['«Kejser og Galilæer»']
72,0,viste,,,,,[],[],['studentersamfundet'],['«Kejser og Galilæer»']
73,0,opmærksomhed,,,,,[],[],['studentersamfundet'],['«Kejser og Galilæer»']
74,0,tegner,,,,,[],[],['studentersamfundet'],['«Kejser og Galilæer»']
75,0,jeg,,,,,[],[],['studentersamfundet'],['«Kejser og Galilæer»']
76,0,mig,,,,,[],[],['studentersamfundet'],['«Kejser og Galilæer»']
