,,0,human_annotation,who,dacy_medium,spacy_trf,person,place,org,work
0,0,Allerede,,,,,"['Tønsbergs', 'den kære afdøde', 'Susanna', 'os alle']",['Kristiania'],['theatret'],"['«Catilina»', '«Fru Inger»']"
1,0,for,,,,,"['Tønsbergs', 'den kære afdøde', 'Susanna', 'os alle']",['Kristiania'],['theatret'],"['«Catilina»', '«Fru Inger»']"
2,0,længere,,,,,"['Tønsbergs', 'den kære afdøde', 'Susanna', 'os alle']",['Kristiania'],['theatret'],"['«Catilina»', '«Fru Inger»']"
3,0,tid,,,,,"['Tønsbergs', 'den kære afdøde', 'Susanna', 'os alle']",['Kristiania'],['theatret'],"['«Catilina»', '«Fru Inger»']"
4,0,siden,,,,,"['Tønsbergs', 'den kære afdøde', 'Susanna', 'os alle']",['Kristiania'],['theatret'],"['«Catilina»', '«Fru Inger»']"
5,0,har,,,,,"['Tønsbergs', 'den kære afdøde', 'Susanna', 'os alle']",['Kristiania'],['theatret'],"['«Catilina»', '«Fru Inger»']"
6,0,jeg,,,,,"['Tønsbergs', 'den kære afdøde', 'Susanna', 'os alle']",['Kristiania'],['theatret'],"['«Catilina»', '«Fru Inger»']"
7,0,naturligvis,,,,,"['Tønsbergs', 'den kære afdøde', 'Susanna', 'os alle']",['Kristiania'],['theatret'],"['«Catilina»', '«Fru Inger»']"
8,0,erfaret,,,,,"['Tønsbergs', 'den kære afdøde', 'Susanna', 'os alle']",['Kristiania'],['theatret'],"['«Catilina»', '«Fru Inger»']"
9,0,din,,,,,"['Tønsbergs', 'den kære afdøde', 'Susanna', 'os alle']",['Kristiania'],['theatret'],"['«Catilina»', '«Fru Inger»']"
10,0,udnævnelse,,,,,"['Tønsbergs', 'den kære afdøde', 'Susanna', 'os alle']",['Kristiania'],['theatret'],"['«Catilina»', '«Fru Inger»']"
11,0,til,,,,,"['Tønsbergs', 'den kære afdøde', 'Susanna', 'os alle']",['Kristiania'],['theatret'],"['«Catilina»', '«Fru Inger»']"
12,0,"sorenskriver,",,,,,"['Tønsbergs', 'den kære afdøde', 'Susanna', 'os alle']",['Kristiania'],['theatret'],"['«Catilina»', '«Fru Inger»']"
13,0,og,,,,,"['Tønsbergs', 'den kære afdøde', 'Susanna', 'os alle']",['Kristiania'],['theatret'],"['«Catilina»', '«Fru Inger»']"
14,0,da,,,,,"['Tønsbergs', 'den kære afdøde', 'Susanna', 'os alle']",['Kristiania'],['theatret'],"['«Catilina»', '«Fru Inger»']"
15,0,jeg,,,,,"['Tønsbergs', 'den kære afdøde', 'Susanna', 'os alle']",['Kristiania'],['theatret'],"['«Catilina»', '«Fru Inger»']"
16,0,modtog,,,,,"['Tønsbergs', 'den kære afdøde', 'Susanna', 'os alle']",['Kristiania'],['theatret'],"['«Catilina»', '«Fru Inger»']"
17,0,dit,,,,,"['Tønsbergs', 'den kære afdøde', 'Susanna', 'os alle']",['Kristiania'],['theatret'],"['«Catilina»', '«Fru Inger»']"
18,0,sidste,,,,,"['Tønsbergs', 'den kære afdøde', 'Susanna', 'os alle']",['Kristiania'],['theatret'],"['«Catilina»', '«Fru Inger»']"
19,0,"brev,",,,,,"['Tønsbergs', 'den kære afdøde', 'Susanna', 'os alle']",['Kristiania'],['theatret'],"['«Catilina»', '«Fru Inger»']"
20,0,hvori,,,,,"['Tønsbergs', 'den kære afdøde', 'Susanna', 'os alle']",['Kristiania'],['theatret'],"['«Catilina»', '«Fru Inger»']"
21,0,Du,,,,,"['Tønsbergs', 'den kære afdøde', 'Susanna', 'os alle']",['Kristiania'],['theatret'],"['«Catilina»', '«Fru Inger»']"
22,0,så,,,,,"['Tønsbergs', 'den kære afdøde', 'Susanna', 'os alle']",['Kristiania'],['theatret'],"['«Catilina»', '«Fru Inger»']"
23,0,venskabeligt,,,,,"['Tønsbergs', 'den kære afdøde', 'Susanna', 'os alle']",['Kristiania'],['theatret'],"['«Catilina»', '«Fru Inger»']"
24,0,lykønsker,,,,,"['Tønsbergs', 'den kære afdøde', 'Susanna', 'os alle']",['Kristiania'],['theatret'],"['«Catilina»', '«Fru Inger»']"
25,0,mig,,,,,"['Tønsbergs', 'den kære afdøde', 'Susanna', 'os alle']",['Kristiania'],['theatret'],"['«Catilina»', '«Fru Inger»']"
26,0,til,,,,,"['Tønsbergs', 'den kære afdøde', 'Susanna', 'os alle']",['Kristiania'],['theatret'],"['«Catilina»', '«Fru Inger»']"
27,0,min,,,,,"['Tønsbergs', 'den kære afdøde', 'Susanna', 'os alle']",['Kristiania'],['theatret'],"['«Catilina»', '«Fru Inger»']"
28,0,"jubilæumsdag,",,,,,"['Tønsbergs', 'den kære afdøde', 'Susanna', 'os alle']",['Kristiania'],['theatret'],"['«Catilina»', '«Fru Inger»']"
29,0,fortrød,,,,,"['Tønsbergs', 'den kære afdøde', 'Susanna', 'os alle']",['Kristiania'],['theatret'],"['«Catilina»', '«Fru Inger»']"
30,0,jeg,,,,,"['Tønsbergs', 'den kære afdøde', 'Susanna', 'os alle']",['Kristiania'],['theatret'],"['«Catilina»', '«Fru Inger»']"
31,0,dobbelt,,,,,"['Tønsbergs', 'den kære afdøde', 'Susanna', 'os alle']",['Kristiania'],['theatret'],"['«Catilina»', '«Fru Inger»']"
32,0,at,,,,,"['Tønsbergs', 'den kære afdøde', 'Susanna', 'os alle']",['Kristiania'],['theatret'],"['«Catilina»', '«Fru Inger»']"
33,0,jeg,,,,,"['Tønsbergs', 'den kære afdøde', 'Susanna', 'os alle']",['Kristiania'],['theatret'],"['«Catilina»', '«Fru Inger»']"
34,0,ikke,,,,,"['Tønsbergs', 'den kære afdøde', 'Susanna', 'os alle']",['Kristiania'],['theatret'],"['«Catilina»', '«Fru Inger»']"
35,0,straks,,,,,"['Tønsbergs', 'den kære afdøde', 'Susanna', 'os alle']",['Kristiania'],['theatret'],"['«Catilina»', '«Fru Inger»']"
36,0,havde,,,,,"['Tønsbergs', 'den kære afdøde', 'Susanna', 'os alle']",['Kristiania'],['theatret'],"['«Catilina»', '«Fru Inger»']"
37,0,sendt,,,,,"['Tønsbergs', 'den kære afdøde', 'Susanna', 'os alle']",['Kristiania'],['theatret'],"['«Catilina»', '«Fru Inger»']"
38,0,Dig,,,,,"['Tønsbergs', 'den kære afdøde', 'Susanna', 'os alle']",['Kristiania'],['theatret'],"['«Catilina»', '«Fru Inger»']"
39,0,min,,,,,"['Tønsbergs', 'den kære afdøde', 'Susanna', 'os alle']",['Kristiania'],['theatret'],"['«Catilina»', '«Fru Inger»']"
40,0,gratulation,,,,,"['Tønsbergs', 'den kære afdøde', 'Susanna', 'os alle']",['Kristiania'],['theatret'],"['«Catilina»', '«Fru Inger»']"
41,0,i,,,,,"['Tønsbergs', 'den kære afdøde', 'Susanna', 'os alle']",['Kristiania'],['theatret'],"['«Catilina»', '«Fru Inger»']"
42,0,anledning,,,,,"['Tønsbergs', 'den kære afdøde', 'Susanna', 'os alle']",['Kristiania'],['theatret'],"['«Catilina»', '«Fru Inger»']"
43,0,af,,,,,"['Tønsbergs', 'den kære afdøde', 'Susanna', 'os alle']",['Kristiania'],['theatret'],"['«Catilina»', '«Fru Inger»']"
44,0,din,,,,,"['Tønsbergs', 'den kære afdøde', 'Susanna', 'os alle']",['Kristiania'],['theatret'],"['«Catilina»', '«Fru Inger»']"
45,0,nye,,,,,"['Tønsbergs', 'den kære afdøde', 'Susanna', 'os alle']",['Kristiania'],['theatret'],"['«Catilina»', '«Fru Inger»']"
46,0,embedsstilling.,,,,,"['Tønsbergs', 'den kære afdøde', 'Susanna', 'os alle']",['Kristiania'],['theatret'],"['«Catilina»', '«Fru Inger»']"
47,0,Nogle,,,,,"['Tønsbergs', 'den kære afdøde', 'Susanna', 'os alle']",['Kristiania'],['theatret'],"['«Catilina»', '«Fru Inger»']"
48,0,linjer,,,,,"['Tønsbergs', 'den kære afdøde', 'Susanna', 'os alle']",['Kristiania'],['theatret'],"['«Catilina»', '«Fru Inger»']"
49,0,fra,,,,,"['Tønsbergs', 'den kære afdøde', 'Susanna', 'os alle']",['Kristiania'],['theatret'],"['«Catilina»', '«Fru Inger»']"
50,0,mig,,,,,"['Tønsbergs', 'den kære afdøde', 'Susanna', 'os alle']",['Kristiania'],['theatret'],"['«Catilina»', '«Fru Inger»']"
51,0,håber,,,,,"['Tønsbergs', 'den kære afdøde', 'Susanna', 'os alle']",['Kristiania'],['theatret'],"['«Catilina»', '«Fru Inger»']"
52,0,jeg,,,,,"['Tønsbergs', 'den kære afdøde', 'Susanna', 'os alle']",['Kristiania'],['theatret'],"['«Catilina»', '«Fru Inger»']"
53,0,dog,,,,,"['Tønsbergs', 'den kære afdøde', 'Susanna', 'os alle']",['Kristiania'],['theatret'],"['«Catilina»', '«Fru Inger»']"
54,0,at,,,,,"['Tønsbergs', 'den kære afdøde', 'Susanna', 'os alle']",['Kristiania'],['theatret'],"['«Catilina»', '«Fru Inger»']"
55,0,Du,,,,,"['Tønsbergs', 'den kære afdøde', 'Susanna', 'os alle']",['Kristiania'],['theatret'],"['«Catilina»', '«Fru Inger»']"
56,0,nu,,,,,"['Tønsbergs', 'den kære afdøde', 'Susanna', 'os alle']",['Kristiania'],['theatret'],"['«Catilina»', '«Fru Inger»']"
57,0,har,,,,,"['Tønsbergs', 'den kære afdøde', 'Susanna', 'os alle']",['Kristiania'],['theatret'],"['«Catilina»', '«Fru Inger»']"
58,0,modtaget,,,,,"['Tønsbergs', 'den kære afdøde', 'Susanna', 'os alle']",['Kristiania'],['theatret'],"['«Catilina»', '«Fru Inger»']"
59,0,samtidigt,,,,,"['Tønsbergs', 'den kære afdøde', 'Susanna', 'os alle']",['Kristiania'],['theatret'],"['«Catilina»', '«Fru Inger»']"
60,0,med,,,,,"['Tønsbergs', 'den kære afdøde', 'Susanna', 'os alle']",['Kristiania'],['theatret'],"['«Catilina»', '«Fru Inger»']"
61,0,et,,,,,"['Tønsbergs', 'den kære afdøde', 'Susanna', 'os alle']",['Kristiania'],['theatret'],"['«Catilina»', '«Fru Inger»']"
62,0,exemplar,,,,,"['Tønsbergs', 'den kære afdøde', 'Susanna', 'os alle']",['Kristiania'],['theatret'],"['«Catilina»', '«Fru Inger»']"
63,0,af,,,,,"['Tønsbergs', 'den kære afdøde', 'Susanna', 'os alle']",['Kristiania'],['theatret'],"['«Catilina»', '«Fru Inger»']"
64,0,"«Catilina»,",,,,,"['Tønsbergs', 'den kære afdøde', 'Susanna', 'os alle']",['Kristiania'],['theatret'],"['«Catilina»', '«Fru Inger»']"
65,0,hvilken,,,,,"['Tønsbergs', 'den kære afdøde', 'Susanna', 'os alle']",['Kristiania'],['theatret'],"['«Catilina»', '«Fru Inger»']"
66,0,bog,,,,,"['Tønsbergs', 'den kære afdøde', 'Susanna', 'os alle']",['Kristiania'],['theatret'],"['«Catilina»', '«Fru Inger»']"
67,0,jeg,,,,,"['Tønsbergs', 'den kære afdøde', 'Susanna', 'os alle']",['Kristiania'],['theatret'],"['«Catilina»', '«Fru Inger»']"
68,0,skikkede,,,,,"['Tønsbergs', 'den kære afdøde', 'Susanna', 'os alle']",['Kristiania'],['theatret'],"['«Catilina»', '«Fru Inger»']"
69,0,til,,,,,"['Tønsbergs', 'den kære afdøde', 'Susanna', 'os alle']",['Kristiania'],['theatret'],"['«Catilina»', '«Fru Inger»']"
70,0,nogle,,,,,"['Tønsbergs', 'den kære afdøde', 'Susanna', 'os alle']",['Kristiania'],['theatret'],"['«Catilina»', '«Fru Inger»']"
71,0,af,,,,,"['Tønsbergs', 'den kære afdøde', 'Susanna', 'os alle']",['Kristiania'],['theatret'],"['«Catilina»', '«Fru Inger»']"
72,0,mine,,,,,"['Tønsbergs', 'den kære afdøde', 'Susanna', 'os alle']",['Kristiania'],['theatret'],"['«Catilina»', '«Fru Inger»']"
73,0,nærmeste,,,,,"['Tønsbergs', 'den kære afdøde', 'Susanna', 'os alle']",['Kristiania'],['theatret'],"['«Catilina»', '«Fru Inger»']"
74,0,venner,,,,,"['Tønsbergs', 'den kære afdøde', 'Susanna', 'os alle']",['Kristiania'],['theatret'],"['«Catilina»', '«Fru Inger»']"
75,0,i,,,,,"['Tønsbergs', 'den kære afdøde', 'Susanna', 'os alle']",['Kristiania'],['theatret'],"['«Catilina»', '«Fru Inger»']"
76,0,det,,,,,"['Tønsbergs', 'den kære afdøde', 'Susanna', 'os alle']",['Kristiania'],['theatret'],"['«Catilina»', '«Fru Inger»']"
77,0,håb,,,,,"['Tønsbergs', 'den kære afdøde', 'Susanna', 'os alle']",['Kristiania'],['theatret'],"['«Catilina»', '«Fru Inger»']"
78,0,at,,,,,"['Tønsbergs', 'den kære afdøde', 'Susanna', 'os alle']",['Kristiania'],['theatret'],"['«Catilina»', '«Fru Inger»']"
79,0,den,,,,,"['Tønsbergs', 'den kære afdøde', 'Susanna', 'os alle']",['Kristiania'],['theatret'],"['«Catilina»', '«Fru Inger»']"
80,0,skulde,,,,,"['Tønsbergs', 'den kære afdøde', 'Susanna', 'os alle']",['Kristiania'],['theatret'],"['«Catilina»', '«Fru Inger»']"
81,0,nå,,,,,"['Tønsbergs', 'den kære afdøde', 'Susanna', 'os alle']",['Kristiania'],['theatret'],"['«Catilina»', '«Fru Inger»']"
82,0,frem,,,,,"['Tønsbergs', 'den kære afdøde', 'Susanna', 'os alle']",['Kristiania'],['theatret'],"['«Catilina»', '«Fru Inger»']"
83,0,til,,,,,"['Tønsbergs', 'den kære afdøde', 'Susanna', 'os alle']",['Kristiania'],['theatret'],"['«Catilina»', '«Fru Inger»']"
84,0,eder,,,,,"['Tønsbergs', 'den kære afdøde', 'Susanna', 'os alle']",['Kristiania'],['theatret'],"['«Catilina»', '«Fru Inger»']"
85,0,forinden,,,,,"['Tønsbergs', 'den kære afdøde', 'Susanna', 'os alle']",['Kristiania'],['theatret'],"['«Catilina»', '«Fru Inger»']"
86,0,den,,,,,"['Tønsbergs', 'den kære afdøde', 'Susanna', 'os alle']",['Kristiania'],['theatret'],"['«Catilina»', '«Fru Inger»']"
87,0,"20de,",,,,,"['Tønsbergs', 'den kære afdøde', 'Susanna', 'os alle']",['Kristiania'],['theatret'],"['«Catilina»', '«Fru Inger»']"
88,0,et,,,,,"['Tønsbergs', 'den kære afdøde', 'Susanna', 'os alle']",['Kristiania'],['theatret'],"['«Catilina»', '«Fru Inger»']"
89,0,"håb,",,,,,"['Tønsbergs', 'den kære afdøde', 'Susanna', 'os alle']",['Kristiania'],['theatret'],"['«Catilina»', '«Fru Inger»']"
90,0,som,,,,,"['Tønsbergs', 'den kære afdøde', 'Susanna', 'os alle']",['Kristiania'],['theatret'],"['«Catilina»', '«Fru Inger»']"
91,0,jeg,,,,,"['Tønsbergs', 'den kære afdøde', 'Susanna', 'os alle']",['Kristiania'],['theatret'],"['«Catilina»', '«Fru Inger»']"
92,0,"nu,",,,,,"['Tønsbergs', 'den kære afdøde', 'Susanna', 'os alle']",['Kristiania'],['theatret'],"['«Catilina»', '«Fru Inger»']"
93,0,på,,,,,"['Tønsbergs', 'den kære afdøde', 'Susanna', 'os alle']",['Kristiania'],['theatret'],"['«Catilina»', '«Fru Inger»']"
94,0,grund,,,,,"['Tønsbergs', 'den kære afdøde', 'Susanna', 'os alle']",['Kristiania'],['theatret'],"['«Catilina»', '«Fru Inger»']"
95,0,af,,,,,"['Tønsbergs', 'den kære afdøde', 'Susanna', 'os alle']",['Kristiania'],['theatret'],"['«Catilina»', '«Fru Inger»']"
96,0,standsning,,,,,"['Tønsbergs', 'den kære afdøde', 'Susanna', 'os alle']",['Kristiania'],['theatret'],"['«Catilina»', '«Fru Inger»']"
97,0,eller,,,,,"['Tønsbergs', 'den kære afdøde', 'Susanna', 'os alle']",['Kristiania'],['theatret'],"['«Catilina»', '«Fru Inger»']"
98,0,afbrydelse,,,,,"['Tønsbergs', 'den kære afdøde', 'Susanna', 'os alle']",['Kristiania'],['theatret'],"['«Catilina»', '«Fru Inger»']"
99,0,af,,,,,"['Tønsbergs', 'den kære afdøde', 'Susanna', 'os alle']",['Kristiania'],['theatret'],"['«Catilina»', '«Fru Inger»']"
100,0,"samfærdslen,",,,,,"['Tønsbergs', 'den kære afdøde', 'Susanna', 'os alle']",['Kristiania'],['theatret'],"['«Catilina»', '«Fru Inger»']"
101,0,må,,,,,"['Tønsbergs', 'den kære afdøde', 'Susanna', 'os alle']",['Kristiania'],['theatret'],"['«Catilina»', '«Fru Inger»']"
102,0,befrygte,,,,,"['Tønsbergs', 'den kære afdøde', 'Susanna', 'os alle']",['Kristiania'],['theatret'],"['«Catilina»', '«Fru Inger»']"
103,0,har,,,,,"['Tønsbergs', 'den kære afdøde', 'Susanna', 'os alle']",['Kristiania'],['theatret'],"['«Catilina»', '«Fru Inger»']"
104,0,været,,,,,"['Tønsbergs', 'den kære afdøde', 'Susanna', 'os alle']",['Kristiania'],['theatret'],"['«Catilina»', '«Fru Inger»']"
105,0,forgæves.,,,,,"['Tønsbergs', 'den kære afdøde', 'Susanna', 'os alle']",['Kristiania'],['theatret'],"['«Catilina»', '«Fru Inger»']"
106,0,Så,,,,,"['Tønsbergs', 'den kære afdøde', 'Susanna', 'os alle']",['Kristiania'],['theatret'],"['«Catilina»', '«Fru Inger»']"
107,0,meget,,,,,"['Tønsbergs', 'den kære afdøde', 'Susanna', 'os alle']",['Kristiania'],['theatret'],"['«Catilina»', '«Fru Inger»']"
108,0,mere,,,,,"['Tønsbergs', 'den kære afdøde', 'Susanna', 'os alle']",['Kristiania'],['theatret'],"['«Catilina»', '«Fru Inger»']"
109,0,må,,,,,"['Tønsbergs', 'den kære afdøde', 'Susanna', 'os alle']",['Kristiania'],['theatret'],"['«Catilina»', '«Fru Inger»']"
110,0,jeg,,,,,"['Tønsbergs', 'den kære afdøde', 'Susanna', 'os alle']",['Kristiania'],['theatret'],"['«Catilina»', '«Fru Inger»']"
111,0,imidlertid,,,,,"['Tønsbergs', 'den kære afdøde', 'Susanna', 'os alle']",['Kristiania'],['theatret'],"['«Catilina»', '«Fru Inger»']"
112,0,glæde,,,,,"['Tønsbergs', 'den kære afdøde', 'Susanna', 'os alle']",['Kristiania'],['theatret'],"['«Catilina»', '«Fru Inger»']"
113,0,mig,,,,,"['Tønsbergs', 'den kære afdøde', 'Susanna', 'os alle']",['Kristiania'],['theatret'],"['«Catilina»', '«Fru Inger»']"
114,0,over,,,,,"['Tønsbergs', 'den kære afdøde', 'Susanna', 'os alle']",['Kristiania'],['theatret'],"['«Catilina»', '«Fru Inger»']"
115,0,at,,,,,"['Tønsbergs', 'den kære afdøde', 'Susanna', 'os alle']",['Kristiania'],['theatret'],"['«Catilina»', '«Fru Inger»']"
116,0,"I,",,,,,"['Tønsbergs', 'den kære afdøde', 'Susanna', 'os alle']",['Kristiania'],['theatret'],"['«Catilina»', '«Fru Inger»']"
117,0,tiltrods,,,,,"['Tønsbergs', 'den kære afdøde', 'Susanna', 'os alle']",['Kristiania'],['theatret'],"['«Catilina»', '«Fru Inger»']"
118,0,for,,,,,"['Tønsbergs', 'den kære afdøde', 'Susanna', 'os alle']",['Kristiania'],['theatret'],"['«Catilina»', '«Fru Inger»']"
119,0,denne,,,,,"['Tønsbergs', 'den kære afdøde', 'Susanna', 'os alle']",['Kristiania'],['theatret'],"['«Catilina»', '«Fru Inger»']"
120,0,tilsyneladende,,,,,"['Tønsbergs', 'den kære afdøde', 'Susanna', 'os alle']",['Kristiania'],['theatret'],"['«Catilina»', '«Fru Inger»']"
121,0,uopmærksomhed,,,,,"['Tønsbergs', 'den kære afdøde', 'Susanna', 'os alle']",['Kristiania'],['theatret'],"['«Catilina»', '«Fru Inger»']"
122,0,fra,,,,,"['Tønsbergs', 'den kære afdøde', 'Susanna', 'os alle']",['Kristiania'],['theatret'],"['«Catilina»', '«Fru Inger»']"
123,0,min,,,,,"['Tønsbergs', 'den kære afdøde', 'Susanna', 'os alle']",['Kristiania'],['theatret'],"['«Catilina»', '«Fru Inger»']"
124,0,"side,",,,,,"['Tønsbergs', 'den kære afdøde', 'Susanna', 'os alle']",['Kristiania'],['theatret'],"['«Catilina»', '«Fru Inger»']"
125,0,dog,,,,,"['Tønsbergs', 'den kære afdøde', 'Susanna', 'os alle']",['Kristiania'],['theatret'],"['«Catilina»', '«Fru Inger»']"
126,0,har,,,,,"['Tønsbergs', 'den kære afdøde', 'Susanna', 'os alle']",['Kristiania'],['theatret'],"['«Catilina»', '«Fru Inger»']"
127,0,ihukommet,,,,,"['Tønsbergs', 'den kære afdøde', 'Susanna', 'os alle']",['Kristiania'],['theatret'],"['«Catilina»', '«Fru Inger»']"
128,0,og,,,,,"['Tønsbergs', 'den kære afdøde', 'Susanna', 'os alle']",['Kristiania'],['theatret'],"['«Catilina»', '«Fru Inger»']"
129,0,fejret,,,,,"['Tønsbergs', 'den kære afdøde', 'Susanna', 'os alle']",['Kristiania'],['theatret'],"['«Catilina»', '«Fru Inger»']"
130,0,dagen,,,,,"['Tønsbergs', 'den kære afdøde', 'Susanna', 'os alle']",['Kristiania'],['theatret'],"['«Catilina»', '«Fru Inger»']"
131,0,på,,,,,"['Tønsbergs', 'den kære afdøde', 'Susanna', 'os alle']",['Kristiania'],['theatret'],"['«Catilina»', '«Fru Inger»']"
132,0,en,,,,,"['Tønsbergs', 'den kære afdøde', 'Susanna', 'os alle']",['Kristiania'],['theatret'],"['«Catilina»', '«Fru Inger»']"
133,0,så,,,,,"['Tønsbergs', 'den kære afdøde', 'Susanna', 'os alle']",['Kristiania'],['theatret'],"['«Catilina»', '«Fru Inger»']"
134,0,smuk,,,,,"['Tønsbergs', 'den kære afdøde', 'Susanna', 'os alle']",['Kristiania'],['theatret'],"['«Catilina»', '«Fru Inger»']"
135,0,og,,,,,"['Tønsbergs', 'den kære afdøde', 'Susanna', 'os alle']",['Kristiania'],['theatret'],"['«Catilina»', '«Fru Inger»']"
136,0,for,,,,,"['Tønsbergs', 'den kære afdøde', 'Susanna', 'os alle']",['Kristiania'],['theatret'],"['«Catilina»', '«Fru Inger»']"
137,0,mig,,,,,"['Tønsbergs', 'den kære afdøde', 'Susanna', 'os alle']",['Kristiania'],['theatret'],"['«Catilina»', '«Fru Inger»']"
138,0,hædrende,,,,,"['Tønsbergs', 'den kære afdøde', 'Susanna', 'os alle']",['Kristiania'],['theatret'],"['«Catilina»', '«Fru Inger»']"
139,0,måde.,,,,,"['Tønsbergs', 'den kære afdøde', 'Susanna', 'os alle']",['Kristiania'],['theatret'],"['«Catilina»', '«Fru Inger»']"
140,0,Modtag,,,,,"['Tønsbergs', 'den kære afdøde', 'Susanna', 'os alle']",['Kristiania'],['theatret'],"['«Catilina»', '«Fru Inger»']"
141,0,min,,,,,"['Tønsbergs', 'den kære afdøde', 'Susanna', 'os alle']",['Kristiania'],['theatret'],"['«Catilina»', '«Fru Inger»']"
142,0,hjerteligste,,,,,"['Tønsbergs', 'den kære afdøde', 'Susanna', 'os alle']",['Kristiania'],['theatret'],"['«Catilina»', '«Fru Inger»']"
143,0,tak,,,,,"['Tønsbergs', 'den kære afdøde', 'Susanna', 'os alle']",['Kristiania'],['theatret'],"['«Catilina»', '«Fru Inger»']"
144,0,"herfor,",,,,,"['Tønsbergs', 'den kære afdøde', 'Susanna', 'os alle']",['Kristiania'],['theatret'],"['«Catilina»', '«Fru Inger»']"
145,0,og,,,,,"['Tønsbergs', 'den kære afdøde', 'Susanna', 'os alle']",['Kristiania'],['theatret'],"['«Catilina»', '«Fru Inger»']"
146,0,bring,,,,,"['Tønsbergs', 'den kære afdøde', 'Susanna', 'os alle']",['Kristiania'],['theatret'],"['«Catilina»', '«Fru Inger»']"
147,0,også,,,,,"['Tønsbergs', 'den kære afdøde', 'Susanna', 'os alle']",['Kristiania'],['theatret'],"['«Catilina»', '«Fru Inger»']"
148,0,de,,,,,"['Tønsbergs', 'den kære afdøde', 'Susanna', 'os alle']",['Kristiania'],['theatret'],"['«Catilina»', '«Fru Inger»']"
149,0,øvrige,,,,,"['Tønsbergs', 'den kære afdøde', 'Susanna', 'os alle']",['Kristiania'],['theatret'],"['«Catilina»', '«Fru Inger»']"
150,0,af,,,,,"['Tønsbergs', 'den kære afdøde', 'Susanna', 'os alle']",['Kristiania'],['theatret'],"['«Catilina»', '«Fru Inger»']"
151,0,"deltagerne,",,,,,"['Tønsbergs', 'den kære afdøde', 'Susanna', 'os alle']",['Kristiania'],['theatret'],"['«Catilina»', '«Fru Inger»']"
152,0,når,,,,,"['Tønsbergs', 'den kære afdøde', 'Susanna', 'os alle']",['Kristiania'],['theatret'],"['«Catilina»', '«Fru Inger»']"
153,0,Du,,,,,"['Tønsbergs', 'den kære afdøde', 'Susanna', 'os alle']",['Kristiania'],['theatret'],"['«Catilina»', '«Fru Inger»']"
154,0,måtte,,,,,"['Tønsbergs', 'den kære afdøde', 'Susanna', 'os alle']",['Kristiania'],['theatret'],"['«Catilina»', '«Fru Inger»']"
155,0,træffe,,,,,"['Tønsbergs', 'den kære afdøde', 'Susanna', 'os alle']",['Kristiania'],['theatret'],"['«Catilina»', '«Fru Inger»']"
156,0,"dem,",,,,,"['Tønsbergs', 'den kære afdøde', 'Susanna', 'os alle']",['Kristiania'],['theatret'],"['«Catilina»', '«Fru Inger»']"
157,0,min,,,,,"['Tønsbergs', 'den kære afdøde', 'Susanna', 'os alle']",['Kristiania'],['theatret'],"['«Catilina»', '«Fru Inger»']"
158,0,bedste,,,,,"['Tønsbergs', 'den kære afdøde', 'Susanna', 'os alle']",['Kristiania'],['theatret'],"['«Catilina»', '«Fru Inger»']"
159,0,tak,,,,,"['Tønsbergs', 'den kære afdøde', 'Susanna', 'os alle']",['Kristiania'],['theatret'],"['«Catilina»', '«Fru Inger»']"
160,0,og,,,,,"['Tønsbergs', 'den kære afdøde', 'Susanna', 'os alle']",['Kristiania'],['theatret'],"['«Catilina»', '«Fru Inger»']"
161,0,hilsen.Om,,,,,"['Tønsbergs', 'den kære afdøde', 'Susanna', 'os alle']",['Kristiania'],['theatret'],"['«Catilina»', '«Fru Inger»']"
162,0,"Dig,",,,,,"['Tønsbergs', 'den kære afdøde', 'Susanna', 'os alle']",['Kristiania'],['theatret'],"['«Catilina»', '«Fru Inger»']"
163,0,din,,,,,"['Tønsbergs', 'den kære afdøde', 'Susanna', 'os alle']",['Kristiania'],['theatret'],"['«Catilina»', '«Fru Inger»']"
164,0,udnævnelse,,,,,"['Tønsbergs', 'den kære afdøde', 'Susanna', 'os alle']",['Kristiania'],['theatret'],"['«Catilina»', '«Fru Inger»']"
165,0,og,,,,,"['Tønsbergs', 'den kære afdøde', 'Susanna', 'os alle']",['Kristiania'],['theatret'],"['«Catilina»', '«Fru Inger»']"
166,0,hvad,,,,,"['Tønsbergs', 'den kære afdøde', 'Susanna', 'os alle']",['Kristiania'],['theatret'],"['«Catilina»', '«Fru Inger»']"
167,0,dermed,,,,,"['Tønsbergs', 'den kære afdøde', 'Susanna', 'os alle']",['Kristiania'],['theatret'],"['«Catilina»', '«Fru Inger»']"
168,0,står,,,,,"['Tønsbergs', 'den kære afdøde', 'Susanna', 'os alle']",['Kristiania'],['theatret'],"['«Catilina»', '«Fru Inger»']"
169,0,i,,,,,"['Tønsbergs', 'den kære afdøde', 'Susanna', 'os alle']",['Kristiania'],['theatret'],"['«Catilina»', '«Fru Inger»']"
170,0,forbindelse,,,,,"['Tønsbergs', 'den kære afdøde', 'Susanna', 'os alle']",['Kristiania'],['theatret'],"['«Catilina»', '«Fru Inger»']"
171,0,taler,,,,,"['Tønsbergs', 'den kære afdøde', 'Susanna', 'os alle']",['Kristiania'],['theatret'],"['«Catilina»', '«Fru Inger»']"
172,0,vi,,,,,"['Tønsbergs', 'den kære afdøde', 'Susanna', 'os alle']",['Kristiania'],['theatret'],"['«Catilina»', '«Fru Inger»']"
173,0,naturligvis,,,,,"['Tønsbergs', 'den kære afdøde', 'Susanna', 'os alle']",['Kristiania'],['theatret'],"['«Catilina»', '«Fru Inger»']"
174,0,hver,,,,,"['Tønsbergs', 'den kære afdøde', 'Susanna', 'os alle']",['Kristiania'],['theatret'],"['«Catilina»', '«Fru Inger»']"
175,0,dag,,,,,"['Tønsbergs', 'den kære afdøde', 'Susanna', 'os alle']",['Kristiania'],['theatret'],"['«Catilina»', '«Fru Inger»']"
176,0,hernede.,,,,,"['Tønsbergs', 'den kære afdøde', 'Susanna', 'os alle']",['Kristiania'],['theatret'],"['«Catilina»', '«Fru Inger»']"
177,0,I,,,,,"['Tønsbergs', 'den kære afdøde', 'Susanna', 'os alle']",['Kristiania'],['theatret'],"['«Catilina»', '«Fru Inger»']"
178,0,Tønsbergs,,,,,"['Tønsbergs', 'den kære afdøde', 'Susanna', 'os alle']",['Kristiania'],['theatret'],"['«Catilina»', '«Fru Inger»']"
179,0,rejsehåndbog,,,,,"['Tønsbergs', 'den kære afdøde', 'Susanna', 'os alle']",['Kristiania'],['theatret'],"['«Catilina»', '«Fru Inger»']"
180,0,har,,,,,"['Tønsbergs', 'den kære afdøde', 'Susanna', 'os alle']",['Kristiania'],['theatret'],"['«Catilina»', '«Fru Inger»']"
181,0,vi,,,,,"['Tønsbergs', 'den kære afdøde', 'Susanna', 'os alle']",['Kristiania'],['theatret'],"['«Catilina»', '«Fru Inger»']"
182,0,søgt,,,,,"['Tønsbergs', 'den kære afdøde', 'Susanna', 'os alle']",['Kristiania'],['theatret'],"['«Catilina»', '«Fru Inger»']"
183,0,at,,,,,"['Tønsbergs', 'den kære afdøde', 'Susanna', 'os alle']",['Kristiania'],['theatret'],"['«Catilina»', '«Fru Inger»']"
184,0,orientere,,,,,"['Tønsbergs', 'den kære afdøde', 'Susanna', 'os alle']",['Kristiania'],['theatret'],"['«Catilina»', '«Fru Inger»']"
185,0,os,,,,,"['Tønsbergs', 'den kære afdøde', 'Susanna', 'os alle']",['Kristiania'],['theatret'],"['«Catilina»', '«Fru Inger»']"
186,0,angående,,,,,"['Tønsbergs', 'den kære afdøde', 'Susanna', 'os alle']",['Kristiania'],['theatret'],"['«Catilina»', '«Fru Inger»']"
187,0,dit,,,,,"['Tønsbergs', 'den kære afdøde', 'Susanna', 'os alle']",['Kristiania'],['theatret'],"['«Catilina»', '«Fru Inger»']"
188,0,"embedsdistrikt,",,,,,"['Tønsbergs', 'den kære afdøde', 'Susanna', 'os alle']",['Kristiania'],['theatret'],"['«Catilina»', '«Fru Inger»']"
189,0,og,,,,,"['Tønsbergs', 'den kære afdøde', 'Susanna', 'os alle']",['Kristiania'],['theatret'],"['«Catilina»', '«Fru Inger»']"
190,0,vi,,,,,"['Tønsbergs', 'den kære afdøde', 'Susanna', 'os alle']",['Kristiania'],['theatret'],"['«Catilina»', '«Fru Inger»']"
191,0,håber,,,,,"['Tønsbergs', 'den kære afdøde', 'Susanna', 'os alle']",['Kristiania'],['theatret'],"['«Catilina»', '«Fru Inger»']"
192,0,og,,,,,"['Tønsbergs', 'den kære afdøde', 'Susanna', 'os alle']",['Kristiania'],['theatret'],"['«Catilina»', '«Fru Inger»']"
193,0,glæder,,,,,"['Tønsbergs', 'den kære afdøde', 'Susanna', 'os alle']",['Kristiania'],['theatret'],"['«Catilina»', '«Fru Inger»']"
194,0,os,,,,,"['Tønsbergs', 'den kære afdøde', 'Susanna', 'os alle']",['Kristiania'],['theatret'],"['«Catilina»', '«Fru Inger»']"
195,0,til,,,,,"['Tønsbergs', 'den kære afdøde', 'Susanna', 'os alle']",['Kristiania'],['theatret'],"['«Catilina»', '«Fru Inger»']"
196,0,at,,,,,"['Tønsbergs', 'den kære afdøde', 'Susanna', 'os alle']",['Kristiania'],['theatret'],"['«Catilina»', '«Fru Inger»']"
197,0,Du,,,,,"['Tønsbergs', 'den kære afdøde', 'Susanna', 'os alle']",['Kristiania'],['theatret'],"['«Catilina»', '«Fru Inger»']"
198,0,går,,,,,"['Tønsbergs', 'den kære afdøde', 'Susanna', 'os alle']",['Kristiania'],['theatret'],"['«Catilina»', '«Fru Inger»']"
199,0,en,,,,,"['Tønsbergs', 'den kære afdøde', 'Susanna', 'os alle']",['Kristiania'],['theatret'],"['«Catilina»', '«Fru Inger»']"
200,0,behagelig,,,,,"['Tønsbergs', 'den kære afdøde', 'Susanna', 'os alle']",['Kristiania'],['theatret'],"['«Catilina»', '«Fru Inger»']"
201,0,fremtid,,,,,"['Tønsbergs', 'den kære afdøde', 'Susanna', 'os alle']",['Kristiania'],['theatret'],"['«Catilina»', '«Fru Inger»']"
202,0,imøde.,,,,,"['Tønsbergs', 'den kære afdøde', 'Susanna', 'os alle']",['Kristiania'],['theatret'],"['«Catilina»', '«Fru Inger»']"
203,0,Stillingen,,,,,"['Tønsbergs', 'den kære afdøde', 'Susanna', 'os alle']",['Kristiania'],['theatret'],"['«Catilina»', '«Fru Inger»']"
204,0,må,,,,,"['Tønsbergs', 'den kære afdøde', 'Susanna', 'os alle']",['Kristiania'],['theatret'],"['«Catilina»', '«Fru Inger»']"
205,0,jo,,,,,"['Tønsbergs', 'den kære afdøde', 'Susanna', 'os alle']",['Kristiania'],['theatret'],"['«Catilina»', '«Fru Inger»']"
206,0,betragtes,,,,,"['Tønsbergs', 'den kære afdøde', 'Susanna', 'os alle']",['Kristiania'],['theatret'],"['«Catilina»', '«Fru Inger»']"
207,0,som,,,,,"['Tønsbergs', 'den kære afdøde', 'Susanna', 'os alle']",['Kristiania'],['theatret'],"['«Catilina»', '«Fru Inger»']"
208,0,en,,,,,"['Tønsbergs', 'den kære afdøde', 'Susanna', 'os alle']",['Kristiania'],['theatret'],"['«Catilina»', '«Fru Inger»']"
209,0,af,,,,,"['Tønsbergs', 'den kære afdøde', 'Susanna', 'os alle']",['Kristiania'],['theatret'],"['«Catilina»', '«Fru Inger»']"
210,0,de,,,,,"['Tønsbergs', 'den kære afdøde', 'Susanna', 'os alle']",['Kristiania'],['theatret'],"['«Catilina»', '«Fru Inger»']"
211,0,"uafhængigste,",,,,,"['Tønsbergs', 'den kære afdøde', 'Susanna', 'os alle']",['Kristiania'],['theatret'],"['«Catilina»', '«Fru Inger»']"
212,0,en,,,,,"['Tønsbergs', 'den kære afdøde', 'Susanna', 'os alle']",['Kristiania'],['theatret'],"['«Catilina»', '«Fru Inger»']"
213,0,embedsmand,,,,,"['Tønsbergs', 'den kære afdøde', 'Susanna', 'os alle']",['Kristiania'],['theatret'],"['«Catilina»', '«Fru Inger»']"
214,0,kan,,,,,"['Tønsbergs', 'den kære afdøde', 'Susanna', 'os alle']",['Kristiania'],['theatret'],"['«Catilina»', '«Fru Inger»']"
215,0,"beklæde,",,,,,"['Tønsbergs', 'den kære afdøde', 'Susanna', 'os alle']",['Kristiania'],['theatret'],"['«Catilina»', '«Fru Inger»']"
216,0,og,,,,,"['Tønsbergs', 'den kære afdøde', 'Susanna', 'os alle']",['Kristiania'],['theatret'],"['«Catilina»', '«Fru Inger»']"
217,0,dette,,,,,"['Tønsbergs', 'den kære afdøde', 'Susanna', 'os alle']",['Kristiania'],['theatret'],"['«Catilina»', '«Fru Inger»']"
218,0,er,,,,,"['Tønsbergs', 'den kære afdøde', 'Susanna', 'os alle']",['Kristiania'],['theatret'],"['«Catilina»', '«Fru Inger»']"
219,0,en,,,,,"['Tønsbergs', 'den kære afdøde', 'Susanna', 'os alle']",['Kristiania'],['theatret'],"['«Catilina»', '«Fru Inger»']"
220,0,fordel,,,,,"['Tønsbergs', 'den kære afdøde', 'Susanna', 'os alle']",['Kristiania'],['theatret'],"['«Catilina»', '«Fru Inger»']"
221,0,som,,,,,"['Tønsbergs', 'den kære afdøde', 'Susanna', 'os alle']",['Kristiania'],['theatret'],"['«Catilina»', '«Fru Inger»']"
222,0,ikke,,,,,"['Tønsbergs', 'den kære afdøde', 'Susanna', 'os alle']",['Kristiania'],['theatret'],"['«Catilina»', '«Fru Inger»']"
223,0,kan,,,,,"['Tønsbergs', 'den kære afdøde', 'Susanna', 'os alle']",['Kristiania'],['theatret'],"['«Catilina»', '«Fru Inger»']"
224,0,skattes,,,,,"['Tønsbergs', 'den kære afdøde', 'Susanna', 'os alle']",['Kristiania'],['theatret'],"['«Catilina»', '«Fru Inger»']"
225,0,højt,,,,,"['Tønsbergs', 'den kære afdøde', 'Susanna', 'os alle']",['Kristiania'],['theatret'],"['«Catilina»', '«Fru Inger»']"
226,0,nok.,,,,,"['Tønsbergs', 'den kære afdøde', 'Susanna', 'os alle']",['Kristiania'],['theatret'],"['«Catilina»', '«Fru Inger»']"
227,0,Kristiania,,,,,"['Tønsbergs', 'den kære afdøde', 'Susanna', 'os alle']",['Kristiania'],['theatret'],"['«Catilina»', '«Fru Inger»']"
228,0,vil,,,,,"['Tønsbergs', 'den kære afdøde', 'Susanna', 'os alle']",['Kristiania'],['theatret'],"['«Catilina»', '«Fru Inger»']"
229,0,Du,,,,,"['Tønsbergs', 'den kære afdøde', 'Susanna', 'os alle']",['Kristiania'],['theatret'],"['«Catilina»', '«Fru Inger»']"
230,0,vistnok,,,,,"['Tønsbergs', 'den kære afdøde', 'Susanna', 'os alle']",['Kristiania'],['theatret'],"['«Catilina»', '«Fru Inger»']"
231,0,i,,,,,"['Tønsbergs', 'den kære afdøde', 'Susanna', 'os alle']",['Kristiania'],['theatret'],"['«Catilina»', '«Fru Inger»']"
232,0,flere,,,,,"['Tønsbergs', 'den kære afdøde', 'Susanna', 'os alle']",['Kristiania'],['theatret'],"['«Catilina»', '«Fru Inger»']"
233,0,henseender,,,,,"['Tønsbergs', 'den kære afdøde', 'Susanna', 'os alle']",['Kristiania'],['theatret'],"['«Catilina»', '«Fru Inger»']"
234,0,komme,,,,,"['Tønsbergs', 'den kære afdøde', 'Susanna', 'os alle']",['Kristiania'],['theatret'],"['«Catilina»', '«Fru Inger»']"
235,0,til,,,,,"['Tønsbergs', 'den kære afdøde', 'Susanna', 'os alle']",['Kristiania'],['theatret'],"['«Catilina»', '«Fru Inger»']"
236,0,at,,,,,"['Tønsbergs', 'den kære afdøde', 'Susanna', 'os alle']",['Kristiania'],['theatret'],"['«Catilina»', '«Fru Inger»']"
237,0,savne;,,,,,"['Tønsbergs', 'den kære afdøde', 'Susanna', 'os alle']",['Kristiania'],['theatret'],"['«Catilina»', '«Fru Inger»']"
238,0,men,,,,,"['Tønsbergs', 'den kære afdøde', 'Susanna', 'os alle']",['Kristiania'],['theatret'],"['«Catilina»', '«Fru Inger»']"
239,0,kommunikationsmidlerne,,,,,"['Tønsbergs', 'den kære afdøde', 'Susanna', 'os alle']",['Kristiania'],['theatret'],"['«Catilina»', '«Fru Inger»']"
240,0,forbedres,,,,,"['Tønsbergs', 'den kære afdøde', 'Susanna', 'os alle']",['Kristiania'],['theatret'],"['«Catilina»', '«Fru Inger»']"
241,0,jo,,,,,"['Tønsbergs', 'den kære afdøde', 'Susanna', 'os alle']",['Kristiania'],['theatret'],"['«Catilina»', '«Fru Inger»']"
242,0,"stadigt,",,,,,"['Tønsbergs', 'den kære afdøde', 'Susanna', 'os alle']",['Kristiania'],['theatret'],"['«Catilina»', '«Fru Inger»']"
243,0,og,,,,,"['Tønsbergs', 'den kære afdøde', 'Susanna', 'os alle']",['Kristiania'],['theatret'],"['«Catilina»', '«Fru Inger»']"
244,0,var,,,,,"['Tønsbergs', 'den kære afdøde', 'Susanna', 'os alle']",['Kristiania'],['theatret'],"['«Catilina»', '«Fru Inger»']"
245,0,det,,,,,"['Tønsbergs', 'den kære afdøde', 'Susanna', 'os alle']",['Kristiania'],['theatret'],"['«Catilina»', '«Fru Inger»']"
246,0,Dig,,,,,"['Tønsbergs', 'den kære afdøde', 'Susanna', 'os alle']",['Kristiania'],['theatret'],"['«Catilina»', '«Fru Inger»']"
247,0,muligt,,,,,"['Tønsbergs', 'den kære afdøde', 'Susanna', 'os alle']",['Kristiania'],['theatret'],"['«Catilina»', '«Fru Inger»']"
248,0,at,,,,,"['Tønsbergs', 'den kære afdøde', 'Susanna', 'os alle']",['Kristiania'],['theatret'],"['«Catilina»', '«Fru Inger»']"
249,0,indrette,,,,,"['Tønsbergs', 'den kære afdøde', 'Susanna', 'os alle']",['Kristiania'],['theatret'],"['«Catilina»', '«Fru Inger»']"
250,0,Dig,,,,,"['Tønsbergs', 'den kære afdøde', 'Susanna', 'os alle']",['Kristiania'],['theatret'],"['«Catilina»', '«Fru Inger»']"
251,0,så,,,,,"['Tønsbergs', 'den kære afdøde', 'Susanna', 'os alle']",['Kristiania'],['theatret'],"['«Catilina»', '«Fru Inger»']"
252,0,at,,,,,"['Tønsbergs', 'den kære afdøde', 'Susanna', 'os alle']",['Kristiania'],['theatret'],"['«Catilina»', '«Fru Inger»']"
253,0,Du,,,,,"['Tønsbergs', 'den kære afdøde', 'Susanna', 'os alle']",['Kristiania'],['theatret'],"['«Catilina»', '«Fru Inger»']"
254,0,hver,,,,,"['Tønsbergs', 'den kære afdøde', 'Susanna', 'os alle']",['Kristiania'],['theatret'],"['«Catilina»', '«Fru Inger»']"
255,0,sommer,,,,,"['Tønsbergs', 'den kære afdøde', 'Susanna', 'os alle']",['Kristiania'],['theatret'],"['«Catilina»', '«Fru Inger»']"
256,0,kunde,,,,,"['Tønsbergs', 'den kære afdøde', 'Susanna', 'os alle']",['Kristiania'],['theatret'],"['«Catilina»', '«Fru Inger»']"
257,0,foretage,,,,,"['Tønsbergs', 'den kære afdøde', 'Susanna', 'os alle']",['Kristiania'],['theatret'],"['«Catilina»', '«Fru Inger»']"
258,0,en,,,,,"['Tønsbergs', 'den kære afdøde', 'Susanna', 'os alle']",['Kristiania'],['theatret'],"['«Catilina»', '«Fru Inger»']"
259,0,udflugt,,,,,"['Tønsbergs', 'den kære afdøde', 'Susanna', 'os alle']",['Kristiania'],['theatret'],"['«Catilina»', '«Fru Inger»']"
260,0,til,,,,,"['Tønsbergs', 'den kære afdøde', 'Susanna', 'os alle']",['Kristiania'],['theatret'],"['«Catilina»', '«Fru Inger»']"
261,0,"udlandet,",,,,,"['Tønsbergs', 'den kære afdøde', 'Susanna', 'os alle']",['Kristiania'],['theatret'],"['«Catilina»', '«Fru Inger»']"
262,0,da,,,,,"['Tønsbergs', 'den kære afdøde', 'Susanna', 'os alle']",['Kristiania'],['theatret'],"['«Catilina»', '«Fru Inger»']"
263,0,vilde,,,,,"['Tønsbergs', 'den kære afdøde', 'Susanna', 'os alle']",['Kristiania'],['theatret'],"['«Catilina»', '«Fru Inger»']"
264,0,Du,,,,,"['Tønsbergs', 'den kære afdøde', 'Susanna', 'os alle']",['Kristiania'],['theatret'],"['«Catilina»', '«Fru Inger»']"
265,0,sikkerlig,,,,,"['Tønsbergs', 'den kære afdøde', 'Susanna', 'os alle']",['Kristiania'],['theatret'],"['«Catilina»', '«Fru Inger»']"
266,0,derfra,,,,,"['Tønsbergs', 'den kære afdøde', 'Susanna', 'os alle']",['Kristiania'],['theatret'],"['«Catilina»', '«Fru Inger»']"
267,0,hjembringe,,,,,"['Tønsbergs', 'den kære afdøde', 'Susanna', 'os alle']",['Kristiania'],['theatret'],"['«Catilina»', '«Fru Inger»']"
268,0,et,,,,,"['Tønsbergs', 'den kære afdøde', 'Susanna', 'os alle']",['Kristiania'],['theatret'],"['«Catilina»', '«Fru Inger»']"
269,0,fond,,,,,"['Tønsbergs', 'den kære afdøde', 'Susanna', 'os alle']",['Kristiania'],['theatret'],"['«Catilina»', '«Fru Inger»']"
270,0,af,,,,,"['Tønsbergs', 'den kære afdøde', 'Susanna', 'os alle']",['Kristiania'],['theatret'],"['«Catilina»', '«Fru Inger»']"
271,0,indtryk,,,,,"['Tønsbergs', 'den kære afdøde', 'Susanna', 'os alle']",['Kristiania'],['theatret'],"['«Catilina»', '«Fru Inger»']"
272,0,og,,,,,"['Tønsbergs', 'den kære afdøde', 'Susanna', 'os alle']",['Kristiania'],['theatret'],"['«Catilina»', '«Fru Inger»']"
273,0,"erindringer,",,,,,"['Tønsbergs', 'den kære afdøde', 'Susanna', 'os alle']",['Kristiania'],['theatret'],"['«Catilina»', '«Fru Inger»']"
274,0,som,,,,,"['Tønsbergs', 'den kære afdøde', 'Susanna', 'os alle']",['Kristiania'],['theatret'],"['«Catilina»', '«Fru Inger»']"
275,0,mere,,,,,"['Tønsbergs', 'den kære afdøde', 'Susanna', 'os alle']",['Kristiania'],['theatret'],"['«Catilina»', '«Fru Inger»']"
276,0,end,,,,,"['Tønsbergs', 'den kære afdøde', 'Susanna', 'os alle']",['Kristiania'],['theatret'],"['«Catilina»', '«Fru Inger»']"
277,0,alt,,,,,"['Tønsbergs', 'den kære afdøde', 'Susanna', 'os alle']",['Kristiania'],['theatret'],"['«Catilina»', '«Fru Inger»']"
278,0,andet,,,,,"['Tønsbergs', 'den kære afdøde', 'Susanna', 'os alle']",['Kristiania'],['theatret'],"['«Catilina»', '«Fru Inger»']"
279,0,vilde,,,,,"['Tønsbergs', 'den kære afdøde', 'Susanna', 'os alle']",['Kristiania'],['theatret'],"['«Catilina»', '«Fru Inger»']"
280,0,sætte,,,,,"['Tønsbergs', 'den kære afdøde', 'Susanna', 'os alle']",['Kristiania'],['theatret'],"['«Catilina»', '«Fru Inger»']"
281,0,Dig,,,,,"['Tønsbergs', 'den kære afdøde', 'Susanna', 'os alle']",['Kristiania'],['theatret'],"['«Catilina»', '«Fru Inger»']"
282,0,istand,,,,,"['Tønsbergs', 'den kære afdøde', 'Susanna', 'os alle']",['Kristiania'],['theatret'],"['«Catilina»', '«Fru Inger»']"
283,0,til,,,,,"['Tønsbergs', 'den kære afdøde', 'Susanna', 'os alle']",['Kristiania'],['theatret'],"['«Catilina»', '«Fru Inger»']"
284,0,at,,,,,"['Tønsbergs', 'den kære afdøde', 'Susanna', 'os alle']",['Kristiania'],['theatret'],"['«Catilina»', '«Fru Inger»']"
285,0,bære,,,,,"['Tønsbergs', 'den kære afdøde', 'Susanna', 'os alle']",['Kristiania'],['theatret'],"['«Catilina»', '«Fru Inger»']"
286,0,den,,,,,"['Tønsbergs', 'den kære afdøde', 'Susanna', 'os alle']",['Kristiania'],['theatret'],"['«Catilina»', '«Fru Inger»']"
287,0,"ensomhed,",,,,,"['Tønsbergs', 'den kære afdøde', 'Susanna', 'os alle']",['Kristiania'],['theatret'],"['«Catilina»', '«Fru Inger»']"
288,0,som,,,,,"['Tønsbergs', 'den kære afdøde', 'Susanna', 'os alle']",['Kristiania'],['theatret'],"['«Catilina»', '«Fru Inger»']"
289,0,jo,,,,,"['Tønsbergs', 'den kære afdøde', 'Susanna', 'os alle']",['Kristiania'],['theatret'],"['«Catilina»', '«Fru Inger»']"
290,0,hos,,,,,"['Tønsbergs', 'den kære afdøde', 'Susanna', 'os alle']",['Kristiania'],['theatret'],"['«Catilina»', '«Fru Inger»']"
291,0,os,,,,,"['Tønsbergs', 'den kære afdøde', 'Susanna', 'os alle']",['Kristiania'],['theatret'],"['«Catilina»', '«Fru Inger»']"
292,0,er,,,,,"['Tønsbergs', 'den kære afdøde', 'Susanna', 'os alle']",['Kristiania'],['theatret'],"['«Catilina»', '«Fru Inger»']"
293,0,uadskillelig,,,,,"['Tønsbergs', 'den kære afdøde', 'Susanna', 'os alle']",['Kristiania'],['theatret'],"['«Catilina»', '«Fru Inger»']"
294,0,forbunden,,,,,"['Tønsbergs', 'den kære afdøde', 'Susanna', 'os alle']",['Kristiania'],['theatret'],"['«Catilina»', '«Fru Inger»']"
295,0,med,,,,,"['Tønsbergs', 'den kære afdøde', 'Susanna', 'os alle']",['Kristiania'],['theatret'],"['«Catilina»', '«Fru Inger»']"
296,0,opholdet,,,,,"['Tønsbergs', 'den kære afdøde', 'Susanna', 'os alle']",['Kristiania'],['theatret'],"['«Catilina»', '«Fru Inger»']"
297,0,på,,,,,"['Tønsbergs', 'den kære afdøde', 'Susanna', 'os alle']",['Kristiania'],['theatret'],"['«Catilina»', '«Fru Inger»']"
298,0,landet.,,,,,"['Tønsbergs', 'den kære afdøde', 'Susanna', 'os alle']",['Kristiania'],['theatret'],"['«Catilina»', '«Fru Inger»']"
299,0,At,,,,,"['Tønsbergs', 'den kære afdøde', 'Susanna', 'os alle']",['Kristiania'],['theatret'],"['«Catilina»', '«Fru Inger»']"
300,0,der,,,,,"['Tønsbergs', 'den kære afdøde', 'Susanna', 'os alle']",['Kristiania'],['theatret'],"['«Catilina»', '«Fru Inger»']"
301,0,i,,,,,"['Tønsbergs', 'den kære afdøde', 'Susanna', 'os alle']",['Kristiania'],['theatret'],"['«Catilina»', '«Fru Inger»']"
302,0,denne,,,,,"['Tønsbergs', 'den kære afdøde', 'Susanna', 'os alle']",['Kristiania'],['theatret'],"['«Catilina»', '«Fru Inger»']"
303,0,betragtning,,,,,"['Tønsbergs', 'den kære afdøde', 'Susanna', 'os alle']",['Kristiania'],['theatret'],"['«Catilina»', '«Fru Inger»']"
304,0,indblander,,,,,"['Tønsbergs', 'den kære afdøde', 'Susanna', 'os alle']",['Kristiania'],['theatret'],"['«Catilina»', '«Fru Inger»']"
305,0,sig,,,,,"['Tønsbergs', 'den kære afdøde', 'Susanna', 'os alle']",['Kristiania'],['theatret'],"['«Catilina»', '«Fru Inger»']"
306,0,en,,,,,"['Tønsbergs', 'den kære afdøde', 'Susanna', 'os alle']",['Kristiania'],['theatret'],"['«Catilina»', '«Fru Inger»']"
307,0,liden,,,,,"['Tønsbergs', 'den kære afdøde', 'Susanna', 'os alle']",['Kristiania'],['theatret'],"['«Catilina»', '«Fru Inger»']"
308,0,smule,,,,,"['Tønsbergs', 'den kære afdøde', 'Susanna', 'os alle']",['Kristiania'],['theatret'],"['«Catilina»', '«Fru Inger»']"
309,0,egoisme,,,,,"['Tønsbergs', 'den kære afdøde', 'Susanna', 'os alle']",['Kristiania'],['theatret'],"['«Catilina»', '«Fru Inger»']"
310,0,fra,,,,,"['Tønsbergs', 'den kære afdøde', 'Susanna', 'os alle']",['Kristiania'],['theatret'],"['«Catilina»', '«Fru Inger»']"
311,0,vor,,,,,"['Tønsbergs', 'den kære afdøde', 'Susanna', 'os alle']",['Kristiania'],['theatret'],"['«Catilina»', '«Fru Inger»']"
312,0,"side,",,,,,"['Tønsbergs', 'den kære afdøde', 'Susanna', 'os alle']",['Kristiania'],['theatret'],"['«Catilina»', '«Fru Inger»']"
313,0,vil,,,,,"['Tønsbergs', 'den kære afdøde', 'Susanna', 'os alle']",['Kristiania'],['theatret'],"['«Catilina»', '«Fru Inger»']"
314,0,Du,,,,,"['Tønsbergs', 'den kære afdøde', 'Susanna', 'os alle']",['Kristiania'],['theatret'],"['«Catilina»', '«Fru Inger»']"
315,0,ikke,,,,,"['Tønsbergs', 'den kære afdøde', 'Susanna', 'os alle']",['Kristiania'],['theatret'],"['«Catilina»', '«Fru Inger»']"
316,0,fortænke,,,,,"['Tønsbergs', 'den kære afdøde', 'Susanna', 'os alle']",['Kristiania'],['theatret'],"['«Catilina»', '«Fru Inger»']"
317,0,os,,,,,"['Tønsbergs', 'den kære afdøde', 'Susanna', 'os alle']",['Kristiania'],['theatret'],"['«Catilina»', '«Fru Inger»']"
318,0,i;,,,,,"['Tønsbergs', 'den kære afdøde', 'Susanna', 'os alle']",['Kristiania'],['theatret'],"['«Catilina»', '«Fru Inger»']"
319,0,intet,,,,,"['Tønsbergs', 'den kære afdøde', 'Susanna', 'os alle']",['Kristiania'],['theatret'],"['«Catilina»', '«Fru Inger»']"
320,0,kunde,,,,,"['Tønsbergs', 'den kære afdøde', 'Susanna', 'os alle']",['Kristiania'],['theatret'],"['«Catilina»', '«Fru Inger»']"
321,0,være,,,,,"['Tønsbergs', 'den kære afdøde', 'Susanna', 'os alle']",['Kristiania'],['theatret'],"['«Catilina»', '«Fru Inger»']"
322,0,os,,,,,"['Tønsbergs', 'den kære afdøde', 'Susanna', 'os alle']",['Kristiania'],['theatret'],"['«Catilina»', '«Fru Inger»']"
323,0,kærere,,,,,"['Tønsbergs', 'den kære afdøde', 'Susanna', 'os alle']",['Kristiania'],['theatret'],"['«Catilina»', '«Fru Inger»']"
324,0,end,,,,,"['Tønsbergs', 'den kære afdøde', 'Susanna', 'os alle']",['Kristiania'],['theatret'],"['«Catilina»', '«Fru Inger»']"
325,0,fra,,,,,"['Tønsbergs', 'den kære afdøde', 'Susanna', 'os alle']",['Kristiania'],['theatret'],"['«Catilina»', '«Fru Inger»']"
326,0,og,,,,,"['Tønsbergs', 'den kære afdøde', 'Susanna', 'os alle']",['Kristiania'],['theatret'],"['«Catilina»', '«Fru Inger»']"
327,0,til,,,,,"['Tønsbergs', 'den kære afdøde', 'Susanna', 'os alle']",['Kristiania'],['theatret'],"['«Catilina»', '«Fru Inger»']"
328,0,at,,,,,"['Tønsbergs', 'den kære afdøde', 'Susanna', 'os alle']",['Kristiania'],['theatret'],"['«Catilina»', '«Fru Inger»']"
329,0,se,,,,,"['Tønsbergs', 'den kære afdøde', 'Susanna', 'os alle']",['Kristiania'],['theatret'],"['«Catilina»', '«Fru Inger»']"
330,0,Dig,,,,,"['Tønsbergs', 'den kære afdøde', 'Susanna', 'os alle']",['Kristiania'],['theatret'],"['«Catilina»', '«Fru Inger»']"
331,0,hos,,,,,"['Tønsbergs', 'den kære afdøde', 'Susanna', 'os alle']",['Kristiania'],['theatret'],"['«Catilina»', '«Fru Inger»']"
332,0,"os,",,,,,"['Tønsbergs', 'den kære afdøde', 'Susanna', 'os alle']",['Kristiania'],['theatret'],"['«Catilina»', '«Fru Inger»']"
333,0,og,,,,,"['Tønsbergs', 'den kære afdøde', 'Susanna', 'os alle']",['Kristiania'],['theatret'],"['«Catilina»', '«Fru Inger»']"
334,0,den,,,,,"['Tønsbergs', 'den kære afdøde', 'Susanna', 'os alle']",['Kristiania'],['theatret'],"['«Catilina»', '«Fru Inger»']"
335,0,"mulighed,",,,,,"['Tønsbergs', 'den kære afdøde', 'Susanna', 'os alle']",['Kristiania'],['theatret'],"['«Catilina»', '«Fru Inger»']"
336,0,som,,,,,"['Tønsbergs', 'den kære afdøde', 'Susanna', 'os alle']",['Kristiania'],['theatret'],"['«Catilina»', '«Fru Inger»']"
337,0,Du,,,,,"['Tønsbergs', 'den kære afdøde', 'Susanna', 'os alle']",['Kristiania'],['theatret'],"['«Catilina»', '«Fru Inger»']"
338,0,i,,,,,"['Tønsbergs', 'den kære afdøde', 'Susanna', 'os alle']",['Kristiania'],['theatret'],"['«Catilina»', '«Fru Inger»']"
339,0,så,,,,,"['Tønsbergs', 'den kære afdøde', 'Susanna', 'os alle']",['Kristiania'],['theatret'],"['«Catilina»', '«Fru Inger»']"
340,0,henseende,,,,,"['Tønsbergs', 'den kære afdøde', 'Susanna', 'os alle']",['Kristiania'],['theatret'],"['«Catilina»', '«Fru Inger»']"
341,0,stiller,,,,,"['Tønsbergs', 'den kære afdøde', 'Susanna', 'os alle']",['Kristiania'],['theatret'],"['«Catilina»', '«Fru Inger»']"
342,0,os,,,,,"['Tønsbergs', 'den kære afdøde', 'Susanna', 'os alle']",['Kristiania'],['theatret'],"['«Catilina»', '«Fru Inger»']"
343,0,i,,,,,"['Tønsbergs', 'den kære afdøde', 'Susanna', 'os alle']",['Kristiania'],['theatret'],"['«Catilina»', '«Fru Inger»']"
344,0,udsigt,,,,,"['Tønsbergs', 'den kære afdøde', 'Susanna', 'os alle']",['Kristiania'],['theatret'],"['«Catilina»', '«Fru Inger»']"
345,0,for,,,,,"['Tønsbergs', 'den kære afdøde', 'Susanna', 'os alle']",['Kristiania'],['theatret'],"['«Catilina»', '«Fru Inger»']"
346,0,det,,,,,"['Tønsbergs', 'den kære afdøde', 'Susanna', 'os alle']",['Kristiania'],['theatret'],"['«Catilina»', '«Fru Inger»']"
347,0,kommende,,,,,"['Tønsbergs', 'den kære afdøde', 'Susanna', 'os alle']",['Kristiania'],['theatret'],"['«Catilina»', '«Fru Inger»']"
348,0,"år,",,,,,"['Tønsbergs', 'den kære afdøde', 'Susanna', 'os alle']",['Kristiania'],['theatret'],"['«Catilina»', '«Fru Inger»']"
349,0,glæder,,,,,"['Tønsbergs', 'den kære afdøde', 'Susanna', 'os alle']",['Kristiania'],['theatret'],"['«Catilina»', '«Fru Inger»']"
350,0,vi,,,,,"['Tønsbergs', 'den kære afdøde', 'Susanna', 'os alle']",['Kristiania'],['theatret'],"['«Catilina»', '«Fru Inger»']"
351,0,os,,,,,"['Tønsbergs', 'den kære afdøde', 'Susanna', 'os alle']",['Kristiania'],['theatret'],"['«Catilina»', '«Fru Inger»']"
352,0,af,,,,,"['Tønsbergs', 'den kære afdøde', 'Susanna', 'os alle']",['Kristiania'],['theatret'],"['«Catilina»', '«Fru Inger»']"
353,0,ganske,,,,,"['Tønsbergs', 'den kære afdøde', 'Susanna', 'os alle']",['Kristiania'],['theatret'],"['«Catilina»', '«Fru Inger»']"
354,0,hjerte,,,,,"['Tønsbergs', 'den kære afdøde', 'Susanna', 'os alle']",['Kristiania'],['theatret'],"['«Catilina»', '«Fru Inger»']"
355,0,til,,,,,"['Tønsbergs', 'den kære afdøde', 'Susanna', 'os alle']",['Kristiania'],['theatret'],"['«Catilina»', '«Fru Inger»']"
356,0,at,,,,,"['Tønsbergs', 'den kære afdøde', 'Susanna', 'os alle']",['Kristiania'],['theatret'],"['«Catilina»', '«Fru Inger»']"
357,0,se,,,,,"['Tønsbergs', 'den kære afdøde', 'Susanna', 'os alle']",['Kristiania'],['theatret'],"['«Catilina»', '«Fru Inger»']"
358,0,realiseret.,,,,,"['Tønsbergs', 'den kære afdøde', 'Susanna', 'os alle']",['Kristiania'],['theatret'],"['«Catilina»', '«Fru Inger»']"
359,0,–,,,,,"['Tønsbergs', 'den kære afdøde', 'Susanna', 'os alle']",['Kristiania'],['theatret'],"['«Catilina»', '«Fru Inger»']"
360,0,Og,,,,,"['Tønsbergs', 'den kære afdøde', 'Susanna', 'os alle']",['Kristiania'],['theatret'],"['«Catilina»', '«Fru Inger»']"
361,0,så,,,,,"['Tønsbergs', 'den kære afdøde', 'Susanna', 'os alle']",['Kristiania'],['theatret'],"['«Catilina»', '«Fru Inger»']"
362,0,håber,,,,,"['Tønsbergs', 'den kære afdøde', 'Susanna', 'os alle']",['Kristiania'],['theatret'],"['«Catilina»', '«Fru Inger»']"
363,0,og,,,,,"['Tønsbergs', 'den kære afdøde', 'Susanna', 'os alle']",['Kristiania'],['theatret'],"['«Catilina»', '«Fru Inger»']"
364,0,ønsker,,,,,"['Tønsbergs', 'den kære afdøde', 'Susanna', 'os alle']",['Kristiania'],['theatret'],"['«Catilina»', '«Fru Inger»']"
365,0,jeg,,,,,"['Tønsbergs', 'den kære afdøde', 'Susanna', 'os alle']",['Kristiania'],['theatret'],"['«Catilina»', '«Fru Inger»']"
366,0,da,,,,,"['Tønsbergs', 'den kære afdøde', 'Susanna', 'os alle']",['Kristiania'],['theatret'],"['«Catilina»', '«Fru Inger»']"
367,0,at,,,,,"['Tønsbergs', 'den kære afdøde', 'Susanna', 'os alle']",['Kristiania'],['theatret'],"['«Catilina»', '«Fru Inger»']"
368,0,Du,,,,,"['Tønsbergs', 'den kære afdøde', 'Susanna', 'os alle']",['Kristiania'],['theatret'],"['«Catilina»', '«Fru Inger»']"
369,0,under,,,,,"['Tønsbergs', 'den kære afdøde', 'Susanna', 'os alle']",['Kristiania'],['theatret'],"['«Catilina»', '«Fru Inger»']"
370,0,lykkelige,,,,,"['Tønsbergs', 'den kære afdøde', 'Susanna', 'os alle']",['Kristiania'],['theatret'],"['«Catilina»', '«Fru Inger»']"
371,0,auspicier,,,,,"['Tønsbergs', 'den kære afdøde', 'Susanna', 'os alle']",['Kristiania'],['theatret'],"['«Catilina»', '«Fru Inger»']"
372,0,må,,,,,"['Tønsbergs', 'den kære afdøde', 'Susanna', 'os alle']",['Kristiania'],['theatret'],"['«Catilina»', '«Fru Inger»']"
373,0,tiltræde,,,,,"['Tønsbergs', 'den kære afdøde', 'Susanna', 'os alle']",['Kristiania'],['theatret'],"['«Catilina»', '«Fru Inger»']"
374,0,din,,,,,"['Tønsbergs', 'den kære afdøde', 'Susanna', 'os alle']",['Kristiania'],['theatret'],"['«Catilina»', '«Fru Inger»']"
375,0,nye,,,,,"['Tønsbergs', 'den kære afdøde', 'Susanna', 'os alle']",['Kristiania'],['theatret'],"['«Catilina»', '«Fru Inger»']"
376,0,stilling!Tør,,,,,"['Tønsbergs', 'den kære afdøde', 'Susanna', 'os alle']",['Kristiania'],['theatret'],"['«Catilina»', '«Fru Inger»']"
377,0,jeg,,,,,"['Tønsbergs', 'den kære afdøde', 'Susanna', 'os alle']",['Kristiania'],['theatret'],"['«Catilina»', '«Fru Inger»']"
378,0,så,,,,,"['Tønsbergs', 'den kære afdøde', 'Susanna', 'os alle']",['Kristiania'],['theatret'],"['«Catilina»', '«Fru Inger»']"
379,0,endnu,,,,,"['Tønsbergs', 'den kære afdøde', 'Susanna', 'os alle']",['Kristiania'],['theatret'],"['«Catilina»', '«Fru Inger»']"
380,0,"engang,",,,,,"['Tønsbergs', 'den kære afdøde', 'Susanna', 'os alle']",['Kristiania'],['theatret'],"['«Catilina»', '«Fru Inger»']"
381,0,til,,,,,"['Tønsbergs', 'den kære afdøde', 'Susanna', 'os alle']",['Kristiania'],['theatret'],"['«Catilina»', '«Fru Inger»']"
382,0,"slutning,",,,,,"['Tønsbergs', 'den kære afdøde', 'Susanna', 'os alle']",['Kristiania'],['theatret'],"['«Catilina»', '«Fru Inger»']"
383,0,lægge,,,,,"['Tønsbergs', 'den kære afdøde', 'Susanna', 'os alle']",['Kristiania'],['theatret'],"['«Catilina»', '«Fru Inger»']"
384,0,beslag,,,,,"['Tønsbergs', 'den kære afdøde', 'Susanna', 'os alle']",['Kristiania'],['theatret'],"['«Catilina»', '«Fru Inger»']"
385,0,på,,,,,"['Tønsbergs', 'den kære afdøde', 'Susanna', 'os alle']",['Kristiania'],['theatret'],"['«Catilina»', '«Fru Inger»']"
386,0,din,,,,,"['Tønsbergs', 'den kære afdøde', 'Susanna', 'os alle']",['Kristiania'],['theatret'],"['«Catilina»', '«Fru Inger»']"
387,0,tjenstvillighed?,,,,,"['Tønsbergs', 'den kære afdøde', 'Susanna', 'os alle']",['Kristiania'],['theatret'],"['«Catilina»', '«Fru Inger»']"
388,0,Vil,,,,,"['Tønsbergs', 'den kære afdøde', 'Susanna', 'os alle']",['Kristiania'],['theatret'],"['«Catilina»', '«Fru Inger»']"
389,0,Du,,,,,"['Tønsbergs', 'den kære afdøde', 'Susanna', 'os alle']",['Kristiania'],['theatret'],"['«Catilina»', '«Fru Inger»']"
390,0,være,,,,,"['Tønsbergs', 'den kære afdøde', 'Susanna', 'os alle']",['Kristiania'],['theatret'],"['«Catilina»', '«Fru Inger»']"
391,0,af,,,,,"['Tønsbergs', 'den kære afdøde', 'Susanna', 'os alle']",['Kristiania'],['theatret'],"['«Catilina»', '«Fru Inger»']"
392,0,den,,,,,"['Tønsbergs', 'den kære afdøde', 'Susanna', 'os alle']",['Kristiania'],['theatret'],"['«Catilina»', '«Fru Inger»']"
393,0,godhed,,,,,"['Tønsbergs', 'den kære afdøde', 'Susanna', 'os alle']",['Kristiania'],['theatret'],"['«Catilina»', '«Fru Inger»']"
394,0,at,,,,,"['Tønsbergs', 'den kære afdøde', 'Susanna', 'os alle']",['Kristiania'],['theatret'],"['«Catilina»', '«Fru Inger»']"
395,0,hæve,,,,,"['Tønsbergs', 'den kære afdøde', 'Susanna', 'os alle']",['Kristiania'],['theatret'],"['«Catilina»', '«Fru Inger»']"
396,0,mit,,,,,"['Tønsbergs', 'den kære afdøde', 'Susanna', 'os alle']",['Kristiania'],['theatret'],"['«Catilina»', '«Fru Inger»']"
397,0,honorar,,,,,"['Tønsbergs', 'den kære afdøde', 'Susanna', 'os alle']",['Kristiania'],['theatret'],"['«Catilina»', '«Fru Inger»']"
398,0,for,,,,,"['Tønsbergs', 'den kære afdøde', 'Susanna', 'os alle']",['Kristiania'],['theatret'],"['«Catilina»', '«Fru Inger»']"
399,0,«Fru,,,,,"['Tønsbergs', 'den kære afdøde', 'Susanna', 'os alle']",['Kristiania'],['theatret'],"['«Catilina»', '«Fru Inger»']"
400,0,Inger»,,,,,"['Tønsbergs', 'den kære afdøde', 'Susanna', 'os alle']",['Kristiania'],['theatret'],"['«Catilina»', '«Fru Inger»']"
401,0,ved,,,,,"['Tønsbergs', 'den kære afdøde', 'Susanna', 'os alle']",['Kristiania'],['theatret'],"['«Catilina»', '«Fru Inger»']"
402,0,"theatret,",,,,,"['Tønsbergs', 'den kære afdøde', 'Susanna', 'os alle']",['Kristiania'],['theatret'],"['«Catilina»', '«Fru Inger»']"
403,0,og,,,,,"['Tønsbergs', 'den kære afdøde', 'Susanna', 'os alle']",['Kristiania'],['theatret'],"['«Catilina»', '«Fru Inger»']"
404,0,"deraf,",,,,,"['Tønsbergs', 'den kære afdøde', 'Susanna', 'os alle']",['Kristiania'],['theatret'],"['«Catilina»', '«Fru Inger»']"
405,0,med,,,,,"['Tønsbergs', 'den kære afdøde', 'Susanna', 'os alle']",['Kristiania'],['theatret'],"['«Catilina»', '«Fru Inger»']"
406,0,fradrag,,,,,"['Tønsbergs', 'den kære afdøde', 'Susanna', 'os alle']",['Kristiania'],['theatret'],"['«Catilina»', '«Fru Inger»']"
407,0,af,,,,,"['Tønsbergs', 'den kære afdøde', 'Susanna', 'os alle']",['Kristiania'],['theatret'],"['«Catilina»', '«Fru Inger»']"
408,0,hvad,,,,,"['Tønsbergs', 'den kære afdøde', 'Susanna', 'os alle']",['Kristiania'],['theatret'],"['«Catilina»', '«Fru Inger»']"
409,0,Du,,,,,"['Tønsbergs', 'den kære afdøde', 'Susanna', 'os alle']",['Kristiania'],['theatret'],"['«Catilina»', '«Fru Inger»']"
410,0,har,,,,,"['Tønsbergs', 'den kære afdøde', 'Susanna', 'os alle']",['Kristiania'],['theatret'],"['«Catilina»', '«Fru Inger»']"
411,0,udlagt,,,,,"['Tønsbergs', 'den kære afdøde', 'Susanna', 'os alle']",['Kristiania'],['theatret'],"['«Catilina»', '«Fru Inger»']"
412,0,for,,,,,"['Tønsbergs', 'den kære afdøde', 'Susanna', 'os alle']",['Kristiania'],['theatret'],"['«Catilina»', '«Fru Inger»']"
413,0,"mig,",,,,,"['Tønsbergs', 'den kære afdøde', 'Susanna', 'os alle']",['Kristiania'],['theatret'],"['«Catilina»', '«Fru Inger»']"
414,0,sende,,,,,"['Tønsbergs', 'den kære afdøde', 'Susanna', 'os alle']",['Kristiania'],['theatret'],"['«Catilina»', '«Fru Inger»']"
415,0,mig,,,,,"['Tønsbergs', 'den kære afdøde', 'Susanna', 'os alle']",['Kristiania'],['theatret'],"['«Catilina»', '«Fru Inger»']"
416,0,100,,,,,"['Tønsbergs', 'den kære afdøde', 'Susanna', 'os alle']",['Kristiania'],['theatret'],"['«Catilina»', '«Fru Inger»']"
417,0,spdlr:,,,,,"['Tønsbergs', 'den kære afdøde', 'Susanna', 'os alle']",['Kristiania'],['theatret'],"['«Catilina»', '«Fru Inger»']"
418,0,samtidigt,,,,,"['Tønsbergs', 'den kære afdøde', 'Susanna', 'os alle']",['Kristiania'],['theatret'],"['«Catilina»', '«Fru Inger»']"
419,0,med,,,,,"['Tønsbergs', 'den kære afdøde', 'Susanna', 'os alle']",['Kristiania'],['theatret'],"['«Catilina»', '«Fru Inger»']"
420,0,min,,,,,"['Tønsbergs', 'den kære afdøde', 'Susanna', 'os alle']",['Kristiania'],['theatret'],"['«Catilina»', '«Fru Inger»']"
421,0,"gage,",,,,,"['Tønsbergs', 'den kære afdøde', 'Susanna', 'os alle']",['Kristiania'],['theatret'],"['«Catilina»', '«Fru Inger»']"
422,0,samt,,,,,"['Tønsbergs', 'den kære afdøde', 'Susanna', 'os alle']",['Kristiania'],['theatret'],"['«Catilina»', '«Fru Inger»']"
423,0,indsætte,,,,,"['Tønsbergs', 'den kære afdøde', 'Susanna', 'os alle']",['Kristiania'],['theatret'],"['«Catilina»', '«Fru Inger»']"
424,0,restbeløbet,,,,,"['Tønsbergs', 'den kære afdøde', 'Susanna', 'os alle']",['Kristiania'],['theatret'],"['«Catilina»', '«Fru Inger»']"
425,0,i,,,,,"['Tønsbergs', 'den kære afdøde', 'Susanna', 'os alle']",['Kristiania'],['theatret'],"['«Catilina»', '«Fru Inger»']"
426,0,Kreditkassen,,,,,"['Tønsbergs', 'den kære afdøde', 'Susanna', 'os alle']",['Kristiania'],['theatret'],"['«Catilina»', '«Fru Inger»']"
427,0,og,,,,,"['Tønsbergs', 'den kære afdøde', 'Susanna', 'os alle']",['Kristiania'],['theatret'],"['«Catilina»', '«Fru Inger»']"
428,0,opgive,,,,,"['Tønsbergs', 'den kære afdøde', 'Susanna', 'os alle']",['Kristiania'],['theatret'],"['«Catilina»', '«Fru Inger»']"
429,0,mig,,,,,"['Tønsbergs', 'den kære afdøde', 'Susanna', 'os alle']",['Kristiania'],['theatret'],"['«Catilina»', '«Fru Inger»']"
430,0,dettes,,,,,"['Tønsbergs', 'den kære afdøde', 'Susanna', 'os alle']",['Kristiania'],['theatret'],"['«Catilina»', '«Fru Inger»']"
431,0,størrelse?,,,,,"['Tønsbergs', 'den kære afdøde', 'Susanna', 'os alle']",['Kristiania'],['theatret'],"['«Catilina»', '«Fru Inger»']"
432,0,–,,,,,"['Tønsbergs', 'den kære afdøde', 'Susanna', 'os alle']",['Kristiania'],['theatret'],"['«Catilina»', '«Fru Inger»']"
433,0,Endnu,,,,,"['Tønsbergs', 'den kære afdøde', 'Susanna', 'os alle']",['Kristiania'],['theatret'],"['«Catilina»', '«Fru Inger»']"
434,0,et;,,,,,"['Tønsbergs', 'den kære afdøde', 'Susanna', 'os alle']",['Kristiania'],['theatret'],"['«Catilina»', '«Fru Inger»']"
435,0,jeg,,,,,"['Tønsbergs', 'den kære afdøde', 'Susanna', 'os alle']",['Kristiania'],['theatret'],"['«Catilina»', '«Fru Inger»']"
436,0,beder,,,,,"['Tønsbergs', 'den kære afdøde', 'Susanna', 'os alle']",['Kristiania'],['theatret'],"['«Catilina»', '«Fru Inger»']"
437,0,Dig,,,,,"['Tønsbergs', 'den kære afdøde', 'Susanna', 'os alle']",['Kristiania'],['theatret'],"['«Catilina»', '«Fru Inger»']"
438,0,"indstændigt,",,,,,"['Tønsbergs', 'den kære afdøde', 'Susanna', 'os alle']",['Kristiania'],['theatret'],"['«Catilina»', '«Fru Inger»']"
439,0,ikke,,,,,"['Tønsbergs', 'den kære afdøde', 'Susanna', 'os alle']",['Kristiania'],['theatret'],"['«Catilina»', '«Fru Inger»']"
440,0,videre,,,,,"['Tønsbergs', 'den kære afdøde', 'Susanna', 'os alle']",['Kristiania'],['theatret'],"['«Catilina»', '«Fru Inger»']"
441,0,at,,,,,"['Tønsbergs', 'den kære afdøde', 'Susanna', 'os alle']",['Kristiania'],['theatret'],"['«Catilina»', '«Fru Inger»']"
442,0,insistere,,,,,"['Tønsbergs', 'den kære afdøde', 'Susanna', 'os alle']",['Kristiania'],['theatret'],"['«Catilina»', '«Fru Inger»']"
443,0,på,,,,,"['Tønsbergs', 'den kære afdøde', 'Susanna', 'os alle']",['Kristiania'],['theatret'],"['«Catilina»', '«Fru Inger»']"
444,0,det,,,,,"['Tønsbergs', 'den kære afdøde', 'Susanna', 'os alle']",['Kristiania'],['theatret'],"['«Catilina»', '«Fru Inger»']"
445,0,omskrevne,,,,,"['Tønsbergs', 'den kære afdøde', 'Susanna', 'os alle']",['Kristiania'],['theatret'],"['«Catilina»', '«Fru Inger»']"
446,0,betræffende,,,,,"['Tønsbergs', 'den kære afdøde', 'Susanna', 'os alle']",['Kristiania'],['theatret'],"['«Catilina»', '«Fru Inger»']"
447,0,den,,,,,"['Tønsbergs', 'den kære afdøde', 'Susanna', 'os alle']",['Kristiania'],['theatret'],"['«Catilina»', '«Fru Inger»']"
448,0,kære,,,,,"['Tønsbergs', 'den kære afdøde', 'Susanna', 'os alle']",['Kristiania'],['theatret'],"['«Catilina»', '«Fru Inger»']"
449,0,afdøde.,,,,,"['Tønsbergs', 'den kære afdøde', 'Susanna', 'os alle']",['Kristiania'],['theatret'],"['«Catilina»', '«Fru Inger»']"
450,0,Lad,,,,,"['Tønsbergs', 'den kære afdøde', 'Susanna', 'os alle']",['Kristiania'],['theatret'],"['«Catilina»', '«Fru Inger»']"
451,0,"Susanna,",,,,,"['Tønsbergs', 'den kære afdøde', 'Susanna', 'os alle']",['Kristiania'],['theatret'],"['«Catilina»', '«Fru Inger»']"
452,0,der,,,,,"['Tønsbergs', 'den kære afdøde', 'Susanna', 'os alle']",['Kristiania'],['theatret'],"['«Catilina»', '«Fru Inger»']"
453,0,var,,,,,"['Tønsbergs', 'den kære afdøde', 'Susanna', 'os alle']",['Kristiania'],['theatret'],"['«Catilina»', '«Fru Inger»']"
454,0,"tilstede,",,,,,"['Tønsbergs', 'den kære afdøde', 'Susanna', 'os alle']",['Kristiania'],['theatret'],"['«Catilina»', '«Fru Inger»']"
455,0,i,,,,,"['Tønsbergs', 'den kære afdøde', 'Susanna', 'os alle']",['Kristiania'],['theatret'],"['«Catilina»', '«Fru Inger»']"
456,0,sin,,,,,"['Tønsbergs', 'den kære afdøde', 'Susanna', 'os alle']",['Kristiania'],['theatret'],"['«Catilina»', '«Fru Inger»']"
457,0,sorg,,,,,"['Tønsbergs', 'den kære afdøde', 'Susanna', 'os alle']",['Kristiania'],['theatret'],"['«Catilina»', '«Fru Inger»']"
458,0,have,,,,,"['Tønsbergs', 'den kære afdøde', 'Susanna', 'os alle']",['Kristiania'],['theatret'],"['«Catilina»', '«Fru Inger»']"
459,0,den,,,,,"['Tønsbergs', 'den kære afdøde', 'Susanna', 'os alle']",['Kristiania'],['theatret'],"['«Catilina»', '«Fru Inger»']"
460,0,glæde,,,,,"['Tønsbergs', 'den kære afdøde', 'Susanna', 'os alle']",['Kristiania'],['theatret'],"['«Catilina»', '«Fru Inger»']"
461,0,at,,,,,"['Tønsbergs', 'den kære afdøde', 'Susanna', 'os alle']",['Kristiania'],['theatret'],"['«Catilina»', '«Fru Inger»']"
462,0,have,,,,,"['Tønsbergs', 'den kære afdøde', 'Susanna', 'os alle']",['Kristiania'],['theatret'],"['«Catilina»', '«Fru Inger»']"
463,0,ordnet,,,,,"['Tønsbergs', 'den kære afdøde', 'Susanna', 'os alle']",['Kristiania'],['theatret'],"['«Catilina»', '«Fru Inger»']"
464,0,den,,,,,"['Tønsbergs', 'den kære afdøde', 'Susanna', 'os alle']",['Kristiania'],['theatret'],"['«Catilina»', '«Fru Inger»']"
465,0,sag.,,,,,"['Tønsbergs', 'den kære afdøde', 'Susanna', 'os alle']",['Kristiania'],['theatret'],"['«Catilina»', '«Fru Inger»']"
466,0,Også,,,,,"['Tønsbergs', 'den kære afdøde', 'Susanna', 'os alle']",['Kristiania'],['theatret'],"['«Catilina»', '«Fru Inger»']"
467,0,mig,,,,,"['Tønsbergs', 'den kære afdøde', 'Susanna', 'os alle']",['Kristiania'],['theatret'],"['«Catilina»', '«Fru Inger»']"
468,0,beviser,,,,,"['Tønsbergs', 'den kære afdøde', 'Susanna', 'os alle']",['Kristiania'],['theatret'],"['«Catilina»', '«Fru Inger»']"
469,0,Du,,,,,"['Tønsbergs', 'den kære afdøde', 'Susanna', 'os alle']",['Kristiania'],['theatret'],"['«Catilina»', '«Fru Inger»']"
470,0,en,,,,,"['Tønsbergs', 'den kære afdøde', 'Susanna', 'os alle']",['Kristiania'],['theatret'],"['«Catilina»', '«Fru Inger»']"
471,0,stor,,,,,"['Tønsbergs', 'den kære afdøde', 'Susanna', 'os alle']",['Kristiania'],['theatret'],"['«Catilina»', '«Fru Inger»']"
472,0,villighed,,,,,"['Tønsbergs', 'den kære afdøde', 'Susanna', 'os alle']",['Kristiania'],['theatret'],"['«Catilina»', '«Fru Inger»']"
473,0,derved.,,,,,"['Tønsbergs', 'den kære afdøde', 'Susanna', 'os alle']",['Kristiania'],['theatret'],"['«Catilina»', '«Fru Inger»']"
474,0,Jeg,,,,,"['Tønsbergs', 'den kære afdøde', 'Susanna', 'os alle']",['Kristiania'],['theatret'],"['«Catilina»', '«Fru Inger»']"
475,0,vilde,,,,,"['Tønsbergs', 'den kære afdøde', 'Susanna', 'os alle']",['Kristiania'],['theatret'],"['«Catilina»', '«Fru Inger»']"
476,0,aldrig,,,,,"['Tønsbergs', 'den kære afdøde', 'Susanna', 'os alle']",['Kristiania'],['theatret'],"['«Catilina»', '«Fru Inger»']"
477,0,med,,,,,"['Tønsbergs', 'den kære afdøde', 'Susanna', 'os alle']",['Kristiania'],['theatret'],"['«Catilina»', '«Fru Inger»']"
478,0,et,,,,,"['Tønsbergs', 'den kære afdøde', 'Susanna', 'os alle']",['Kristiania'],['theatret'],"['«Catilina»', '«Fru Inger»']"
479,0,ord,,,,,"['Tønsbergs', 'den kære afdøde', 'Susanna', 'os alle']",['Kristiania'],['theatret'],"['«Catilina»', '«Fru Inger»']"
480,0,have,,,,,"['Tønsbergs', 'den kære afdøde', 'Susanna', 'os alle']",['Kristiania'],['theatret'],"['«Catilina»', '«Fru Inger»']"
481,0,omtalt,,,,,"['Tønsbergs', 'den kære afdøde', 'Susanna', 'os alle']",['Kristiania'],['theatret'],"['«Catilina»', '«Fru Inger»']"
482,0,dette,,,,,"['Tønsbergs', 'den kære afdøde', 'Susanna', 'os alle']",['Kristiania'],['theatret'],"['«Catilina»', '«Fru Inger»']"
483,0,anliggende,,,,,"['Tønsbergs', 'den kære afdøde', 'Susanna', 'os alle']",['Kristiania'],['theatret'],"['«Catilina»', '«Fru Inger»']"
484,0,for,,,,,"['Tønsbergs', 'den kære afdøde', 'Susanna', 'os alle']",['Kristiania'],['theatret'],"['«Catilina»', '«Fru Inger»']"
485,0,"Dig,",,,,,"['Tønsbergs', 'den kære afdøde', 'Susanna', 'os alle']",['Kristiania'],['theatret'],"['«Catilina»', '«Fru Inger»']"
486,0,hvis,,,,,"['Tønsbergs', 'den kære afdøde', 'Susanna', 'os alle']",['Kristiania'],['theatret'],"['«Catilina»', '«Fru Inger»']"
487,0,det,,,,,"['Tønsbergs', 'den kære afdøde', 'Susanna', 'os alle']",['Kristiania'],['theatret'],"['«Catilina»', '«Fru Inger»']"
488,0,ikke,,,,,"['Tønsbergs', 'den kære afdøde', 'Susanna', 'os alle']",['Kristiania'],['theatret'],"['«Catilina»', '«Fru Inger»']"
489,0,havde,,,,,"['Tønsbergs', 'den kære afdøde', 'Susanna', 'os alle']",['Kristiania'],['theatret'],"['«Catilina»', '«Fru Inger»']"
490,0,været,,,,,"['Tønsbergs', 'den kære afdøde', 'Susanna', 'os alle']",['Kristiania'],['theatret'],"['«Catilina»', '«Fru Inger»']"
491,0,for,,,,,"['Tønsbergs', 'den kære afdøde', 'Susanna', 'os alle']",['Kristiania'],['theatret'],"['«Catilina»', '«Fru Inger»']"
492,0,at,,,,,"['Tønsbergs', 'den kære afdøde', 'Susanna', 'os alle']",['Kristiania'],['theatret'],"['«Catilina»', '«Fru Inger»']"
493,0,gendrive,,,,,"['Tønsbergs', 'den kære afdøde', 'Susanna', 'os alle']",['Kristiania'],['theatret'],"['«Catilina»', '«Fru Inger»']"
494,0,en,,,,,"['Tønsbergs', 'den kære afdøde', 'Susanna', 'os alle']",['Kristiania'],['theatret'],"['«Catilina»', '«Fru Inger»']"
495,0,usandfærdig,,,,,"['Tønsbergs', 'den kære afdøde', 'Susanna', 'os alle']",['Kristiania'],['theatret'],"['«Catilina»', '«Fru Inger»']"
496,0,påstand.Med,,,,,"['Tønsbergs', 'den kære afdøde', 'Susanna', 'os alle']",['Kristiania'],['theatret'],"['«Catilina»', '«Fru Inger»']"
497,0,hilsen,,,,,"['Tønsbergs', 'den kære afdøde', 'Susanna', 'os alle']",['Kristiania'],['theatret'],"['«Catilina»', '«Fru Inger»']"
498,0,og,,,,,"['Tønsbergs', 'den kære afdøde', 'Susanna', 'os alle']",['Kristiania'],['theatret'],"['«Catilina»', '«Fru Inger»']"
499,0,lykønskning,,,,,"['Tønsbergs', 'den kære afdøde', 'Susanna', 'os alle']",['Kristiania'],['theatret'],"['«Catilina»', '«Fru Inger»']"
500,0,fra,,,,,"['Tønsbergs', 'den kære afdøde', 'Susanna', 'os alle']",['Kristiania'],['theatret'],"['«Catilina»', '«Fru Inger»']"
501,0,os,,,,,"['Tønsbergs', 'den kære afdøde', 'Susanna', 'os alle']",['Kristiania'],['theatret'],"['«Catilina»', '«Fru Inger»']"
502,0,alle,,,,,"['Tønsbergs', 'den kære afdøde', 'Susanna', 'os alle']",['Kristiania'],['theatret'],"['«Catilina»', '«Fru Inger»']"
