,,0,human_annotation,who,dacy_medium,spacy_trf,person,place,org,work
0,0,I,,,,,[],[],['Kristiania theater'],"['«Peer Gynt»', 'mit nye arbejde', '«De unges forbund»', 'digtsamlingen']"
1,0,håb,,,,,[],[],['Kristiania theater'],"['«Peer Gynt»', 'mit nye arbejde', '«De unges forbund»', 'digtsamlingen']"
2,0,om,,,,,[],[],['Kristiania theater'],"['«Peer Gynt»', 'mit nye arbejde', '«De unges forbund»', 'digtsamlingen']"
3,0,at,,,,,[],[],['Kristiania theater'],"['«Peer Gynt»', 'mit nye arbejde', '«De unges forbund»', 'digtsamlingen']"
4,0,De,,,,,[],[],['Kristiania theater'],"['«Peer Gynt»', 'mit nye arbejde', '«De unges forbund»', 'digtsamlingen']"
5,0,ikke,,,,,[],[],['Kristiania theater'],"['«Peer Gynt»', 'mit nye arbejde', '«De unges forbund»', 'digtsamlingen']"
6,0,tager,,,,,[],[],['Kristiania theater'],"['«Peer Gynt»', 'mit nye arbejde', '«De unges forbund»', 'digtsamlingen']"
7,0,mig,,,,,[],[],['Kristiania theater'],"['«Peer Gynt»', 'mit nye arbejde', '«De unges forbund»', 'digtsamlingen']"
8,0,det,,,,,[],[],['Kristiania theater'],"['«Peer Gynt»', 'mit nye arbejde', '«De unges forbund»', 'digtsamlingen']"
9,0,ilde,,,,,[],[],['Kristiania theater'],"['«Peer Gynt»', 'mit nye arbejde', '«De unges forbund»', 'digtsamlingen']"
10,0,op,,,,,[],[],['Kristiania theater'],"['«Peer Gynt»', 'mit nye arbejde', '«De unges forbund»', 'digtsamlingen']"
11,0,tillader,,,,,[],[],['Kristiania theater'],"['«Peer Gynt»', 'mit nye arbejde', '«De unges forbund»', 'digtsamlingen']"
12,0,jeg,,,,,[],[],['Kristiania theater'],"['«Peer Gynt»', 'mit nye arbejde', '«De unges forbund»', 'digtsamlingen']"
13,0,mig,,,,,[],[],['Kristiania theater'],"['«Peer Gynt»', 'mit nye arbejde', '«De unges forbund»', 'digtsamlingen']"
14,0,at,,,,,[],[],['Kristiania theater'],"['«Peer Gynt»', 'mit nye arbejde', '«De unges forbund»', 'digtsamlingen']"
15,0,anmode,,,,,[],[],['Kristiania theater'],"['«Peer Gynt»', 'mit nye arbejde', '«De unges forbund»', 'digtsamlingen']"
16,0,Dem,,,,,[],[],['Kristiania theater'],"['«Peer Gynt»', 'mit nye arbejde', '«De unges forbund»', 'digtsamlingen']"
17,0,om,,,,,[],[],['Kristiania theater'],"['«Peer Gynt»', 'mit nye arbejde', '«De unges forbund»', 'digtsamlingen']"
18,0,godhedsfuldt,,,,,[],[],['Kristiania theater'],"['«Peer Gynt»', 'mit nye arbejde', '«De unges forbund»', 'digtsamlingen']"
19,0,at,,,,,[],[],['Kristiania theater'],"['«Peer Gynt»', 'mit nye arbejde', '«De unges forbund»', 'digtsamlingen']"
20,0,ville,,,,,[],[],['Kristiania theater'],"['«Peer Gynt»', 'mit nye arbejde', '«De unges forbund»', 'digtsamlingen']"
21,0,forstrække,,,,,[],[],['Kristiania theater'],"['«Peer Gynt»', 'mit nye arbejde', '«De unges forbund»', 'digtsamlingen']"
22,0,mig,,,,,[],[],['Kristiania theater'],"['«Peer Gynt»', 'mit nye arbejde', '«De unges forbund»', 'digtsamlingen']"
23,0,med,,,,,[],[],['Kristiania theater'],"['«Peer Gynt»', 'mit nye arbejde', '«De unges forbund»', 'digtsamlingen']"
24,0,675,,,,,[],[],['Kristiania theater'],"['«Peer Gynt»', 'mit nye arbejde', '«De unges forbund»', 'digtsamlingen']"
25,0,"RmՖ,",,,,,[],[],['Kristiania theater'],"['«Peer Gynt»', 'mit nye arbejde', '«De unges forbund»', 'digtsamlingen']"
26,0,da,,,,,[],[],['Kristiania theater'],"['«Peer Gynt»', 'mit nye arbejde', '«De unges forbund»', 'digtsamlingen']"
27,0,det,,,,,[],[],['Kristiania theater'],"['«Peer Gynt»', 'mit nye arbejde', '«De unges forbund»', 'digtsamlingen']"
28,0,varer,,,,,[],[],['Kristiania theater'],"['«Peer Gynt»', 'mit nye arbejde', '«De unges forbund»', 'digtsamlingen']"
29,0,længere,,,,,[],[],['Kristiania theater'],"['«Peer Gynt»', 'mit nye arbejde', '«De unges forbund»', 'digtsamlingen']"
30,0,end,,,,,[],[],['Kristiania theater'],"['«Peer Gynt»', 'mit nye arbejde', '«De unges forbund»', 'digtsamlingen']"
31,0,påregnet,,,,,[],[],['Kristiania theater'],"['«Peer Gynt»', 'mit nye arbejde', '«De unges forbund»', 'digtsamlingen']"
32,0,med,,,,,[],[],['Kristiania theater'],"['«Peer Gynt»', 'mit nye arbejde', '«De unges forbund»', 'digtsamlingen']"
33,0,opførelsen,,,,,[],[],['Kristiania theater'],"['«Peer Gynt»', 'mit nye arbejde', '«De unges forbund»', 'digtsamlingen']"
34,0,af,,,,,[],[],['Kristiania theater'],"['«Peer Gynt»', 'mit nye arbejde', '«De unges forbund»', 'digtsamlingen']"
35,0,«Peer,,,,,[],[],['Kristiania theater'],"['«Peer Gynt»', 'mit nye arbejde', '«De unges forbund»', 'digtsamlingen']"
36,0,Gynt»,,,,,[],[],['Kristiania theater'],"['«Peer Gynt»', 'mit nye arbejde', '«De unges forbund»', 'digtsamlingen']"
37,0,på,,,,,[],[],['Kristiania theater'],"['«Peer Gynt»', 'mit nye arbejde', '«De unges forbund»', 'digtsamlingen']"
38,0,Kristiania,,,,,[],[],['Kristiania theater'],"['«Peer Gynt»', 'mit nye arbejde', '«De unges forbund»', 'digtsamlingen']"
39,0,theater.Med,,,,,[],[],['Kristiania theater'],"['«Peer Gynt»', 'mit nye arbejde', '«De unges forbund»', 'digtsamlingen']"
40,0,mit,,,,,[],[],['Kristiania theater'],"['«Peer Gynt»', 'mit nye arbejde', '«De unges forbund»', 'digtsamlingen']"
41,0,nye,,,,,[],[],['Kristiania theater'],"['«Peer Gynt»', 'mit nye arbejde', '«De unges forbund»', 'digtsamlingen']"
42,0,arbejde,,,,,[],[],['Kristiania theater'],"['«Peer Gynt»', 'mit nye arbejde', '«De unges forbund»', 'digtsamlingen']"
43,0,går,,,,,[],[],['Kristiania theater'],"['«Peer Gynt»', 'mit nye arbejde', '«De unges forbund»', 'digtsamlingen']"
44,0,det,,,,,[],[],['Kristiania theater'],"['«Peer Gynt»', 'mit nye arbejde', '«De unges forbund»', 'digtsamlingen']"
45,0,raskt,,,,,[],[],['Kristiania theater'],"['«Peer Gynt»', 'mit nye arbejde', '«De unges forbund»', 'digtsamlingen']"
46,0,fremad;,,,,,[],[],['Kristiania theater'],"['«Peer Gynt»', 'mit nye arbejde', '«De unges forbund»', 'digtsamlingen']"
47,0,om,,,,,[],[],['Kristiania theater'],"['«Peer Gynt»', 'mit nye arbejde', '«De unges forbund»', 'digtsamlingen']"
48,0,et,,,,,[],[],['Kristiania theater'],"['«Peer Gynt»', 'mit nye arbejde', '«De unges forbund»', 'digtsamlingen']"
49,0,par,,,,,[],[],['Kristiania theater'],"['«Peer Gynt»', 'mit nye arbejde', '«De unges forbund»', 'digtsamlingen']"
50,0,dage,,,,,[],[],['Kristiania theater'],"['«Peer Gynt»', 'mit nye arbejde', '«De unges forbund»', 'digtsamlingen']"
51,0,har,,,,,[],[],['Kristiania theater'],"['«Peer Gynt»', 'mit nye arbejde', '«De unges forbund»', 'digtsamlingen']"
52,0,jeg,,,,,[],[],['Kristiania theater'],"['«Peer Gynt»', 'mit nye arbejde', '«De unges forbund»', 'digtsamlingen']"
53,0,første,,,,,[],[],['Kristiania theater'],"['«Peer Gynt»', 'mit nye arbejde', '«De unges forbund»', 'digtsamlingen']"
54,0,akt,,,,,[],[],['Kristiania theater'],"['«Peer Gynt»', 'mit nye arbejde', '«De unges forbund»', 'digtsamlingen']"
55,0,"færdig,",,,,,[],[],['Kristiania theater'],"['«Peer Gynt»', 'mit nye arbejde', '«De unges forbund»', 'digtsamlingen']"
56,0,og,,,,,[],[],['Kristiania theater'],"['«Peer Gynt»', 'mit nye arbejde', '«De unges forbund»', 'digtsamlingen']"
57,0,den,,,,,[],[],['Kristiania theater'],"['«Peer Gynt»', 'mit nye arbejde', '«De unges forbund»', 'digtsamlingen']"
58,0,er,,,,,[],[],['Kristiania theater'],"['«Peer Gynt»', 'mit nye arbejde', '«De unges forbund»', 'digtsamlingen']"
59,0,altid,,,,,[],[],['Kristiania theater'],"['«Peer Gynt»', 'mit nye arbejde', '«De unges forbund»', 'digtsamlingen']"
60,0,for,,,,,[],[],['Kristiania theater'],"['«Peer Gynt»', 'mit nye arbejde', '«De unges forbund»', 'digtsamlingen']"
61,0,mig,,,,,[],[],['Kristiania theater'],"['«Peer Gynt»', 'mit nye arbejde', '«De unges forbund»', 'digtsamlingen']"
62,0,det,,,,,[],[],['Kristiania theater'],"['«Peer Gynt»', 'mit nye arbejde', '«De unges forbund»', 'digtsamlingen']"
63,0,vanskeligste,,,,,[],[],['Kristiania theater'],"['«Peer Gynt»', 'mit nye arbejde', '«De unges forbund»', 'digtsamlingen']"
64,0,parti,,,,,[],[],['Kristiania theater'],"['«Peer Gynt»', 'mit nye arbejde', '«De unges forbund»', 'digtsamlingen']"
65,0,af,,,,,[],[],['Kristiania theater'],"['«Peer Gynt»', 'mit nye arbejde', '«De unges forbund»', 'digtsamlingen']"
66,0,et,,,,,[],[],['Kristiania theater'],"['«Peer Gynt»', 'mit nye arbejde', '«De unges forbund»', 'digtsamlingen']"
67,0,stykke.,,,,,[],[],['Kristiania theater'],"['«Peer Gynt»', 'mit nye arbejde', '«De unges forbund»', 'digtsamlingen']"
68,0,Bogens,,,,,[],[],['Kristiania theater'],"['«Peer Gynt»', 'mit nye arbejde', '«De unges forbund»', 'digtsamlingen']"
69,0,titel,,,,,[],[],['Kristiania theater'],"['«Peer Gynt»', 'mit nye arbejde', '«De unges forbund»', 'digtsamlingen']"
70,0,bliver:,,,,,[],[],['Kristiania theater'],"['«Peer Gynt»', 'mit nye arbejde', '«De unges forbund»', 'digtsamlingen']"
71,0,«Samfundets,,,,,[],[],['Kristiania theater'],"['«Peer Gynt»', 'mit nye arbejde', '«De unges forbund»', 'digtsamlingen']"
72,0,"støtter»,",,,,,[],[],['Kristiania theater'],"['«Peer Gynt»', 'mit nye arbejde', '«De unges forbund»', 'digtsamlingen']"
73,0,skuespil,,,,,[],[],['Kristiania theater'],"['«Peer Gynt»', 'mit nye arbejde', '«De unges forbund»', 'digtsamlingen']"
74,0,i,,,,,[],[],['Kristiania theater'],"['«Peer Gynt»', 'mit nye arbejde', '«De unges forbund»', 'digtsamlingen']"
75,0,fem,,,,,[],[],['Kristiania theater'],"['«Peer Gynt»', 'mit nye arbejde', '«De unges forbund»', 'digtsamlingen']"
76,0,akter.,,,,,[],[],['Kristiania theater'],"['«Peer Gynt»', 'mit nye arbejde', '«De unges forbund»', 'digtsamlingen']"
77,0,Dette,,,,,[],[],['Kristiania theater'],"['«Peer Gynt»', 'mit nye arbejde', '«De unges forbund»', 'digtsamlingen']"
78,0,arbejde,,,,,[],[],['Kristiania theater'],"['«Peer Gynt»', 'mit nye arbejde', '«De unges forbund»', 'digtsamlingen']"
79,0,kan,,,,,[],[],['Kristiania theater'],"['«Peer Gynt»', 'mit nye arbejde', '«De unges forbund»', 'digtsamlingen']"
80,0,på,,,,,[],[],['Kristiania theater'],"['«Peer Gynt»', 'mit nye arbejde', '«De unges forbund»', 'digtsamlingen']"
81,0,en,,,,,[],[],['Kristiania theater'],"['«Peer Gynt»', 'mit nye arbejde', '«De unges forbund»', 'digtsamlingen']"
82,0,måde,,,,,[],[],['Kristiania theater'],"['«Peer Gynt»', 'mit nye arbejde', '«De unges forbund»', 'digtsamlingen']"
83,0,betragtes,,,,,[],[],['Kristiania theater'],"['«Peer Gynt»', 'mit nye arbejde', '«De unges forbund»', 'digtsamlingen']"
84,0,som,,,,,[],[],['Kristiania theater'],"['«Peer Gynt»', 'mit nye arbejde', '«De unges forbund»', 'digtsamlingen']"
85,0,et,,,,,[],[],['Kristiania theater'],"['«Peer Gynt»', 'mit nye arbejde', '«De unges forbund»', 'digtsamlingen']"
86,0,modstykke,,,,,[],[],['Kristiania theater'],"['«Peer Gynt»', 'mit nye arbejde', '«De unges forbund»', 'digtsamlingen']"
87,0,til,,,,,[],[],['Kristiania theater'],"['«Peer Gynt»', 'mit nye arbejde', '«De unges forbund»', 'digtsamlingen']"
88,0,«De,,,,,[],[],['Kristiania theater'],"['«Peer Gynt»', 'mit nye arbejde', '«De unges forbund»', 'digtsamlingen']"
89,0,unges,,,,,[],[],['Kristiania theater'],"['«Peer Gynt»', 'mit nye arbejde', '«De unges forbund»', 'digtsamlingen']"
90,0,"forbund»,",,,,,[],[],['Kristiania theater'],"['«Peer Gynt»', 'mit nye arbejde', '«De unges forbund»', 'digtsamlingen']"
91,0,og,,,,,[],[],['Kristiania theater'],"['«Peer Gynt»', 'mit nye arbejde', '«De unges forbund»', 'digtsamlingen']"
92,0,kommer,,,,,[],[],['Kristiania theater'],"['«Peer Gynt»', 'mit nye arbejde', '«De unges forbund»', 'digtsamlingen']"
93,0,til,,,,,[],[],['Kristiania theater'],"['«Peer Gynt»', 'mit nye arbejde', '«De unges forbund»', 'digtsamlingen']"
94,0,at,,,,,[],[],['Kristiania theater'],"['«Peer Gynt»', 'mit nye arbejde', '«De unges forbund»', 'digtsamlingen']"
95,0,røre,,,,,[],[],['Kristiania theater'],"['«Peer Gynt»', 'mit nye arbejde', '«De unges forbund»', 'digtsamlingen']"
96,0,op,,,,,[],[],['Kristiania theater'],"['«Peer Gynt»', 'mit nye arbejde', '«De unges forbund»', 'digtsamlingen']"
97,0,i,,,,,[],[],['Kristiania theater'],"['«Peer Gynt»', 'mit nye arbejde', '«De unges forbund»', 'digtsamlingen']"
98,0,adskillige,,,,,[],[],['Kristiania theater'],"['«Peer Gynt»', 'mit nye arbejde', '«De unges forbund»', 'digtsamlingen']"
99,0,af,,,,,[],[],['Kristiania theater'],"['«Peer Gynt»', 'mit nye arbejde', '«De unges forbund»', 'digtsamlingen']"
100,0,tidens,,,,,[],[],['Kristiania theater'],"['«Peer Gynt»', 'mit nye arbejde', '«De unges forbund»', 'digtsamlingen']"
101,0,betydningsfuldere,,,,,[],[],['Kristiania theater'],"['«Peer Gynt»', 'mit nye arbejde', '«De unges forbund»', 'digtsamlingen']"
102,0,spørgsmål.,,,,,[],[],['Kristiania theater'],"['«Peer Gynt»', 'mit nye arbejde', '«De unges forbund»', 'digtsamlingen']"
103,0,Dette,,,,,[],[],['Kristiania theater'],"['«Peer Gynt»', 'mit nye arbejde', '«De unges forbund»', 'digtsamlingen']"
104,0,beder,,,,,[],[],['Kristiania theater'],"['«Peer Gynt»', 'mit nye arbejde', '«De unges forbund»', 'digtsamlingen']"
105,0,jeg,,,,,[],[],['Kristiania theater'],"['«Peer Gynt»', 'mit nye arbejde', '«De unges forbund»', 'digtsamlingen']"
106,0,imidlertid,,,,,[],[],['Kristiania theater'],"['«Peer Gynt»', 'mit nye arbejde', '«De unges forbund»', 'digtsamlingen']"
107,0,må,,,,,[],[],['Kristiania theater'],"['«Peer Gynt»', 'mit nye arbejde', '«De unges forbund»', 'digtsamlingen']"
108,0,foreløbig,,,,,[],[],['Kristiania theater'],"['«Peer Gynt»', 'mit nye arbejde', '«De unges forbund»', 'digtsamlingen']"
109,0,blive,,,,,[],[],['Kristiania theater'],"['«Peer Gynt»', 'mit nye arbejde', '«De unges forbund»', 'digtsamlingen']"
110,0,imellem,,,,,[],[],['Kristiania theater'],"['«Peer Gynt»', 'mit nye arbejde', '«De unges forbund»', 'digtsamlingen']"
111,0,os;,,,,,[],[],['Kristiania theater'],"['«Peer Gynt»', 'mit nye arbejde', '«De unges forbund»', 'digtsamlingen']"
112,0,lidt,,,,,[],[],['Kristiania theater'],"['«Peer Gynt»', 'mit nye arbejde', '«De unges forbund»', 'digtsamlingen']"
113,0,senere,,,,,[],[],['Kristiania theater'],"['«Peer Gynt»', 'mit nye arbejde', '«De unges forbund»', 'digtsamlingen']"
114,0,hen,,,,,[],[],['Kristiania theater'],"['«Peer Gynt»', 'mit nye arbejde', '«De unges forbund»', 'digtsamlingen']"
115,0,vil,,,,,[],[],['Kristiania theater'],"['«Peer Gynt»', 'mit nye arbejde', '«De unges forbund»', 'digtsamlingen']"
116,0,jeg,,,,,[],[],['Kristiania theater'],"['«Peer Gynt»', 'mit nye arbejde', '«De unges forbund»', 'digtsamlingen']"
117,0,gerne,,,,,[],[],['Kristiania theater'],"['«Peer Gynt»', 'mit nye arbejde', '«De unges forbund»', 'digtsamlingen']"
118,0,at,,,,,[],[],['Kristiania theater'],"['«Peer Gynt»', 'mit nye arbejde', '«De unges forbund»', 'digtsamlingen']"
119,0,det,,,,,[],[],['Kristiania theater'],"['«Peer Gynt»', 'mit nye arbejde', '«De unges forbund»', 'digtsamlingen']"
120,0,skal,,,,,[],[],['Kristiania theater'],"['«Peer Gynt»', 'mit nye arbejde', '«De unges forbund»', 'digtsamlingen']"
121,0,blive,,,,,[],[],['Kristiania theater'],"['«Peer Gynt»', 'mit nye arbejde', '«De unges forbund»', 'digtsamlingen']"
122,0,bekendt,,,,,[],[],['Kristiania theater'],"['«Peer Gynt»', 'mit nye arbejde', '«De unges forbund»', 'digtsamlingen']"
123,0,da,,,,,[],[],['Kristiania theater'],"['«Peer Gynt»', 'mit nye arbejde', '«De unges forbund»', 'digtsamlingen']"
124,0,jeg,,,,,[],[],['Kristiania theater'],"['«Peer Gynt»', 'mit nye arbejde', '«De unges forbund»', 'digtsamlingen']"
125,0,tror,,,,,[],[],['Kristiania theater'],"['«Peer Gynt»', 'mit nye arbejde', '«De unges forbund»', 'digtsamlingen']"
126,0,at,,,,,[],[],['Kristiania theater'],"['«Peer Gynt»', 'mit nye arbejde', '«De unges forbund»', 'digtsamlingen']"
127,0,lidt,,,,,[],[],['Kristiania theater'],"['«Peer Gynt»', 'mit nye arbejde', '«De unges forbund»', 'digtsamlingen']"
128,0,snak,,,,,[],[],['Kristiania theater'],"['«Peer Gynt»', 'mit nye arbejde', '«De unges forbund»', 'digtsamlingen']"
129,0,på,,,,,[],[],['Kristiania theater'],"['«Peer Gynt»', 'mit nye arbejde', '«De unges forbund»', 'digtsamlingen']"
130,0,forhånd,,,,,[],[],['Kristiania theater'],"['«Peer Gynt»', 'mit nye arbejde', '«De unges forbund»', 'digtsamlingen']"
131,0,imellem,,,,,[],[],['Kristiania theater'],"['«Peer Gynt»', 'mit nye arbejde', '«De unges forbund»', 'digtsamlingen']"
132,0,publikum,,,,,[],[],['Kristiania theater'],"['«Peer Gynt»', 'mit nye arbejde', '«De unges forbund»', 'digtsamlingen']"
133,0,bidrager,,,,,[],[],['Kristiania theater'],"['«Peer Gynt»', 'mit nye arbejde', '«De unges forbund»', 'digtsamlingen']"
134,0,til,,,,,[],[],['Kristiania theater'],"['«Peer Gynt»', 'mit nye arbejde', '«De unges forbund»', 'digtsamlingen']"
135,0,at,,,,,[],[],['Kristiania theater'],"['«Peer Gynt»', 'mit nye arbejde', '«De unges forbund»', 'digtsamlingen']"
136,0,fremme,,,,,[],[],['Kristiania theater'],"['«Peer Gynt»', 'mit nye arbejde', '«De unges forbund»', 'digtsamlingen']"
137,0,afsætningen.Mit,,,,,[],[],['Kristiania theater'],"['«Peer Gynt»', 'mit nye arbejde', '«De unges forbund»', 'digtsamlingen']"
138,0,forrige,,,,,[],[],['Kristiania theater'],"['«Peer Gynt»', 'mit nye arbejde', '«De unges forbund»', 'digtsamlingen']"
139,0,"brev,",,,,,[],[],['Kristiania theater'],"['«Peer Gynt»', 'mit nye arbejde', '«De unges forbund»', 'digtsamlingen']"
140,0,omhandlende,,,,,[],[],['Kristiania theater'],"['«Peer Gynt»', 'mit nye arbejde', '«De unges forbund»', 'digtsamlingen']"
141,0,udgivelsen,,,,,[],[],['Kristiania theater'],"['«Peer Gynt»', 'mit nye arbejde', '«De unges forbund»', 'digtsamlingen']"
142,0,af,,,,,[],[],['Kristiania theater'],"['«Peer Gynt»', 'mit nye arbejde', '«De unges forbund»', 'digtsamlingen']"
143,0,det,,,,,[],[],['Kristiania theater'],"['«Peer Gynt»', 'mit nye arbejde', '«De unges forbund»', 'digtsamlingen']"
144,0,nye,,,,,[],[],['Kristiania theater'],"['«Peer Gynt»', 'mit nye arbejde', '«De unges forbund»', 'digtsamlingen']"
145,0,oplag,,,,,[],[],['Kristiania theater'],"['«Peer Gynt»', 'mit nye arbejde', '«De unges forbund»', 'digtsamlingen']"
146,0,af,,,,,[],[],['Kristiania theater'],"['«Peer Gynt»', 'mit nye arbejde', '«De unges forbund»', 'digtsamlingen']"
147,0,"digtsamlingen,",,,,,[],[],['Kristiania theater'],"['«Peer Gynt»', 'mit nye arbejde', '«De unges forbund»', 'digtsamlingen']"
148,0,håber,,,,,[],[],['Kristiania theater'],"['«Peer Gynt»', 'mit nye arbejde', '«De unges forbund»', 'digtsamlingen']"
149,0,jeg,,,,,[],[],['Kristiania theater'],"['«Peer Gynt»', 'mit nye arbejde', '«De unges forbund»', 'digtsamlingen']"
150,0,at,,,,,[],[],['Kristiania theater'],"['«Peer Gynt»', 'mit nye arbejde', '«De unges forbund»', 'digtsamlingen']"
151,0,De,,,,,[],[],['Kristiania theater'],"['«Peer Gynt»', 'mit nye arbejde', '«De unges forbund»', 'digtsamlingen']"
152,0,i,,,,,[],[],['Kristiania theater'],"['«Peer Gynt»', 'mit nye arbejde', '«De unges forbund»', 'digtsamlingen']"
153,0,sin,,,,,[],[],['Kristiania theater'],"['«Peer Gynt»', 'mit nye arbejde', '«De unges forbund»', 'digtsamlingen']"
154,0,tid,,,,,[],[],['Kristiania theater'],"['«Peer Gynt»', 'mit nye arbejde', '«De unges forbund»', 'digtsamlingen']"
155,0,rigtigt,,,,,[],[],['Kristiania theater'],"['«Peer Gynt»', 'mit nye arbejde', '«De unges forbund»', 'digtsamlingen']"
156,0,har,,,,,[],[],['Kristiania theater'],"['«Peer Gynt»', 'mit nye arbejde', '«De unges forbund»', 'digtsamlingen']"
157,0,modtaget,,,,,[],[],['Kristiania theater'],"['«Peer Gynt»', 'mit nye arbejde', '«De unges forbund»', 'digtsamlingen']"
158,0,og,,,,,[],[],['Kristiania theater'],"['«Peer Gynt»', 'mit nye arbejde', '«De unges forbund»', 'digtsamlingen']"
159,0,antager,,,,,[],[],['Kristiania theater'],"['«Peer Gynt»', 'mit nye arbejde', '«De unges forbund»', 'digtsamlingen']"
160,0,derfor,,,,,[],[],['Kristiania theater'],"['«Peer Gynt»', 'mit nye arbejde', '«De unges forbund»', 'digtsamlingen']"
161,0,at,,,,,[],[],['Kristiania theater'],"['«Peer Gynt»', 'mit nye arbejde', '«De unges forbund»', 'digtsamlingen']"
162,0,den,,,,,[],[],['Kristiania theater'],"['«Peer Gynt»', 'mit nye arbejde', '«De unges forbund»', 'digtsamlingen']"
163,0,sag,,,,,[],[],['Kristiania theater'],"['«Peer Gynt»', 'mit nye arbejde', '«De unges forbund»', 'digtsamlingen']"
164,0,nu,,,,,[],[],['Kristiania theater'],"['«Peer Gynt»', 'mit nye arbejde', '«De unges forbund»', 'digtsamlingen']"
165,0,er,,,,,[],[],['Kristiania theater'],"['«Peer Gynt»', 'mit nye arbejde', '«De unges forbund»', 'digtsamlingen']"
166,0,i,,,,,[],[],['Kristiania theater'],"['«Peer Gynt»', 'mit nye arbejde', '«De unges forbund»', 'digtsamlingen']"
167,0,gang.,,,,,[],[],['Kristiania theater'],"['«Peer Gynt»', 'mit nye arbejde', '«De unges forbund»', 'digtsamlingen']"
168,0,På,,,,,[],[],['Kristiania theater'],"['«Peer Gynt»', 'mit nye arbejde', '«De unges forbund»', 'digtsamlingen']"
169,0,titelbladet,,,,,[],[],['Kristiania theater'],"['«Peer Gynt»', 'mit nye arbejde', '«De unges forbund»', 'digtsamlingen']"
170,0,bør,,,,,[],[],['Kristiania theater'],"['«Peer Gynt»', 'mit nye arbejde', '«De unges forbund»', 'digtsamlingen']"
171,0,formentlig,,,,,[],[],['Kristiania theater'],"['«Peer Gynt»', 'mit nye arbejde', '«De unges forbund»', 'digtsamlingen']"
172,0,stå:,,,,,[],[],['Kristiania theater'],"['«Peer Gynt»', 'mit nye arbejde', '«De unges forbund»', 'digtsamlingen']"
173,0,Andet,,,,,[],[],['Kristiania theater'],"['«Peer Gynt»', 'mit nye arbejde', '«De unges forbund»', 'digtsamlingen']"
174,0,forøgede,,,,,[],[],['Kristiania theater'],"['«Peer Gynt»', 'mit nye arbejde', '«De unges forbund»', 'digtsamlingen']"
175,0,oplag.Med,,,,,[],[],['Kristiania theater'],"['«Peer Gynt»', 'mit nye arbejde', '«De unges forbund»', 'digtsamlingen']"
176,0,de,,,,,[],[],['Kristiania theater'],"['«Peer Gynt»', 'mit nye arbejde', '«De unges forbund»', 'digtsamlingen']"
177,0,bedste,,,,,[],[],['Kristiania theater'],"['«Peer Gynt»', 'mit nye arbejde', '«De unges forbund»', 'digtsamlingen']"
178,0,hilsener,,,,,[],[],['Kristiania theater'],"['«Peer Gynt»', 'mit nye arbejde', '«De unges forbund»', 'digtsamlingen']"
179,0,til,,,,,[],[],['Kristiania theater'],"['«Peer Gynt»', 'mit nye arbejde', '«De unges forbund»', 'digtsamlingen']"
180,0,Dem,,,,,[],[],['Kristiania theater'],"['«Peer Gynt»', 'mit nye arbejde', '«De unges forbund»', 'digtsamlingen']"
181,0,og,,,,,[],[],['Kristiania theater'],"['«Peer Gynt»', 'mit nye arbejde', '«De unges forbund»', 'digtsamlingen']"
182,0,Deres,,,,,[],[],['Kristiania theater'],"['«Peer Gynt»', 'mit nye arbejde', '«De unges forbund»', 'digtsamlingen']"
183,0,børn,,,,,[],[],['Kristiania theater'],"['«Peer Gynt»', 'mit nye arbejde', '«De unges forbund»', 'digtsamlingen']"
184,0,tegner,,,,,[],[],['Kristiania theater'],"['«Peer Gynt»', 'mit nye arbejde', '«De unges forbund»', 'digtsamlingen']"
185,0,jeg,,,,,[],[],['Kristiania theater'],"['«Peer Gynt»', 'mit nye arbejde', '«De unges forbund»', 'digtsamlingen']"
186,0,mig,,,,,[],[],['Kristiania theater'],"['«Peer Gynt»', 'mit nye arbejde', '«De unges forbund»', 'digtsamlingen']"
