,,0,human_annotation,who,dacy_medium,spacy_trf,person,place,org,work
0,0,Det,,,,,"['Overskou', 'Md Hundevadts']",[],['Det norske Theater.'],[]
1,0,norske,,,,,"['Overskou', 'Md Hundevadts']",[],['Det norske Theater.'],[]
2,0,Theater.,,,,,"['Overskou', 'Md Hundevadts']",[],['Det norske Theater.'],[]
3,0,«Fandens,,,,,"['Overskou', 'Md Hundevadts']",[],['Det norske Theater.'],[]
4,0,Overmand»,,,,,"['Overskou', 'Md Hundevadts']",[],['Det norske Theater.'],[]
5,0,af,,,,,"['Overskou', 'Md Hundevadts']",[],['Det norske Theater.'],[]
6,0,Overskou,,,,,"['Overskou', 'Md Hundevadts']",[],['Det norske Theater.'],[]
7,0,vedbliver,,,,,"['Overskou', 'Md Hundevadts']",[],['Det norske Theater.'],[]
8,0,fremdeles,,,,,"['Overskou', 'Md Hundevadts']",[],['Det norske Theater.'],[]
9,0,at,,,,,"['Overskou', 'Md Hundevadts']",[],['Det norske Theater.'],[]
10,0,trække,,,,,"['Overskou', 'Md Hundevadts']",[],['Det norske Theater.'],[]
11,0,som,,,,,"['Overskou', 'Md Hundevadts']",[],['Det norske Theater.'],[]
12,0,Kassestykke.,,,,,"['Overskou', 'Md Hundevadts']",[],['Det norske Theater.'],[]
13,0,Iaften,,,,,"['Overskou', 'Md Hundevadts']",[],['Det norske Theater.'],[]
14,0,opføres,,,,,"['Overskou', 'Md Hundevadts']",[],['Det norske Theater.'],[]
15,0,det,,,,,"['Overskou', 'Md Hundevadts']",[],['Det norske Theater.'],[]
16,0,for,,,,,"['Overskou', 'Md Hundevadts']",[],['Det norske Theater.'],[]
17,0,syvende,,,,,"['Overskou', 'Md Hundevadts']",[],['Det norske Theater.'],[]
18,0,Gang,,,,,"['Overskou', 'Md Hundevadts']",[],['Det norske Theater.'],[]
19,0,og,,,,,"['Overskou', 'Md Hundevadts']",[],['Det norske Theater.'],[]
20,0,vil,,,,,"['Overskou', 'Md Hundevadts']",[],['Det norske Theater.'],[]
21,0,i,,,,,"['Overskou', 'Md Hundevadts']",[],['Det norske Theater.'],[]
22,0,næste,,,,,"['Overskou', 'Md Hundevadts']",[],['Det norske Theater.'],[]
23,0,"Uge,",,,,,"['Overskou', 'Md Hundevadts']",[],['Det norske Theater.'],[]
24,0,efter,,,,,"['Overskou', 'Md Hundevadts']",[],['Det norske Theater.'],[]
25,0,"Forlydende,",,,,,"['Overskou', 'Md Hundevadts']",[],['Det norske Theater.'],[]
26,0,indtil,,,,,"['Overskou', 'Md Hundevadts']",[],['Det norske Theater.'],[]
27,0,Videre,,,,,"['Overskou', 'Md Hundevadts']",[],['Det norske Theater.'],[]
28,0,blive,,,,,"['Overskou', 'Md Hundevadts']",[],['Det norske Theater.'],[]
29,0,henlagt,,,,,"['Overskou', 'Md Hundevadts']",[],['Det norske Theater.'],[]
30,0,da,,,,,"['Overskou', 'Md Hundevadts']",[],['Det norske Theater.'],[]
31,0,Md,,,,,"['Overskou', 'Md Hundevadts']",[],['Det norske Theater.'],[]
32,0,Hundevadts,,,,,"['Overskou', 'Md Hundevadts']",[],['Det norske Theater.'],[]
33,0,"Beneficeforestilling,",,,,,"['Overskou', 'Md Hundevadts']",[],['Det norske Theater.'],[]
34,0,Dramaet,,,,,"['Overskou', 'Md Hundevadts']",[],['Det norske Theater.'],[]
35,0,«Herren,,,,,"['Overskou', 'Md Hundevadts']",[],['Det norske Theater.'],[]
36,0,seer,,,,,"['Overskou', 'Md Hundevadts']",[],['Det norske Theater.'],[]
37,0,dine,,,,,"['Overskou', 'Md Hundevadts']",[],['Det norske Theater.'],[]
38,0,Veie»,,,,,"['Overskou', 'Md Hundevadts']",[],['Det norske Theater.'],[]
39,0,staar,,,,,"['Overskou', 'Md Hundevadts']",[],['Det norske Theater.'],[]
40,0,for,,,,,"['Overskou', 'Md Hundevadts']",[],['Det norske Theater.'],[]
41,0,Tour.Ovenstaaende,,,,,"['Overskou', 'Md Hundevadts']",[],['Det norske Theater.'],[]
42,0,bedes,,,,,"['Overskou', 'Md Hundevadts']",[],['Det norske Theater.'],[]
43,0,optaget,,,,,"['Overskou', 'Md Hundevadts']",[],['Det norske Theater.'],[]
44,0,under,,,,,"['Overskou', 'Md Hundevadts']",[],['Det norske Theater.'],[]
45,0,Chr:,,,,,"['Overskou', 'Md Hundevadts']",[],['Det norske Theater.'],[]
46,0,Artikler.,,,,,"['Overskou', 'Md Hundevadts']",[],['Det norske Theater.'],[]
