,,0,human_annotation,who,dacy_medium,spacy_trf,person,place,org,work
0,0,Maa,,,,,"['Consulens Tjener', 'han (Værten)', 'Hr: Hansen', 'Schierbeck', 'Deres Broder']",['Rom'],[],[]
1,0,"jeg,",,,,,"['Consulens Tjener', 'han (Værten)', 'Hr: Hansen', 'Schierbeck', 'Deres Broder']",['Rom'],[],[]
2,0,foruden,,,,,"['Consulens Tjener', 'han (Værten)', 'Hr: Hansen', 'Schierbeck', 'Deres Broder']",['Rom'],[],[]
3,0,Deres,,,,,"['Consulens Tjener', 'han (Værten)', 'Hr: Hansen', 'Schierbeck', 'Deres Broder']",['Rom'],[],[]
4,0,mange,,,,,"['Consulens Tjener', 'han (Værten)', 'Hr: Hansen', 'Schierbeck', 'Deres Broder']",['Rom'],[],[]
5,0,andre,,,,,"['Consulens Tjener', 'han (Værten)', 'Hr: Hansen', 'Schierbeck', 'Deres Broder']",['Rom'],[],[]
6,0,"Venskabstjenester,",,,,,"['Consulens Tjener', 'han (Værten)', 'Hr: Hansen', 'Schierbeck', 'Deres Broder']",['Rom'],[],[]
7,0,endnu,,,,,"['Consulens Tjener', 'han (Værten)', 'Hr: Hansen', 'Schierbeck', 'Deres Broder']",['Rom'],[],[]
8,0,anmode,,,,,"['Consulens Tjener', 'han (Værten)', 'Hr: Hansen', 'Schierbeck', 'Deres Broder']",['Rom'],[],[]
9,0,Dem,,,,,"['Consulens Tjener', 'han (Værten)', 'Hr: Hansen', 'Schierbeck', 'Deres Broder']",['Rom'],[],[]
10,0,om,,,,,"['Consulens Tjener', 'han (Værten)', 'Hr: Hansen', 'Schierbeck', 'Deres Broder']",['Rom'],[],[]
11,0,den,,,,,"['Consulens Tjener', 'han (Værten)', 'Hr: Hansen', 'Schierbeck', 'Deres Broder']",['Rom'],[],[]
12,0,at,,,,,"['Consulens Tjener', 'han (Værten)', 'Hr: Hansen', 'Schierbeck', 'Deres Broder']",['Rom'],[],[]
13,0,lade,,,,,"['Consulens Tjener', 'han (Værten)', 'Hr: Hansen', 'Schierbeck', 'Deres Broder']",['Rom'],[],[]
14,0,Consulens,,,,,"['Consulens Tjener', 'han (Værten)', 'Hr: Hansen', 'Schierbeck', 'Deres Broder']",['Rom'],[],[]
15,0,Tjener,,,,,"['Consulens Tjener', 'han (Værten)', 'Hr: Hansen', 'Schierbeck', 'Deres Broder']",['Rom'],[],[]
16,0,underrette,,,,,"['Consulens Tjener', 'han (Værten)', 'Hr: Hansen', 'Schierbeck', 'Deres Broder']",['Rom'],[],[]
17,0,min,,,,,"['Consulens Tjener', 'han (Værten)', 'Hr: Hansen', 'Schierbeck', 'Deres Broder']",['Rom'],[],[]
18,0,Vært,,,,,"['Consulens Tjener', 'han (Værten)', 'Hr: Hansen', 'Schierbeck', 'Deres Broder']",['Rom'],[],[]
19,0,om,,,,,"['Consulens Tjener', 'han (Værten)', 'Hr: Hansen', 'Schierbeck', 'Deres Broder']",['Rom'],[],[]
20,0,min,,,,,"['Consulens Tjener', 'han (Værten)', 'Hr: Hansen', 'Schierbeck', 'Deres Broder']",['Rom'],[],[]
21,0,Ankomst,,,,,"['Consulens Tjener', 'han (Værten)', 'Hr: Hansen', 'Schierbeck', 'Deres Broder']",['Rom'],[],[]
22,0,till,,,,,"['Consulens Tjener', 'han (Værten)', 'Hr: Hansen', 'Schierbeck', 'Deres Broder']",['Rom'],[],[]
23,0,Rom,,,,,"['Consulens Tjener', 'han (Værten)', 'Hr: Hansen', 'Schierbeck', 'Deres Broder']",['Rom'],[],[]
24,0,førstkommende,,,,,"['Consulens Tjener', 'han (Værten)', 'Hr: Hansen', 'Schierbeck', 'Deres Broder']",['Rom'],[],[]
25,0,Lørdag,,,,,"['Consulens Tjener', 'han (Værten)', 'Hr: Hansen', 'Schierbeck', 'Deres Broder']",['Rom'],[],[]
26,0,Kl.,,,,,"['Consulens Tjener', 'han (Værten)', 'Hr: Hansen', 'Schierbeck', 'Deres Broder']",['Rom'],[],[]
27,0,10,,,,,"['Consulens Tjener', 'han (Værten)', 'Hr: Hansen', 'Schierbeck', 'Deres Broder']",['Rom'],[],[]
28,0,¼,,,,,"['Consulens Tjener', 'han (Værten)', 'Hr: Hansen', 'Schierbeck', 'Deres Broder']",['Rom'],[],[]
29,0,Formiddag,,,,,"['Consulens Tjener', 'han (Værten)', 'Hr: Hansen', 'Schierbeck', 'Deres Broder']",['Rom'],[],[]
30,0,med,,,,,"['Consulens Tjener', 'han (Værten)', 'Hr: Hansen', 'Schierbeck', 'Deres Broder']",['Rom'],[],[]
31,0,"Jernbanen,",,,,,"['Consulens Tjener', 'han (Værten)', 'Hr: Hansen', 'Schierbeck', 'Deres Broder']",['Rom'],[],[]
32,0,samt,,,,,"['Consulens Tjener', 'han (Værten)', 'Hr: Hansen', 'Schierbeck', 'Deres Broder']",['Rom'],[],[]
33,0,om,,,,,"['Consulens Tjener', 'han (Værten)', 'Hr: Hansen', 'Schierbeck', 'Deres Broder']",['Rom'],[],[]
34,0,at,,,,,"['Consulens Tjener', 'han (Værten)', 'Hr: Hansen', 'Schierbeck', 'Deres Broder']",['Rom'],[],[]
35,0,han,,,,,"['Consulens Tjener', 'han (Værten)', 'Hr: Hansen', 'Schierbeck', 'Deres Broder']",['Rom'],[],[]
36,0,(Værten),,,,,"['Consulens Tjener', 'han (Værten)', 'Hr: Hansen', 'Schierbeck', 'Deres Broder']",['Rom'],[],[]
37,0,vil,,,,,"['Consulens Tjener', 'han (Værten)', 'Hr: Hansen', 'Schierbeck', 'Deres Broder']",['Rom'],[],[]
38,0,sørge,,,,,"['Consulens Tjener', 'han (Værten)', 'Hr: Hansen', 'Schierbeck', 'Deres Broder']",['Rom'],[],[]
39,0,for,,,,,"['Consulens Tjener', 'han (Værten)', 'Hr: Hansen', 'Schierbeck', 'Deres Broder']",['Rom'],[],[]
40,0,at,,,,,"['Consulens Tjener', 'han (Værten)', 'Hr: Hansen', 'Schierbeck', 'Deres Broder']",['Rom'],[],[]
41,0,Huset,,,,,"['Consulens Tjener', 'han (Værten)', 'Hr: Hansen', 'Schierbeck', 'Deres Broder']",['Rom'],[],[]
42,0,paa,,,,,"['Consulens Tjener', 'han (Værten)', 'Hr: Hansen', 'Schierbeck', 'Deres Broder']",['Rom'],[],[]
43,0,den,,,,,"['Consulens Tjener', 'han (Værten)', 'Hr: Hansen', 'Schierbeck', 'Deres Broder']",['Rom'],[],[]
44,0,Tid,,,,,"['Consulens Tjener', 'han (Værten)', 'Hr: Hansen', 'Schierbeck', 'Deres Broder']",['Rom'],[],[]
45,0,er,,,,,"['Consulens Tjener', 'han (Værten)', 'Hr: Hansen', 'Schierbeck', 'Deres Broder']",['Rom'],[],[]
46,0,i,,,,,"['Consulens Tjener', 'han (Værten)', 'Hr: Hansen', 'Schierbeck', 'Deres Broder']",['Rom'],[],[]
47,0,Orden,,,,,"['Consulens Tjener', 'han (Værten)', 'Hr: Hansen', 'Schierbeck', 'Deres Broder']",['Rom'],[],[]
48,0,og,,,,,"['Consulens Tjener', 'han (Værten)', 'Hr: Hansen', 'Schierbeck', 'Deres Broder']",['Rom'],[],[]
49,0,at,,,,,"['Consulens Tjener', 'han (Værten)', 'Hr: Hansen', 'Schierbeck', 'Deres Broder']",['Rom'],[],[]
50,0,Opvartningskonen,,,,,"['Consulens Tjener', 'han (Værten)', 'Hr: Hansen', 'Schierbeck', 'Deres Broder']",['Rom'],[],[]
51,0,saavelsom,,,,,"['Consulens Tjener', 'han (Værten)', 'Hr: Hansen', 'Schierbeck', 'Deres Broder']",['Rom'],[],[]
52,0,Nøglerne,,,,,"['Consulens Tjener', 'han (Værten)', 'Hr: Hansen', 'Schierbeck', 'Deres Broder']",['Rom'],[],[]
53,0,findes,,,,,"['Consulens Tjener', 'han (Værten)', 'Hr: Hansen', 'Schierbeck', 'Deres Broder']",['Rom'],[],[]
54,0,tilstede.,,,,,"['Consulens Tjener', 'han (Værten)', 'Hr: Hansen', 'Schierbeck', 'Deres Broder']",['Rom'],[],[]
55,0,Min,,,,,"['Consulens Tjener', 'han (Værten)', 'Hr: Hansen', 'Schierbeck', 'Deres Broder']",['Rom'],[],[]
56,0,Vært,,,,,"['Consulens Tjener', 'han (Værten)', 'Hr: Hansen', 'Schierbeck', 'Deres Broder']",['Rom'],[],[]
57,0,er,,,,,"['Consulens Tjener', 'han (Værten)', 'Hr: Hansen', 'Schierbeck', 'Deres Broder']",['Rom'],[],[]
58,0,Sgr:,,,,,"['Consulens Tjener', 'han (Værten)', 'Hr: Hansen', 'Schierbeck', 'Deres Broder']",['Rom'],[],[]
59,0,Anatole,,,,,"['Consulens Tjener', 'han (Værten)', 'Hr: Hansen', 'Schierbeck', 'Deres Broder']",['Rom'],[],[]
60,0,"Lorentzani,",,,,,"['Consulens Tjener', 'han (Værten)', 'Hr: Hansen', 'Schierbeck', 'Deres Broder']",['Rom'],[],[]
61,0,Bogholder,,,,,"['Consulens Tjener', 'han (Værten)', 'Hr: Hansen', 'Schierbeck', 'Deres Broder']",['Rom'],[],[]
62,0,eller,,,,,"['Consulens Tjener', 'han (Værten)', 'Hr: Hansen', 'Schierbeck', 'Deres Broder']",['Rom'],[],[]
63,0,noget,,,,,"['Consulens Tjener', 'han (Værten)', 'Hr: Hansen', 'Schierbeck', 'Deres Broder']",['Rom'],[],[]
64,0,Sligt,,,,,"['Consulens Tjener', 'han (Værten)', 'Hr: Hansen', 'Schierbeck', 'Deres Broder']",['Rom'],[],[]
65,0,i,,,,,"['Consulens Tjener', 'han (Værten)', 'Hr: Hansen', 'Schierbeck', 'Deres Broder']",['Rom'],[],[]
66,0,Boutiken,,,,,"['Consulens Tjener', 'han (Værten)', 'Hr: Hansen', 'Schierbeck', 'Deres Broder']",['Rom'],[],[]
67,0,No,,,,,"['Consulens Tjener', 'han (Værten)', 'Hr: Hansen', 'Schierbeck', 'Deres Broder']",['Rom'],[],[]
68,0,2,,,,,"['Consulens Tjener', 'han (Værten)', 'Hr: Hansen', 'Schierbeck', 'Deres Broder']",['Rom'],[],[]
69,0,&,,,,,"['Consulens Tjener', 'han (Værten)', 'Hr: Hansen', 'Schierbeck', 'Deres Broder']",['Rom'],[],[]
70,0,3,,,,,"['Consulens Tjener', 'han (Værten)', 'Hr: Hansen', 'Schierbeck', 'Deres Broder']",['Rom'],[],[]
71,0,i,,,,,"['Consulens Tjener', 'han (Værten)', 'Hr: Hansen', 'Schierbeck', 'Deres Broder']",['Rom'],[],[]
72,0,via,,,,,"['Consulens Tjener', 'han (Værten)', 'Hr: Hansen', 'Schierbeck', 'Deres Broder']",['Rom'],[],[]
73,0,Condotti,,,,,"['Consulens Tjener', 'han (Værten)', 'Hr: Hansen', 'Schierbeck', 'Deres Broder']",['Rom'],[],[]
74,0,(omtrent,,,,,"['Consulens Tjener', 'han (Værten)', 'Hr: Hansen', 'Schierbeck', 'Deres Broder']",['Rom'],[],[]
75,0,lige,,,,,"['Consulens Tjener', 'han (Værten)', 'Hr: Hansen', 'Schierbeck', 'Deres Broder']",['Rom'],[],[]
76,0,over,,,,,"['Consulens Tjener', 'han (Værten)', 'Hr: Hansen', 'Schierbeck', 'Deres Broder']",['Rom'],[],[]
77,0,for,,,,,"['Consulens Tjener', 'han (Værten)', 'Hr: Hansen', 'Schierbeck', 'Deres Broder']",['Rom'],[],[]
78,0,Caffé,,,,,"['Consulens Tjener', 'han (Værten)', 'Hr: Hansen', 'Schierbeck', 'Deres Broder']",['Rom'],[],[]
79,0,Greco),,,,,"['Consulens Tjener', 'han (Værten)', 'Hr: Hansen', 'Schierbeck', 'Deres Broder']",['Rom'],[],[]
80,0,hvor,,,,,"['Consulens Tjener', 'han (Værten)', 'Hr: Hansen', 'Schierbeck', 'Deres Broder']",['Rom'],[],[]
81,0,han,,,,,"['Consulens Tjener', 'han (Værten)', 'Hr: Hansen', 'Schierbeck', 'Deres Broder']",['Rom'],[],[]
82,0,daglig,,,,,"['Consulens Tjener', 'han (Værten)', 'Hr: Hansen', 'Schierbeck', 'Deres Broder']",['Rom'],[],[]
83,0,findes.,,,,,"['Consulens Tjener', 'han (Værten)', 'Hr: Hansen', 'Schierbeck', 'Deres Broder']",['Rom'],[],[]
84,0,–,,,,,"['Consulens Tjener', 'han (Værten)', 'Hr: Hansen', 'Schierbeck', 'Deres Broder']",['Rom'],[],[]
85,0,Hr:,,,,,"['Consulens Tjener', 'han (Værten)', 'Hr: Hansen', 'Schierbeck', 'Deres Broder']",['Rom'],[],[]
86,0,Hansen,,,,,"['Consulens Tjener', 'han (Værten)', 'Hr: Hansen', 'Schierbeck', 'Deres Broder']",['Rom'],[],[]
87,0,agter,,,,,"['Consulens Tjener', 'han (Værten)', 'Hr: Hansen', 'Schierbeck', 'Deres Broder']",['Rom'],[],[]
88,0,at,,,,,"['Consulens Tjener', 'han (Værten)', 'Hr: Hansen', 'Schierbeck', 'Deres Broder']",['Rom'],[],[]
89,0,holde,,,,,"['Consulens Tjener', 'han (Værten)', 'Hr: Hansen', 'Schierbeck', 'Deres Broder']",['Rom'],[],[]
90,0,sit,,,,,"['Consulens Tjener', 'han (Værten)', 'Hr: Hansen', 'Schierbeck', 'Deres Broder']",['Rom'],[],[]
91,0,Indtog,,,,,"['Consulens Tjener', 'han (Værten)', 'Hr: Hansen', 'Schierbeck', 'Deres Broder']",['Rom'],[],[]
92,0,paa,,,,,"['Consulens Tjener', 'han (Værten)', 'Hr: Hansen', 'Schierbeck', 'Deres Broder']",['Rom'],[],[]
93,0,samme,,,,,"['Consulens Tjener', 'han (Værten)', 'Hr: Hansen', 'Schierbeck', 'Deres Broder']",['Rom'],[],[]
94,0,"Tid,",,,,,"['Consulens Tjener', 'han (Værten)', 'Hr: Hansen', 'Schierbeck', 'Deres Broder']",['Rom'],[],[]
95,0,skjønt,,,,,"['Consulens Tjener', 'han (Værten)', 'Hr: Hansen', 'Schierbeck', 'Deres Broder']",['Rom'],[],[]
96,0,han,,,,,"['Consulens Tjener', 'han (Værten)', 'Hr: Hansen', 'Schierbeck', 'Deres Broder']",['Rom'],[],[]
97,0,har,,,,,"['Consulens Tjener', 'han (Værten)', 'Hr: Hansen', 'Schierbeck', 'Deres Broder']",['Rom'],[],[]
98,0,betalt,,,,,"['Consulens Tjener', 'han (Værten)', 'Hr: Hansen', 'Schierbeck', 'Deres Broder']",['Rom'],[],[]
99,0,for,,,,,"['Consulens Tjener', 'han (Værten)', 'Hr: Hansen', 'Schierbeck', 'Deres Broder']",['Rom'],[],[]
100,0,1½,,,,,"['Consulens Tjener', 'han (Værten)', 'Hr: Hansen', 'Schierbeck', 'Deres Broder']",['Rom'],[],[]
101,0,Dag,,,,,"['Consulens Tjener', 'han (Værten)', 'Hr: Hansen', 'Schierbeck', 'Deres Broder']",['Rom'],[],[]
102,0,"længere,",,,,,"['Consulens Tjener', 'han (Værten)', 'Hr: Hansen', 'Schierbeck', 'Deres Broder']",['Rom'],[],[]
103,0,hvilket,,,,,"['Consulens Tjener', 'han (Værten)', 'Hr: Hansen', 'Schierbeck', 'Deres Broder']",['Rom'],[],[]
104,0,lader,,,,,"['Consulens Tjener', 'han (Værten)', 'Hr: Hansen', 'Schierbeck', 'Deres Broder']",['Rom'],[],[]
105,0,til,,,,,"['Consulens Tjener', 'han (Værten)', 'Hr: Hansen', 'Schierbeck', 'Deres Broder']",['Rom'],[],[]
106,0,at,,,,,"['Consulens Tjener', 'han (Værten)', 'Hr: Hansen', 'Schierbeck', 'Deres Broder']",['Rom'],[],[]
107,0,foraarsage,,,,,"['Consulens Tjener', 'han (Værten)', 'Hr: Hansen', 'Schierbeck', 'Deres Broder']",['Rom'],[],[]
108,0,ham,,,,,"['Consulens Tjener', 'han (Værten)', 'Hr: Hansen', 'Schierbeck', 'Deres Broder']",['Rom'],[],[]
109,0,en,,,,,"['Consulens Tjener', 'han (Værten)', 'Hr: Hansen', 'Schierbeck', 'Deres Broder']",['Rom'],[],[]
110,0,stedsevarende,,,,,"['Consulens Tjener', 'han (Værten)', 'Hr: Hansen', 'Schierbeck', 'Deres Broder']",['Rom'],[],[]
111,0,om,,,,,"['Consulens Tjener', 'han (Værten)', 'Hr: Hansen', 'Schierbeck', 'Deres Broder']",['Rom'],[],[]
112,0,end,,,,,"['Consulens Tjener', 'han (Værten)', 'Hr: Hansen', 'Schierbeck', 'Deres Broder']",['Rom'],[],[]
113,0,lønlig,,,,,"['Consulens Tjener', 'han (Værten)', 'Hr: Hansen', 'Schierbeck', 'Deres Broder']",['Rom'],[],[]
114,0,Ærgrelse;,,,,,"['Consulens Tjener', 'han (Værten)', 'Hr: Hansen', 'Schierbeck', 'Deres Broder']",['Rom'],[],[]
115,0,men,,,,,"['Consulens Tjener', 'han (Værten)', 'Hr: Hansen', 'Schierbeck', 'Deres Broder']",['Rom'],[],[]
116,0,saasom,,,,,"['Consulens Tjener', 'han (Værten)', 'Hr: Hansen', 'Schierbeck', 'Deres Broder']",['Rom'],[],[]
117,0,efter,,,,,"['Consulens Tjener', 'han (Værten)', 'Hr: Hansen', 'Schierbeck', 'Deres Broder']",['Rom'],[],[]
118,0,hans,,,,,"['Consulens Tjener', 'han (Værten)', 'Hr: Hansen', 'Schierbeck', 'Deres Broder']",['Rom'],[],[]
119,0,Sigende,,,,,"['Consulens Tjener', 'han (Værten)', 'Hr: Hansen', 'Schierbeck', 'Deres Broder']",['Rom'],[],[]
120,0,Veturinerne,,,,,"['Consulens Tjener', 'han (Værten)', 'Hr: Hansen', 'Schierbeck', 'Deres Broder']",['Rom'],[],[]
121,0,eller,,,,,"['Consulens Tjener', 'han (Værten)', 'Hr: Hansen', 'Schierbeck', 'Deres Broder']",['Rom'],[],[]
122,0,Droscherne,,,,,"['Consulens Tjener', 'han (Værten)', 'Hr: Hansen', 'Schierbeck', 'Deres Broder']",['Rom'],[],[]
123,0,om,,,,,"['Consulens Tjener', 'han (Værten)', 'Hr: Hansen', 'Schierbeck', 'Deres Broder']",['Rom'],[],[]
124,0,Søndagen,,,,,"['Consulens Tjener', 'han (Værten)', 'Hr: Hansen', 'Schierbeck', 'Deres Broder']",['Rom'],[],[]
125,0,og,,,,,"['Consulens Tjener', 'han (Værten)', 'Hr: Hansen', 'Schierbeck', 'Deres Broder']",['Rom'],[],[]
126,0,Mandagen,,,,,"['Consulens Tjener', 'han (Værten)', 'Hr: Hansen', 'Schierbeck', 'Deres Broder']",['Rom'],[],[]
127,0,fare,,,,,"['Consulens Tjener', 'han (Værten)', 'Hr: Hansen', 'Schierbeck', 'Deres Broder']",['Rom'],[],[]
128,0,for,,,,,"['Consulens Tjener', 'han (Værten)', 'Hr: Hansen', 'Schierbeck', 'Deres Broder']",['Rom'],[],[]
129,0,dobbelt,,,,,"['Consulens Tjener', 'han (Værten)', 'Hr: Hansen', 'Schierbeck', 'Deres Broder']",['Rom'],[],[]
130,0,"Taxt,",,,,,"['Consulens Tjener', 'han (Værten)', 'Hr: Hansen', 'Schierbeck', 'Deres Broder']",['Rom'],[],[]
131,0,saa,,,,,"['Consulens Tjener', 'han (Værten)', 'Hr: Hansen', 'Schierbeck', 'Deres Broder']",['Rom'],[],[]
132,0,maa,,,,,"['Consulens Tjener', 'han (Værten)', 'Hr: Hansen', 'Schierbeck', 'Deres Broder']",['Rom'],[],[]
133,0,han,,,,,"['Consulens Tjener', 'han (Værten)', 'Hr: Hansen', 'Schierbeck', 'Deres Broder']",['Rom'],[],[]
134,0,alt,,,,,"['Consulens Tjener', 'han (Værten)', 'Hr: Hansen', 'Schierbeck', 'Deres Broder']",['Rom'],[],[]
135,0,afsted,,,,,"['Consulens Tjener', 'han (Værten)', 'Hr: Hansen', 'Schierbeck', 'Deres Broder']",['Rom'],[],[]
136,0,paa,,,,,"['Consulens Tjener', 'han (Værten)', 'Hr: Hansen', 'Schierbeck', 'Deres Broder']",['Rom'],[],[]
137,0,Lørdag.,,,,,"['Consulens Tjener', 'han (Værten)', 'Hr: Hansen', 'Schierbeck', 'Deres Broder']",['Rom'],[],[]
138,0,Schierbeck,,,,,"['Consulens Tjener', 'han (Værten)', 'Hr: Hansen', 'Schierbeck', 'Deres Broder']",['Rom'],[],[]
139,0,kommer,,,,,"['Consulens Tjener', 'han (Værten)', 'Hr: Hansen', 'Schierbeck', 'Deres Broder']",['Rom'],[],[]
140,0,formodentlig,,,,,"['Consulens Tjener', 'han (Værten)', 'Hr: Hansen', 'Schierbeck', 'Deres Broder']",['Rom'],[],[]
141,0,et,,,,,"['Consulens Tjener', 'han (Værten)', 'Hr: Hansen', 'Schierbeck', 'Deres Broder']",['Rom'],[],[]
142,0,Par,,,,,"['Consulens Tjener', 'han (Værten)', 'Hr: Hansen', 'Schierbeck', 'Deres Broder']",['Rom'],[],[]
143,0,Dage,,,,,"['Consulens Tjener', 'han (Værten)', 'Hr: Hansen', 'Schierbeck', 'Deres Broder']",['Rom'],[],[]
144,0,senere;,,,,,"['Consulens Tjener', 'han (Værten)', 'Hr: Hansen', 'Schierbeck', 'Deres Broder']",['Rom'],[],[]
145,0,jeg,,,,,"['Consulens Tjener', 'han (Værten)', 'Hr: Hansen', 'Schierbeck', 'Deres Broder']",['Rom'],[],[]
146,0,synes,,,,,"['Consulens Tjener', 'han (Værten)', 'Hr: Hansen', 'Schierbeck', 'Deres Broder']",['Rom'],[],[]
147,0,at,,,,,"['Consulens Tjener', 'han (Værten)', 'Hr: Hansen', 'Schierbeck', 'Deres Broder']",['Rom'],[],[]
148,0,spore,,,,,"['Consulens Tjener', 'han (Værten)', 'Hr: Hansen', 'Schierbeck', 'Deres Broder']",['Rom'],[],[]
149,0,nogen,,,,,"['Consulens Tjener', 'han (Værten)', 'Hr: Hansen', 'Schierbeck', 'Deres Broder']",['Rom'],[],[]
150,0,Bedring,,,,,"['Consulens Tjener', 'han (Værten)', 'Hr: Hansen', 'Schierbeck', 'Deres Broder']",['Rom'],[],[]
151,0,hos,,,,,"['Consulens Tjener', 'han (Værten)', 'Hr: Hansen', 'Schierbeck', 'Deres Broder']",['Rom'],[],[]
152,0,"ham,",,,,,"['Consulens Tjener', 'han (Værten)', 'Hr: Hansen', 'Schierbeck', 'Deres Broder']",['Rom'],[],[]
153,0,og,,,,,"['Consulens Tjener', 'han (Værten)', 'Hr: Hansen', 'Schierbeck', 'Deres Broder']",['Rom'],[],[]
154,0,haaber,,,,,"['Consulens Tjener', 'han (Værten)', 'Hr: Hansen', 'Schierbeck', 'Deres Broder']",['Rom'],[],[]
155,0,det,,,,,"['Consulens Tjener', 'han (Værten)', 'Hr: Hansen', 'Schierbeck', 'Deres Broder']",['Rom'],[],[]
156,0,Bedste,,,,,"['Consulens Tjener', 'han (Værten)', 'Hr: Hansen', 'Schierbeck', 'Deres Broder']",['Rom'],[],[]
157,0,skjønt,,,,,"['Consulens Tjener', 'han (Værten)', 'Hr: Hansen', 'Schierbeck', 'Deres Broder']",['Rom'],[],[]
158,0,han,,,,,"['Consulens Tjener', 'han (Værten)', 'Hr: Hansen', 'Schierbeck', 'Deres Broder']",['Rom'],[],[]
159,0,rigtignok,,,,,"['Consulens Tjener', 'han (Værten)', 'Hr: Hansen', 'Schierbeck', 'Deres Broder']",['Rom'],[],[]
160,0,har,,,,,"['Consulens Tjener', 'han (Værten)', 'Hr: Hansen', 'Schierbeck', 'Deres Broder']",['Rom'],[],[]
161,0,været,,,,,"['Consulens Tjener', 'han (Værten)', 'Hr: Hansen', 'Schierbeck', 'Deres Broder']",['Rom'],[],[]
162,0,forfærdeligt,,,,,"['Consulens Tjener', 'han (Værten)', 'Hr: Hansen', 'Schierbeck', 'Deres Broder']",['Rom'],[],[]
163,0,medtaget.,,,,,"['Consulens Tjener', 'han (Værten)', 'Hr: Hansen', 'Schierbeck', 'Deres Broder']",['Rom'],[],[]
164,0,Lev,,,,,"['Consulens Tjener', 'han (Værten)', 'Hr: Hansen', 'Schierbeck', 'Deres Broder']",['Rom'],[],[]
165,0,"vel,",,,,,"['Consulens Tjener', 'han (Værten)', 'Hr: Hansen', 'Schierbeck', 'Deres Broder']",['Rom'],[],[]
166,0,og,,,,,"['Consulens Tjener', 'han (Værten)', 'Hr: Hansen', 'Schierbeck', 'Deres Broder']",['Rom'],[],[]
167,0,fortryd,,,,,"['Consulens Tjener', 'han (Værten)', 'Hr: Hansen', 'Schierbeck', 'Deres Broder']",['Rom'],[],[]
168,0,ikke,,,,,"['Consulens Tjener', 'han (Værten)', 'Hr: Hansen', 'Schierbeck', 'Deres Broder']",['Rom'],[],[]
169,0,formeget,,,,,"['Consulens Tjener', 'han (Værten)', 'Hr: Hansen', 'Schierbeck', 'Deres Broder']",['Rom'],[],[]
170,0,paa,,,,,"['Consulens Tjener', 'han (Værten)', 'Hr: Hansen', 'Schierbeck', 'Deres Broder']",['Rom'],[],[]
171,0,at,,,,,"['Consulens Tjener', 'han (Værten)', 'Hr: Hansen', 'Schierbeck', 'Deres Broder']",['Rom'],[],[]
172,0,jeg,,,,,"['Consulens Tjener', 'han (Værten)', 'Hr: Hansen', 'Schierbeck', 'Deres Broder']",['Rom'],[],[]
173,0,saaledes,,,,,"['Consulens Tjener', 'han (Værten)', 'Hr: Hansen', 'Schierbeck', 'Deres Broder']",['Rom'],[],[]
174,0,gjentagende,,,,,"['Consulens Tjener', 'han (Værten)', 'Hr: Hansen', 'Schierbeck', 'Deres Broder']",['Rom'],[],[]
175,0,trækker,,,,,"['Consulens Tjener', 'han (Værten)', 'Hr: Hansen', 'Schierbeck', 'Deres Broder']",['Rom'],[],[]
176,0,Vexler,,,,,"['Consulens Tjener', 'han (Værten)', 'Hr: Hansen', 'Schierbeck', 'Deres Broder']",['Rom'],[],[]
177,0,paa,,,,,"['Consulens Tjener', 'han (Værten)', 'Hr: Hansen', 'Schierbeck', 'Deres Broder']",['Rom'],[],[]
178,0,Deres,,,,,"['Consulens Tjener', 'han (Værten)', 'Hr: Hansen', 'Schierbeck', 'Deres Broder']",['Rom'],[],[]
179,0,gode,,,,,"['Consulens Tjener', 'han (Værten)', 'Hr: Hansen', 'Schierbeck', 'Deres Broder']",['Rom'],[],[]
180,0,Vilje.,,,,,"['Consulens Tjener', 'han (Værten)', 'Hr: Hansen', 'Schierbeck', 'Deres Broder']",['Rom'],[],[]
181,0,Hils,,,,,"['Consulens Tjener', 'han (Værten)', 'Hr: Hansen', 'Schierbeck', 'Deres Broder']",['Rom'],[],[]
182,0,Deres,,,,,"['Consulens Tjener', 'han (Værten)', 'Hr: Hansen', 'Schierbeck', 'Deres Broder']",['Rom'],[],[]
183,0,Broder,,,,,"['Consulens Tjener', 'han (Værten)', 'Hr: Hansen', 'Schierbeck', 'Deres Broder']",['Rom'],[],[]
184,0,hjerteligst,,,,,"['Consulens Tjener', 'han (Værten)', 'Hr: Hansen', 'Schierbeck', 'Deres Broder']",['Rom'],[],[]
185,0,fra,,,,,"['Consulens Tjener', 'han (Værten)', 'Hr: Hansen', 'Schierbeck', 'Deres Broder']",['Rom'],[],[]
186,0,mig.,,,,,"['Consulens Tjener', 'han (Værten)', 'Hr: Hansen', 'Schierbeck', 'Deres Broder']",['Rom'],[],[]
187,0,De,,,,,"['Consulens Tjener', 'han (Værten)', 'Hr: Hansen', 'Schierbeck', 'Deres Broder']",['Rom'],[],[]
188,0,øvrige,,,,,"['Consulens Tjener', 'han (Værten)', 'Hr: Hansen', 'Schierbeck', 'Deres Broder']",['Rom'],[],[]
189,0,Venner,,,,,"['Consulens Tjener', 'han (Værten)', 'Hr: Hansen', 'Schierbeck', 'Deres Broder']",['Rom'],[],[]
190,0,ligesaa.,,,,,"['Consulens Tjener', 'han (Værten)', 'Hr: Hansen', 'Schierbeck', 'Deres Broder']",['Rom'],[],[]
