,,0,human_annotation,who,dacy_medium,spacy_trf,person,place,org,work
0,0,I,,,,,['H. J. Jensen'],"['Kristiania', 'Danmark']","['«Illustr: Nyhedsblads»', 'den Gyldendalske boghandel']","['«Fru Inger til Østeråd»', '«Hærmændene på Helgeland»']"
1,0,disse,,,,,['H. J. Jensen'],"['Kristiania', 'Danmark']","['«Illustr: Nyhedsblads»', 'den Gyldendalske boghandel']","['«Fru Inger til Østeråd»', '«Hærmændene på Helgeland»']"
2,0,dage,,,,,['H. J. Jensen'],"['Kristiania', 'Danmark']","['«Illustr: Nyhedsblads»', 'den Gyldendalske boghandel']","['«Fru Inger til Østeråd»', '«Hærmændene på Helgeland»']"
3,0,har,,,,,['H. J. Jensen'],"['Kristiania', 'Danmark']","['«Illustr: Nyhedsblads»', 'den Gyldendalske boghandel']","['«Fru Inger til Østeråd»', '«Hærmændene på Helgeland»']"
4,0,jeg,,,,,['H. J. Jensen'],"['Kristiania', 'Danmark']","['«Illustr: Nyhedsblads»', 'den Gyldendalske boghandel']","['«Fru Inger til Østeråd»', '«Hærmændene på Helgeland»']"
5,0,modtaget,,,,,['H. J. Jensen'],"['Kristiania', 'Danmark']","['«Illustr: Nyhedsblads»', 'den Gyldendalske boghandel']","['«Fru Inger til Østeråd»', '«Hærmændene på Helgeland»']"
6,0,underretning,,,,,['H. J. Jensen'],"['Kristiania', 'Danmark']","['«Illustr: Nyhedsblads»', 'den Gyldendalske boghandel']","['«Fru Inger til Østeråd»', '«Hærmændene på Helgeland»']"
7,0,om,,,,,['H. J. Jensen'],"['Kristiania', 'Danmark']","['«Illustr: Nyhedsblads»', 'den Gyldendalske boghandel']","['«Fru Inger til Østeråd»', '«Hærmændene på Helgeland»']"
8,0,at,,,,,['H. J. Jensen'],"['Kristiania', 'Danmark']","['«Illustr: Nyhedsblads»', 'den Gyldendalske boghandel']","['«Fru Inger til Østeråd»', '«Hærmændene på Helgeland»']"
9,0,en,,,,,['H. J. Jensen'],"['Kristiania', 'Danmark']","['«Illustr: Nyhedsblads»', 'den Gyldendalske boghandel']","['«Fru Inger til Østeråd»', '«Hærmændene på Helgeland»']"
10,0,i,,,,,['H. J. Jensen'],"['Kristiania', 'Danmark']","['«Illustr: Nyhedsblads»', 'den Gyldendalske boghandel']","['«Fru Inger til Østeråd»', '«Hærmændene på Helgeland»']"
11,0,Kristiania,,,,,['H. J. Jensen'],"['Kristiania', 'Danmark']","['«Illustr: Nyhedsblads»', 'den Gyldendalske boghandel']","['«Fru Inger til Østeråd»', '«Hærmændene på Helgeland»']"
12,0,bosiddende,,,,,['H. J. Jensen'],"['Kristiania', 'Danmark']","['«Illustr: Nyhedsblads»', 'den Gyldendalske boghandel']","['«Fru Inger til Østeråd»', '«Hærmændene på Helgeland»']"
13,0,bogtrykker,,,,,['H. J. Jensen'],"['Kristiania', 'Danmark']","['«Illustr: Nyhedsblads»', 'den Gyldendalske boghandel']","['«Fru Inger til Østeråd»', '«Hærmændene på Helgeland»']"
14,0,ved,,,,,['H. J. Jensen'],"['Kristiania', 'Danmark']","['«Illustr: Nyhedsblads»', 'den Gyldendalske boghandel']","['«Fru Inger til Østeråd»', '«Hærmændene på Helgeland»']"
15,0,navn,,,,,['H. J. Jensen'],"['Kristiania', 'Danmark']","['«Illustr: Nyhedsblads»', 'den Gyldendalske boghandel']","['«Fru Inger til Østeråd»', '«Hærmændene på Helgeland»']"
16,0,H.,,,,,['H. J. Jensen'],"['Kristiania', 'Danmark']","['«Illustr: Nyhedsblads»', 'den Gyldendalske boghandel']","['«Fru Inger til Østeråd»', '«Hærmændene på Helgeland»']"
17,0,J.,,,,,['H. J. Jensen'],"['Kristiania', 'Danmark']","['«Illustr: Nyhedsblads»', 'den Gyldendalske boghandel']","['«Fru Inger til Østeråd»', '«Hærmændene på Helgeland»']"
18,0,Jensen,,,,,['H. J. Jensen'],"['Kristiania', 'Danmark']","['«Illustr: Nyhedsblads»', 'den Gyldendalske boghandel']","['«Fru Inger til Østeråd»', '«Hærmændene på Helgeland»']"
19,0,er,,,,,['H. J. Jensen'],"['Kristiania', 'Danmark']","['«Illustr: Nyhedsblads»', 'den Gyldendalske boghandel']","['«Fru Inger til Østeråd»', '«Hærmændene på Helgeland»']"
20,0,ifærd,,,,,['H. J. Jensen'],"['Kristiania', 'Danmark']","['«Illustr: Nyhedsblads»', 'den Gyldendalske boghandel']","['«Fru Inger til Østeråd»', '«Hærmændene på Helgeland»']"
21,0,med,,,,,['H. J. Jensen'],"['Kristiania', 'Danmark']","['«Illustr: Nyhedsblads»', 'den Gyldendalske boghandel']","['«Fru Inger til Østeråd»', '«Hærmændene på Helgeland»']"
22,0,ulovligen,,,,,['H. J. Jensen'],"['Kristiania', 'Danmark']","['«Illustr: Nyhedsblads»', 'den Gyldendalske boghandel']","['«Fru Inger til Østeråd»', '«Hærmændene på Helgeland»']"
23,0,at,,,,,['H. J. Jensen'],"['Kristiania', 'Danmark']","['«Illustr: Nyhedsblads»', 'den Gyldendalske boghandel']","['«Fru Inger til Østeråd»', '«Hærmændene på Helgeland»']"
24,0,eftertrykke,,,,,['H. J. Jensen'],"['Kristiania', 'Danmark']","['«Illustr: Nyhedsblads»', 'den Gyldendalske boghandel']","['«Fru Inger til Østeråd»', '«Hærmændene på Helgeland»']"
25,0,mine,,,,,['H. J. Jensen'],"['Kristiania', 'Danmark']","['«Illustr: Nyhedsblads»', 'den Gyldendalske boghandel']","['«Fru Inger til Østeråd»', '«Hærmændene på Helgeland»']"
26,0,to,,,,,['H. J. Jensen'],"['Kristiania', 'Danmark']","['«Illustr: Nyhedsblads»', 'den Gyldendalske boghandel']","['«Fru Inger til Østeråd»', '«Hærmændene på Helgeland»']"
27,0,ældre,,,,,['H. J. Jensen'],"['Kristiania', 'Danmark']","['«Illustr: Nyhedsblads»', 'den Gyldendalske boghandel']","['«Fru Inger til Østeråd»', '«Hærmændene på Helgeland»']"
28,0,dramatiske,,,,,['H. J. Jensen'],"['Kristiania', 'Danmark']","['«Illustr: Nyhedsblads»', 'den Gyldendalske boghandel']","['«Fru Inger til Østeråd»', '«Hærmændene på Helgeland»']"
29,0,arbejder,,,,,['H. J. Jensen'],"['Kristiania', 'Danmark']","['«Illustr: Nyhedsblads»', 'den Gyldendalske boghandel']","['«Fru Inger til Østeråd»', '«Hærmændene på Helgeland»']"
30,0,«Fru,,,,,['H. J. Jensen'],"['Kristiania', 'Danmark']","['«Illustr: Nyhedsblads»', 'den Gyldendalske boghandel']","['«Fru Inger til Østeråd»', '«Hærmændene på Helgeland»']"
31,0,Inger,,,,,['H. J. Jensen'],"['Kristiania', 'Danmark']","['«Illustr: Nyhedsblads»', 'den Gyldendalske boghandel']","['«Fru Inger til Østeråd»', '«Hærmændene på Helgeland»']"
32,0,til,,,,,['H. J. Jensen'],"['Kristiania', 'Danmark']","['«Illustr: Nyhedsblads»', 'den Gyldendalske boghandel']","['«Fru Inger til Østeråd»', '«Hærmændene på Helgeland»']"
33,0,Østeråd»,,,,,['H. J. Jensen'],"['Kristiania', 'Danmark']","['«Illustr: Nyhedsblads»', 'den Gyldendalske boghandel']","['«Fru Inger til Østeråd»', '«Hærmændene på Helgeland»']"
34,0,og,,,,,['H. J. Jensen'],"['Kristiania', 'Danmark']","['«Illustr: Nyhedsblads»', 'den Gyldendalske boghandel']","['«Fru Inger til Østeråd»', '«Hærmændene på Helgeland»']"
35,0,«Hærmændene,,,,,['H. J. Jensen'],"['Kristiania', 'Danmark']","['«Illustr: Nyhedsblads»', 'den Gyldendalske boghandel']","['«Fru Inger til Østeråd»', '«Hærmændene på Helgeland»']"
36,0,på,,,,,['H. J. Jensen'],"['Kristiania', 'Danmark']","['«Illustr: Nyhedsblads»', 'den Gyldendalske boghandel']","['«Fru Inger til Østeråd»', '«Hærmændene på Helgeland»']"
37,0,Helgeland».,,,,,['H. J. Jensen'],"['Kristiania', 'Danmark']","['«Illustr: Nyhedsblads»', 'den Gyldendalske boghandel']","['«Fru Inger til Østeråd»', '«Hærmændene på Helgeland»']"
38,0,For,,,,,['H. J. Jensen'],"['Kristiania', 'Danmark']","['«Illustr: Nyhedsblads»', 'den Gyldendalske boghandel']","['«Fru Inger til Østeråd»', '«Hærmændene på Helgeland»']"
39,0,dette,,,,,['H. J. Jensen'],"['Kristiania', 'Danmark']","['«Illustr: Nyhedsblads»', 'den Gyldendalske boghandel']","['«Fru Inger til Østeråd»', '«Hærmændene på Helgeland»']"
40,0,attentat,,,,,['H. J. Jensen'],"['Kristiania', 'Danmark']","['«Illustr: Nyhedsblads»', 'den Gyldendalske boghandel']","['«Fru Inger til Østeråd»', '«Hærmændene på Helgeland»']"
41,0,på,,,,,['H. J. Jensen'],"['Kristiania', 'Danmark']","['«Illustr: Nyhedsblads»', 'den Gyldendalske boghandel']","['«Fru Inger til Østeråd»', '«Hærmændene på Helgeland»']"
42,0,min,,,,,['H. J. Jensen'],"['Kristiania', 'Danmark']","['«Illustr: Nyhedsblads»', 'den Gyldendalske boghandel']","['«Fru Inger til Østeråd»', '«Hærmændene på Helgeland»']"
43,0,ejendom,,,,,['H. J. Jensen'],"['Kristiania', 'Danmark']","['«Illustr: Nyhedsblads»', 'den Gyldendalske boghandel']","['«Fru Inger til Østeråd»', '«Hærmændene på Helgeland»']"
44,0,vil,,,,,['H. J. Jensen'],"['Kristiania', 'Danmark']","['«Illustr: Nyhedsblads»', 'den Gyldendalske boghandel']","['«Fru Inger til Østeråd»', '«Hærmændene på Helgeland»']"
45,0,han,,,,,['H. J. Jensen'],"['Kristiania', 'Danmark']","['«Illustr: Nyhedsblads»', 'den Gyldendalske boghandel']","['«Fru Inger til Østeråd»', '«Hærmændene på Helgeland»']"
46,0,blive,,,,,['H. J. Jensen'],"['Kristiania', 'Danmark']","['«Illustr: Nyhedsblads»', 'den Gyldendalske boghandel']","['«Fru Inger til Østeråd»', '«Hærmændene på Helgeland»']"
47,0,dragen,,,,,['H. J. Jensen'],"['Kristiania', 'Danmark']","['«Illustr: Nyhedsblads»', 'den Gyldendalske boghandel']","['«Fru Inger til Østeråd»', '«Hærmændene på Helgeland»']"
48,0,til,,,,,['H. J. Jensen'],"['Kristiania', 'Danmark']","['«Illustr: Nyhedsblads»', 'den Gyldendalske boghandel']","['«Fru Inger til Østeråd»', '«Hærmændene på Helgeland»']"
49,0,retsligt,,,,,['H. J. Jensen'],"['Kristiania', 'Danmark']","['«Illustr: Nyhedsblads»', 'den Gyldendalske boghandel']","['«Fru Inger til Østeråd»', '«Hærmændene på Helgeland»']"
50,0,ansvar.,,,,,['H. J. Jensen'],"['Kristiania', 'Danmark']","['«Illustr: Nyhedsblads»', 'den Gyldendalske boghandel']","['«Fru Inger til Østeråd»', '«Hærmændene på Helgeland»']"
51,0,Men,,,,,['H. J. Jensen'],"['Kristiania', 'Danmark']","['«Illustr: Nyhedsblads»', 'den Gyldendalske boghandel']","['«Fru Inger til Østeråd»', '«Hærmændene på Helgeland»']"
52,0,for,,,,,['H. J. Jensen'],"['Kristiania', 'Danmark']","['«Illustr: Nyhedsblads»', 'den Gyldendalske boghandel']","['«Fru Inger til Østeråd»', '«Hærmændene på Helgeland»']"
53,0,det,,,,,['H. J. Jensen'],"['Kristiania', 'Danmark']","['«Illustr: Nyhedsblads»', 'den Gyldendalske boghandel']","['«Fru Inger til Østeråd»', '«Hærmændene på Helgeland»']"
54,0,tilfælde,,,,,['H. J. Jensen'],"['Kristiania', 'Danmark']","['«Illustr: Nyhedsblads»', 'den Gyldendalske boghandel']","['«Fru Inger til Østeråd»', '«Hærmændene på Helgeland»']"
55,0,at,,,,,['H. J. Jensen'],"['Kristiania', 'Danmark']","['«Illustr: Nyhedsblads»', 'den Gyldendalske boghandel']","['«Fru Inger til Østeråd»', '«Hærmændene på Helgeland»']"
56,0,eftertryksudgaven,,,,,['H. J. Jensen'],"['Kristiania', 'Danmark']","['«Illustr: Nyhedsblads»', 'den Gyldendalske boghandel']","['«Fru Inger til Østeråd»', '«Hærmændene på Helgeland»']"
57,0,i,,,,,['H. J. Jensen'],"['Kristiania', 'Danmark']","['«Illustr: Nyhedsblads»', 'den Gyldendalske boghandel']","['«Fru Inger til Østeråd»', '«Hærmændene på Helgeland»']"
58,0,mellemtiden,,,,,['H. J. Jensen'],"['Kristiania', 'Danmark']","['«Illustr: Nyhedsblads»', 'den Gyldendalske boghandel']","['«Fru Inger til Østeråd»', '«Hærmændene på Helgeland»']"
59,0,skulde,,,,,['H. J. Jensen'],"['Kristiania', 'Danmark']","['«Illustr: Nyhedsblads»', 'den Gyldendalske boghandel']","['«Fru Inger til Østeråd»', '«Hærmændene på Helgeland»']"
60,0,forvilde,,,,,['H. J. Jensen'],"['Kristiania', 'Danmark']","['«Illustr: Nyhedsblads»', 'den Gyldendalske boghandel']","['«Fru Inger til Østeråd»', '«Hærmændene på Helgeland»']"
61,0,sig,,,,,['H. J. Jensen'],"['Kristiania', 'Danmark']","['«Illustr: Nyhedsblads»', 'den Gyldendalske boghandel']","['«Fru Inger til Østeråd»', '«Hærmændene på Helgeland»']"
62,0,til,,,,,['H. J. Jensen'],"['Kristiania', 'Danmark']","['«Illustr: Nyhedsblads»', 'den Gyldendalske boghandel']","['«Fru Inger til Østeråd»', '«Hærmændene på Helgeland»']"
63,0,"Danmark,",,,,,['H. J. Jensen'],"['Kristiania', 'Danmark']","['«Illustr: Nyhedsblads»', 'den Gyldendalske boghandel']","['«Fru Inger til Østeråd»', '«Hærmændene på Helgeland»']"
64,0,er,,,,,['H. J. Jensen'],"['Kristiania', 'Danmark']","['«Illustr: Nyhedsblads»', 'den Gyldendalske boghandel']","['«Fru Inger til Østeråd»', '«Hærmændene på Helgeland»']"
65,0,det,,,,,['H. J. Jensen'],"['Kristiania', 'Danmark']","['«Illustr: Nyhedsblads»', 'den Gyldendalske boghandel']","['«Fru Inger til Østeråd»', '«Hærmændene på Helgeland»']"
66,0,at,,,,,['H. J. Jensen'],"['Kristiania', 'Danmark']","['«Illustr: Nyhedsblads»', 'den Gyldendalske boghandel']","['«Fru Inger til Østeråd»', '«Hærmændene på Helgeland»']"
67,0,jeg,,,,,['H. J. Jensen'],"['Kristiania', 'Danmark']","['«Illustr: Nyhedsblads»', 'den Gyldendalske boghandel']","['«Fru Inger til Østeråd»', '«Hærmændene på Helgeland»']"
68,0,udsender,,,,,['H. J. Jensen'],"['Kristiania', 'Danmark']","['«Illustr: Nyhedsblads»', 'den Gyldendalske boghandel']","['«Fru Inger til Østeråd»', '«Hærmændene på Helgeland»']"
69,0,denne,,,,,['H. J. Jensen'],"['Kristiania', 'Danmark']","['«Illustr: Nyhedsblads»', 'den Gyldendalske boghandel']","['«Fru Inger til Østeråd»', '«Hærmændene på Helgeland»']"
70,0,advarsel.Med,,,,,['H. J. Jensen'],"['Kristiania', 'Danmark']","['«Illustr: Nyhedsblads»', 'den Gyldendalske boghandel']","['«Fru Inger til Østeråd»', '«Hærmændene på Helgeland»']"
71,0,det,,,,,['H. J. Jensen'],"['Kristiania', 'Danmark']","['«Illustr: Nyhedsblads»', 'den Gyldendalske boghandel']","['«Fru Inger til Østeråd»', '«Hærmændene på Helgeland»']"
72,0,Jensenske,,,,,['H. J. Jensen'],"['Kristiania', 'Danmark']","['«Illustr: Nyhedsblads»', 'den Gyldendalske boghandel']","['«Fru Inger til Østeråd»', '«Hærmændene på Helgeland»']"
73,0,presse-produkt,,,,,['H. J. Jensen'],"['Kristiania', 'Danmark']","['«Illustr: Nyhedsblads»', 'den Gyldendalske boghandel']","['«Fru Inger til Østeråd»', '«Hærmændene på Helgeland»']"
74,0,har,,,,,['H. J. Jensen'],"['Kristiania', 'Danmark']","['«Illustr: Nyhedsblads»', 'den Gyldendalske boghandel']","['«Fru Inger til Østeråd»', '«Hærmændene på Helgeland»']"
75,0,jeg,,,,,['H. J. Jensen'],"['Kristiania', 'Danmark']","['«Illustr: Nyhedsblads»', 'den Gyldendalske boghandel']","['«Fru Inger til Østeråd»', '«Hærmændene på Helgeland»']"
76,0,naturligvis,,,,,['H. J. Jensen'],"['Kristiania', 'Danmark']","['«Illustr: Nyhedsblads»', 'den Gyldendalske boghandel']","['«Fru Inger til Østeråd»', '«Hærmændene på Helgeland»']"
77,0,ingen,,,,,['H. J. Jensen'],"['Kristiania', 'Danmark']","['«Illustr: Nyhedsblads»', 'den Gyldendalske boghandel']","['«Fru Inger til Østeråd»', '«Hærmændene på Helgeland»']"
78,0,befatning,,,,,['H. J. Jensen'],"['Kristiania', 'Danmark']","['«Illustr: Nyhedsblads»', 'den Gyldendalske boghandel']","['«Fru Inger til Østeråd»', '«Hærmændene på Helgeland»']"
79,0,havt.,,,,,['H. J. Jensen'],"['Kristiania', 'Danmark']","['«Illustr: Nyhedsblads»', 'den Gyldendalske boghandel']","['«Fru Inger til Østeråd»', '«Hærmændene på Helgeland»']"
80,0,Som,,,,,['H. J. Jensen'],"['Kristiania', 'Danmark']","['«Illustr: Nyhedsblads»', 'den Gyldendalske boghandel']","['«Fru Inger til Østeråd»', '«Hærmændene på Helgeland»']"
81,0,følge,,,,,['H. J. Jensen'],"['Kristiania', 'Danmark']","['«Illustr: Nyhedsblads»', 'den Gyldendalske boghandel']","['«Fru Inger til Østeråd»', '«Hærmændene på Helgeland»']"
82,0,heraf,,,,,['H. J. Jensen'],"['Kristiania', 'Danmark']","['«Illustr: Nyhedsblads»', 'den Gyldendalske boghandel']","['«Fru Inger til Østeråd»', '«Hærmændene på Helgeland»']"
83,0,vil,,,,,['H. J. Jensen'],"['Kristiania', 'Danmark']","['«Illustr: Nyhedsblads»', 'den Gyldendalske boghandel']","['«Fru Inger til Østeråd»', '«Hærmændene på Helgeland»']"
84,0,dette,,,,,['H. J. Jensen'],"['Kristiania', 'Danmark']","['«Illustr: Nyhedsblads»', 'den Gyldendalske boghandel']","['«Fru Inger til Østeråd»', '«Hærmændene på Helgeland»']"
85,0,udkomme,,,,,['H. J. Jensen'],"['Kristiania', 'Danmark']","['«Illustr: Nyhedsblads»', 'den Gyldendalske boghandel']","['«Fru Inger til Østeråd»', '«Hærmændene på Helgeland»']"
86,0,enten,,,,,['H. J. Jensen'],"['Kristiania', 'Danmark']","['«Illustr: Nyhedsblads»', 'den Gyldendalske boghandel']","['«Fru Inger til Østeråd»', '«Hærmændene på Helgeland»']"
87,0,med,,,,,['H. J. Jensen'],"['Kristiania', 'Danmark']","['«Illustr: Nyhedsblads»', 'den Gyldendalske boghandel']","['«Fru Inger til Østeråd»', '«Hærmændene på Helgeland»']"
88,0,eftertrykkerens,,,,,['H. J. Jensen'],"['Kristiania', 'Danmark']","['«Illustr: Nyhedsblads»', 'den Gyldendalske boghandel']","['«Fru Inger til Østeråd»', '«Hærmændene på Helgeland»']"
89,0,egne,,,,,['H. J. Jensen'],"['Kristiania', 'Danmark']","['«Illustr: Nyhedsblads»', 'den Gyldendalske boghandel']","['«Fru Inger til Østeråd»', '«Hærmændene på Helgeland»']"
90,0,rettelser,,,,,['H. J. Jensen'],"['Kristiania', 'Danmark']","['«Illustr: Nyhedsblads»', 'den Gyldendalske boghandel']","['«Fru Inger til Østeråd»', '«Hærmændene på Helgeland»']"
91,0,og,,,,,['H. J. Jensen'],"['Kristiania', 'Danmark']","['«Illustr: Nyhedsblads»', 'den Gyldendalske boghandel']","['«Fru Inger til Østeråd»', '«Hærmændene på Helgeland»']"
92,0,forbedringer,,,,,['H. J. Jensen'],"['Kristiania', 'Danmark']","['«Illustr: Nyhedsblads»', 'den Gyldendalske boghandel']","['«Fru Inger til Østeråd»', '«Hærmændene på Helgeland»']"
93,0,eller,,,,,['H. J. Jensen'],"['Kristiania', 'Danmark']","['«Illustr: Nyhedsblads»', 'den Gyldendalske boghandel']","['«Fru Inger til Østeråd»', '«Hærmændene på Helgeland»']"
94,0,også,,,,,['H. J. Jensen'],"['Kristiania', 'Danmark']","['«Illustr: Nyhedsblads»', 'den Gyldendalske boghandel']","['«Fru Inger til Østeråd»', '«Hærmændene på Helgeland»']"
95,0,i,,,,,['H. J. Jensen'],"['Kristiania', 'Danmark']","['«Illustr: Nyhedsblads»', 'den Gyldendalske boghandel']","['«Fru Inger til Østeråd»', '«Hærmændene på Helgeland»']"
96,0,den,,,,,['H. J. Jensen'],"['Kristiania', 'Danmark']","['«Illustr: Nyhedsblads»', 'den Gyldendalske boghandel']","['«Fru Inger til Østeråd»', '«Hærmændene på Helgeland»']"
97,0,i,,,,,['H. J. Jensen'],"['Kristiania', 'Danmark']","['«Illustr: Nyhedsblads»', 'den Gyldendalske boghandel']","['«Fru Inger til Østeråd»', '«Hærmændene på Helgeland»']"
98,0,flere,,,,,['H. J. Jensen'],"['Kristiania', 'Danmark']","['«Illustr: Nyhedsblads»', 'den Gyldendalske boghandel']","['«Fru Inger til Østeråd»', '«Hærmændene på Helgeland»']"
99,0,henseender,,,,,['H. J. Jensen'],"['Kristiania', 'Danmark']","['«Illustr: Nyhedsblads»', 'den Gyldendalske boghandel']","['«Fru Inger til Østeråd»', '«Hærmændene på Helgeland»']"
100,0,ufuldkomne,,,,,['H. J. Jensen'],"['Kristiania', 'Danmark']","['«Illustr: Nyhedsblads»', 'den Gyldendalske boghandel']","['«Fru Inger til Østeråd»', '«Hærmændene på Helgeland»']"
101,0,og,,,,,['H. J. Jensen'],"['Kristiania', 'Danmark']","['«Illustr: Nyhedsblads»', 'den Gyldendalske boghandel']","['«Fru Inger til Østeråd»', '«Hærmændene på Helgeland»']"
102,0,ufærdige,,,,,['H. J. Jensen'],"['Kristiania', 'Danmark']","['«Illustr: Nyhedsblads»', 'den Gyldendalske boghandel']","['«Fru Inger til Østeråd»', '«Hærmændene på Helgeland»']"
103,0,"skikkelse,",,,,,['H. J. Jensen'],"['Kristiania', 'Danmark']","['«Illustr: Nyhedsblads»', 'den Gyldendalske boghandel']","['«Fru Inger til Østeråd»', '«Hærmændene på Helgeland»']"
104,0,hvori,,,,,['H. J. Jensen'],"['Kristiania', 'Danmark']","['«Illustr: Nyhedsblads»', 'den Gyldendalske boghandel']","['«Fru Inger til Østeråd»', '«Hærmændene på Helgeland»']"
105,0,hine,,,,,['H. J. Jensen'],"['Kristiania', 'Danmark']","['«Illustr: Nyhedsblads»', 'den Gyldendalske boghandel']","['«Fru Inger til Østeråd»', '«Hærmændene på Helgeland»']"
106,0,to,,,,,['H. J. Jensen'],"['Kristiania', 'Danmark']","['«Illustr: Nyhedsblads»', 'den Gyldendalske boghandel']","['«Fru Inger til Østeråd»', '«Hærmændene på Helgeland»']"
107,0,arbejder,,,,,['H. J. Jensen'],"['Kristiania', 'Danmark']","['«Illustr: Nyhedsblads»', 'den Gyldendalske boghandel']","['«Fru Inger til Østeråd»', '«Hærmændene på Helgeland»']"
108,0,for,,,,,['H. J. Jensen'],"['Kristiania', 'Danmark']","['«Illustr: Nyhedsblads»', 'den Gyldendalske boghandel']","['«Fru Inger til Østeråd»', '«Hærmændene på Helgeland»']"
109,0,første,,,,,['H. J. Jensen'],"['Kristiania', 'Danmark']","['«Illustr: Nyhedsblads»', 'den Gyldendalske boghandel']","['«Fru Inger til Østeråd»', '«Hærmændene på Helgeland»']"
110,0,gang,,,,,['H. J. Jensen'],"['Kristiania', 'Danmark']","['«Illustr: Nyhedsblads»', 'den Gyldendalske boghandel']","['«Fru Inger til Østeråd»', '«Hærmændene på Helgeland»']"
111,0,aftryktes,,,,,['H. J. Jensen'],"['Kristiania', 'Danmark']","['«Illustr: Nyhedsblads»', 'den Gyldendalske boghandel']","['«Fru Inger til Østeråd»', '«Hærmændene på Helgeland»']"
112,0,for,,,,,['H. J. Jensen'],"['Kristiania', 'Danmark']","['«Illustr: Nyhedsblads»', 'den Gyldendalske boghandel']","['«Fru Inger til Østeråd»', '«Hærmændene på Helgeland»']"
113,0,norsk,,,,,['H. J. Jensen'],"['Kristiania', 'Danmark']","['«Illustr: Nyhedsblads»', 'den Gyldendalske boghandel']","['«Fru Inger til Østeråd»', '«Hærmændene på Helgeland»']"
114,0,«Illustr:,,,,,['H. J. Jensen'],"['Kristiania', 'Danmark']","['«Illustr: Nyhedsblads»', 'den Gyldendalske boghandel']","['«Fru Inger til Østeråd»', '«Hærmændene på Helgeland»']"
115,0,Nyhedsblads»,,,,,['H. J. Jensen'],"['Kristiania', 'Danmark']","['«Illustr: Nyhedsblads»', 'den Gyldendalske boghandel']","['«Fru Inger til Østeråd»', '«Hærmændene på Helgeland»']"
116,0,læsere.Jeg,,,,,['H. J. Jensen'],"['Kristiania', 'Danmark']","['«Illustr: Nyhedsblads»', 'den Gyldendalske boghandel']","['«Fru Inger til Østeråd»', '«Hærmændene på Helgeland»']"
117,0,selv,,,,,['H. J. Jensen'],"['Kristiania', 'Danmark']","['«Illustr: Nyhedsblads»', 'den Gyldendalske boghandel']","['«Fru Inger til Østeråd»', '«Hærmændene på Helgeland»']"
118,0,derimod,,,,,['H. J. Jensen'],"['Kristiania', 'Danmark']","['«Illustr: Nyhedsblads»', 'den Gyldendalske boghandel']","['«Fru Inger til Østeråd»', '«Hærmændene på Helgeland»']"
119,0,forbereder,,,,,['H. J. Jensen'],"['Kristiania', 'Danmark']","['«Illustr: Nyhedsblads»', 'den Gyldendalske boghandel']","['«Fru Inger til Østeråd»', '«Hærmændene på Helgeland»']"
120,0,en,,,,,['H. J. Jensen'],"['Kristiania', 'Danmark']","['«Illustr: Nyhedsblads»', 'den Gyldendalske boghandel']","['«Fru Inger til Østeråd»', '«Hærmændene på Helgeland»']"
121,0,gennemarbejdet,,,,,['H. J. Jensen'],"['Kristiania', 'Danmark']","['«Illustr: Nyhedsblads»', 'den Gyldendalske boghandel']","['«Fru Inger til Østeråd»', '«Hærmændene på Helgeland»']"
122,0,og,,,,,['H. J. Jensen'],"['Kristiania', 'Danmark']","['«Illustr: Nyhedsblads»', 'den Gyldendalske boghandel']","['«Fru Inger til Østeråd»', '«Hærmændene på Helgeland»']"
123,0,tidsmæssig,,,,,['H. J. Jensen'],"['Kristiania', 'Danmark']","['«Illustr: Nyhedsblads»', 'den Gyldendalske boghandel']","['«Fru Inger til Østeråd»', '«Hærmændene på Helgeland»']"
124,0,udgave,,,,,['H. J. Jensen'],"['Kristiania', 'Danmark']","['«Illustr: Nyhedsblads»', 'den Gyldendalske boghandel']","['«Fru Inger til Østeråd»', '«Hærmændene på Helgeland»']"
125,0,af,,,,,['H. J. Jensen'],"['Kristiania', 'Danmark']","['«Illustr: Nyhedsblads»', 'den Gyldendalske boghandel']","['«Fru Inger til Østeråd»', '«Hærmændene på Helgeland»']"
126,0,mine,,,,,['H. J. Jensen'],"['Kristiania', 'Danmark']","['«Illustr: Nyhedsblads»', 'den Gyldendalske boghandel']","['«Fru Inger til Østeråd»', '«Hærmændene på Helgeland»']"
127,0,to,,,,,['H. J. Jensen'],"['Kristiania', 'Danmark']","['«Illustr: Nyhedsblads»', 'den Gyldendalske boghandel']","['«Fru Inger til Østeråd»', '«Hærmændene på Helgeland»']"
128,0,skuespil,,,,,['H. J. Jensen'],"['Kristiania', 'Danmark']","['«Illustr: Nyhedsblads»', 'den Gyldendalske boghandel']","['«Fru Inger til Østeråd»', '«Hærmændene på Helgeland»']"
129,0,for,,,,,['H. J. Jensen'],"['Kristiania', 'Danmark']","['«Illustr: Nyhedsblads»', 'den Gyldendalske boghandel']","['«Fru Inger til Østeråd»', '«Hærmændene på Helgeland»']"
130,0,den,,,,,['H. J. Jensen'],"['Kristiania', 'Danmark']","['«Illustr: Nyhedsblads»', 'den Gyldendalske boghandel']","['«Fru Inger til Østeråd»', '«Hærmændene på Helgeland»']"
131,0,Gyldendalske,,,,,['H. J. Jensen'],"['Kristiania', 'Danmark']","['«Illustr: Nyhedsblads»', 'den Gyldendalske boghandel']","['«Fru Inger til Østeråd»', '«Hærmændene på Helgeland»']"
132,0,boghandel.,,,,,['H. J. Jensen'],"['Kristiania', 'Danmark']","['«Illustr: Nyhedsblads»', 'den Gyldendalske boghandel']","['«Fru Inger til Østeråd»', '«Hærmændene på Helgeland»']"
133,0,Lige,,,,,['H. J. Jensen'],"['Kristiania', 'Danmark']","['«Illustr: Nyhedsblads»', 'den Gyldendalske boghandel']","['«Fru Inger til Østeråd»', '«Hærmændene på Helgeland»']"
134,0,over,,,,,['H. J. Jensen'],"['Kristiania', 'Danmark']","['«Illustr: Nyhedsblads»', 'den Gyldendalske boghandel']","['«Fru Inger til Østeråd»', '«Hærmændene på Helgeland»']"
135,0,for,,,,,['H. J. Jensen'],"['Kristiania', 'Danmark']","['«Illustr: Nyhedsblads»', 'den Gyldendalske boghandel']","['«Fru Inger til Østeråd»', '«Hærmændene på Helgeland»']"
136,0,denne,,,,,['H. J. Jensen'],"['Kristiania', 'Danmark']","['«Illustr: Nyhedsblads»', 'den Gyldendalske boghandel']","['«Fru Inger til Østeråd»', '«Hærmændene på Helgeland»']"
137,0,udgave,,,,,['H. J. Jensen'],"['Kristiania', 'Danmark']","['«Illustr: Nyhedsblads»', 'den Gyldendalske boghandel']","['«Fru Inger til Østeråd»', '«Hærmændene på Helgeland»']"
138,0,vil,,,,,['H. J. Jensen'],"['Kristiania', 'Danmark']","['«Illustr: Nyhedsblads»', 'den Gyldendalske boghandel']","['«Fru Inger til Østeråd»', '«Hærmændene på Helgeland»']"
139,0,det,,,,,['H. J. Jensen'],"['Kristiania', 'Danmark']","['«Illustr: Nyhedsblads»', 'den Gyldendalske boghandel']","['«Fru Inger til Østeråd»', '«Hærmændene på Helgeland»']"
140,0,kristianiensiske,,,,,['H. J. Jensen'],"['Kristiania', 'Danmark']","['«Illustr: Nyhedsblads»', 'den Gyldendalske boghandel']","['«Fru Inger til Østeråd»', '«Hærmændene på Helgeland»']"
141,0,Eftertryk,,,,,['H. J. Jensen'],"['Kristiania', 'Danmark']","['«Illustr: Nyhedsblads»', 'den Gyldendalske boghandel']","['«Fru Inger til Østeråd»', '«Hærmændene på Helgeland»']"
142,0,være,,,,,['H. J. Jensen'],"['Kristiania', 'Danmark']","['«Illustr: Nyhedsblads»', 'den Gyldendalske boghandel']","['«Fru Inger til Østeråd»', '«Hærmændene på Helgeland»']"
143,0,fuldstændig,,,,,['H. J. Jensen'],"['Kristiania', 'Danmark']","['«Illustr: Nyhedsblads»', 'den Gyldendalske boghandel']","['«Fru Inger til Østeråd»', '«Hærmændene på Helgeland»']"
144,0,værdiløst,,,,,['H. J. Jensen'],"['Kristiania', 'Danmark']","['«Illustr: Nyhedsblads»', 'den Gyldendalske boghandel']","['«Fru Inger til Østeråd»', '«Hærmændene på Helgeland»']"
145,0,undtagen,,,,,['H. J. Jensen'],"['Kristiania', 'Danmark']","['«Illustr: Nyhedsblads»', 'den Gyldendalske boghandel']","['«Fru Inger til Østeråd»', '«Hærmændene på Helgeland»']"
146,0,for,,,,,['H. J. Jensen'],"['Kristiania', 'Danmark']","['«Illustr: Nyhedsblads»', 'den Gyldendalske boghandel']","['«Fru Inger til Østeråd»', '«Hærmændene på Helgeland»']"
147,0,makulaturhandlere.Det,,,,,['H. J. Jensen'],"['Kristiania', 'Danmark']","['«Illustr: Nyhedsblads»', 'den Gyldendalske boghandel']","['«Fru Inger til Østeråd»', '«Hærmændene på Helgeland»']"
148,0,bør,,,,,['H. J. Jensen'],"['Kristiania', 'Danmark']","['«Illustr: Nyhedsblads»', 'den Gyldendalske boghandel']","['«Fru Inger til Østeråd»', '«Hærmændene på Helgeland»']"
149,0,derfor,,,,,['H. J. Jensen'],"['Kristiania', 'Danmark']","['«Illustr: Nyhedsblads»', 'den Gyldendalske boghandel']","['«Fru Inger til Østeråd»', '«Hærmændene på Helgeland»']"
150,0,antages,,,,,['H. J. Jensen'],"['Kristiania', 'Danmark']","['«Illustr: Nyhedsblads»', 'den Gyldendalske boghandel']","['«Fru Inger til Østeråd»', '«Hærmændene på Helgeland»']"
151,0,at,,,,,['H. J. Jensen'],"['Kristiania', 'Danmark']","['«Illustr: Nyhedsblads»', 'den Gyldendalske boghandel']","['«Fru Inger til Østeråd»', '«Hærmændene på Helgeland»']"
152,0,jeg,,,,,['H. J. Jensen'],"['Kristiania', 'Danmark']","['«Illustr: Nyhedsblads»', 'den Gyldendalske boghandel']","['«Fru Inger til Østeråd»', '«Hærmændene på Helgeland»']"
153,0,"rammer,",,,,,['H. J. Jensen'],"['Kristiania', 'Danmark']","['«Illustr: Nyhedsblads»', 'den Gyldendalske boghandel']","['«Fru Inger til Østeråd»', '«Hærmændene på Helgeland»']"
154,0,ikke,,,,,['H. J. Jensen'],"['Kristiania', 'Danmark']","['«Illustr: Nyhedsblads»', 'den Gyldendalske boghandel']","['«Fru Inger til Østeråd»', '«Hærmændene på Helgeland»']"
155,0,alene,,,,,['H. J. Jensen'],"['Kristiania', 'Danmark']","['«Illustr: Nyhedsblads»', 'den Gyldendalske boghandel']","['«Fru Inger til Østeråd»', '«Hærmændene på Helgeland»']"
156,0,mit,,,,,['H. J. Jensen'],"['Kristiania', 'Danmark']","['«Illustr: Nyhedsblads»', 'den Gyldendalske boghandel']","['«Fru Inger til Østeråd»', '«Hærmændene på Helgeland»']"
157,0,eget,,,,,['H. J. Jensen'],"['Kristiania', 'Danmark']","['«Illustr: Nyhedsblads»', 'den Gyldendalske boghandel']","['«Fru Inger til Østeråd»', '«Hærmændene på Helgeland»']"
158,0,men,,,,,['H. J. Jensen'],"['Kristiania', 'Danmark']","['«Illustr: Nyhedsblads»', 'den Gyldendalske boghandel']","['«Fru Inger til Østeråd»', '«Hærmændene på Helgeland»']"
159,0,også,,,,,['H. J. Jensen'],"['Kristiania', 'Danmark']","['«Illustr: Nyhedsblads»', 'den Gyldendalske boghandel']","['«Fru Inger til Østeråd»', '«Hærmændene på Helgeland»']"
160,0,alle,,,,,['H. J. Jensen'],"['Kristiania', 'Danmark']","['«Illustr: Nyhedsblads»', 'den Gyldendalske boghandel']","['«Fru Inger til Østeråd»', '«Hærmændene på Helgeland»']"
161,0,andre,,,,,['H. J. Jensen'],"['Kristiania', 'Danmark']","['«Illustr: Nyhedsblads»', 'den Gyldendalske boghandel']","['«Fru Inger til Østeråd»', '«Hærmændene på Helgeland»']"
162,0,vedkommendes,,,,,['H. J. Jensen'],"['Kristiania', 'Danmark']","['«Illustr: Nyhedsblads»', 'den Gyldendalske boghandel']","['«Fru Inger til Østeråd»', '«Hærmændene på Helgeland»']"
163,0,"tarv,",,,,,['H. J. Jensen'],"['Kristiania', 'Danmark']","['«Illustr: Nyhedsblads»', 'den Gyldendalske boghandel']","['«Fru Inger til Østeråd»', '«Hærmændene på Helgeland»']"
164,0,når,,,,,['H. J. Jensen'],"['Kristiania', 'Danmark']","['«Illustr: Nyhedsblads»', 'den Gyldendalske boghandel']","['«Fru Inger til Østeråd»', '«Hærmændene på Helgeland»']"
165,0,jeg,,,,,['H. J. Jensen'],"['Kristiania', 'Danmark']","['«Illustr: Nyhedsblads»', 'den Gyldendalske boghandel']","['«Fru Inger til Østeråd»', '«Hærmændene på Helgeland»']"
166,0,retter,,,,,['H. J. Jensen'],"['Kristiania', 'Danmark']","['«Illustr: Nyhedsblads»', 'den Gyldendalske boghandel']","['«Fru Inger til Østeråd»', '«Hærmændene på Helgeland»']"
167,0,nærværende,,,,,['H. J. Jensen'],"['Kristiania', 'Danmark']","['«Illustr: Nyhedsblads»', 'den Gyldendalske boghandel']","['«Fru Inger til Østeråd»', '«Hærmændene på Helgeland»']"
168,0,linjer,,,,,['H. J. Jensen'],"['Kristiania', 'Danmark']","['«Illustr: Nyhedsblads»', 'den Gyldendalske boghandel']","['«Fru Inger til Østeråd»', '«Hærmændene på Helgeland»']"
169,0,til,,,,,['H. J. Jensen'],"['Kristiania', 'Danmark']","['«Illustr: Nyhedsblads»', 'den Gyldendalske boghandel']","['«Fru Inger til Østeråd»', '«Hærmændene på Helgeland»']"
170,0,den,,,,,['H. J. Jensen'],"['Kristiania', 'Danmark']","['«Illustr: Nyhedsblads»', 'den Gyldendalske boghandel']","['«Fru Inger til Østeråd»', '«Hærmændene på Helgeland»']"
171,0,ærede,,,,,['H. J. Jensen'],"['Kristiania', 'Danmark']","['«Illustr: Nyhedsblads»', 'den Gyldendalske boghandel']","['«Fru Inger til Østeråd»', '«Hærmændene på Helgeland»']"
172,0,danske,,,,,['H. J. Jensen'],"['Kristiania', 'Danmark']","['«Illustr: Nyhedsblads»', 'den Gyldendalske boghandel']","['«Fru Inger til Østeråd»', '«Hærmændene på Helgeland»']"
173,0,"boghandlerstand,",,,,,['H. J. Jensen'],"['Kristiania', 'Danmark']","['«Illustr: Nyhedsblads»', 'den Gyldendalske boghandel']","['«Fru Inger til Østeråd»', '«Hærmændene på Helgeland»']"
174,0,som,,,,,['H. J. Jensen'],"['Kristiania', 'Danmark']","['«Illustr: Nyhedsblads»', 'den Gyldendalske boghandel']","['«Fru Inger til Østeråd»', '«Hærmændene på Helgeland»']"
175,0,en,,,,,['H. J. Jensen'],"['Kristiania', 'Danmark']","['«Illustr: Nyhedsblads»', 'den Gyldendalske boghandel']","['«Fru Inger til Østeråd»', '«Hærmændene på Helgeland»']"
176,0,venlig,,,,,['H. J. Jensen'],"['Kristiania', 'Danmark']","['«Illustr: Nyhedsblads»', 'den Gyldendalske boghandel']","['«Fru Inger til Østeråd»', '«Hærmændene på Helgeland»']"
177,0,og,,,,,['H. J. Jensen'],"['Kristiania', 'Danmark']","['«Illustr: Nyhedsblads»', 'den Gyldendalske boghandel']","['«Fru Inger til Østeråd»', '«Hærmændene på Helgeland»']"
178,0,indtrængende,,,,,['H. J. Jensen'],"['Kristiania', 'Danmark']","['«Illustr: Nyhedsblads»', 'den Gyldendalske boghandel']","['«Fru Inger til Østeråd»', '«Hærmændene på Helgeland»']"
179,0,opfordring,,,,,['H. J. Jensen'],"['Kristiania', 'Danmark']","['«Illustr: Nyhedsblads»', 'den Gyldendalske boghandel']","['«Fru Inger til Østeråd»', '«Hærmændene på Helgeland»']"
180,0,til,,,,,['H. J. Jensen'],"['Kristiania', 'Danmark']","['«Illustr: Nyhedsblads»', 'den Gyldendalske boghandel']","['«Fru Inger til Østeråd»', '«Hærmændene på Helgeland»']"
181,0,hvert,,,,,['H. J. Jensen'],"['Kristiania', 'Danmark']","['«Illustr: Nyhedsblads»', 'den Gyldendalske boghandel']","['«Fru Inger til Østeråd»', '«Hærmændene på Helgeland»']"
182,0,enkelt,,,,,['H. J. Jensen'],"['Kristiania', 'Danmark']","['«Illustr: Nyhedsblads»', 'den Gyldendalske boghandel']","['«Fru Inger til Østeråd»', '«Hærmændene på Helgeland»']"
183,0,medlem,,,,,['H. J. Jensen'],"['Kristiania', 'Danmark']","['«Illustr: Nyhedsblads»', 'den Gyldendalske boghandel']","['«Fru Inger til Østeråd»', '«Hærmændene på Helgeland»']"
184,0,af,,,,,['H. J. Jensen'],"['Kristiania', 'Danmark']","['«Illustr: Nyhedsblads»', 'den Gyldendalske boghandel']","['«Fru Inger til Østeråd»', '«Hærmændene på Helgeland»']"
185,0,"samme,",,,,,['H. J. Jensen'],"['Kristiania', 'Danmark']","['«Illustr: Nyhedsblads»', 'den Gyldendalske boghandel']","['«Fru Inger til Østeråd»', '«Hærmændene på Helgeland»']"
186,0,om,,,,,['H. J. Jensen'],"['Kristiania', 'Danmark']","['«Illustr: Nyhedsblads»', 'den Gyldendalske boghandel']","['«Fru Inger til Østeråd»', '«Hærmændene på Helgeland»']"
187,0,hverken,,,,,['H. J. Jensen'],"['Kristiania', 'Danmark']","['«Illustr: Nyhedsblads»', 'den Gyldendalske boghandel']","['«Fru Inger til Østeråd»', '«Hærmændene på Helgeland»']"
188,0,ved,,,,,['H. J. Jensen'],"['Kristiania', 'Danmark']","['«Illustr: Nyhedsblads»', 'den Gyldendalske boghandel']","['«Fru Inger til Østeråd»', '«Hærmændene på Helgeland»']"
189,0,bestillinger,,,,,['H. J. Jensen'],"['Kristiania', 'Danmark']","['«Illustr: Nyhedsblads»', 'den Gyldendalske boghandel']","['«Fru Inger til Østeråd»', '«Hærmændene på Helgeland»']"
190,0,eller,,,,,['H. J. Jensen'],"['Kristiania', 'Danmark']","['«Illustr: Nyhedsblads»', 'den Gyldendalske boghandel']","['«Fru Inger til Østeråd»', '«Hærmændene på Helgeland»']"
191,0,på,,,,,['H. J. Jensen'],"['Kristiania', 'Danmark']","['«Illustr: Nyhedsblads»', 'den Gyldendalske boghandel']","['«Fru Inger til Østeråd»', '«Hærmændene på Helgeland»']"
192,0,anden,,,,,['H. J. Jensen'],"['Kristiania', 'Danmark']","['«Illustr: Nyhedsblads»', 'den Gyldendalske boghandel']","['«Fru Inger til Østeråd»', '«Hærmændene på Helgeland»']"
193,0,måde,,,,,['H. J. Jensen'],"['Kristiania', 'Danmark']","['«Illustr: Nyhedsblads»', 'den Gyldendalske boghandel']","['«Fru Inger til Østeråd»', '«Hærmændene på Helgeland»']"
194,0,at,,,,,['H. J. Jensen'],"['Kristiania', 'Danmark']","['«Illustr: Nyhedsblads»', 'den Gyldendalske boghandel']","['«Fru Inger til Østeråd»', '«Hærmændene på Helgeland»']"
195,0,række,,,,,['H. J. Jensen'],"['Kristiania', 'Danmark']","['«Illustr: Nyhedsblads»', 'den Gyldendalske boghandel']","['«Fru Inger til Østeråd»', '«Hærmændene på Helgeland»']"
196,0,hånden,,,,,['H. J. Jensen'],"['Kristiania', 'Danmark']","['«Illustr: Nyhedsblads»', 'den Gyldendalske boghandel']","['«Fru Inger til Østeråd»', '«Hærmændene på Helgeland»']"
197,0,til,,,,,['H. J. Jensen'],"['Kristiania', 'Danmark']","['«Illustr: Nyhedsblads»', 'den Gyldendalske boghandel']","['«Fru Inger til Østeråd»', '«Hærmændene på Helgeland»']"
198,0,denne,,,,,['H. J. Jensen'],"['Kristiania', 'Danmark']","['«Illustr: Nyhedsblads»', 'den Gyldendalske boghandel']","['«Fru Inger til Østeråd»', '«Hærmændene på Helgeland»']"
199,0,spekulation.,,,,,['H. J. Jensen'],"['Kristiania', 'Danmark']","['«Illustr: Nyhedsblads»', 'den Gyldendalske boghandel']","['«Fru Inger til Østeråd»', '«Hærmændene på Helgeland»']"
