,,0,human_annotation,who,dacy_medium,spacy_trf,person,place,org,work
0,0,Som,,,,,['kancelliråd Hegel'],"['København', 'München']",[],"['«Hærmændene på Helgeland»', '«Terje Vigen»']"
1,0,svar,,,,,['kancelliråd Hegel'],"['København', 'München']",[],"['«Hærmændene på Helgeland»', '«Terje Vigen»']"
2,0,på,,,,,['kancelliråd Hegel'],"['København', 'München']",[],"['«Hærmændene på Helgeland»', '«Terje Vigen»']"
3,0,dit,,,,,['kancelliråd Hegel'],"['København', 'München']",[],"['«Hærmændene på Helgeland»', '«Terje Vigen»']"
4,0,venskabelige,,,,,['kancelliråd Hegel'],"['København', 'München']",[],"['«Hærmændene på Helgeland»', '«Terje Vigen»']"
5,0,"brev,",,,,,['kancelliråd Hegel'],"['København', 'München']",[],"['«Hærmændene på Helgeland»', '«Terje Vigen»']"
6,0,hvilket,,,,,['kancelliråd Hegel'],"['København', 'München']",[],"['«Hærmændene på Helgeland»', '«Terje Vigen»']"
7,0,først,,,,,['kancelliråd Hegel'],"['København', 'München']",[],"['«Hærmændene på Helgeland»', '«Terje Vigen»']"
8,0,igår,,,,,['kancelliråd Hegel'],"['København', 'München']",[],"['«Hærmændene på Helgeland»', '«Terje Vigen»']"
9,0,kom,,,,,['kancelliråd Hegel'],"['København', 'München']",[],"['«Hærmændene på Helgeland»', '«Terje Vigen»']"
10,0,mig,,,,,['kancelliråd Hegel'],"['København', 'München']",[],"['«Hærmændene på Helgeland»', '«Terje Vigen»']"
11,0,"ihænde,",,,,,['kancelliråd Hegel'],"['København', 'München']",[],"['«Hærmændene på Helgeland»', '«Terje Vigen»']"
12,0,skynder,,,,,['kancelliråd Hegel'],"['København', 'München']",[],"['«Hærmændene på Helgeland»', '«Terje Vigen»']"
13,0,jeg,,,,,['kancelliråd Hegel'],"['København', 'München']",[],"['«Hærmændene på Helgeland»', '«Terje Vigen»']"
14,0,mig,,,,,['kancelliråd Hegel'],"['København', 'München']",[],"['«Hærmændene på Helgeland»', '«Terje Vigen»']"
15,0,at,,,,,['kancelliråd Hegel'],"['København', 'München']",[],"['«Hærmændene på Helgeland»', '«Terje Vigen»']"
16,0,meddele,,,,,['kancelliråd Hegel'],"['København', 'München']",[],"['«Hærmændene på Helgeland»', '«Terje Vigen»']"
17,0,at,,,,,['kancelliråd Hegel'],"['København', 'München']",[],"['«Hærmændene på Helgeland»', '«Terje Vigen»']"
18,0,jeg,,,,,['kancelliråd Hegel'],"['København', 'München']",[],"['«Hærmændene på Helgeland»', '«Terje Vigen»']"
19,0,for,,,,,['kancelliråd Hegel'],"['København', 'München']",[],"['«Hærmændene på Helgeland»', '«Terje Vigen»']"
20,0,mit,,,,,['kancelliråd Hegel'],"['København', 'München']",[],"['«Hærmændene på Helgeland»', '«Terje Vigen»']"
21,0,vedkommende,,,,,['kancelliråd Hegel'],"['København', 'München']",[],"['«Hærmændene på Helgeland»', '«Terje Vigen»']"
22,0,intet,,,,,['kancelliråd Hegel'],"['København', 'München']",[],"['«Hærmændene på Helgeland»', '«Terje Vigen»']"
23,0,har,,,,,['kancelliråd Hegel'],"['København', 'München']",[],"['«Hærmændene på Helgeland»', '«Terje Vigen»']"
24,0,imod,,,,,['kancelliråd Hegel'],"['København', 'München']",[],"['«Hærmændene på Helgeland»', '«Terje Vigen»']"
25,0,at,,,,,['kancelliråd Hegel'],"['København', 'München']",[],"['«Hærmændene på Helgeland»', '«Terje Vigen»']"
26,0,større,,,,,['kancelliråd Hegel'],"['København', 'München']",[],"['«Hærmændene på Helgeland»', '«Terje Vigen»']"
27,0,brudstykker,,,,,['kancelliråd Hegel'],"['København', 'München']",[],"['«Hærmændene på Helgeland»', '«Terje Vigen»']"
28,0,af,,,,,['kancelliråd Hegel'],"['København', 'München']",[],"['«Hærmændene på Helgeland»', '«Terje Vigen»']"
29,0,«Hærmændene,,,,,['kancelliråd Hegel'],"['København', 'München']",[],"['«Hærmændene på Helgeland»', '«Terje Vigen»']"
30,0,på,,,,,['kancelliråd Hegel'],"['København', 'München']",[],"['«Hærmændene på Helgeland»', '«Terje Vigen»']"
31,0,"Helgeland»,",,,,,['kancelliråd Hegel'],"['København', 'München']",[],"['«Hærmændene på Helgeland»', '«Terje Vigen»']"
32,0,end,,,,,['kancelliråd Hegel'],"['København', 'München']",[],"['«Hærmændene på Helgeland»', '«Terje Vigen»']"
33,0,hidtil,,,,,['kancelliråd Hegel'],"['København', 'München']",[],"['«Hærmændene på Helgeland»', '«Terje Vigen»']"
34,0,"sket,",,,,,['kancelliråd Hegel'],"['København', 'München']",[],"['«Hærmændene på Helgeland»', '«Terje Vigen»']"
35,0,aftrykkes,,,,,['kancelliråd Hegel'],"['København', 'München']",[],"['«Hærmændene på Helgeland»', '«Terje Vigen»']"
36,0,i,,,,,['kancelliråd Hegel'],"['København', 'München']",[],"['«Hærmændene på Helgeland»', '«Terje Vigen»']"
37,0,den,,,,,['kancelliråd Hegel'],"['København', 'München']",[],"['«Hærmændene på Helgeland»', '«Terje Vigen»']"
38,0,nye,,,,,['kancelliråd Hegel'],"['København', 'München']",[],"['«Hærmændene på Helgeland»', '«Terje Vigen»']"
39,0,udgave,,,,,['kancelliråd Hegel'],"['København', 'München']",[],"['«Hærmændene på Helgeland»', '«Terje Vigen»']"
40,0,af,,,,,['kancelliråd Hegel'],"['København', 'München']",[],"['«Hærmændene på Helgeland»', '«Terje Vigen»']"
41,0,din,,,,,['kancelliråd Hegel'],"['København', 'München']",[],"['«Hærmændene på Helgeland»', '«Terje Vigen»']"
42,0,læsebog;,,,,,['kancelliråd Hegel'],"['København', 'München']",[],"['«Hærmændene på Helgeland»', '«Terje Vigen»']"
43,0,ej,,,,,['kancelliråd Hegel'],"['København', 'München']",[],"['«Hærmændene på Helgeland»', '«Terje Vigen»']"
44,0,heller,,,,,['kancelliråd Hegel'],"['København', 'München']",[],"['«Hærmændene på Helgeland»', '«Terje Vigen»']"
45,0,har,,,,,['kancelliråd Hegel'],"['København', 'München']",[],"['«Hærmændene på Helgeland»', '«Terje Vigen»']"
46,0,jeg,,,,,['kancelliråd Hegel'],"['København', 'München']",[],"['«Hærmændene på Helgeland»', '«Terje Vigen»']"
47,0,noget,,,,,['kancelliråd Hegel'],"['København', 'München']",[],"['«Hærmændene på Helgeland»', '«Terje Vigen»']"
48,0,imod,,,,,['kancelliråd Hegel'],"['København', 'München']",[],"['«Hærmændene på Helgeland»', '«Terje Vigen»']"
49,0,at,,,,,['kancelliråd Hegel'],"['København', 'München']",[],"['«Hærmændene på Helgeland»', '«Terje Vigen»']"
50,0,«Terje,,,,,['kancelliråd Hegel'],"['København', 'München']",[],"['«Hærmændene på Helgeland»', '«Terje Vigen»']"
51,0,Vigen»,,,,,['kancelliråd Hegel'],"['København', 'München']",[],"['«Hærmændene på Helgeland»', '«Terje Vigen»']"
52,0,optages,,,,,['kancelliråd Hegel'],"['København', 'München']",[],"['«Hærmændene på Helgeland»', '«Terje Vigen»']"
53,0,i,,,,,['kancelliråd Hegel'],"['København', 'München']",[],"['«Hærmændene på Helgeland»', '«Terje Vigen»']"
54,0,samme.Derimod,,,,,['kancelliråd Hegel'],"['København', 'München']",[],"['«Hærmændene på Helgeland»', '«Terje Vigen»']"
55,0,anser,,,,,['kancelliråd Hegel'],"['København', 'München']",[],"['«Hærmændene på Helgeland»', '«Terje Vigen»']"
56,0,jeg,,,,,['kancelliråd Hegel'],"['København', 'München']",[],"['«Hærmændene på Helgeland»', '«Terje Vigen»']"
57,0,det,,,,,['kancelliråd Hegel'],"['København', 'München']",[],"['«Hærmændene på Helgeland»', '«Terje Vigen»']"
58,0,for,,,,,['kancelliråd Hegel'],"['København', 'München']",[],"['«Hærmændene på Helgeland»', '«Terje Vigen»']"
59,0,rigtigt,,,,,['kancelliråd Hegel'],"['København', 'München']",[],"['«Hærmændene på Helgeland»', '«Terje Vigen»']"
60,0,og,,,,,['kancelliråd Hegel'],"['København', 'München']",[],"['«Hærmændene på Helgeland»', '«Terje Vigen»']"
61,0,nødvendigt,,,,,['kancelliråd Hegel'],"['København', 'München']",[],"['«Hærmændene på Helgeland»', '«Terje Vigen»']"
62,0,at,,,,,['kancelliråd Hegel'],"['København', 'München']",[],"['«Hærmændene på Helgeland»', '«Terje Vigen»']"
63,0,min,,,,,['kancelliråd Hegel'],"['København', 'München']",[],"['«Hærmændene på Helgeland»', '«Terje Vigen»']"
64,0,forlæggers,,,,,['kancelliråd Hegel'],"['København', 'München']",[],"['«Hærmændene på Helgeland»', '«Terje Vigen»']"
65,0,samtykke,,,,,['kancelliråd Hegel'],"['København', 'München']",[],"['«Hærmændene på Helgeland»', '«Terje Vigen»']"
66,0,"indhentes,",,,,,['kancelliråd Hegel'],"['København', 'München']",[],"['«Hærmændene på Helgeland»', '«Terje Vigen»']"
67,0,og,,,,,['kancelliråd Hegel'],"['København', 'München']",[],"['«Hærmændene på Helgeland»', '«Terje Vigen»']"
68,0,jeg,,,,,['kancelliråd Hegel'],"['København', 'München']",[],"['«Hærmændene på Helgeland»', '«Terje Vigen»']"
69,0,beder,,,,,['kancelliråd Hegel'],"['København', 'München']",[],"['«Hærmændene på Helgeland»', '«Terje Vigen»']"
70,0,Dig,,,,,['kancelliråd Hegel'],"['København', 'München']",[],"['«Hærmændene på Helgeland»', '«Terje Vigen»']"
71,0,derfor,,,,,['kancelliråd Hegel'],"['København', 'München']",[],"['«Hærmændene på Helgeland»', '«Terje Vigen»']"
72,0,henvende,,,,,['kancelliråd Hegel'],"['København', 'München']",[],"['«Hærmændene på Helgeland»', '«Terje Vigen»']"
73,0,Dig,,,,,['kancelliråd Hegel'],"['København', 'München']",[],"['«Hærmændene på Helgeland»', '«Terje Vigen»']"
74,0,til,,,,,['kancelliråd Hegel'],"['København', 'München']",[],"['«Hærmændene på Helgeland»', '«Terje Vigen»']"
75,0,kancelliråd,,,,,['kancelliråd Hegel'],"['København', 'München']",[],"['«Hærmændene på Helgeland»', '«Terje Vigen»']"
76,0,Hegel,,,,,['kancelliråd Hegel'],"['København', 'München']",[],"['«Hærmændene på Helgeland»', '«Terje Vigen»']"
77,0,i,,,,,['kancelliråd Hegel'],"['København', 'München']",[],"['«Hærmændene på Helgeland»', '«Terje Vigen»']"
78,0,"København,",,,,,['kancelliråd Hegel'],"['København', 'München']",[],"['«Hærmændene på Helgeland»', '«Terje Vigen»']"
79,0,og,,,,,['kancelliråd Hegel'],"['København', 'München']",[],"['«Hærmændene på Helgeland»', '«Terje Vigen»']"
80,0,at,,,,,['kancelliråd Hegel'],"['København', 'München']",[],"['«Hærmændene på Helgeland»', '«Terje Vigen»']"
81,0,afgøre,,,,,['kancelliråd Hegel'],"['København', 'München']",[],"['«Hærmændene på Helgeland»', '«Terje Vigen»']"
82,0,alting,,,,,['kancelliråd Hegel'],"['København', 'München']",[],"['«Hærmændene på Helgeland»', '«Terje Vigen»']"
83,0,med,,,,,['kancelliråd Hegel'],"['København', 'München']",[],"['«Hærmændene på Helgeland»', '«Terje Vigen»']"
84,0,ham.I,,,,,['kancelliråd Hegel'],"['København', 'München']",[],"['«Hærmændene på Helgeland»', '«Terje Vigen»']"
85,0,midten,,,,,['kancelliråd Hegel'],"['København', 'München']",[],"['«Hærmændene på Helgeland»', '«Terje Vigen»']"
86,0,af,,,,,['kancelliråd Hegel'],"['København', 'München']",[],"['«Hærmændene på Helgeland»', '«Terje Vigen»']"
87,0,næste,,,,,['kancelliråd Hegel'],"['København', 'München']",[],"['«Hærmændene på Helgeland»', '«Terje Vigen»']"
88,0,måned,,,,,['kancelliråd Hegel'],"['København', 'München']",[],"['«Hærmændene på Helgeland»', '«Terje Vigen»']"
89,0,flytter,,,,,['kancelliråd Hegel'],"['København', 'München']",[],"['«Hærmændene på Helgeland»', '«Terje Vigen»']"
90,0,jeg,,,,,['kancelliråd Hegel'],"['København', 'München']",[],"['«Hærmændene på Helgeland»', '«Terje Vigen»']"
91,0,til,,,,,['kancelliråd Hegel'],"['København', 'München']",[],"['«Hærmændene på Helgeland»', '«Terje Vigen»']"
92,0,München.,,,,,['kancelliråd Hegel'],"['København', 'München']",[],"['«Hærmændene på Helgeland»', '«Terje Vigen»']"
93,0,Skulde,,,,,['kancelliråd Hegel'],"['København', 'München']",[],"['«Hærmændene på Helgeland»', '«Terje Vigen»']"
94,0,Du,,,,,['kancelliråd Hegel'],"['København', 'München']",[],"['«Hærmændene på Helgeland»', '«Terje Vigen»']"
95,0,til,,,,,['kancelliråd Hegel'],"['København', 'München']",[],"['«Hærmændene på Helgeland»', '«Terje Vigen»']"
96,0,sommeren,,,,,['kancelliråd Hegel'],"['København', 'München']",[],"['«Hærmændene på Helgeland»', '«Terje Vigen»']"
97,0,påtænke,,,,,['kancelliråd Hegel'],"['København', 'München']",[],"['«Hærmændene på Helgeland»', '«Terje Vigen»']"
98,0,nogen,,,,,['kancelliråd Hegel'],"['København', 'München']",[],"['«Hærmændene på Helgeland»', '«Terje Vigen»']"
99,0,udflugt,,,,,['kancelliråd Hegel'],"['København', 'München']",[],"['«Hærmændene på Helgeland»', '«Terje Vigen»']"
100,0,så,,,,,['kancelliråd Hegel'],"['København', 'München']",[],"['«Hærmændene på Helgeland»', '«Terje Vigen»']"
101,0,langt,,,,,['kancelliråd Hegel'],"['København', 'München']",[],"['«Hærmændene på Helgeland»', '«Terje Vigen»']"
102,0,"sydover,",,,,,['kancelliråd Hegel'],"['København', 'München']",[],"['«Hærmændene på Helgeland»', '«Terje Vigen»']"
103,0,da,,,,,['kancelliråd Hegel'],"['København', 'München']",[],"['«Hærmændene på Helgeland»', '«Terje Vigen»']"
104,0,vilde,,,,,['kancelliråd Hegel'],"['København', 'München']",[],"['«Hærmændene på Helgeland»', '«Terje Vigen»']"
105,0,det,,,,,['kancelliråd Hegel'],"['København', 'München']",[],"['«Hærmændene på Helgeland»', '«Terje Vigen»']"
106,0,være,,,,,['kancelliråd Hegel'],"['København', 'München']",[],"['«Hærmændene på Helgeland»', '«Terje Vigen»']"
107,0,os,,,,,['kancelliråd Hegel'],"['København', 'München']",[],"['«Hærmændene på Helgeland»', '«Terje Vigen»']"
108,0,særdeles,,,,,['kancelliråd Hegel'],"['København', 'München']",[],"['«Hærmændene på Helgeland»', '«Terje Vigen»']"
109,0,"kært,",,,,,['kancelliråd Hegel'],"['København', 'München']",[],"['«Hærmændene på Helgeland»', '«Terje Vigen»']"
110,0,ifald,,,,,['kancelliråd Hegel'],"['København', 'München']",[],"['«Hærmændene på Helgeland»', '«Terje Vigen»']"
111,0,Du,,,,,['kancelliråd Hegel'],"['København', 'München']",[],"['«Hærmændene på Helgeland»', '«Terje Vigen»']"
112,0,vilde,,,,,['kancelliråd Hegel'],"['København', 'München']",[],"['«Hærmændene på Helgeland»', '«Terje Vigen»']"
113,0,opsøge,,,,,['kancelliråd Hegel'],"['København', 'München']",[],"['«Hærmændene på Helgeland»', '«Terje Vigen»']"
114,0,os.Med,,,,,['kancelliråd Hegel'],"['København', 'München']",[],"['«Hærmændene på Helgeland»', '«Terje Vigen»']"
115,0,tak,,,,,['kancelliråd Hegel'],"['København', 'München']",[],"['«Hærmændene på Helgeland»', '«Terje Vigen»']"
116,0,for,,,,,['kancelliråd Hegel'],"['København', 'München']",[],"['«Hærmændene på Helgeland»', '«Terje Vigen»']"
117,0,samværet,,,,,['kancelliråd Hegel'],"['København', 'München']",[],"['«Hærmændene på Helgeland»', '«Terje Vigen»']"
118,0,hjemme,,,,,['kancelliråd Hegel'],"['København', 'München']",[],"['«Hærmændene på Helgeland»', '«Terje Vigen»']"
119,0,og,,,,,['kancelliråd Hegel'],"['København', 'München']",[],"['«Hærmændene på Helgeland»', '«Terje Vigen»']"
120,0,med,,,,,['kancelliråd Hegel'],"['København', 'München']",[],"['«Hærmændene på Helgeland»', '«Terje Vigen»']"
121,0,hilsen,,,,,['kancelliråd Hegel'],"['København', 'München']",[],"['«Hærmændene på Helgeland»', '«Terje Vigen»']"
122,0,til,,,,,['kancelliråd Hegel'],"['København', 'München']",[],"['«Hærmændene på Helgeland»', '«Terje Vigen»']"
123,0,alle,,,,,['kancelliråd Hegel'],"['København', 'München']",[],"['«Hærmændene på Helgeland»', '«Terje Vigen»']"
124,0,fælles,,,,,['kancelliråd Hegel'],"['København', 'München']",[],"['«Hærmændene på Helgeland»', '«Terje Vigen»']"
125,0,venner,,,,,['kancelliråd Hegel'],"['København', 'München']",[],"['«Hærmændene på Helgeland»', '«Terje Vigen»']"
126,0,tegner,,,,,['kancelliråd Hegel'],"['København', 'München']",[],"['«Hærmændene på Helgeland»', '«Terje Vigen»']"
127,0,jeg,,,,,['kancelliråd Hegel'],"['København', 'München']",[],"['«Hærmændene på Helgeland»', '«Terje Vigen»']"
128,0,mig,,,,,['kancelliråd Hegel'],"['København', 'München']",[],"['«Hærmændene på Helgeland»', '«Terje Vigen»']"
