,,0,human_annotation,who,dacy_medium,spacy_trf,person,place,org,work
0,0,Efterat,,,,,"['herr Sørensen', 'Herr Gehe', 'min kone', 'min svoger', 'Sigurd']","['New-Orleans', 'Sedan', 'Paris', 'Trondhjem', 'Hamburg', 'Kristiania', 'Teplitz', 'København']",[],['et bind digte']
1,0,jeg,,,,,"['herr Sørensen', 'Herr Gehe', 'min kone', 'min svoger', 'Sigurd']","['New-Orleans', 'Sedan', 'Paris', 'Trondhjem', 'Hamburg', 'Kristiania', 'Teplitz', 'København']",[],['et bind digte']
2,0,nu,,,,,"['herr Sørensen', 'Herr Gehe', 'min kone', 'min svoger', 'Sigurd']","['New-Orleans', 'Sedan', 'Paris', 'Trondhjem', 'Hamburg', 'Kristiania', 'Teplitz', 'København']",[],['et bind digte']
3,0,i,,,,,"['herr Sørensen', 'Herr Gehe', 'min kone', 'min svoger', 'Sigurd']","['New-Orleans', 'Sedan', 'Paris', 'Trondhjem', 'Hamburg', 'Kristiania', 'Teplitz', 'København']",[],['et bind digte']
4,0,lang,,,,,"['herr Sørensen', 'Herr Gehe', 'min kone', 'min svoger', 'Sigurd']","['New-Orleans', 'Sedan', 'Paris', 'Trondhjem', 'Hamburg', 'Kristiania', 'Teplitz', 'København']",[],['et bind digte']
5,0,tid,,,,,"['herr Sørensen', 'Herr Gehe', 'min kone', 'min svoger', 'Sigurd']","['New-Orleans', 'Sedan', 'Paris', 'Trondhjem', 'Hamburg', 'Kristiania', 'Teplitz', 'København']",[],['et bind digte']
6,0,forgæves,,,,,"['herr Sørensen', 'Herr Gehe', 'min kone', 'min svoger', 'Sigurd']","['New-Orleans', 'Sedan', 'Paris', 'Trondhjem', 'Hamburg', 'Kristiania', 'Teplitz', 'København']",[],['et bind digte']
7,0,i,,,,,"['herr Sørensen', 'Herr Gehe', 'min kone', 'min svoger', 'Sigurd']","['New-Orleans', 'Sedan', 'Paris', 'Trondhjem', 'Hamburg', 'Kristiania', 'Teplitz', 'København']",[],['et bind digte']
8,0,«Morgenbladet»,,,,,"['herr Sørensen', 'Herr Gehe', 'min kone', 'min svoger', 'Sigurd']","['New-Orleans', 'Sedan', 'Paris', 'Trondhjem', 'Hamburg', 'Kristiania', 'Teplitz', 'København']",[],['et bind digte']
9,0,har,,,,,"['herr Sørensen', 'Herr Gehe', 'min kone', 'min svoger', 'Sigurd']","['New-Orleans', 'Sedan', 'Paris', 'Trondhjem', 'Hamburg', 'Kristiania', 'Teplitz', 'København']",[],['et bind digte']
10,0,spejdet,,,,,"['herr Sørensen', 'Herr Gehe', 'min kone', 'min svoger', 'Sigurd']","['New-Orleans', 'Sedan', 'Paris', 'Trondhjem', 'Hamburg', 'Kristiania', 'Teplitz', 'København']",[],['et bind digte']
11,0,efter,,,,,"['herr Sørensen', 'Herr Gehe', 'min kone', 'min svoger', 'Sigurd']","['New-Orleans', 'Sedan', 'Paris', 'Trondhjem', 'Hamburg', 'Kristiania', 'Teplitz', 'København']",[],['et bind digte']
12,0,oprettelsen,,,,,"['herr Sørensen', 'Herr Gehe', 'min kone', 'min svoger', 'Sigurd']","['New-Orleans', 'Sedan', 'Paris', 'Trondhjem', 'Hamburg', 'Kristiania', 'Teplitz', 'København']",[],['et bind digte']
13,0,af,,,,,"['herr Sørensen', 'Herr Gehe', 'min kone', 'min svoger', 'Sigurd']","['New-Orleans', 'Sedan', 'Paris', 'Trondhjem', 'Hamburg', 'Kristiania', 'Teplitz', 'København']",[],['et bind digte']
14,0,den,,,,,"['herr Sørensen', 'Herr Gehe', 'min kone', 'min svoger', 'Sigurd']","['New-Orleans', 'Sedan', 'Paris', 'Trondhjem', 'Hamburg', 'Kristiania', 'Teplitz', 'København']",[],['et bind digte']
15,0,mellem,,,,,"['herr Sørensen', 'Herr Gehe', 'min kone', 'min svoger', 'Sigurd']","['New-Orleans', 'Sedan', 'Paris', 'Trondhjem', 'Hamburg', 'Kristiania', 'Teplitz', 'København']",[],['et bind digte']
16,0,os,,,,,"['herr Sørensen', 'Herr Gehe', 'min kone', 'min svoger', 'Sigurd']","['New-Orleans', 'Sedan', 'Paris', 'Trondhjem', 'Hamburg', 'Kristiania', 'Teplitz', 'København']",[],['et bind digte']
17,0,ofte,,,,,"['herr Sørensen', 'Herr Gehe', 'min kone', 'min svoger', 'Sigurd']","['New-Orleans', 'Sedan', 'Paris', 'Trondhjem', 'Hamburg', 'Kristiania', 'Teplitz', 'København']",[],['et bind digte']
18,0,omtalte,,,,,"['herr Sørensen', 'Herr Gehe', 'min kone', 'min svoger', 'Sigurd']","['New-Orleans', 'Sedan', 'Paris', 'Trondhjem', 'Hamburg', 'Kristiania', 'Teplitz', 'København']",[],['et bind digte']
19,0,"fabrik,",,,,,"['herr Sørensen', 'Herr Gehe', 'min kone', 'min svoger', 'Sigurd']","['New-Orleans', 'Sedan', 'Paris', 'Trondhjem', 'Hamburg', 'Kristiania', 'Teplitz', 'København']",[],['et bind digte']
20,0,erfarer,,,,,"['herr Sørensen', 'Herr Gehe', 'min kone', 'min svoger', 'Sigurd']","['New-Orleans', 'Sedan', 'Paris', 'Trondhjem', 'Hamburg', 'Kristiania', 'Teplitz', 'København']",[],['et bind digte']
21,0,jeg,,,,,"['herr Sørensen', 'Herr Gehe', 'min kone', 'min svoger', 'Sigurd']","['New-Orleans', 'Sedan', 'Paris', 'Trondhjem', 'Hamburg', 'Kristiania', 'Teplitz', 'København']",[],['et bind digte']
22,0,nu,,,,,"['herr Sørensen', 'Herr Gehe', 'min kone', 'min svoger', 'Sigurd']","['New-Orleans', 'Sedan', 'Paris', 'Trondhjem', 'Hamburg', 'Kristiania', 'Teplitz', 'København']",[],['et bind digte']
23,0,ad,,,,,"['herr Sørensen', 'Herr Gehe', 'min kone', 'min svoger', 'Sigurd']","['New-Orleans', 'Sedan', 'Paris', 'Trondhjem', 'Hamburg', 'Kristiania', 'Teplitz', 'København']",[],['et bind digte']
24,0,privat,,,,,"['herr Sørensen', 'Herr Gehe', 'min kone', 'min svoger', 'Sigurd']","['New-Orleans', 'Sedan', 'Paris', 'Trondhjem', 'Hamburg', 'Kristiania', 'Teplitz', 'København']",[],['et bind digte']
25,0,vej,,,,,"['herr Sørensen', 'Herr Gehe', 'min kone', 'min svoger', 'Sigurd']","['New-Orleans', 'Sedan', 'Paris', 'Trondhjem', 'Hamburg', 'Kristiania', 'Teplitz', 'København']",[],['et bind digte']
26,0,at,,,,,"['herr Sørensen', 'Herr Gehe', 'min kone', 'min svoger', 'Sigurd']","['New-Orleans', 'Sedan', 'Paris', 'Trondhjem', 'Hamburg', 'Kristiania', 'Teplitz', 'København']",[],['et bind digte']
27,0,De,,,,,"['herr Sørensen', 'Herr Gehe', 'min kone', 'min svoger', 'Sigurd']","['New-Orleans', 'Sedan', 'Paris', 'Trondhjem', 'Hamburg', 'Kristiania', 'Teplitz', 'København']",[],['et bind digte']
28,0,foreløbig,,,,,"['herr Sørensen', 'Herr Gehe', 'min kone', 'min svoger', 'Sigurd']","['New-Orleans', 'Sedan', 'Paris', 'Trondhjem', 'Hamburg', 'Kristiania', 'Teplitz', 'København']",[],['et bind digte']
29,0,har,,,,,"['herr Sørensen', 'Herr Gehe', 'min kone', 'min svoger', 'Sigurd']","['New-Orleans', 'Sedan', 'Paris', 'Trondhjem', 'Hamburg', 'Kristiania', 'Teplitz', 'København']",[],['et bind digte']
30,0,indladt,,,,,"['herr Sørensen', 'Herr Gehe', 'min kone', 'min svoger', 'Sigurd']","['New-Orleans', 'Sedan', 'Paris', 'Trondhjem', 'Hamburg', 'Kristiania', 'Teplitz', 'København']",[],['et bind digte']
31,0,Dem,,,,,"['herr Sørensen', 'Herr Gehe', 'min kone', 'min svoger', 'Sigurd']","['New-Orleans', 'Sedan', 'Paris', 'Trondhjem', 'Hamburg', 'Kristiania', 'Teplitz', 'København']",[],['et bind digte']
32,0,på,,,,,"['herr Sørensen', 'Herr Gehe', 'min kone', 'min svoger', 'Sigurd']","['New-Orleans', 'Sedan', 'Paris', 'Trondhjem', 'Hamburg', 'Kristiania', 'Teplitz', 'København']",[],['et bind digte']
33,0,en,,,,,"['herr Sørensen', 'Herr Gehe', 'min kone', 'min svoger', 'Sigurd']","['New-Orleans', 'Sedan', 'Paris', 'Trondhjem', 'Hamburg', 'Kristiania', 'Teplitz', 'København']",[],['et bind digte']
34,0,anden,,,,,"['herr Sørensen', 'Herr Gehe', 'min kone', 'min svoger', 'Sigurd']","['New-Orleans', 'Sedan', 'Paris', 'Trondhjem', 'Hamburg', 'Kristiania', 'Teplitz', 'København']",[],['et bind digte']
35,0,"affære,",,,,,"['herr Sørensen', 'Herr Gehe', 'min kone', 'min svoger', 'Sigurd']","['New-Orleans', 'Sedan', 'Paris', 'Trondhjem', 'Hamburg', 'Kristiania', 'Teplitz', 'København']",[],['et bind digte']
36,0,hvoraf,,,,,"['herr Sørensen', 'Herr Gehe', 'min kone', 'min svoger', 'Sigurd']","['New-Orleans', 'Sedan', 'Paris', 'Trondhjem', 'Hamburg', 'Kristiania', 'Teplitz', 'København']",[],['et bind digte']
37,0,jeg,,,,,"['herr Sørensen', 'Herr Gehe', 'min kone', 'min svoger', 'Sigurd']","['New-Orleans', 'Sedan', 'Paris', 'Trondhjem', 'Hamburg', 'Kristiania', 'Teplitz', 'København']",[],['et bind digte']
38,0,både,,,,,"['herr Sørensen', 'Herr Gehe', 'min kone', 'min svoger', 'Sigurd']","['New-Orleans', 'Sedan', 'Paris', 'Trondhjem', 'Hamburg', 'Kristiania', 'Teplitz', 'København']",[],['et bind digte']
39,0,ønsker,,,,,"['herr Sørensen', 'Herr Gehe', 'min kone', 'min svoger', 'Sigurd']","['New-Orleans', 'Sedan', 'Paris', 'Trondhjem', 'Hamburg', 'Kristiania', 'Teplitz', 'København']",[],['et bind digte']
40,0,og,,,,,"['herr Sørensen', 'Herr Gehe', 'min kone', 'min svoger', 'Sigurd']","['New-Orleans', 'Sedan', 'Paris', 'Trondhjem', 'Hamburg', 'Kristiania', 'Teplitz', 'København']",[],['et bind digte']
41,0,håber,,,,,"['herr Sørensen', 'Herr Gehe', 'min kone', 'min svoger', 'Sigurd']","['New-Orleans', 'Sedan', 'Paris', 'Trondhjem', 'Hamburg', 'Kristiania', 'Teplitz', 'København']",[],['et bind digte']
42,0,alt,,,,,"['herr Sørensen', 'Herr Gehe', 'min kone', 'min svoger', 'Sigurd']","['New-Orleans', 'Sedan', 'Paris', 'Trondhjem', 'Hamburg', 'Kristiania', 'Teplitz', 'København']",[],['et bind digte']
43,0,godt,,,,,"['herr Sørensen', 'Herr Gehe', 'min kone', 'min svoger', 'Sigurd']","['New-Orleans', 'Sedan', 'Paris', 'Trondhjem', 'Hamburg', 'Kristiania', 'Teplitz', 'København']",[],['et bind digte']
44,0,for,,,,,"['herr Sørensen', 'Herr Gehe', 'min kone', 'min svoger', 'Sigurd']","['New-Orleans', 'Sedan', 'Paris', 'Trondhjem', 'Hamburg', 'Kristiania', 'Teplitz', 'København']",[],['et bind digte']
45,0,Deres,,,,,"['herr Sørensen', 'Herr Gehe', 'min kone', 'min svoger', 'Sigurd']","['New-Orleans', 'Sedan', 'Paris', 'Trondhjem', 'Hamburg', 'Kristiania', 'Teplitz', 'København']",[],['et bind digte']
46,0,fremtid.,,,,,"['herr Sørensen', 'Herr Gehe', 'min kone', 'min svoger', 'Sigurd']","['New-Orleans', 'Sedan', 'Paris', 'Trondhjem', 'Hamburg', 'Kristiania', 'Teplitz', 'København']",[],['et bind digte']
47,0,Med,,,,,"['herr Sørensen', 'Herr Gehe', 'min kone', 'min svoger', 'Sigurd']","['New-Orleans', 'Sedan', 'Paris', 'Trondhjem', 'Hamburg', 'Kristiania', 'Teplitz', 'København']",[],['et bind digte']
48,0,andre,,,,,"['herr Sørensen', 'Herr Gehe', 'min kone', 'min svoger', 'Sigurd']","['New-Orleans', 'Sedan', 'Paris', 'Trondhjem', 'Hamburg', 'Kristiania', 'Teplitz', 'København']",[],['et bind digte']
49,0,"ord,",,,,,"['herr Sørensen', 'Herr Gehe', 'min kone', 'min svoger', 'Sigurd']","['New-Orleans', 'Sedan', 'Paris', 'Trondhjem', 'Hamburg', 'Kristiania', 'Teplitz', 'København']",[],['et bind digte']
50,0,jeg,,,,,"['herr Sørensen', 'Herr Gehe', 'min kone', 'min svoger', 'Sigurd']","['New-Orleans', 'Sedan', 'Paris', 'Trondhjem', 'Hamburg', 'Kristiania', 'Teplitz', 'København']",[],['et bind digte']
51,0,hører,,,,,"['herr Sørensen', 'Herr Gehe', 'min kone', 'min svoger', 'Sigurd']","['New-Orleans', 'Sedan', 'Paris', 'Trondhjem', 'Hamburg', 'Kristiania', 'Teplitz', 'København']",[],['et bind digte']
52,0,at,,,,,"['herr Sørensen', 'Herr Gehe', 'min kone', 'min svoger', 'Sigurd']","['New-Orleans', 'Sedan', 'Paris', 'Trondhjem', 'Hamburg', 'Kristiania', 'Teplitz', 'København']",[],['et bind digte']
53,0,De,,,,,"['herr Sørensen', 'Herr Gehe', 'min kone', 'min svoger', 'Sigurd']","['New-Orleans', 'Sedan', 'Paris', 'Trondhjem', 'Hamburg', 'Kristiania', 'Teplitz', 'København']",[],['et bind digte']
54,0,er,,,,,"['herr Sørensen', 'Herr Gehe', 'min kone', 'min svoger', 'Sigurd']","['New-Orleans', 'Sedan', 'Paris', 'Trondhjem', 'Hamburg', 'Kristiania', 'Teplitz', 'København']",[],['et bind digte']
55,0,bleven,,,,,"['herr Sørensen', 'Herr Gehe', 'min kone', 'min svoger', 'Sigurd']","['New-Orleans', 'Sedan', 'Paris', 'Trondhjem', 'Hamburg', 'Kristiania', 'Teplitz', 'København']",[],['et bind digte']
56,0,forlovet.,,,,,"['herr Sørensen', 'Herr Gehe', 'min kone', 'min svoger', 'Sigurd']","['New-Orleans', 'Sedan', 'Paris', 'Trondhjem', 'Hamburg', 'Kristiania', 'Teplitz', 'København']",[],['et bind digte']
57,0,Modtag,,,,,"['herr Sørensen', 'Herr Gehe', 'min kone', 'min svoger', 'Sigurd']","['New-Orleans', 'Sedan', 'Paris', 'Trondhjem', 'Hamburg', 'Kristiania', 'Teplitz', 'København']",[],['et bind digte']
58,0,derfor,,,,,"['herr Sørensen', 'Herr Gehe', 'min kone', 'min svoger', 'Sigurd']","['New-Orleans', 'Sedan', 'Paris', 'Trondhjem', 'Hamburg', 'Kristiania', 'Teplitz', 'København']",[],['et bind digte']
59,0,vor,,,,,"['herr Sørensen', 'Herr Gehe', 'min kone', 'min svoger', 'Sigurd']","['New-Orleans', 'Sedan', 'Paris', 'Trondhjem', 'Hamburg', 'Kristiania', 'Teplitz', 'København']",[],['et bind digte']
60,0,hjerteligste,,,,,"['herr Sørensen', 'Herr Gehe', 'min kone', 'min svoger', 'Sigurd']","['New-Orleans', 'Sedan', 'Paris', 'Trondhjem', 'Hamburg', 'Kristiania', 'Teplitz', 'København']",[],['et bind digte']
61,0,lykønskning,,,,,"['herr Sørensen', 'Herr Gehe', 'min kone', 'min svoger', 'Sigurd']","['New-Orleans', 'Sedan', 'Paris', 'Trondhjem', 'Hamburg', 'Kristiania', 'Teplitz', 'København']",[],['et bind digte']
62,0,og,,,,,"['herr Sørensen', 'Herr Gehe', 'min kone', 'min svoger', 'Sigurd']","['New-Orleans', 'Sedan', 'Paris', 'Trondhjem', 'Hamburg', 'Kristiania', 'Teplitz', 'København']",[],['et bind digte']
63,0,forsikkringen,,,,,"['herr Sørensen', 'Herr Gehe', 'min kone', 'min svoger', 'Sigurd']","['New-Orleans', 'Sedan', 'Paris', 'Trondhjem', 'Hamburg', 'Kristiania', 'Teplitz', 'København']",[],['et bind digte']
64,0,om,,,,,"['herr Sørensen', 'Herr Gehe', 'min kone', 'min svoger', 'Sigurd']","['New-Orleans', 'Sedan', 'Paris', 'Trondhjem', 'Hamburg', 'Kristiania', 'Teplitz', 'København']",[],['et bind digte']
65,0,vor,,,,,"['herr Sørensen', 'Herr Gehe', 'min kone', 'min svoger', 'Sigurd']","['New-Orleans', 'Sedan', 'Paris', 'Trondhjem', 'Hamburg', 'Kristiania', 'Teplitz', 'København']",[],['et bind digte']
66,0,oprigtigste,,,,,"['herr Sørensen', 'Herr Gehe', 'min kone', 'min svoger', 'Sigurd']","['New-Orleans', 'Sedan', 'Paris', 'Trondhjem', 'Hamburg', 'Kristiania', 'Teplitz', 'København']",[],['et bind digte']
67,0,deltagelse,,,,,"['herr Sørensen', 'Herr Gehe', 'min kone', 'min svoger', 'Sigurd']","['New-Orleans', 'Sedan', 'Paris', 'Trondhjem', 'Hamburg', 'Kristiania', 'Teplitz', 'København']",[],['et bind digte']
68,0,i,,,,,"['herr Sørensen', 'Herr Gehe', 'min kone', 'min svoger', 'Sigurd']","['New-Orleans', 'Sedan', 'Paris', 'Trondhjem', 'Hamburg', 'Kristiania', 'Teplitz', 'København']",[],['et bind digte']
69,0,denne,,,,,"['herr Sørensen', 'Herr Gehe', 'min kone', 'min svoger', 'Sigurd']","['New-Orleans', 'Sedan', 'Paris', 'Trondhjem', 'Hamburg', 'Kristiania', 'Teplitz', 'København']",[],['et bind digte']
70,0,glædelige,,,,,"['herr Sørensen', 'Herr Gehe', 'min kone', 'min svoger', 'Sigurd']","['New-Orleans', 'Sedan', 'Paris', 'Trondhjem', 'Hamburg', 'Kristiania', 'Teplitz', 'København']",[],['et bind digte']
71,0,begivenhed!,,,,,"['herr Sørensen', 'Herr Gehe', 'min kone', 'min svoger', 'Sigurd']","['New-Orleans', 'Sedan', 'Paris', 'Trondhjem', 'Hamburg', 'Kristiania', 'Teplitz', 'København']",[],['et bind digte']
72,0,–Dernæst,,,,,"['herr Sørensen', 'Herr Gehe', 'min kone', 'min svoger', 'Sigurd']","['New-Orleans', 'Sedan', 'Paris', 'Trondhjem', 'Hamburg', 'Kristiania', 'Teplitz', 'København']",[],['et bind digte']
73,0,takker,,,,,"['herr Sørensen', 'Herr Gehe', 'min kone', 'min svoger', 'Sigurd']","['New-Orleans', 'Sedan', 'Paris', 'Trondhjem', 'Hamburg', 'Kristiania', 'Teplitz', 'København']",[],['et bind digte']
74,0,jeg,,,,,"['herr Sørensen', 'Herr Gehe', 'min kone', 'min svoger', 'Sigurd']","['New-Orleans', 'Sedan', 'Paris', 'Trondhjem', 'Hamburg', 'Kristiania', 'Teplitz', 'København']",[],['et bind digte']
75,0,Dem,,,,,"['herr Sørensen', 'Herr Gehe', 'min kone', 'min svoger', 'Sigurd']","['New-Orleans', 'Sedan', 'Paris', 'Trondhjem', 'Hamburg', 'Kristiania', 'Teplitz', 'København']",[],['et bind digte']
76,0,venligst,,,,,"['herr Sørensen', 'Herr Gehe', 'min kone', 'min svoger', 'Sigurd']","['New-Orleans', 'Sedan', 'Paris', 'Trondhjem', 'Hamburg', 'Kristiania', 'Teplitz', 'København']",[],['et bind digte']
77,0,for,,,,,"['herr Sørensen', 'Herr Gehe', 'min kone', 'min svoger', 'Sigurd']","['New-Orleans', 'Sedan', 'Paris', 'Trondhjem', 'Hamburg', 'Kristiania', 'Teplitz', 'København']",[],['et bind digte']
78,0,det,,,,,"['herr Sørensen', 'Herr Gehe', 'min kone', 'min svoger', 'Sigurd']","['New-Orleans', 'Sedan', 'Paris', 'Trondhjem', 'Hamburg', 'Kristiania', 'Teplitz', 'København']",[],['et bind digte']
79,0,brev,,,,,"['herr Sørensen', 'Herr Gehe', 'min kone', 'min svoger', 'Sigurd']","['New-Orleans', 'Sedan', 'Paris', 'Trondhjem', 'Hamburg', 'Kristiania', 'Teplitz', 'København']",[],['et bind digte']
80,0,jeg,,,,,"['herr Sørensen', 'Herr Gehe', 'min kone', 'min svoger', 'Sigurd']","['New-Orleans', 'Sedan', 'Paris', 'Trondhjem', 'Hamburg', 'Kristiania', 'Teplitz', 'København']",[],['et bind digte']
81,0,havde,,,,,"['herr Sørensen', 'Herr Gehe', 'min kone', 'min svoger', 'Sigurd']","['New-Orleans', 'Sedan', 'Paris', 'Trondhjem', 'Hamburg', 'Kristiania', 'Teplitz', 'København']",[],['et bind digte']
82,0,den,,,,,"['herr Sørensen', 'Herr Gehe', 'min kone', 'min svoger', 'Sigurd']","['New-Orleans', 'Sedan', 'Paris', 'Trondhjem', 'Hamburg', 'Kristiania', 'Teplitz', 'København']",[],['et bind digte']
83,0,fornøjelse,,,,,"['herr Sørensen', 'Herr Gehe', 'min kone', 'min svoger', 'Sigurd']","['New-Orleans', 'Sedan', 'Paris', 'Trondhjem', 'Hamburg', 'Kristiania', 'Teplitz', 'København']",[],['et bind digte']
84,0,at,,,,,"['herr Sørensen', 'Herr Gehe', 'min kone', 'min svoger', 'Sigurd']","['New-Orleans', 'Sedan', 'Paris', 'Trondhjem', 'Hamburg', 'Kristiania', 'Teplitz', 'København']",[],['et bind digte']
85,0,modtage,,,,,"['herr Sørensen', 'Herr Gehe', 'min kone', 'min svoger', 'Sigurd']","['New-Orleans', 'Sedan', 'Paris', 'Trondhjem', 'Hamburg', 'Kristiania', 'Teplitz', 'København']",[],['et bind digte']
86,0,efter,,,,,"['herr Sørensen', 'Herr Gehe', 'min kone', 'min svoger', 'Sigurd']","['New-Orleans', 'Sedan', 'Paris', 'Trondhjem', 'Hamburg', 'Kristiania', 'Teplitz', 'København']",[],['et bind digte']
87,0,Deres,,,,,"['herr Sørensen', 'Herr Gehe', 'min kone', 'min svoger', 'Sigurd']","['New-Orleans', 'Sedan', 'Paris', 'Trondhjem', 'Hamburg', 'Kristiania', 'Teplitz', 'København']",[],['et bind digte']
88,0,afrejse,,,,,"['herr Sørensen', 'Herr Gehe', 'min kone', 'min svoger', 'Sigurd']","['New-Orleans', 'Sedan', 'Paris', 'Trondhjem', 'Hamburg', 'Kristiania', 'Teplitz', 'København']",[],['et bind digte']
89,0,herfra.,,,,,"['herr Sørensen', 'Herr Gehe', 'min kone', 'min svoger', 'Sigurd']","['New-Orleans', 'Sedan', 'Paris', 'Trondhjem', 'Hamburg', 'Kristiania', 'Teplitz', 'København']",[],['et bind digte']
90,0,Jeg,,,,,"['herr Sørensen', 'Herr Gehe', 'min kone', 'min svoger', 'Sigurd']","['New-Orleans', 'Sedan', 'Paris', 'Trondhjem', 'Hamburg', 'Kristiania', 'Teplitz', 'København']",[],['et bind digte']
91,0,skulde,,,,,"['herr Sørensen', 'Herr Gehe', 'min kone', 'min svoger', 'Sigurd']","['New-Orleans', 'Sedan', 'Paris', 'Trondhjem', 'Hamburg', 'Kristiania', 'Teplitz', 'København']",[],['et bind digte']
92,0,jo,,,,,"['herr Sørensen', 'Herr Gehe', 'min kone', 'min svoger', 'Sigurd']","['New-Orleans', 'Sedan', 'Paris', 'Trondhjem', 'Hamburg', 'Kristiania', 'Teplitz', 'København']",[],['et bind digte']
93,0,for,,,,,"['herr Sørensen', 'Herr Gehe', 'min kone', 'min svoger', 'Sigurd']","['New-Orleans', 'Sedan', 'Paris', 'Trondhjem', 'Hamburg', 'Kristiania', 'Teplitz', 'København']",[],['et bind digte']
94,0,længe,,,,,"['herr Sørensen', 'Herr Gehe', 'min kone', 'min svoger', 'Sigurd']","['New-Orleans', 'Sedan', 'Paris', 'Trondhjem', 'Hamburg', 'Kristiania', 'Teplitz', 'København']",[],['et bind digte']
95,0,siden,,,,,"['herr Sørensen', 'Herr Gehe', 'min kone', 'min svoger', 'Sigurd']","['New-Orleans', 'Sedan', 'Paris', 'Trondhjem', 'Hamburg', 'Kristiania', 'Teplitz', 'København']",[],['et bind digte']
96,0,efter,,,,,"['herr Sørensen', 'Herr Gehe', 'min kone', 'min svoger', 'Sigurd']","['New-Orleans', 'Sedan', 'Paris', 'Trondhjem', 'Hamburg', 'Kristiania', 'Teplitz', 'København']",[],['et bind digte']
97,0,pligt,,,,,"['herr Sørensen', 'Herr Gehe', 'min kone', 'min svoger', 'Sigurd']","['New-Orleans', 'Sedan', 'Paris', 'Trondhjem', 'Hamburg', 'Kristiania', 'Teplitz', 'København']",[],['et bind digte']
98,0,og,,,,,"['herr Sørensen', 'Herr Gehe', 'min kone', 'min svoger', 'Sigurd']","['New-Orleans', 'Sedan', 'Paris', 'Trondhjem', 'Hamburg', 'Kristiania', 'Teplitz', 'København']",[],['et bind digte']
99,0,skyldighed,,,,,"['herr Sørensen', 'Herr Gehe', 'min kone', 'min svoger', 'Sigurd']","['New-Orleans', 'Sedan', 'Paris', 'Trondhjem', 'Hamburg', 'Kristiania', 'Teplitz', 'København']",[],['et bind digte']
100,0,have,,,,,"['herr Sørensen', 'Herr Gehe', 'min kone', 'min svoger', 'Sigurd']","['New-Orleans', 'Sedan', 'Paris', 'Trondhjem', 'Hamburg', 'Kristiania', 'Teplitz', 'København']",[],['et bind digte']
101,0,svaret,,,,,"['herr Sørensen', 'Herr Gehe', 'min kone', 'min svoger', 'Sigurd']","['New-Orleans', 'Sedan', 'Paris', 'Trondhjem', 'Hamburg', 'Kristiania', 'Teplitz', 'København']",[],['et bind digte']
102,0,"Dem,",,,,,"['herr Sørensen', 'Herr Gehe', 'min kone', 'min svoger', 'Sigurd']","['New-Orleans', 'Sedan', 'Paris', 'Trondhjem', 'Hamburg', 'Kristiania', 'Teplitz', 'København']",[],['et bind digte']
103,0,"men,",,,,,"['herr Sørensen', 'Herr Gehe', 'min kone', 'min svoger', 'Sigurd']","['New-Orleans', 'Sedan', 'Paris', 'Trondhjem', 'Hamburg', 'Kristiania', 'Teplitz', 'København']",[],['et bind digte']
104,0,"desværre,",,,,,"['herr Sørensen', 'Herr Gehe', 'min kone', 'min svoger', 'Sigurd']","['New-Orleans', 'Sedan', 'Paris', 'Trondhjem', 'Hamburg', 'Kristiania', 'Teplitz', 'København']",[],['et bind digte']
105,0,som,,,,,"['herr Sørensen', 'Herr Gehe', 'min kone', 'min svoger', 'Sigurd']","['New-Orleans', 'Sedan', 'Paris', 'Trondhjem', 'Hamburg', 'Kristiania', 'Teplitz', 'København']",[],['et bind digte']
106,0,De,,,,,"['herr Sørensen', 'Herr Gehe', 'min kone', 'min svoger', 'Sigurd']","['New-Orleans', 'Sedan', 'Paris', 'Trondhjem', 'Hamburg', 'Kristiania', 'Teplitz', 'København']",[],['et bind digte']
107,0,ser,,,,,"['herr Sørensen', 'Herr Gehe', 'min kone', 'min svoger', 'Sigurd']","['New-Orleans', 'Sedan', 'Paris', 'Trondhjem', 'Hamburg', 'Kristiania', 'Teplitz', 'København']",[],['et bind digte']
108,0,er,,,,,"['herr Sørensen', 'Herr Gehe', 'min kone', 'min svoger', 'Sigurd']","['New-Orleans', 'Sedan', 'Paris', 'Trondhjem', 'Hamburg', 'Kristiania', 'Teplitz', 'København']",[],['et bind digte']
109,0,det,,,,,"['herr Sørensen', 'Herr Gehe', 'min kone', 'min svoger', 'Sigurd']","['New-Orleans', 'Sedan', 'Paris', 'Trondhjem', 'Hamburg', 'Kristiania', 'Teplitz', 'København']",[],['et bind digte']
110,0,til,,,,,"['herr Sørensen', 'Herr Gehe', 'min kone', 'min svoger', 'Sigurd']","['New-Orleans', 'Sedan', 'Paris', 'Trondhjem', 'Hamburg', 'Kristiania', 'Teplitz', 'København']",[],['et bind digte']
111,0,dato,,,,,"['herr Sørensen', 'Herr Gehe', 'min kone', 'min svoger', 'Sigurd']","['New-Orleans', 'Sedan', 'Paris', 'Trondhjem', 'Hamburg', 'Kristiania', 'Teplitz', 'København']",[],['et bind digte']
112,0,blevet,,,,,"['herr Sørensen', 'Herr Gehe', 'min kone', 'min svoger', 'Sigurd']","['New-Orleans', 'Sedan', 'Paris', 'Trondhjem', 'Hamburg', 'Kristiania', 'Teplitz', 'København']",[],['et bind digte']
113,0,ved,,,,,"['herr Sørensen', 'Herr Gehe', 'min kone', 'min svoger', 'Sigurd']","['New-Orleans', 'Sedan', 'Paris', 'Trondhjem', 'Hamburg', 'Kristiania', 'Teplitz', 'København']",[],['et bind digte']
114,0,det,,,,,"['herr Sørensen', 'Herr Gehe', 'min kone', 'min svoger', 'Sigurd']","['New-Orleans', 'Sedan', 'Paris', 'Trondhjem', 'Hamburg', 'Kristiania', 'Teplitz', 'København']",[],['et bind digte']
115,0,gode,,,,,"['herr Sørensen', 'Herr Gehe', 'min kone', 'min svoger', 'Sigurd']","['New-Orleans', 'Sedan', 'Paris', 'Trondhjem', 'Hamburg', 'Kristiania', 'Teplitz', 'København']",[],['et bind digte']
116,0,forsæt.,,,,,"['herr Sørensen', 'Herr Gehe', 'min kone', 'min svoger', 'Sigurd']","['New-Orleans', 'Sedan', 'Paris', 'Trondhjem', 'Hamburg', 'Kristiania', 'Teplitz', 'København']",[],['et bind digte']
117,0,"Dog,",,,,,"['herr Sørensen', 'Herr Gehe', 'min kone', 'min svoger', 'Sigurd']","['New-Orleans', 'Sedan', 'Paris', 'Trondhjem', 'Hamburg', 'Kristiania', 'Teplitz', 'København']",[],['et bind digte']
118,0,jeg,,,,,"['herr Sørensen', 'Herr Gehe', 'min kone', 'min svoger', 'Sigurd']","['New-Orleans', 'Sedan', 'Paris', 'Trondhjem', 'Hamburg', 'Kristiania', 'Teplitz', 'København']",[],['et bind digte']
119,0,ved,,,,,"['herr Sørensen', 'Herr Gehe', 'min kone', 'min svoger', 'Sigurd']","['New-Orleans', 'Sedan', 'Paris', 'Trondhjem', 'Hamburg', 'Kristiania', 'Teplitz', 'København']",[],['et bind digte']
120,0,"nok,",,,,,"['herr Sørensen', 'Herr Gehe', 'min kone', 'min svoger', 'Sigurd']","['New-Orleans', 'Sedan', 'Paris', 'Trondhjem', 'Hamburg', 'Kristiania', 'Teplitz', 'København']",[],['et bind digte']
121,0,De,,,,,"['herr Sørensen', 'Herr Gehe', 'min kone', 'min svoger', 'Sigurd']","['New-Orleans', 'Sedan', 'Paris', 'Trondhjem', 'Hamburg', 'Kristiania', 'Teplitz', 'København']",[],['et bind digte']
122,0,tager,,,,,"['herr Sørensen', 'Herr Gehe', 'min kone', 'min svoger', 'Sigurd']","['New-Orleans', 'Sedan', 'Paris', 'Trondhjem', 'Hamburg', 'Kristiania', 'Teplitz', 'København']",[],['et bind digte']
123,0,ikke,,,,,"['herr Sørensen', 'Herr Gehe', 'min kone', 'min svoger', 'Sigurd']","['New-Orleans', 'Sedan', 'Paris', 'Trondhjem', 'Hamburg', 'Kristiania', 'Teplitz', 'København']",[],['et bind digte']
124,0,sligt,,,,,"['herr Sørensen', 'Herr Gehe', 'min kone', 'min svoger', 'Sigurd']","['New-Orleans', 'Sedan', 'Paris', 'Trondhjem', 'Hamburg', 'Kristiania', 'Teplitz', 'København']",[],['et bind digte']
125,0,så,,,,,"['herr Sørensen', 'Herr Gehe', 'min kone', 'min svoger', 'Sigurd']","['New-Orleans', 'Sedan', 'Paris', 'Trondhjem', 'Hamburg', 'Kristiania', 'Teplitz', 'København']",[],['et bind digte']
126,0,nøje.Hvis,,,,,"['herr Sørensen', 'Herr Gehe', 'min kone', 'min svoger', 'Sigurd']","['New-Orleans', 'Sedan', 'Paris', 'Trondhjem', 'Hamburg', 'Kristiania', 'Teplitz', 'København']",[],['et bind digte']
127,0,De,,,,,"['herr Sørensen', 'Herr Gehe', 'min kone', 'min svoger', 'Sigurd']","['New-Orleans', 'Sedan', 'Paris', 'Trondhjem', 'Hamburg', 'Kristiania', 'Teplitz', 'København']",[],['et bind digte']
128,0,ikke,,,,,"['herr Sørensen', 'Herr Gehe', 'min kone', 'min svoger', 'Sigurd']","['New-Orleans', 'Sedan', 'Paris', 'Trondhjem', 'Hamburg', 'Kristiania', 'Teplitz', 'København']",[],['et bind digte']
129,0,har,,,,,"['herr Sørensen', 'Herr Gehe', 'min kone', 'min svoger', 'Sigurd']","['New-Orleans', 'Sedan', 'Paris', 'Trondhjem', 'Hamburg', 'Kristiania', 'Teplitz', 'København']",[],['et bind digte']
130,0,havt,,,,,"['herr Sørensen', 'Herr Gehe', 'min kone', 'min svoger', 'Sigurd']","['New-Orleans', 'Sedan', 'Paris', 'Trondhjem', 'Hamburg', 'Kristiania', 'Teplitz', 'København']",[],['et bind digte']
131,0,brev,,,,,"['herr Sørensen', 'Herr Gehe', 'min kone', 'min svoger', 'Sigurd']","['New-Orleans', 'Sedan', 'Paris', 'Trondhjem', 'Hamburg', 'Kristiania', 'Teplitz', 'København']",[],['et bind digte']
132,0,fra,,,,,"['herr Sørensen', 'Herr Gehe', 'min kone', 'min svoger', 'Sigurd']","['New-Orleans', 'Sedan', 'Paris', 'Trondhjem', 'Hamburg', 'Kristiania', 'Teplitz', 'København']",[],['et bind digte']
133,0,herr,,,,,"['herr Sørensen', 'Herr Gehe', 'min kone', 'min svoger', 'Sigurd']","['New-Orleans', 'Sedan', 'Paris', 'Trondhjem', 'Hamburg', 'Kristiania', 'Teplitz', 'København']",[],['et bind digte']
134,0,"Sørensen,",,,,,"['herr Sørensen', 'Herr Gehe', 'min kone', 'min svoger', 'Sigurd']","['New-Orleans', 'Sedan', 'Paris', 'Trondhjem', 'Hamburg', 'Kristiania', 'Teplitz', 'København']",[],['et bind digte']
135,0,så,,,,,"['herr Sørensen', 'Herr Gehe', 'min kone', 'min svoger', 'Sigurd']","['New-Orleans', 'Sedan', 'Paris', 'Trondhjem', 'Hamburg', 'Kristiania', 'Teplitz', 'København']",[],['et bind digte']
136,0,kan,,,,,"['herr Sørensen', 'Herr Gehe', 'min kone', 'min svoger', 'Sigurd']","['New-Orleans', 'Sedan', 'Paris', 'Trondhjem', 'Hamburg', 'Kristiania', 'Teplitz', 'København']",[],['et bind digte']
137,0,jeg,,,,,"['herr Sørensen', 'Herr Gehe', 'min kone', 'min svoger', 'Sigurd']","['New-Orleans', 'Sedan', 'Paris', 'Trondhjem', 'Hamburg', 'Kristiania', 'Teplitz', 'København']",[],['et bind digte']
138,0,fortælle,,,,,"['herr Sørensen', 'Herr Gehe', 'min kone', 'min svoger', 'Sigurd']","['New-Orleans', 'Sedan', 'Paris', 'Trondhjem', 'Hamburg', 'Kristiania', 'Teplitz', 'København']",[],['et bind digte']
139,0,Dem,,,,,"['herr Sørensen', 'Herr Gehe', 'min kone', 'min svoger', 'Sigurd']","['New-Orleans', 'Sedan', 'Paris', 'Trondhjem', 'Hamburg', 'Kristiania', 'Teplitz', 'København']",[],['et bind digte']
140,0,at,,,,,"['herr Sørensen', 'Herr Gehe', 'min kone', 'min svoger', 'Sigurd']","['New-Orleans', 'Sedan', 'Paris', 'Trondhjem', 'Hamburg', 'Kristiania', 'Teplitz', 'København']",[],['et bind digte']
141,0,han,,,,,"['herr Sørensen', 'Herr Gehe', 'min kone', 'min svoger', 'Sigurd']","['New-Orleans', 'Sedan', 'Paris', 'Trondhjem', 'Hamburg', 'Kristiania', 'Teplitz', 'København']",[],['et bind digte']
142,0,i,,,,,"['herr Sørensen', 'Herr Gehe', 'min kone', 'min svoger', 'Sigurd']","['New-Orleans', 'Sedan', 'Paris', 'Trondhjem', 'Hamburg', 'Kristiania', 'Teplitz', 'København']",[],['et bind digte']
143,0,December,,,,,"['herr Sørensen', 'Herr Gehe', 'min kone', 'min svoger', 'Sigurd']","['New-Orleans', 'Sedan', 'Paris', 'Trondhjem', 'Hamburg', 'Kristiania', 'Teplitz', 'København']",[],['et bind digte']
144,0,afrejste,,,,,"['herr Sørensen', 'Herr Gehe', 'min kone', 'min svoger', 'Sigurd']","['New-Orleans', 'Sedan', 'Paris', 'Trondhjem', 'Hamburg', 'Kristiania', 'Teplitz', 'København']",[],['et bind digte']
145,0,til,,,,,"['herr Sørensen', 'Herr Gehe', 'min kone', 'min svoger', 'Sigurd']","['New-Orleans', 'Sedan', 'Paris', 'Trondhjem', 'Hamburg', 'Kristiania', 'Teplitz', 'København']",[],['et bind digte']
146,0,"New-Orleans,",,,,,"['herr Sørensen', 'Herr Gehe', 'min kone', 'min svoger', 'Sigurd']","['New-Orleans', 'Sedan', 'Paris', 'Trondhjem', 'Hamburg', 'Kristiania', 'Teplitz', 'København']",[],['et bind digte']
147,0,hvor,,,,,"['herr Sørensen', 'Herr Gehe', 'min kone', 'min svoger', 'Sigurd']","['New-Orleans', 'Sedan', 'Paris', 'Trondhjem', 'Hamburg', 'Kristiania', 'Teplitz', 'København']",[],['et bind digte']
148,0,han,,,,,"['herr Sørensen', 'Herr Gehe', 'min kone', 'min svoger', 'Sigurd']","['New-Orleans', 'Sedan', 'Paris', 'Trondhjem', 'Hamburg', 'Kristiania', 'Teplitz', 'København']",[],['et bind digte']
149,0,på,,,,,"['herr Sørensen', 'Herr Gehe', 'min kone', 'min svoger', 'Sigurd']","['New-Orleans', 'Sedan', 'Paris', 'Trondhjem', 'Hamburg', 'Kristiania', 'Teplitz', 'København']",[],['et bind digte']
150,0,ny,,,,,"['herr Sørensen', 'Herr Gehe', 'min kone', 'min svoger', 'Sigurd']","['New-Orleans', 'Sedan', 'Paris', 'Trondhjem', 'Hamburg', 'Kristiania', 'Teplitz', 'København']",[],['et bind digte']
151,0,havde,,,,,"['herr Sørensen', 'Herr Gehe', 'min kone', 'min svoger', 'Sigurd']","['New-Orleans', 'Sedan', 'Paris', 'Trondhjem', 'Hamburg', 'Kristiania', 'Teplitz', 'København']",[],['et bind digte']
152,0,fåt,,,,,"['herr Sørensen', 'Herr Gehe', 'min kone', 'min svoger', 'Sigurd']","['New-Orleans', 'Sedan', 'Paris', 'Trondhjem', 'Hamburg', 'Kristiania', 'Teplitz', 'København']",[],['et bind digte']
153,0,en,,,,,"['herr Sørensen', 'Herr Gehe', 'min kone', 'min svoger', 'Sigurd']","['New-Orleans', 'Sedan', 'Paris', 'Trondhjem', 'Hamburg', 'Kristiania', 'Teplitz', 'København']",[],['et bind digte']
154,0,fordelagtig,,,,,"['herr Sørensen', 'Herr Gehe', 'min kone', 'min svoger', 'Sigurd']","['New-Orleans', 'Sedan', 'Paris', 'Trondhjem', 'Hamburg', 'Kristiania', 'Teplitz', 'København']",[],['et bind digte']
155,0,ansættelse,,,,,"['herr Sørensen', 'Herr Gehe', 'min kone', 'min svoger', 'Sigurd']","['New-Orleans', 'Sedan', 'Paris', 'Trondhjem', 'Hamburg', 'Kristiania', 'Teplitz', 'København']",[],['et bind digte']
156,0,med,,,,,"['herr Sørensen', 'Herr Gehe', 'min kone', 'min svoger', 'Sigurd']","['New-Orleans', 'Sedan', 'Paris', 'Trondhjem', 'Hamburg', 'Kristiania', 'Teplitz', 'København']",[],['et bind digte']
157,0,fri,,,,,"['herr Sørensen', 'Herr Gehe', 'min kone', 'min svoger', 'Sigurd']","['New-Orleans', 'Sedan', 'Paris', 'Trondhjem', 'Hamburg', 'Kristiania', 'Teplitz', 'København']",[],['et bind digte']
158,0,"rejse,",,,,,"['herr Sørensen', 'Herr Gehe', 'min kone', 'min svoger', 'Sigurd']","['New-Orleans', 'Sedan', 'Paris', 'Trondhjem', 'Hamburg', 'Kristiania', 'Teplitz', 'København']",[],['et bind digte']
159,0,o.,,,,,"['herr Sørensen', 'Herr Gehe', 'min kone', 'min svoger', 'Sigurd']","['New-Orleans', 'Sedan', 'Paris', 'Trondhjem', 'Hamburg', 'Kristiania', 'Teplitz', 'København']",[],['et bind digte']
160,0,s.,,,,,"['herr Sørensen', 'Herr Gehe', 'min kone', 'min svoger', 'Sigurd']","['New-Orleans', 'Sedan', 'Paris', 'Trondhjem', 'Hamburg', 'Kristiania', 'Teplitz', 'København']",[],['et bind digte']
161,0,v.,,,,,"['herr Sørensen', 'Herr Gehe', 'min kone', 'min svoger', 'Sigurd']","['New-Orleans', 'Sedan', 'Paris', 'Trondhjem', 'Hamburg', 'Kristiania', 'Teplitz', 'København']",[],['et bind digte']
162,0,–,,,,,"['herr Sørensen', 'Herr Gehe', 'min kone', 'min svoger', 'Sigurd']","['New-Orleans', 'Sedan', 'Paris', 'Trondhjem', 'Hamburg', 'Kristiania', 'Teplitz', 'København']",[],['et bind digte']
163,0,Herr,,,,,"['herr Sørensen', 'Herr Gehe', 'min kone', 'min svoger', 'Sigurd']","['New-Orleans', 'Sedan', 'Paris', 'Trondhjem', 'Hamburg', 'Kristiania', 'Teplitz', 'København']",[],['et bind digte']
164,0,Gehe,,,,,"['herr Sørensen', 'Herr Gehe', 'min kone', 'min svoger', 'Sigurd']","['New-Orleans', 'Sedan', 'Paris', 'Trondhjem', 'Hamburg', 'Kristiania', 'Teplitz', 'København']",[],['et bind digte']
165,0,holdt,,,,,"['herr Sørensen', 'Herr Gehe', 'min kone', 'min svoger', 'Sigurd']","['New-Orleans', 'Sedan', 'Paris', 'Trondhjem', 'Hamburg', 'Kristiania', 'Teplitz', 'København']",[],['et bind digte']
166,0,en,,,,,"['herr Sørensen', 'Herr Gehe', 'min kone', 'min svoger', 'Sigurd']","['New-Orleans', 'Sedan', 'Paris', 'Trondhjem', 'Hamburg', 'Kristiania', 'Teplitz', 'København']",[],['et bind digte']
167,0,smuk,,,,,"['herr Sørensen', 'Herr Gehe', 'min kone', 'min svoger', 'Sigurd']","['New-Orleans', 'Sedan', 'Paris', 'Trondhjem', 'Hamburg', 'Kristiania', 'Teplitz', 'København']",[],['et bind digte']
168,0,afskedstale,,,,,"['herr Sørensen', 'Herr Gehe', 'min kone', 'min svoger', 'Sigurd']","['New-Orleans', 'Sedan', 'Paris', 'Trondhjem', 'Hamburg', 'Kristiania', 'Teplitz', 'København']",[],['et bind digte']
169,0,til,,,,,"['herr Sørensen', 'Herr Gehe', 'min kone', 'min svoger', 'Sigurd']","['New-Orleans', 'Sedan', 'Paris', 'Trondhjem', 'Hamburg', 'Kristiania', 'Teplitz', 'København']",[],['et bind digte']
170,0,"ham,",,,,,"['herr Sørensen', 'Herr Gehe', 'min kone', 'min svoger', 'Sigurd']","['New-Orleans', 'Sedan', 'Paris', 'Trondhjem', 'Hamburg', 'Kristiania', 'Teplitz', 'København']",[],['et bind digte']
171,0,hvori,,,,,"['herr Sørensen', 'Herr Gehe', 'min kone', 'min svoger', 'Sigurd']","['New-Orleans', 'Sedan', 'Paris', 'Trondhjem', 'Hamburg', 'Kristiania', 'Teplitz', 'København']",[],['et bind digte']
172,0,han,,,,,"['herr Sørensen', 'Herr Gehe', 'min kone', 'min svoger', 'Sigurd']","['New-Orleans', 'Sedan', 'Paris', 'Trondhjem', 'Hamburg', 'Kristiania', 'Teplitz', 'København']",[],['et bind digte']
173,0,udtrykte,,,,,"['herr Sørensen', 'Herr Gehe', 'min kone', 'min svoger', 'Sigurd']","['New-Orleans', 'Sedan', 'Paris', 'Trondhjem', 'Hamburg', 'Kristiania', 'Teplitz', 'København']",[],['et bind digte']
174,0,sin,,,,,"['herr Sørensen', 'Herr Gehe', 'min kone', 'min svoger', 'Sigurd']","['New-Orleans', 'Sedan', 'Paris', 'Trondhjem', 'Hamburg', 'Kristiania', 'Teplitz', 'København']",[],['et bind digte']
175,0,særdeles,,,,,"['herr Sørensen', 'Herr Gehe', 'min kone', 'min svoger', 'Sigurd']","['New-Orleans', 'Sedan', 'Paris', 'Trondhjem', 'Hamburg', 'Kristiania', 'Teplitz', 'København']",[],['et bind digte']
176,0,tilfredshed,,,,,"['herr Sørensen', 'Herr Gehe', 'min kone', 'min svoger', 'Sigurd']","['New-Orleans', 'Sedan', 'Paris', 'Trondhjem', 'Hamburg', 'Kristiania', 'Teplitz', 'København']",[],['et bind digte']
177,0,med,,,,,"['herr Sørensen', 'Herr Gehe', 'min kone', 'min svoger', 'Sigurd']","['New-Orleans', 'Sedan', 'Paris', 'Trondhjem', 'Hamburg', 'Kristiania', 'Teplitz', 'København']",[],['et bind digte']
178,0,at,,,,,"['herr Sørensen', 'Herr Gehe', 'min kone', 'min svoger', 'Sigurd']","['New-Orleans', 'Sedan', 'Paris', 'Trondhjem', 'Hamburg', 'Kristiania', 'Teplitz', 'København']",[],['et bind digte']
179,0,blive,,,,,"['herr Sørensen', 'Herr Gehe', 'min kone', 'min svoger', 'Sigurd']","['New-Orleans', 'Sedan', 'Paris', 'Trondhjem', 'Hamburg', 'Kristiania', 'Teplitz', 'København']",[],['et bind digte']
180,0,alle,,,,,"['herr Sørensen', 'Herr Gehe', 'min kone', 'min svoger', 'Sigurd']","['New-Orleans', 'Sedan', 'Paris', 'Trondhjem', 'Hamburg', 'Kristiania', 'Teplitz', 'København']",[],['et bind digte']
181,0,oprørske,,,,,"['herr Sørensen', 'Herr Gehe', 'min kone', 'min svoger', 'Sigurd']","['New-Orleans', 'Sedan', 'Paris', 'Trondhjem', 'Hamburg', 'Kristiania', 'Teplitz', 'København']",[],['et bind digte']
182,0,hoveder,,,,,"['herr Sørensen', 'Herr Gehe', 'min kone', 'min svoger', 'Sigurd']","['New-Orleans', 'Sedan', 'Paris', 'Trondhjem', 'Hamburg', 'Kristiania', 'Teplitz', 'København']",[],['et bind digte']
183,0,kvit.,,,,,"['herr Sørensen', 'Herr Gehe', 'min kone', 'min svoger', 'Sigurd']","['New-Orleans', 'Sedan', 'Paris', 'Trondhjem', 'Hamburg', 'Kristiania', 'Teplitz', 'København']",[],['et bind digte']
184,0,Bemeldte,,,,,"['herr Sørensen', 'Herr Gehe', 'min kone', 'min svoger', 'Sigurd']","['New-Orleans', 'Sedan', 'Paris', 'Trondhjem', 'Hamburg', 'Kristiania', 'Teplitz', 'København']",[],['et bind digte']
185,0,herr,,,,,"['herr Sørensen', 'Herr Gehe', 'min kone', 'min svoger', 'Sigurd']","['New-Orleans', 'Sedan', 'Paris', 'Trondhjem', 'Hamburg', 'Kristiania', 'Teplitz', 'København']",[],['et bind digte']
186,0,Gehe,,,,,"['herr Sørensen', 'Herr Gehe', 'min kone', 'min svoger', 'Sigurd']","['New-Orleans', 'Sedan', 'Paris', 'Trondhjem', 'Hamburg', 'Kristiania', 'Teplitz', 'København']",[],['et bind digte']
187,0,har,,,,,"['herr Sørensen', 'Herr Gehe', 'min kone', 'min svoger', 'Sigurd']","['New-Orleans', 'Sedan', 'Paris', 'Trondhjem', 'Hamburg', 'Kristiania', 'Teplitz', 'København']",[],['et bind digte']
188,0,forøvrigt,,,,,"['herr Sørensen', 'Herr Gehe', 'min kone', 'min svoger', 'Sigurd']","['New-Orleans', 'Sedan', 'Paris', 'Trondhjem', 'Hamburg', 'Kristiania', 'Teplitz', 'København']",[],['et bind digte']
189,0,siden,,,,,"['herr Sørensen', 'Herr Gehe', 'min kone', 'min svoger', 'Sigurd']","['New-Orleans', 'Sedan', 'Paris', 'Trondhjem', 'Hamburg', 'Kristiania', 'Teplitz', 'København']",[],['et bind digte']
190,0,slaget,,,,,"['herr Sørensen', 'Herr Gehe', 'min kone', 'min svoger', 'Sigurd']","['New-Orleans', 'Sedan', 'Paris', 'Trondhjem', 'Hamburg', 'Kristiania', 'Teplitz', 'København']",[],['et bind digte']
191,0,ved,,,,,"['herr Sørensen', 'Herr Gehe', 'min kone', 'min svoger', 'Sigurd']","['New-Orleans', 'Sedan', 'Paris', 'Trondhjem', 'Hamburg', 'Kristiania', 'Teplitz', 'København']",[],['et bind digte']
192,0,Sedan,,,,,"['herr Sørensen', 'Herr Gehe', 'min kone', 'min svoger', 'Sigurd']","['New-Orleans', 'Sedan', 'Paris', 'Trondhjem', 'Hamburg', 'Kristiania', 'Teplitz', 'København']",[],['et bind digte']
193,0,havt,,,,,"['herr Sørensen', 'Herr Gehe', 'min kone', 'min svoger', 'Sigurd']","['New-Orleans', 'Sedan', 'Paris', 'Trondhjem', 'Hamburg', 'Kristiania', 'Teplitz', 'København']",[],['et bind digte']
194,0,sin,,,,,"['herr Sørensen', 'Herr Gehe', 'min kone', 'min svoger', 'Sigurd']","['New-Orleans', 'Sedan', 'Paris', 'Trondhjem', 'Hamburg', 'Kristiania', 'Teplitz', 'København']",[],['et bind digte']
195,0,gårdsplads,,,,,"['herr Sørensen', 'Herr Gehe', 'min kone', 'min svoger', 'Sigurd']","['New-Orleans', 'Sedan', 'Paris', 'Trondhjem', 'Hamburg', 'Kristiania', 'Teplitz', 'København']",[],['et bind digte']
196,0,liggende,,,,,"['herr Sørensen', 'Herr Gehe', 'min kone', 'min svoger', 'Sigurd']","['New-Orleans', 'Sedan', 'Paris', 'Trondhjem', 'Hamburg', 'Kristiania', 'Teplitz', 'København']",[],['et bind digte']
197,0,fuld,,,,,"['herr Sørensen', 'Herr Gehe', 'min kone', 'min svoger', 'Sigurd']","['New-Orleans', 'Sedan', 'Paris', 'Trondhjem', 'Hamburg', 'Kristiania', 'Teplitz', 'København']",[],['et bind digte']
198,0,af,,,,,"['herr Sørensen', 'Herr Gehe', 'min kone', 'min svoger', 'Sigurd']","['New-Orleans', 'Sedan', 'Paris', 'Trondhjem', 'Hamburg', 'Kristiania', 'Teplitz', 'København']",[],['et bind digte']
199,0,de,,,,,"['herr Sørensen', 'Herr Gehe', 'min kone', 'min svoger', 'Sigurd']","['New-Orleans', 'Sedan', 'Paris', 'Trondhjem', 'Hamburg', 'Kristiania', 'Teplitz', 'København']",[],['et bind digte']
200,0,mest,,,,,"['herr Sørensen', 'Herr Gehe', 'min kone', 'min svoger', 'Sigurd']","['New-Orleans', 'Sedan', 'Paris', 'Trondhjem', 'Hamburg', 'Kristiania', 'Teplitz', 'København']",[],['et bind digte']
201,0,storartede,,,,,"['herr Sørensen', 'Herr Gehe', 'min kone', 'min svoger', 'Sigurd']","['New-Orleans', 'Sedan', 'Paris', 'Trondhjem', 'Hamburg', 'Kristiania', 'Teplitz', 'København']",[],['et bind digte']
202,0,apparater,,,,,"['herr Sørensen', 'Herr Gehe', 'min kone', 'min svoger', 'Sigurd']","['New-Orleans', 'Sedan', 'Paris', 'Trondhjem', 'Hamburg', 'Kristiania', 'Teplitz', 'København']",[],['et bind digte']
203,0,til,,,,,"['herr Sørensen', 'Herr Gehe', 'min kone', 'min svoger', 'Sigurd']","['New-Orleans', 'Sedan', 'Paris', 'Trondhjem', 'Hamburg', 'Kristiania', 'Teplitz', 'København']",[],['et bind digte']
204,0,en,,,,,"['herr Sørensen', 'Herr Gehe', 'min kone', 'min svoger', 'Sigurd']","['New-Orleans', 'Sedan', 'Paris', 'Trondhjem', 'Hamburg', 'Kristiania', 'Teplitz', 'København']",[],['et bind digte']
205,0,arkitektonisk,,,,,"['herr Sørensen', 'Herr Gehe', 'min kone', 'min svoger', 'Sigurd']","['New-Orleans', 'Sedan', 'Paris', 'Trondhjem', 'Hamburg', 'Kristiania', 'Teplitz', 'København']",[],['et bind digte']
206,0,"illumination,",,,,,"['herr Sørensen', 'Herr Gehe', 'min kone', 'min svoger', 'Sigurd']","['New-Orleans', 'Sedan', 'Paris', 'Trondhjem', 'Hamburg', 'Kristiania', 'Teplitz', 'København']",[],['et bind digte']
207,0,der,,,,,"['herr Sørensen', 'Herr Gehe', 'min kone', 'min svoger', 'Sigurd']","['New-Orleans', 'Sedan', 'Paris', 'Trondhjem', 'Hamburg', 'Kristiania', 'Teplitz', 'København']",[],['et bind digte']
208,0,skal,,,,,"['herr Sørensen', 'Herr Gehe', 'min kone', 'min svoger', 'Sigurd']","['New-Orleans', 'Sedan', 'Paris', 'Trondhjem', 'Hamburg', 'Kristiania', 'Teplitz', 'København']",[],['et bind digte']
209,0,finde,,,,,"['herr Sørensen', 'Herr Gehe', 'min kone', 'min svoger', 'Sigurd']","['New-Orleans', 'Sedan', 'Paris', 'Trondhjem', 'Hamburg', 'Kristiania', 'Teplitz', 'København']",[],['et bind digte']
210,0,sted,,,,,"['herr Sørensen', 'Herr Gehe', 'min kone', 'min svoger', 'Sigurd']","['New-Orleans', 'Sedan', 'Paris', 'Trondhjem', 'Hamburg', 'Kristiania', 'Teplitz', 'København']",[],['et bind digte']
211,0,når,,,,,"['herr Sørensen', 'Herr Gehe', 'min kone', 'min svoger', 'Sigurd']","['New-Orleans', 'Sedan', 'Paris', 'Trondhjem', 'Hamburg', 'Kristiania', 'Teplitz', 'København']",[],['et bind digte']
212,0,Paris,,,,,"['herr Sørensen', 'Herr Gehe', 'min kone', 'min svoger', 'Sigurd']","['New-Orleans', 'Sedan', 'Paris', 'Trondhjem', 'Hamburg', 'Kristiania', 'Teplitz', 'København']",[],['et bind digte']
213,0,har,,,,,"['herr Sørensen', 'Herr Gehe', 'min kone', 'min svoger', 'Sigurd']","['New-Orleans', 'Sedan', 'Paris', 'Trondhjem', 'Hamburg', 'Kristiania', 'Teplitz', 'København']",[],['et bind digte']
214,0,overgivet,,,,,"['herr Sørensen', 'Herr Gehe', 'min kone', 'min svoger', 'Sigurd']","['New-Orleans', 'Sedan', 'Paris', 'Trondhjem', 'Hamburg', 'Kristiania', 'Teplitz', 'København']",[],['et bind digte']
215,0,sig.,,,,,"['herr Sørensen', 'Herr Gehe', 'min kone', 'min svoger', 'Sigurd']","['New-Orleans', 'Sedan', 'Paris', 'Trondhjem', 'Hamburg', 'Kristiania', 'Teplitz', 'København']",[],['et bind digte']
216,0,–,,,,,"['herr Sørensen', 'Herr Gehe', 'min kone', 'min svoger', 'Sigurd']","['New-Orleans', 'Sedan', 'Paris', 'Trondhjem', 'Hamburg', 'Kristiania', 'Teplitz', 'København']",[],['et bind digte']
217,0,Andet,,,,,"['herr Sørensen', 'Herr Gehe', 'min kone', 'min svoger', 'Sigurd']","['New-Orleans', 'Sedan', 'Paris', 'Trondhjem', 'Hamburg', 'Kristiania', 'Teplitz', 'København']",[],['et bind digte']
218,0,nyt,,,,,"['herr Sørensen', 'Herr Gehe', 'min kone', 'min svoger', 'Sigurd']","['New-Orleans', 'Sedan', 'Paris', 'Trondhjem', 'Hamburg', 'Kristiania', 'Teplitz', 'København']",[],['et bind digte']
219,0,herfra,,,,,"['herr Sørensen', 'Herr Gehe', 'min kone', 'min svoger', 'Sigurd']","['New-Orleans', 'Sedan', 'Paris', 'Trondhjem', 'Hamburg', 'Kristiania', 'Teplitz', 'København']",[],['et bind digte']
220,0,ved,,,,,"['herr Sørensen', 'Herr Gehe', 'min kone', 'min svoger', 'Sigurd']","['New-Orleans', 'Sedan', 'Paris', 'Trondhjem', 'Hamburg', 'Kristiania', 'Teplitz', 'København']",[],['et bind digte']
221,0,jeg,,,,,"['herr Sørensen', 'Herr Gehe', 'min kone', 'min svoger', 'Sigurd']","['New-Orleans', 'Sedan', 'Paris', 'Trondhjem', 'Hamburg', 'Kristiania', 'Teplitz', 'København']",[],['et bind digte']
222,0,ikke,,,,,"['herr Sørensen', 'Herr Gehe', 'min kone', 'min svoger', 'Sigurd']","['New-Orleans', 'Sedan', 'Paris', 'Trondhjem', 'Hamburg', 'Kristiania', 'Teplitz', 'København']",[],['et bind digte']
223,0,at,,,,,"['herr Sørensen', 'Herr Gehe', 'min kone', 'min svoger', 'Sigurd']","['New-Orleans', 'Sedan', 'Paris', 'Trondhjem', 'Hamburg', 'Kristiania', 'Teplitz', 'København']",[],['et bind digte']
224,0,fortælle,,,,,"['herr Sørensen', 'Herr Gehe', 'min kone', 'min svoger', 'Sigurd']","['New-Orleans', 'Sedan', 'Paris', 'Trondhjem', 'Hamburg', 'Kristiania', 'Teplitz', 'København']",[],['et bind digte']
225,0,Dem.,,,,,"['herr Sørensen', 'Herr Gehe', 'min kone', 'min svoger', 'Sigurd']","['New-Orleans', 'Sedan', 'Paris', 'Trondhjem', 'Hamburg', 'Kristiania', 'Teplitz', 'København']",[],['et bind digte']
226,0,Byen,,,,,"['herr Sørensen', 'Herr Gehe', 'min kone', 'min svoger', 'Sigurd']","['New-Orleans', 'Sedan', 'Paris', 'Trondhjem', 'Hamburg', 'Kristiania', 'Teplitz', 'København']",[],['et bind digte']
227,0,er,,,,,"['herr Sørensen', 'Herr Gehe', 'min kone', 'min svoger', 'Sigurd']","['New-Orleans', 'Sedan', 'Paris', 'Trondhjem', 'Hamburg', 'Kristiania', 'Teplitz', 'København']",[],['et bind digte']
228,0,fuld,,,,,"['herr Sørensen', 'Herr Gehe', 'min kone', 'min svoger', 'Sigurd']","['New-Orleans', 'Sedan', 'Paris', 'Trondhjem', 'Hamburg', 'Kristiania', 'Teplitz', 'København']",[],['et bind digte']
229,0,af,,,,,"['herr Sørensen', 'Herr Gehe', 'min kone', 'min svoger', 'Sigurd']","['New-Orleans', 'Sedan', 'Paris', 'Trondhjem', 'Hamburg', 'Kristiania', 'Teplitz', 'København']",[],['et bind digte']
230,0,franske,,,,,"['herr Sørensen', 'Herr Gehe', 'min kone', 'min svoger', 'Sigurd']","['New-Orleans', 'Sedan', 'Paris', 'Trondhjem', 'Hamburg', 'Kristiania', 'Teplitz', 'København']",[],['et bind digte']
231,0,fanger.,,,,,"['herr Sørensen', 'Herr Gehe', 'min kone', 'min svoger', 'Sigurd']","['New-Orleans', 'Sedan', 'Paris', 'Trondhjem', 'Hamburg', 'Kristiania', 'Teplitz', 'København']",[],['et bind digte']
232,0,Nogen,,,,,"['herr Sørensen', 'Herr Gehe', 'min kone', 'min svoger', 'Sigurd']","['New-Orleans', 'Sedan', 'Paris', 'Trondhjem', 'Hamburg', 'Kristiania', 'Teplitz', 'København']",[],['et bind digte']
233,0,begejstring,,,,,"['herr Sørensen', 'Herr Gehe', 'min kone', 'min svoger', 'Sigurd']","['New-Orleans', 'Sedan', 'Paris', 'Trondhjem', 'Hamburg', 'Kristiania', 'Teplitz', 'København']",[],['et bind digte']
234,0,for,,,,,"['herr Sørensen', 'Herr Gehe', 'min kone', 'min svoger', 'Sigurd']","['New-Orleans', 'Sedan', 'Paris', 'Trondhjem', 'Hamburg', 'Kristiania', 'Teplitz', 'København']",[],['et bind digte']
235,0,krigen,,,,,"['herr Sørensen', 'Herr Gehe', 'min kone', 'min svoger', 'Sigurd']","['New-Orleans', 'Sedan', 'Paris', 'Trondhjem', 'Hamburg', 'Kristiania', 'Teplitz', 'København']",[],['et bind digte']
236,0,er,,,,,"['herr Sørensen', 'Herr Gehe', 'min kone', 'min svoger', 'Sigurd']","['New-Orleans', 'Sedan', 'Paris', 'Trondhjem', 'Hamburg', 'Kristiania', 'Teplitz', 'København']",[],['et bind digte']
237,0,der,,,,,"['herr Sørensen', 'Herr Gehe', 'min kone', 'min svoger', 'Sigurd']","['New-Orleans', 'Sedan', 'Paris', 'Trondhjem', 'Hamburg', 'Kristiania', 'Teplitz', 'København']",[],['et bind digte']
238,0,ikke,,,,,"['herr Sørensen', 'Herr Gehe', 'min kone', 'min svoger', 'Sigurd']","['New-Orleans', 'Sedan', 'Paris', 'Trondhjem', 'Hamburg', 'Kristiania', 'Teplitz', 'København']",[],['et bind digte']
239,0,at,,,,,"['herr Sørensen', 'Herr Gehe', 'min kone', 'min svoger', 'Sigurd']","['New-Orleans', 'Sedan', 'Paris', 'Trondhjem', 'Hamburg', 'Kristiania', 'Teplitz', 'København']",[],['et bind digte']
240,0,spore,,,,,"['herr Sørensen', 'Herr Gehe', 'min kone', 'min svoger', 'Sigurd']","['New-Orleans', 'Sedan', 'Paris', 'Trondhjem', 'Hamburg', 'Kristiania', 'Teplitz', 'København']",[],['et bind digte']
241,0,blandt,,,,,"['herr Sørensen', 'Herr Gehe', 'min kone', 'min svoger', 'Sigurd']","['New-Orleans', 'Sedan', 'Paris', 'Trondhjem', 'Hamburg', 'Kristiania', 'Teplitz', 'København']",[],['et bind digte']
242,0,den,,,,,"['herr Sørensen', 'Herr Gehe', 'min kone', 'min svoger', 'Sigurd']","['New-Orleans', 'Sedan', 'Paris', 'Trondhjem', 'Hamburg', 'Kristiania', 'Teplitz', 'København']",[],['et bind digte']
243,0,store,,,,,"['herr Sørensen', 'Herr Gehe', 'min kone', 'min svoger', 'Sigurd']","['New-Orleans', 'Sedan', 'Paris', 'Trondhjem', 'Hamburg', 'Kristiania', 'Teplitz', 'København']",[],['et bind digte']
244,0,mængde.,,,,,"['herr Sørensen', 'Herr Gehe', 'min kone', 'min svoger', 'Sigurd']","['New-Orleans', 'Sedan', 'Paris', 'Trondhjem', 'Hamburg', 'Kristiania', 'Teplitz', 'København']",[],['et bind digte']
245,0,Tvertimod,,,,,"['herr Sørensen', 'Herr Gehe', 'min kone', 'min svoger', 'Sigurd']","['New-Orleans', 'Sedan', 'Paris', 'Trondhjem', 'Hamburg', 'Kristiania', 'Teplitz', 'København']",[],['et bind digte']
246,0,lider,,,,,"['herr Sørensen', 'Herr Gehe', 'min kone', 'min svoger', 'Sigurd']","['New-Orleans', 'Sedan', 'Paris', 'Trondhjem', 'Hamburg', 'Kristiania', 'Teplitz', 'København']",[],['et bind digte']
247,0,alle,,,,,"['herr Sørensen', 'Herr Gehe', 'min kone', 'min svoger', 'Sigurd']","['New-Orleans', 'Sedan', 'Paris', 'Trondhjem', 'Hamburg', 'Kristiania', 'Teplitz', 'København']",[],['et bind digte']
248,0,næringsdrivende,,,,,"['herr Sørensen', 'Herr Gehe', 'min kone', 'min svoger', 'Sigurd']","['New-Orleans', 'Sedan', 'Paris', 'Trondhjem', 'Hamburg', 'Kristiania', 'Teplitz', 'København']",[],['et bind digte']
249,0,forfærdeligt,,,,,"['herr Sørensen', 'Herr Gehe', 'min kone', 'min svoger', 'Sigurd']","['New-Orleans', 'Sedan', 'Paris', 'Trondhjem', 'Hamburg', 'Kristiania', 'Teplitz', 'København']",[],['et bind digte']
250,0,under,,,,,"['herr Sørensen', 'Herr Gehe', 'min kone', 'min svoger', 'Sigurd']","['New-Orleans', 'Sedan', 'Paris', 'Trondhjem', 'Hamburg', 'Kristiania', 'Teplitz', 'København']",[],['et bind digte']
251,0,de,,,,,"['herr Sørensen', 'Herr Gehe', 'min kone', 'min svoger', 'Sigurd']","['New-Orleans', 'Sedan', 'Paris', 'Trondhjem', 'Hamburg', 'Kristiania', 'Teplitz', 'København']",[],['et bind digte']
252,0,politiske,,,,,"['herr Sørensen', 'Herr Gehe', 'min kone', 'min svoger', 'Sigurd']","['New-Orleans', 'Sedan', 'Paris', 'Trondhjem', 'Hamburg', 'Kristiania', 'Teplitz', 'København']",[],['et bind digte']
253,0,forholde.,,,,,"['herr Sørensen', 'Herr Gehe', 'min kone', 'min svoger', 'Sigurd']","['New-Orleans', 'Sedan', 'Paris', 'Trondhjem', 'Hamburg', 'Kristiania', 'Teplitz', 'København']",[],['et bind digte']
254,0,Hertil,,,,,"['herr Sørensen', 'Herr Gehe', 'min kone', 'min svoger', 'Sigurd']","['New-Orleans', 'Sedan', 'Paris', 'Trondhjem', 'Hamburg', 'Kristiania', 'Teplitz', 'København']",[],['et bind digte']
255,0,er,,,,,"['herr Sørensen', 'Herr Gehe', 'min kone', 'min svoger', 'Sigurd']","['New-Orleans', 'Sedan', 'Paris', 'Trondhjem', 'Hamburg', 'Kristiania', 'Teplitz', 'København']",[],['et bind digte']
256,0,siden,,,,,"['herr Sørensen', 'Herr Gehe', 'min kone', 'min svoger', 'Sigurd']","['New-Orleans', 'Sedan', 'Paris', 'Trondhjem', 'Hamburg', 'Kristiania', 'Teplitz', 'København']",[],['et bind digte']
257,0,nytår,,,,,"['herr Sørensen', 'Herr Gehe', 'min kone', 'min svoger', 'Sigurd']","['New-Orleans', 'Sedan', 'Paris', 'Trondhjem', 'Hamburg', 'Kristiania', 'Teplitz', 'København']",[],['et bind digte']
258,0,kommet,,,,,"['herr Sørensen', 'Herr Gehe', 'min kone', 'min svoger', 'Sigurd']","['New-Orleans', 'Sedan', 'Paris', 'Trondhjem', 'Hamburg', 'Kristiania', 'Teplitz', 'København']",[],['et bind digte']
259,0,en,,,,,"['herr Sørensen', 'Herr Gehe', 'min kone', 'min svoger', 'Sigurd']","['New-Orleans', 'Sedan', 'Paris', 'Trondhjem', 'Hamburg', 'Kristiania', 'Teplitz', 'København']",[],['et bind digte']
260,0,fuldstændig,,,,,"['herr Sørensen', 'Herr Gehe', 'min kone', 'min svoger', 'Sigurd']","['New-Orleans', 'Sedan', 'Paris', 'Trondhjem', 'Hamburg', 'Kristiania', 'Teplitz', 'København']",[],['et bind digte']
261,0,"kulmangel,",,,,,"['herr Sørensen', 'Herr Gehe', 'min kone', 'min svoger', 'Sigurd']","['New-Orleans', 'Sedan', 'Paris', 'Trondhjem', 'Hamburg', 'Kristiania', 'Teplitz', 'København']",[],['et bind digte']
262,0,som,,,,,"['herr Sørensen', 'Herr Gehe', 'min kone', 'min svoger', 'Sigurd']","['New-Orleans', 'Sedan', 'Paris', 'Trondhjem', 'Hamburg', 'Kristiania', 'Teplitz', 'København']",[],['et bind digte']
263,0,har,,,,,"['herr Sørensen', 'Herr Gehe', 'min kone', 'min svoger', 'Sigurd']","['New-Orleans', 'Sedan', 'Paris', 'Trondhjem', 'Hamburg', 'Kristiania', 'Teplitz', 'København']",[],['et bind digte']
264,0,bevirket,,,,,"['herr Sørensen', 'Herr Gehe', 'min kone', 'min svoger', 'Sigurd']","['New-Orleans', 'Sedan', 'Paris', 'Trondhjem', 'Hamburg', 'Kristiania', 'Teplitz', 'København']",[],['et bind digte']
265,0,standsning,,,,,"['herr Sørensen', 'Herr Gehe', 'min kone', 'min svoger', 'Sigurd']","['New-Orleans', 'Sedan', 'Paris', 'Trondhjem', 'Hamburg', 'Kristiania', 'Teplitz', 'København']",[],['et bind digte']
266,0,af,,,,,"['herr Sørensen', 'Herr Gehe', 'min kone', 'min svoger', 'Sigurd']","['New-Orleans', 'Sedan', 'Paris', 'Trondhjem', 'Hamburg', 'Kristiania', 'Teplitz', 'København']",[],['et bind digte']
267,0,en,,,,,"['herr Sørensen', 'Herr Gehe', 'min kone', 'min svoger', 'Sigurd']","['New-Orleans', 'Sedan', 'Paris', 'Trondhjem', 'Hamburg', 'Kristiania', 'Teplitz', 'København']",[],['et bind digte']
268,0,hel,,,,,"['herr Sørensen', 'Herr Gehe', 'min kone', 'min svoger', 'Sigurd']","['New-Orleans', 'Sedan', 'Paris', 'Trondhjem', 'Hamburg', 'Kristiania', 'Teplitz', 'København']",[],['et bind digte']
269,0,mængde,,,,,"['herr Sørensen', 'Herr Gehe', 'min kone', 'min svoger', 'Sigurd']","['New-Orleans', 'Sedan', 'Paris', 'Trondhjem', 'Hamburg', 'Kristiania', 'Teplitz', 'København']",[],['et bind digte']
270,0,fabriker.,,,,,"['herr Sørensen', 'Herr Gehe', 'min kone', 'min svoger', 'Sigurd']","['New-Orleans', 'Sedan', 'Paris', 'Trondhjem', 'Hamburg', 'Kristiania', 'Teplitz', 'København']",[],['et bind digte']
271,0,Den,,,,,"['herr Sørensen', 'Herr Gehe', 'min kone', 'min svoger', 'Sigurd']","['New-Orleans', 'Sedan', 'Paris', 'Trondhjem', 'Hamburg', 'Kristiania', 'Teplitz', 'København']",[],['et bind digte']
272,0,store,,,,,"['herr Sørensen', 'Herr Gehe', 'min kone', 'min svoger', 'Sigurd']","['New-Orleans', 'Sedan', 'Paris', 'Trondhjem', 'Hamburg', 'Kristiania', 'Teplitz', 'København']",[],['et bind digte']
273,0,stentøjfabrik,,,,,"['herr Sørensen', 'Herr Gehe', 'min kone', 'min svoger', 'Sigurd']","['New-Orleans', 'Sedan', 'Paris', 'Trondhjem', 'Hamburg', 'Kristiania', 'Teplitz', 'København']",[],['et bind digte']
274,0,på,,,,,"['herr Sørensen', 'Herr Gehe', 'min kone', 'min svoger', 'Sigurd']","['New-Orleans', 'Sedan', 'Paris', 'Trondhjem', 'Hamburg', 'Kristiania', 'Teplitz', 'København']",[],['et bind digte']
275,0,Leipziger-Strasse,,,,,"['herr Sørensen', 'Herr Gehe', 'min kone', 'min svoger', 'Sigurd']","['New-Orleans', 'Sedan', 'Paris', 'Trondhjem', 'Hamburg', 'Kristiania', 'Teplitz', 'København']",[],['et bind digte']
276,0,standsede,,,,,"['herr Sørensen', 'Herr Gehe', 'min kone', 'min svoger', 'Sigurd']","['New-Orleans', 'Sedan', 'Paris', 'Trondhjem', 'Hamburg', 'Kristiania', 'Teplitz', 'København']",[],['et bind digte']
277,0,således,,,,,"['herr Sørensen', 'Herr Gehe', 'min kone', 'min svoger', 'Sigurd']","['New-Orleans', 'Sedan', 'Paris', 'Trondhjem', 'Hamburg', 'Kristiania', 'Teplitz', 'København']",[],['et bind digte']
278,0,i,,,,,"['herr Sørensen', 'Herr Gehe', 'min kone', 'min svoger', 'Sigurd']","['New-Orleans', 'Sedan', 'Paris', 'Trondhjem', 'Hamburg', 'Kristiania', 'Teplitz', 'København']",[],['et bind digte']
279,0,forrige,,,,,"['herr Sørensen', 'Herr Gehe', 'min kone', 'min svoger', 'Sigurd']","['New-Orleans', 'Sedan', 'Paris', 'Trondhjem', 'Hamburg', 'Kristiania', 'Teplitz', 'København']",[],['et bind digte']
280,0,uge.Idet,,,,,"['herr Sørensen', 'Herr Gehe', 'min kone', 'min svoger', 'Sigurd']","['New-Orleans', 'Sedan', 'Paris', 'Trondhjem', 'Hamburg', 'Kristiania', 'Teplitz', 'København']",[],['et bind digte']
281,0,jeg,,,,,"['herr Sørensen', 'Herr Gehe', 'min kone', 'min svoger', 'Sigurd']","['New-Orleans', 'Sedan', 'Paris', 'Trondhjem', 'Hamburg', 'Kristiania', 'Teplitz', 'København']",[],['et bind digte']
282,0,nu,,,,,"['herr Sørensen', 'Herr Gehe', 'min kone', 'min svoger', 'Sigurd']","['New-Orleans', 'Sedan', 'Paris', 'Trondhjem', 'Hamburg', 'Kristiania', 'Teplitz', 'København']",[],['et bind digte']
283,0,endelig,,,,,"['herr Sørensen', 'Herr Gehe', 'min kone', 'min svoger', 'Sigurd']","['New-Orleans', 'Sedan', 'Paris', 'Trondhjem', 'Hamburg', 'Kristiania', 'Teplitz', 'København']",[],['et bind digte']
284,0,gør,,,,,"['herr Sørensen', 'Herr Gehe', 'min kone', 'min svoger', 'Sigurd']","['New-Orleans', 'Sedan', 'Paris', 'Trondhjem', 'Hamburg', 'Kristiania', 'Teplitz', 'København']",[],['et bind digte']
285,0,alvor,,,,,"['herr Sørensen', 'Herr Gehe', 'min kone', 'min svoger', 'Sigurd']","['New-Orleans', 'Sedan', 'Paris', 'Trondhjem', 'Hamburg', 'Kristiania', 'Teplitz', 'København']",[],['et bind digte']
286,0,af,,,,,"['herr Sørensen', 'Herr Gehe', 'min kone', 'min svoger', 'Sigurd']","['New-Orleans', 'Sedan', 'Paris', 'Trondhjem', 'Hamburg', 'Kristiania', 'Teplitz', 'København']",[],['et bind digte']
287,0,mit,,,,,"['herr Sørensen', 'Herr Gehe', 'min kone', 'min svoger', 'Sigurd']","['New-Orleans', 'Sedan', 'Paris', 'Trondhjem', 'Hamburg', 'Kristiania', 'Teplitz', 'København']",[],['et bind digte']
288,0,længe,,,,,"['herr Sørensen', 'Herr Gehe', 'min kone', 'min svoger', 'Sigurd']","['New-Orleans', 'Sedan', 'Paris', 'Trondhjem', 'Hamburg', 'Kristiania', 'Teplitz', 'København']",[],['et bind digte']
289,0,nærede,,,,,"['herr Sørensen', 'Herr Gehe', 'min kone', 'min svoger', 'Sigurd']","['New-Orleans', 'Sedan', 'Paris', 'Trondhjem', 'Hamburg', 'Kristiania', 'Teplitz', 'København']",[],['et bind digte']
290,0,forsæt,,,,,"['herr Sørensen', 'Herr Gehe', 'min kone', 'min svoger', 'Sigurd']","['New-Orleans', 'Sedan', 'Paris', 'Trondhjem', 'Hamburg', 'Kristiania', 'Teplitz', 'København']",[],['et bind digte']
291,0,at,,,,,"['herr Sørensen', 'Herr Gehe', 'min kone', 'min svoger', 'Sigurd']","['New-Orleans', 'Sedan', 'Paris', 'Trondhjem', 'Hamburg', 'Kristiania', 'Teplitz', 'København']",[],['et bind digte']
292,0,skrive,,,,,"['herr Sørensen', 'Herr Gehe', 'min kone', 'min svoger', 'Sigurd']","['New-Orleans', 'Sedan', 'Paris', 'Trondhjem', 'Hamburg', 'Kristiania', 'Teplitz', 'København']",[],['et bind digte']
293,0,Dem,,,,,"['herr Sørensen', 'Herr Gehe', 'min kone', 'min svoger', 'Sigurd']","['New-Orleans', 'Sedan', 'Paris', 'Trondhjem', 'Hamburg', 'Kristiania', 'Teplitz', 'København']",[],['et bind digte']
294,0,"til,",,,,,"['herr Sørensen', 'Herr Gehe', 'min kone', 'min svoger', 'Sigurd']","['New-Orleans', 'Sedan', 'Paris', 'Trondhjem', 'Hamburg', 'Kristiania', 'Teplitz', 'København']",[],['et bind digte']
295,0,får,,,,,"['herr Sørensen', 'Herr Gehe', 'min kone', 'min svoger', 'Sigurd']","['New-Orleans', 'Sedan', 'Paris', 'Trondhjem', 'Hamburg', 'Kristiania', 'Teplitz', 'København']",[],['et bind digte']
296,0,jeg,,,,,"['herr Sørensen', 'Herr Gehe', 'min kone', 'min svoger', 'Sigurd']","['New-Orleans', 'Sedan', 'Paris', 'Trondhjem', 'Hamburg', 'Kristiania', 'Teplitz', 'København']",[],['et bind digte']
297,0,af,,,,,"['herr Sørensen', 'Herr Gehe', 'min kone', 'min svoger', 'Sigurd']","['New-Orleans', 'Sedan', 'Paris', 'Trondhjem', 'Hamburg', 'Kristiania', 'Teplitz', 'København']",[],['et bind digte']
298,0,min,,,,,"['herr Sørensen', 'Herr Gehe', 'min kone', 'min svoger', 'Sigurd']","['New-Orleans', 'Sedan', 'Paris', 'Trondhjem', 'Hamburg', 'Kristiania', 'Teplitz', 'København']",[],['et bind digte']
299,0,kone,,,,,"['herr Sørensen', 'Herr Gehe', 'min kone', 'min svoger', 'Sigurd']","['New-Orleans', 'Sedan', 'Paris', 'Trondhjem', 'Hamburg', 'Kristiania', 'Teplitz', 'København']",[],['et bind digte']
300,0,en,,,,,"['herr Sørensen', 'Herr Gehe', 'min kone', 'min svoger', 'Sigurd']","['New-Orleans', 'Sedan', 'Paris', 'Trondhjem', 'Hamburg', 'Kristiania', 'Teplitz', 'København']",[],['et bind digte']
301,0,anmodning,,,,,"['herr Sørensen', 'Herr Gehe', 'min kone', 'min svoger', 'Sigurd']","['New-Orleans', 'Sedan', 'Paris', 'Trondhjem', 'Hamburg', 'Kristiania', 'Teplitz', 'København']",[],['et bind digte']
302,0,om,,,,,"['herr Sørensen', 'Herr Gehe', 'min kone', 'min svoger', 'Sigurd']","['New-Orleans', 'Sedan', 'Paris', 'Trondhjem', 'Hamburg', 'Kristiania', 'Teplitz', 'København']",[],['et bind digte']
303,0,at,,,,,"['herr Sørensen', 'Herr Gehe', 'min kone', 'min svoger', 'Sigurd']","['New-Orleans', 'Sedan', 'Paris', 'Trondhjem', 'Hamburg', 'Kristiania', 'Teplitz', 'København']",[],['et bind digte']
304,0,trække,,,,,"['herr Sørensen', 'Herr Gehe', 'min kone', 'min svoger', 'Sigurd']","['New-Orleans', 'Sedan', 'Paris', 'Trondhjem', 'Hamburg', 'Kristiania', 'Teplitz', 'København']",[],['et bind digte']
305,0,en,,,,,"['herr Sørensen', 'Herr Gehe', 'min kone', 'min svoger', 'Sigurd']","['New-Orleans', 'Sedan', 'Paris', 'Trondhjem', 'Hamburg', 'Kristiania', 'Teplitz', 'København']",[],['et bind digte']
306,0,veksel,,,,,"['herr Sørensen', 'Herr Gehe', 'min kone', 'min svoger', 'Sigurd']","['New-Orleans', 'Sedan', 'Paris', 'Trondhjem', 'Hamburg', 'Kristiania', 'Teplitz', 'København']",[],['et bind digte']
307,0,på,,,,,"['herr Sørensen', 'Herr Gehe', 'min kone', 'min svoger', 'Sigurd']","['New-Orleans', 'Sedan', 'Paris', 'Trondhjem', 'Hamburg', 'Kristiania', 'Teplitz', 'København']",[],['et bind digte']
308,0,Deres,,,,,"['herr Sørensen', 'Herr Gehe', 'min kone', 'min svoger', 'Sigurd']","['New-Orleans', 'Sedan', 'Paris', 'Trondhjem', 'Hamburg', 'Kristiania', 'Teplitz', 'København']",[],['et bind digte']
309,0,venskab.,,,,,"['herr Sørensen', 'Herr Gehe', 'min kone', 'min svoger', 'Sigurd']","['New-Orleans', 'Sedan', 'Paris', 'Trondhjem', 'Hamburg', 'Kristiania', 'Teplitz', 'København']",[],['et bind digte']
310,0,Dresden,,,,,"['herr Sørensen', 'Herr Gehe', 'min kone', 'min svoger', 'Sigurd']","['New-Orleans', 'Sedan', 'Paris', 'Trondhjem', 'Hamburg', 'Kristiania', 'Teplitz', 'København']",[],['et bind digte']
311,0,"er,",,,,,"['herr Sørensen', 'Herr Gehe', 'min kone', 'min svoger', 'Sigurd']","['New-Orleans', 'Sedan', 'Paris', 'Trondhjem', 'Hamburg', 'Kristiania', 'Teplitz', 'København']",[],['et bind digte']
312,0,som,,,,,"['herr Sørensen', 'Herr Gehe', 'min kone', 'min svoger', 'Sigurd']","['New-Orleans', 'Sedan', 'Paris', 'Trondhjem', 'Hamburg', 'Kristiania', 'Teplitz', 'København']",[],['et bind digte']
313,0,De,,,,,"['herr Sørensen', 'Herr Gehe', 'min kone', 'min svoger', 'Sigurd']","['New-Orleans', 'Sedan', 'Paris', 'Trondhjem', 'Hamburg', 'Kristiania', 'Teplitz', 'København']",[],['et bind digte']
314,0,"ved,",,,,,"['herr Sørensen', 'Herr Gehe', 'min kone', 'min svoger', 'Sigurd']","['New-Orleans', 'Sedan', 'Paris', 'Trondhjem', 'Hamburg', 'Kristiania', 'Teplitz', 'København']",[],['et bind digte']
315,0,et,,,,,"['herr Sørensen', 'Herr Gehe', 'min kone', 'min svoger', 'Sigurd']","['New-Orleans', 'Sedan', 'Paris', 'Trondhjem', 'Hamburg', 'Kristiania', 'Teplitz', 'København']",[],['et bind digte']
316,0,fiskeløst,,,,,"['herr Sørensen', 'Herr Gehe', 'min kone', 'min svoger', 'Sigurd']","['New-Orleans', 'Sedan', 'Paris', 'Trondhjem', 'Hamburg', 'Kristiania', 'Teplitz', 'København']",[],['et bind digte']
317,0,sted,,,,,"['herr Sørensen', 'Herr Gehe', 'min kone', 'min svoger', 'Sigurd']","['New-Orleans', 'Sedan', 'Paris', 'Trondhjem', 'Hamburg', 'Kristiania', 'Teplitz', 'København']",[],['et bind digte']
318,0,og,,,,,"['herr Sørensen', 'Herr Gehe', 'min kone', 'min svoger', 'Sigurd']","['New-Orleans', 'Sedan', 'Paris', 'Trondhjem', 'Hamburg', 'Kristiania', 'Teplitz', 'København']",[],['et bind digte']
319,0,vi,,,,,"['herr Sørensen', 'Herr Gehe', 'min kone', 'min svoger', 'Sigurd']","['New-Orleans', 'Sedan', 'Paris', 'Trondhjem', 'Hamburg', 'Kristiania', 'Teplitz', 'København']",[],['et bind digte']
320,0,striler,,,,,"['herr Sørensen', 'Herr Gehe', 'min kone', 'min svoger', 'Sigurd']","['New-Orleans', 'Sedan', 'Paris', 'Trondhjem', 'Hamburg', 'Kristiania', 'Teplitz', 'København']",[],['et bind digte']
321,0,lider,,,,,"['herr Sørensen', 'Herr Gehe', 'min kone', 'min svoger', 'Sigurd']","['New-Orleans', 'Sedan', 'Paris', 'Trondhjem', 'Hamburg', 'Kristiania', 'Teplitz', 'København']",[],['et bind digte']
322,0,stærkt,,,,,"['herr Sørensen', 'Herr Gehe', 'min kone', 'min svoger', 'Sigurd']","['New-Orleans', 'Sedan', 'Paris', 'Trondhjem', 'Hamburg', 'Kristiania', 'Teplitz', 'København']",[],['et bind digte']
323,0,under,,,,,"['herr Sørensen', 'Herr Gehe', 'min kone', 'min svoger', 'Sigurd']","['New-Orleans', 'Sedan', 'Paris', 'Trondhjem', 'Hamburg', 'Kristiania', 'Teplitz', 'København']",[],['et bind digte']
324,0,savnet,,,,,"['herr Sørensen', 'Herr Gehe', 'min kone', 'min svoger', 'Sigurd']","['New-Orleans', 'Sedan', 'Paris', 'Trondhjem', 'Hamburg', 'Kristiania', 'Teplitz', 'København']",[],['et bind digte']
325,0,af,,,,,"['herr Sørensen', 'Herr Gehe', 'min kone', 'min svoger', 'Sigurd']","['New-Orleans', 'Sedan', 'Paris', 'Trondhjem', 'Hamburg', 'Kristiania', 'Teplitz', 'København']",[],['et bind digte']
326,0,denne,,,,,"['herr Sørensen', 'Herr Gehe', 'min kone', 'min svoger', 'Sigurd']","['New-Orleans', 'Sedan', 'Paris', 'Trondhjem', 'Hamburg', 'Kristiania', 'Teplitz', 'København']",[],['et bind digte']
327,0,nationalret.,,,,,"['herr Sørensen', 'Herr Gehe', 'min kone', 'min svoger', 'Sigurd']","['New-Orleans', 'Sedan', 'Paris', 'Trondhjem', 'Hamburg', 'Kristiania', 'Teplitz', 'København']",[],['et bind digte']
328,0,Trondhjem,,,,,"['herr Sørensen', 'Herr Gehe', 'min kone', 'min svoger', 'Sigurd']","['New-Orleans', 'Sedan', 'Paris', 'Trondhjem', 'Hamburg', 'Kristiania', 'Teplitz', 'København']",[],['et bind digte']
329,0,er,,,,,"['herr Sørensen', 'Herr Gehe', 'min kone', 'min svoger', 'Sigurd']","['New-Orleans', 'Sedan', 'Paris', 'Trondhjem', 'Hamburg', 'Kristiania', 'Teplitz', 'København']",[],['et bind digte']
330,0,derimod,,,,,"['herr Sørensen', 'Herr Gehe', 'min kone', 'min svoger', 'Sigurd']","['New-Orleans', 'Sedan', 'Paris', 'Trondhjem', 'Hamburg', 'Kristiania', 'Teplitz', 'København']",[],['et bind digte']
331,0,hjemstedet,,,,,"['herr Sørensen', 'Herr Gehe', 'min kone', 'min svoger', 'Sigurd']","['New-Orleans', 'Sedan', 'Paris', 'Trondhjem', 'Hamburg', 'Kristiania', 'Teplitz', 'København']",[],['et bind digte']
332,0,for,,,,,"['herr Sørensen', 'Herr Gehe', 'min kone', 'min svoger', 'Sigurd']","['New-Orleans', 'Sedan', 'Paris', 'Trondhjem', 'Hamburg', 'Kristiania', 'Teplitz', 'København']",[],['et bind digte']
333,0,en,,,,,"['herr Sørensen', 'Herr Gehe', 'min kone', 'min svoger', 'Sigurd']","['New-Orleans', 'Sedan', 'Paris', 'Trondhjem', 'Hamburg', 'Kristiania', 'Teplitz', 'København']",[],['et bind digte']
334,0,ganske,,,,,"['herr Sørensen', 'Herr Gehe', 'min kone', 'min svoger', 'Sigurd']","['New-Orleans', 'Sedan', 'Paris', 'Trondhjem', 'Hamburg', 'Kristiania', 'Teplitz', 'København']",[],['et bind digte']
335,0,delikat,,,,,"['herr Sørensen', 'Herr Gehe', 'min kone', 'min svoger', 'Sigurd']","['New-Orleans', 'Sedan', 'Paris', 'Trondhjem', 'Hamburg', 'Kristiania', 'Teplitz', 'København']",[],['et bind digte']
336,0,"fisk,",,,,,"['herr Sørensen', 'Herr Gehe', 'min kone', 'min svoger', 'Sigurd']","['New-Orleans', 'Sedan', 'Paris', 'Trondhjem', 'Hamburg', 'Kristiania', 'Teplitz', 'København']",[],['et bind digte']
337,0,der,,,,,"['herr Sørensen', 'Herr Gehe', 'min kone', 'min svoger', 'Sigurd']","['New-Orleans', 'Sedan', 'Paris', 'Trondhjem', 'Hamburg', 'Kristiania', 'Teplitz', 'København']",[],['et bind digte']
338,0,kaldes,,,,,"['herr Sørensen', 'Herr Gehe', 'min kone', 'min svoger', 'Sigurd']","['New-Orleans', 'Sedan', 'Paris', 'Trondhjem', 'Hamburg', 'Kristiania', 'Teplitz', 'København']",[],['et bind digte']
339,0,"rødfisk,",,,,,"['herr Sørensen', 'Herr Gehe', 'min kone', 'min svoger', 'Sigurd']","['New-Orleans', 'Sedan', 'Paris', 'Trondhjem', 'Hamburg', 'Kristiania', 'Teplitz', 'København']",[],['et bind digte']
340,0,"uver,",,,,,"['herr Sørensen', 'Herr Gehe', 'min kone', 'min svoger', 'Sigurd']","['New-Orleans', 'Sedan', 'Paris', 'Trondhjem', 'Hamburg', 'Kristiania', 'Teplitz', 'København']",[],['et bind digte']
341,0,"uer,",,,,,"['herr Sørensen', 'Herr Gehe', 'min kone', 'min svoger', 'Sigurd']","['New-Orleans', 'Sedan', 'Paris', 'Trondhjem', 'Hamburg', 'Kristiania', 'Teplitz', 'København']",[],['et bind digte']
342,0,eller,,,,,"['herr Sørensen', 'Herr Gehe', 'min kone', 'min svoger', 'Sigurd']","['New-Orleans', 'Sedan', 'Paris', 'Trondhjem', 'Hamburg', 'Kristiania', 'Teplitz', 'København']",[],['et bind digte']
343,0,lignende.,,,,,"['herr Sørensen', 'Herr Gehe', 'min kone', 'min svoger', 'Sigurd']","['New-Orleans', 'Sedan', 'Paris', 'Trondhjem', 'Hamburg', 'Kristiania', 'Teplitz', 'København']",[],['et bind digte']
344,0,Nu,,,,,"['herr Sørensen', 'Herr Gehe', 'min kone', 'min svoger', 'Sigurd']","['New-Orleans', 'Sedan', 'Paris', 'Trondhjem', 'Hamburg', 'Kristiania', 'Teplitz', 'København']",[],['et bind digte']
345,0,er,,,,,"['herr Sørensen', 'Herr Gehe', 'min kone', 'min svoger', 'Sigurd']","['New-Orleans', 'Sedan', 'Paris', 'Trondhjem', 'Hamburg', 'Kristiania', 'Teplitz', 'København']",[],['et bind digte']
346,0,det,,,,,"['herr Sørensen', 'Herr Gehe', 'min kone', 'min svoger', 'Sigurd']","['New-Orleans', 'Sedan', 'Paris', 'Trondhjem', 'Hamburg', 'Kristiania', 'Teplitz', 'København']",[],['et bind digte']
347,0,vor,,,,,"['herr Sørensen', 'Herr Gehe', 'min kone', 'min svoger', 'Sigurd']","['New-Orleans', 'Sedan', 'Paris', 'Trondhjem', 'Hamburg', 'Kristiania', 'Teplitz', 'København']",[],['et bind digte']
348,0,forenede,,,,,"['herr Sørensen', 'Herr Gehe', 'min kone', 'min svoger', 'Sigurd']","['New-Orleans', 'Sedan', 'Paris', 'Trondhjem', 'Hamburg', 'Kristiania', 'Teplitz', 'København']",[],['et bind digte']
349,0,bøn,,,,,"['herr Sørensen', 'Herr Gehe', 'min kone', 'min svoger', 'Sigurd']","['New-Orleans', 'Sedan', 'Paris', 'Trondhjem', 'Hamburg', 'Kristiania', 'Teplitz', 'København']",[],['et bind digte']
350,0,til,,,,,"['herr Sørensen', 'Herr Gehe', 'min kone', 'min svoger', 'Sigurd']","['New-Orleans', 'Sedan', 'Paris', 'Trondhjem', 'Hamburg', 'Kristiania', 'Teplitz', 'København']",[],['et bind digte']
351,0,Dem:,,,,,"['herr Sørensen', 'Herr Gehe', 'min kone', 'min svoger', 'Sigurd']","['New-Orleans', 'Sedan', 'Paris', 'Trondhjem', 'Hamburg', 'Kristiania', 'Teplitz', 'København']",[],['et bind digte']
352,0,skulde,,,,,"['herr Sørensen', 'Herr Gehe', 'min kone', 'min svoger', 'Sigurd']","['New-Orleans', 'Sedan', 'Paris', 'Trondhjem', 'Hamburg', 'Kristiania', 'Teplitz', 'København']",[],['et bind digte']
353,0,De,,,,,"['herr Sørensen', 'Herr Gehe', 'min kone', 'min svoger', 'Sigurd']","['New-Orleans', 'Sedan', 'Paris', 'Trondhjem', 'Hamburg', 'Kristiania', 'Teplitz', 'København']",[],['et bind digte']
354,0,ikke,,,,,"['herr Sørensen', 'Herr Gehe', 'min kone', 'min svoger', 'Sigurd']","['New-Orleans', 'Sedan', 'Paris', 'Trondhjem', 'Hamburg', 'Kristiania', 'Teplitz', 'København']",[],['et bind digte']
355,0,velvilligen,,,,,"['herr Sørensen', 'Herr Gehe', 'min kone', 'min svoger', 'Sigurd']","['New-Orleans', 'Sedan', 'Paris', 'Trondhjem', 'Hamburg', 'Kristiania', 'Teplitz', 'København']",[],['et bind digte']
356,0,vilde,,,,,"['herr Sørensen', 'Herr Gehe', 'min kone', 'min svoger', 'Sigurd']","['New-Orleans', 'Sedan', 'Paris', 'Trondhjem', 'Hamburg', 'Kristiania', 'Teplitz', 'København']",[],['et bind digte']
357,0,sende,,,,,"['herr Sørensen', 'Herr Gehe', 'min kone', 'min svoger', 'Sigurd']","['New-Orleans', 'Sedan', 'Paris', 'Trondhjem', 'Hamburg', 'Kristiania', 'Teplitz', 'København']",[],['et bind digte']
358,0,os,,,,,"['herr Sørensen', 'Herr Gehe', 'min kone', 'min svoger', 'Sigurd']","['New-Orleans', 'Sedan', 'Paris', 'Trondhjem', 'Hamburg', 'Kristiania', 'Teplitz', 'København']",[],['et bind digte']
359,0,en,,,,,"['herr Sørensen', 'Herr Gehe', 'min kone', 'min svoger', 'Sigurd']","['New-Orleans', 'Sedan', 'Paris', 'Trondhjem', 'Hamburg', 'Kristiania', 'Teplitz', 'København']",[],['et bind digte']
360,0,kvart,,,,,"['herr Sørensen', 'Herr Gehe', 'min kone', 'min svoger', 'Sigurd']","['New-Orleans', 'Sedan', 'Paris', 'Trondhjem', 'Hamburg', 'Kristiania', 'Teplitz', 'København']",[],['et bind digte']
361,0,tønde,,,,,"['herr Sørensen', 'Herr Gehe', 'min kone', 'min svoger', 'Sigurd']","['New-Orleans', 'Sedan', 'Paris', 'Trondhjem', 'Hamburg', 'Kristiania', 'Teplitz', 'København']",[],['et bind digte']
362,0,deraf,,,,,"['herr Sørensen', 'Herr Gehe', 'min kone', 'min svoger', 'Sigurd']","['New-Orleans', 'Sedan', 'Paris', 'Trondhjem', 'Hamburg', 'Kristiania', 'Teplitz', 'København']",[],['et bind digte']
363,0,over,,,,,"['herr Sørensen', 'Herr Gehe', 'min kone', 'min svoger', 'Sigurd']","['New-Orleans', 'Sedan', 'Paris', 'Trondhjem', 'Hamburg', 'Kristiania', 'Teplitz', 'København']",[],['et bind digte']
364,0,Hamburg,,,,,"['herr Sørensen', 'Herr Gehe', 'min kone', 'min svoger', 'Sigurd']","['New-Orleans', 'Sedan', 'Paris', 'Trondhjem', 'Hamburg', 'Kristiania', 'Teplitz', 'København']",[],['et bind digte']
365,0,så,,,,,"['herr Sørensen', 'Herr Gehe', 'min kone', 'min svoger', 'Sigurd']","['New-Orleans', 'Sedan', 'Paris', 'Trondhjem', 'Hamburg', 'Kristiania', 'Teplitz', 'København']",[],['et bind digte']
366,0,snart,,,,,"['herr Sørensen', 'Herr Gehe', 'min kone', 'min svoger', 'Sigurd']","['New-Orleans', 'Sedan', 'Paris', 'Trondhjem', 'Hamburg', 'Kristiania', 'Teplitz', 'København']",[],['et bind digte']
367,0,lejlighed,,,,,"['herr Sørensen', 'Herr Gehe', 'min kone', 'min svoger', 'Sigurd']","['New-Orleans', 'Sedan', 'Paris', 'Trondhjem', 'Hamburg', 'Kristiania', 'Teplitz', 'København']",[],['et bind digte']
368,0,gives?,,,,,"['herr Sørensen', 'Herr Gehe', 'min kone', 'min svoger', 'Sigurd']","['New-Orleans', 'Sedan', 'Paris', 'Trondhjem', 'Hamburg', 'Kristiania', 'Teplitz', 'København']",[],['et bind digte']
369,0,Var,,,,,"['herr Sørensen', 'Herr Gehe', 'min kone', 'min svoger', 'Sigurd']","['New-Orleans', 'Sedan', 'Paris', 'Trondhjem', 'Hamburg', 'Kristiania', 'Teplitz', 'København']",[],['et bind digte']
370,0,det,,,,,"['herr Sørensen', 'Herr Gehe', 'min kone', 'min svoger', 'Sigurd']","['New-Orleans', 'Sedan', 'Paris', 'Trondhjem', 'Hamburg', 'Kristiania', 'Teplitz', 'København']",[],['et bind digte']
371,0,"muligt,",,,,,"['herr Sørensen', 'Herr Gehe', 'min kone', 'min svoger', 'Sigurd']","['New-Orleans', 'Sedan', 'Paris', 'Trondhjem', 'Hamburg', 'Kristiania', 'Teplitz', 'København']",[],['et bind digte']
372,0,så,,,,,"['herr Sørensen', 'Herr Gehe', 'min kone', 'min svoger', 'Sigurd']","['New-Orleans', 'Sedan', 'Paris', 'Trondhjem', 'Hamburg', 'Kristiania', 'Teplitz', 'København']",[],['et bind digte']
373,0,ønskede,,,,,"['herr Sørensen', 'Herr Gehe', 'min kone', 'min svoger', 'Sigurd']","['New-Orleans', 'Sedan', 'Paris', 'Trondhjem', 'Hamburg', 'Kristiania', 'Teplitz', 'København']",[],['et bind digte']
374,0,jeg,,,,,"['herr Sørensen', 'Herr Gehe', 'min kone', 'min svoger', 'Sigurd']","['New-Orleans', 'Sedan', 'Paris', 'Trondhjem', 'Hamburg', 'Kristiania', 'Teplitz', 'København']",[],['et bind digte']
375,0,"fisken,",,,,,"['herr Sørensen', 'Herr Gehe', 'min kone', 'min svoger', 'Sigurd']","['New-Orleans', 'Sedan', 'Paris', 'Trondhjem', 'Hamburg', 'Kristiania', 'Teplitz', 'København']",[],['et bind digte']
376,0,af,,,,,"['herr Sørensen', 'Herr Gehe', 'min kone', 'min svoger', 'Sigurd']","['New-Orleans', 'Sedan', 'Paris', 'Trondhjem', 'Hamburg', 'Kristiania', 'Teplitz', 'København']",[],['et bind digte']
377,0,bedste,,,,,"['herr Sørensen', 'Herr Gehe', 'min kone', 'min svoger', 'Sigurd']","['New-Orleans', 'Sedan', 'Paris', 'Trondhjem', 'Hamburg', 'Kristiania', 'Teplitz', 'København']",[],['et bind digte']
378,0,"kvalitet,",,,,,"['herr Sørensen', 'Herr Gehe', 'min kone', 'min svoger', 'Sigurd']","['New-Orleans', 'Sedan', 'Paris', 'Trondhjem', 'Hamburg', 'Kristiania', 'Teplitz', 'København']",[],['et bind digte']
379,0,direkte,,,,,"['herr Sørensen', 'Herr Gehe', 'min kone', 'min svoger', 'Sigurd']","['New-Orleans', 'Sedan', 'Paris', 'Trondhjem', 'Hamburg', 'Kristiania', 'Teplitz', 'København']",[],['et bind digte']
380,0,expederet,,,,,"['herr Sørensen', 'Herr Gehe', 'min kone', 'min svoger', 'Sigurd']","['New-Orleans', 'Sedan', 'Paris', 'Trondhjem', 'Hamburg', 'Kristiania', 'Teplitz', 'København']",[],['et bind digte']
381,0,hertil,,,,,"['herr Sørensen', 'Herr Gehe', 'min kone', 'min svoger', 'Sigurd']","['New-Orleans', 'Sedan', 'Paris', 'Trondhjem', 'Hamburg', 'Kristiania', 'Teplitz', 'København']",[],['et bind digte']
382,0,og,,,,,"['herr Sørensen', 'Herr Gehe', 'min kone', 'min svoger', 'Sigurd']","['New-Orleans', 'Sedan', 'Paris', 'Trondhjem', 'Hamburg', 'Kristiania', 'Teplitz', 'København']",[],['et bind digte']
383,0,skal,,,,,"['herr Sørensen', 'Herr Gehe', 'min kone', 'min svoger', 'Sigurd']","['New-Orleans', 'Sedan', 'Paris', 'Trondhjem', 'Hamburg', 'Kristiania', 'Teplitz', 'København']",[],['et bind digte']
384,0,på,,,,,"['herr Sørensen', 'Herr Gehe', 'min kone', 'min svoger', 'Sigurd']","['New-Orleans', 'Sedan', 'Paris', 'Trondhjem', 'Hamburg', 'Kristiania', 'Teplitz', 'København']",[],['et bind digte']
385,0,opgivende,,,,,"['herr Sørensen', 'Herr Gehe', 'min kone', 'min svoger', 'Sigurd']","['New-Orleans', 'Sedan', 'Paris', 'Trondhjem', 'Hamburg', 'Kristiania', 'Teplitz', 'København']",[],['et bind digte']
386,0,af,,,,,"['herr Sørensen', 'Herr Gehe', 'min kone', 'min svoger', 'Sigurd']","['New-Orleans', 'Sedan', 'Paris', 'Trondhjem', 'Hamburg', 'Kristiania', 'Teplitz', 'København']",[],['et bind digte']
387,0,Deres,,,,,"['herr Sørensen', 'Herr Gehe', 'min kone', 'min svoger', 'Sigurd']","['New-Orleans', 'Sedan', 'Paris', 'Trondhjem', 'Hamburg', 'Kristiania', 'Teplitz', 'København']",[],['et bind digte']
388,0,havte,,,,,"['herr Sørensen', 'Herr Gehe', 'min kone', 'min svoger', 'Sigurd']","['New-Orleans', 'Sedan', 'Paris', 'Trondhjem', 'Hamburg', 'Kristiania', 'Teplitz', 'København']",[],['et bind digte']
389,0,udlæg,,,,,"['herr Sørensen', 'Herr Gehe', 'min kone', 'min svoger', 'Sigurd']","['New-Orleans', 'Sedan', 'Paris', 'Trondhjem', 'Hamburg', 'Kristiania', 'Teplitz', 'København']",[],['et bind digte']
390,0,gennem,,,,,"['herr Sørensen', 'Herr Gehe', 'min kone', 'min svoger', 'Sigurd']","['New-Orleans', 'Sedan', 'Paris', 'Trondhjem', 'Hamburg', 'Kristiania', 'Teplitz', 'København']",[],['et bind digte']
391,0,min,,,,,"['herr Sørensen', 'Herr Gehe', 'min kone', 'min svoger', 'Sigurd']","['New-Orleans', 'Sedan', 'Paris', 'Trondhjem', 'Hamburg', 'Kristiania', 'Teplitz', 'København']",[],['et bind digte']
392,0,svoger,,,,,"['herr Sørensen', 'Herr Gehe', 'min kone', 'min svoger', 'Sigurd']","['New-Orleans', 'Sedan', 'Paris', 'Trondhjem', 'Hamburg', 'Kristiania', 'Teplitz', 'København']",[],['et bind digte']
393,0,og,,,,,"['herr Sørensen', 'Herr Gehe', 'min kone', 'min svoger', 'Sigurd']","['New-Orleans', 'Sedan', 'Paris', 'Trondhjem', 'Hamburg', 'Kristiania', 'Teplitz', 'København']",[],['et bind digte']
394,0,forretningsfører,,,,,"['herr Sørensen', 'Herr Gehe', 'min kone', 'min svoger', 'Sigurd']","['New-Orleans', 'Sedan', 'Paris', 'Trondhjem', 'Hamburg', 'Kristiania', 'Teplitz', 'København']",[],['et bind digte']
395,0,i,,,,,"['herr Sørensen', 'Herr Gehe', 'min kone', 'min svoger', 'Sigurd']","['New-Orleans', 'Sedan', 'Paris', 'Trondhjem', 'Hamburg', 'Kristiania', 'Teplitz', 'København']",[],['et bind digte']
396,0,Kristiania,,,,,"['herr Sørensen', 'Herr Gehe', 'min kone', 'min svoger', 'Sigurd']","['New-Orleans', 'Sedan', 'Paris', 'Trondhjem', 'Hamburg', 'Kristiania', 'Teplitz', 'København']",[],['et bind digte']
397,0,tilbagebetale,,,,,"['herr Sørensen', 'Herr Gehe', 'min kone', 'min svoger', 'Sigurd']","['New-Orleans', 'Sedan', 'Paris', 'Trondhjem', 'Hamburg', 'Kristiania', 'Teplitz', 'København']",[],['et bind digte']
398,0,samme,,,,,"['herr Sørensen', 'Herr Gehe', 'min kone', 'min svoger', 'Sigurd']","['New-Orleans', 'Sedan', 'Paris', 'Trondhjem', 'Hamburg', 'Kristiania', 'Teplitz', 'København']",[],['et bind digte']
399,0,når,,,,,"['herr Sørensen', 'Herr Gehe', 'min kone', 'min svoger', 'Sigurd']","['New-Orleans', 'Sedan', 'Paris', 'Trondhjem', 'Hamburg', 'Kristiania', 'Teplitz', 'København']",[],['et bind digte']
400,0,og,,,,,"['herr Sørensen', 'Herr Gehe', 'min kone', 'min svoger', 'Sigurd']","['New-Orleans', 'Sedan', 'Paris', 'Trondhjem', 'Hamburg', 'Kristiania', 'Teplitz', 'København']",[],['et bind digte']
401,0,til,,,,,"['herr Sørensen', 'Herr Gehe', 'min kone', 'min svoger', 'Sigurd']","['New-Orleans', 'Sedan', 'Paris', 'Trondhjem', 'Hamburg', 'Kristiania', 'Teplitz', 'København']",[],['et bind digte']
402,0,hvem,,,,,"['herr Sørensen', 'Herr Gehe', 'min kone', 'min svoger', 'Sigurd']","['New-Orleans', 'Sedan', 'Paris', 'Trondhjem', 'Hamburg', 'Kristiania', 'Teplitz', 'København']",[],['et bind digte']
403,0,De,,,,,"['herr Sørensen', 'Herr Gehe', 'min kone', 'min svoger', 'Sigurd']","['New-Orleans', 'Sedan', 'Paris', 'Trondhjem', 'Hamburg', 'Kristiania', 'Teplitz', 'København']",[],['et bind digte']
404,0,måtte,,,,,"['herr Sørensen', 'Herr Gehe', 'min kone', 'min svoger', 'Sigurd']","['New-Orleans', 'Sedan', 'Paris', 'Trondhjem', 'Hamburg', 'Kristiania', 'Teplitz', 'København']",[],['et bind digte']
405,0,ønske,,,,,"['herr Sørensen', 'Herr Gehe', 'min kone', 'min svoger', 'Sigurd']","['New-Orleans', 'Sedan', 'Paris', 'Trondhjem', 'Hamburg', 'Kristiania', 'Teplitz', 'København']",[],['et bind digte']
406,0,det.,,,,,"['herr Sørensen', 'Herr Gehe', 'min kone', 'min svoger', 'Sigurd']","['New-Orleans', 'Sedan', 'Paris', 'Trondhjem', 'Hamburg', 'Kristiania', 'Teplitz', 'København']",[],['et bind digte']
407,0,–,,,,,"['herr Sørensen', 'Herr Gehe', 'min kone', 'min svoger', 'Sigurd']","['New-Orleans', 'Sedan', 'Paris', 'Trondhjem', 'Hamburg', 'Kristiania', 'Teplitz', 'København']",[],['et bind digte']
408,0,Kan,,,,,"['herr Sørensen', 'Herr Gehe', 'min kone', 'min svoger', 'Sigurd']","['New-Orleans', 'Sedan', 'Paris', 'Trondhjem', 'Hamburg', 'Kristiania', 'Teplitz', 'København']",[],['et bind digte']
409,0,jeg,,,,,"['herr Sørensen', 'Herr Gehe', 'min kone', 'min svoger', 'Sigurd']","['New-Orleans', 'Sedan', 'Paris', 'Trondhjem', 'Hamburg', 'Kristiania', 'Teplitz', 'København']",[],['et bind digte']
410,0,på,,,,,"['herr Sørensen', 'Herr Gehe', 'min kone', 'min svoger', 'Sigurd']","['New-Orleans', 'Sedan', 'Paris', 'Trondhjem', 'Hamburg', 'Kristiania', 'Teplitz', 'København']",[],['et bind digte']
411,0,nogen,,,,,"['herr Sørensen', 'Herr Gehe', 'min kone', 'min svoger', 'Sigurd']","['New-Orleans', 'Sedan', 'Paris', 'Trondhjem', 'Hamburg', 'Kristiania', 'Teplitz', 'København']",[],['et bind digte']
412,0,måde,,,,,"['herr Sørensen', 'Herr Gehe', 'min kone', 'min svoger', 'Sigurd']","['New-Orleans', 'Sedan', 'Paris', 'Trondhjem', 'Hamburg', 'Kristiania', 'Teplitz', 'København']",[],['et bind digte']
413,0,være,,,,,"['herr Sørensen', 'Herr Gehe', 'min kone', 'min svoger', 'Sigurd']","['New-Orleans', 'Sedan', 'Paris', 'Trondhjem', 'Hamburg', 'Kristiania', 'Teplitz', 'København']",[],['et bind digte']
414,0,Dem,,,,,"['herr Sørensen', 'Herr Gehe', 'min kone', 'min svoger', 'Sigurd']","['New-Orleans', 'Sedan', 'Paris', 'Trondhjem', 'Hamburg', 'Kristiania', 'Teplitz', 'København']",[],['et bind digte']
415,0,til,,,,,"['herr Sørensen', 'Herr Gehe', 'min kone', 'min svoger', 'Sigurd']","['New-Orleans', 'Sedan', 'Paris', 'Trondhjem', 'Hamburg', 'Kristiania', 'Teplitz', 'København']",[],['et bind digte']
416,0,gentjeneste,,,,,"['herr Sørensen', 'Herr Gehe', 'min kone', 'min svoger', 'Sigurd']","['New-Orleans', 'Sedan', 'Paris', 'Trondhjem', 'Hamburg', 'Kristiania', 'Teplitz', 'København']",[],['et bind digte']
417,0,"her,",,,,,"['herr Sørensen', 'Herr Gehe', 'min kone', 'min svoger', 'Sigurd']","['New-Orleans', 'Sedan', 'Paris', 'Trondhjem', 'Hamburg', 'Kristiania', 'Teplitz', 'København']",[],['et bind digte']
418,0,skal,,,,,"['herr Sørensen', 'Herr Gehe', 'min kone', 'min svoger', 'Sigurd']","['New-Orleans', 'Sedan', 'Paris', 'Trondhjem', 'Hamburg', 'Kristiania', 'Teplitz', 'København']",[],['et bind digte']
419,0,det,,,,,"['herr Sørensen', 'Herr Gehe', 'min kone', 'min svoger', 'Sigurd']","['New-Orleans', 'Sedan', 'Paris', 'Trondhjem', 'Hamburg', 'Kristiania', 'Teplitz', 'København']",[],['et bind digte']
420,0,være,,,,,"['herr Sørensen', 'Herr Gehe', 'min kone', 'min svoger', 'Sigurd']","['New-Orleans', 'Sedan', 'Paris', 'Trondhjem', 'Hamburg', 'Kristiania', 'Teplitz', 'København']",[],['et bind digte']
421,0,mig,,,,,"['herr Sørensen', 'Herr Gehe', 'min kone', 'min svoger', 'Sigurd']","['New-Orleans', 'Sedan', 'Paris', 'Trondhjem', 'Hamburg', 'Kristiania', 'Teplitz', 'København']",[],['et bind digte']
422,0,meget,,,,,"['herr Sørensen', 'Herr Gehe', 'min kone', 'min svoger', 'Sigurd']","['New-Orleans', 'Sedan', 'Paris', 'Trondhjem', 'Hamburg', 'Kristiania', 'Teplitz', 'København']",[],['et bind digte']
423,0,kært.For,,,,,"['herr Sørensen', 'Herr Gehe', 'min kone', 'min svoger', 'Sigurd']","['New-Orleans', 'Sedan', 'Paris', 'Trondhjem', 'Hamburg', 'Kristiania', 'Teplitz', 'København']",[],['et bind digte']
424,0,øvrigt,,,,,"['herr Sørensen', 'Herr Gehe', 'min kone', 'min svoger', 'Sigurd']","['New-Orleans', 'Sedan', 'Paris', 'Trondhjem', 'Hamburg', 'Kristiania', 'Teplitz', 'København']",[],['et bind digte']
425,0,er,,,,,"['herr Sørensen', 'Herr Gehe', 'min kone', 'min svoger', 'Sigurd']","['New-Orleans', 'Sedan', 'Paris', 'Trondhjem', 'Hamburg', 'Kristiania', 'Teplitz', 'København']",[],['et bind digte']
426,0,hos,,,,,"['herr Sørensen', 'Herr Gehe', 'min kone', 'min svoger', 'Sigurd']","['New-Orleans', 'Sedan', 'Paris', 'Trondhjem', 'Hamburg', 'Kristiania', 'Teplitz', 'København']",[],['et bind digte']
427,0,os,,,,,"['herr Sørensen', 'Herr Gehe', 'min kone', 'min svoger', 'Sigurd']","['New-Orleans', 'Sedan', 'Paris', 'Trondhjem', 'Hamburg', 'Kristiania', 'Teplitz', 'København']",[],['et bind digte']
428,0,alt,,,,,"['herr Sørensen', 'Herr Gehe', 'min kone', 'min svoger', 'Sigurd']","['New-Orleans', 'Sedan', 'Paris', 'Trondhjem', 'Hamburg', 'Kristiania', 'Teplitz', 'København']",[],['et bind digte']
429,0,ved,,,,,"['herr Sørensen', 'Herr Gehe', 'min kone', 'min svoger', 'Sigurd']","['New-Orleans', 'Sedan', 'Paris', 'Trondhjem', 'Hamburg', 'Kristiania', 'Teplitz', 'København']",[],['et bind digte']
430,0,det,,,,,"['herr Sørensen', 'Herr Gehe', 'min kone', 'min svoger', 'Sigurd']","['New-Orleans', 'Sedan', 'Paris', 'Trondhjem', 'Hamburg', 'Kristiania', 'Teplitz', 'København']",[],['et bind digte']
431,0,gamle.,,,,,"['herr Sørensen', 'Herr Gehe', 'min kone', 'min svoger', 'Sigurd']","['New-Orleans', 'Sedan', 'Paris', 'Trondhjem', 'Hamburg', 'Kristiania', 'Teplitz', 'København']",[],['et bind digte']
432,0,Mine,,,,,"['herr Sørensen', 'Herr Gehe', 'min kone', 'min svoger', 'Sigurd']","['New-Orleans', 'Sedan', 'Paris', 'Trondhjem', 'Hamburg', 'Kristiania', 'Teplitz', 'København']",[],['et bind digte']
433,0,damer,,,,,"['herr Sørensen', 'Herr Gehe', 'min kone', 'min svoger', 'Sigurd']","['New-Orleans', 'Sedan', 'Paris', 'Trondhjem', 'Hamburg', 'Kristiania', 'Teplitz', 'København']",[],['et bind digte']
434,0,og,,,,,"['herr Sørensen', 'Herr Gehe', 'min kone', 'min svoger', 'Sigurd']","['New-Orleans', 'Sedan', 'Paris', 'Trondhjem', 'Hamburg', 'Kristiania', 'Teplitz', 'København']",[],['et bind digte']
435,0,Sigurd,,,,,"['herr Sørensen', 'Herr Gehe', 'min kone', 'min svoger', 'Sigurd']","['New-Orleans', 'Sedan', 'Paris', 'Trondhjem', 'Hamburg', 'Kristiania', 'Teplitz', 'København']",[],['et bind digte']
436,0,tilbragte,,,,,"['herr Sørensen', 'Herr Gehe', 'min kone', 'min svoger', 'Sigurd']","['New-Orleans', 'Sedan', 'Paris', 'Trondhjem', 'Hamburg', 'Kristiania', 'Teplitz', 'København']",[],['et bind digte']
437,0,feriemånederne,,,,,"['herr Sørensen', 'Herr Gehe', 'min kone', 'min svoger', 'Sigurd']","['New-Orleans', 'Sedan', 'Paris', 'Trondhjem', 'Hamburg', 'Kristiania', 'Teplitz', 'København']",[],['et bind digte']
438,0,ved,,,,,"['herr Sørensen', 'Herr Gehe', 'min kone', 'min svoger', 'Sigurd']","['New-Orleans', 'Sedan', 'Paris', 'Trondhjem', 'Hamburg', 'Kristiania', 'Teplitz', 'København']",[],['et bind digte']
439,0,Teplitz;,,,,,"['herr Sørensen', 'Herr Gehe', 'min kone', 'min svoger', 'Sigurd']","['New-Orleans', 'Sedan', 'Paris', 'Trondhjem', 'Hamburg', 'Kristiania', 'Teplitz', 'København']",[],['et bind digte']
440,0,jeg,,,,,"['herr Sørensen', 'Herr Gehe', 'min kone', 'min svoger', 'Sigurd']","['New-Orleans', 'Sedan', 'Paris', 'Trondhjem', 'Hamburg', 'Kristiania', 'Teplitz', 'København']",[],['et bind digte']
441,0,selv,,,,,"['herr Sørensen', 'Herr Gehe', 'min kone', 'min svoger', 'Sigurd']","['New-Orleans', 'Sedan', 'Paris', 'Trondhjem', 'Hamburg', 'Kristiania', 'Teplitz', 'København']",[],['et bind digte']
442,0,var,,,,,"['herr Sørensen', 'Herr Gehe', 'min kone', 'min svoger', 'Sigurd']","['New-Orleans', 'Sedan', 'Paris', 'Trondhjem', 'Hamburg', 'Kristiania', 'Teplitz', 'København']",[],['et bind digte']
443,0,i,,,,,"['herr Sørensen', 'Herr Gehe', 'min kone', 'min svoger', 'Sigurd']","['New-Orleans', 'Sedan', 'Paris', 'Trondhjem', 'Hamburg', 'Kristiania', 'Teplitz', 'København']",[],['et bind digte']
444,0,København.,,,,,"['herr Sørensen', 'Herr Gehe', 'min kone', 'min svoger', 'Sigurd']","['New-Orleans', 'Sedan', 'Paris', 'Trondhjem', 'Hamburg', 'Kristiania', 'Teplitz', 'København']",[],['et bind digte']
445,0,For,,,,,"['herr Sørensen', 'Herr Gehe', 'min kone', 'min svoger', 'Sigurd']","['New-Orleans', 'Sedan', 'Paris', 'Trondhjem', 'Hamburg', 'Kristiania', 'Teplitz', 'København']",[],['et bind digte']
446,0,tiden,,,,,"['herr Sørensen', 'Herr Gehe', 'min kone', 'min svoger', 'Sigurd']","['New-Orleans', 'Sedan', 'Paris', 'Trondhjem', 'Hamburg', 'Kristiania', 'Teplitz', 'København']",[],['et bind digte']
447,0,er,,,,,"['herr Sørensen', 'Herr Gehe', 'min kone', 'min svoger', 'Sigurd']","['New-Orleans', 'Sedan', 'Paris', 'Trondhjem', 'Hamburg', 'Kristiania', 'Teplitz', 'København']",[],['et bind digte']
448,0,jeg,,,,,"['herr Sørensen', 'Herr Gehe', 'min kone', 'min svoger', 'Sigurd']","['New-Orleans', 'Sedan', 'Paris', 'Trondhjem', 'Hamburg', 'Kristiania', 'Teplitz', 'København']",[],['et bind digte']
449,0,sysselsat,,,,,"['herr Sørensen', 'Herr Gehe', 'min kone', 'min svoger', 'Sigurd']","['New-Orleans', 'Sedan', 'Paris', 'Trondhjem', 'Hamburg', 'Kristiania', 'Teplitz', 'København']",[],['et bind digte']
450,0,med,,,,,"['herr Sørensen', 'Herr Gehe', 'min kone', 'min svoger', 'Sigurd']","['New-Orleans', 'Sedan', 'Paris', 'Trondhjem', 'Hamburg', 'Kristiania', 'Teplitz', 'København']",[],['et bind digte']
451,0,at,,,,,"['herr Sørensen', 'Herr Gehe', 'min kone', 'min svoger', 'Sigurd']","['New-Orleans', 'Sedan', 'Paris', 'Trondhjem', 'Hamburg', 'Kristiania', 'Teplitz', 'København']",[],['et bind digte']
452,0,udgive,,,,,"['herr Sørensen', 'Herr Gehe', 'min kone', 'min svoger', 'Sigurd']","['New-Orleans', 'Sedan', 'Paris', 'Trondhjem', 'Hamburg', 'Kristiania', 'Teplitz', 'København']",[],['et bind digte']
453,0,et,,,,,"['herr Sørensen', 'Herr Gehe', 'min kone', 'min svoger', 'Sigurd']","['New-Orleans', 'Sedan', 'Paris', 'Trondhjem', 'Hamburg', 'Kristiania', 'Teplitz', 'København']",[],['et bind digte']
454,0,bind,,,,,"['herr Sørensen', 'Herr Gehe', 'min kone', 'min svoger', 'Sigurd']","['New-Orleans', 'Sedan', 'Paris', 'Trondhjem', 'Hamburg', 'Kristiania', 'Teplitz', 'København']",[],['et bind digte']
455,0,"digte,",,,,,"['herr Sørensen', 'Herr Gehe', 'min kone', 'min svoger', 'Sigurd']","['New-Orleans', 'Sedan', 'Paris', 'Trondhjem', 'Hamburg', 'Kristiania', 'Teplitz', 'København']",[],['et bind digte']
456,0,der,,,,,"['herr Sørensen', 'Herr Gehe', 'min kone', 'min svoger', 'Sigurd']","['New-Orleans', 'Sedan', 'Paris', 'Trondhjem', 'Hamburg', 'Kristiania', 'Teplitz', 'København']",[],['et bind digte']
457,0,kommer,,,,,"['herr Sørensen', 'Herr Gehe', 'min kone', 'min svoger', 'Sigurd']","['New-Orleans', 'Sedan', 'Paris', 'Trondhjem', 'Hamburg', 'Kristiania', 'Teplitz', 'København']",[],['et bind digte']
458,0,om,,,,,"['herr Sørensen', 'Herr Gehe', 'min kone', 'min svoger', 'Sigurd']","['New-Orleans', 'Sedan', 'Paris', 'Trondhjem', 'Hamburg', 'Kristiania', 'Teplitz', 'København']",[],['et bind digte']
459,0,en,,,,,"['herr Sørensen', 'Herr Gehe', 'min kone', 'min svoger', 'Sigurd']","['New-Orleans', 'Sedan', 'Paris', 'Trondhjem', 'Hamburg', 'Kristiania', 'Teplitz', 'København']",[],['et bind digte']
460,0,måneds,,,,,"['herr Sørensen', 'Herr Gehe', 'min kone', 'min svoger', 'Sigurd']","['New-Orleans', 'Sedan', 'Paris', 'Trondhjem', 'Hamburg', 'Kristiania', 'Teplitz', 'København']",[],['et bind digte']
461,0,tid.Tag,,,,,"['herr Sørensen', 'Herr Gehe', 'min kone', 'min svoger', 'Sigurd']","['New-Orleans', 'Sedan', 'Paris', 'Trondhjem', 'Hamburg', 'Kristiania', 'Teplitz', 'København']",[],['et bind digte']
462,0,nu,,,,,"['herr Sørensen', 'Herr Gehe', 'min kone', 'min svoger', 'Sigurd']","['New-Orleans', 'Sedan', 'Paris', 'Trondhjem', 'Hamburg', 'Kristiania', 'Teplitz', 'København']",[],['et bind digte']
463,0,ikke,,,,,"['herr Sørensen', 'Herr Gehe', 'min kone', 'min svoger', 'Sigurd']","['New-Orleans', 'Sedan', 'Paris', 'Trondhjem', 'Hamburg', 'Kristiania', 'Teplitz', 'København']",[],['et bind digte']
464,0,min,,,,,"['herr Sørensen', 'Herr Gehe', 'min kone', 'min svoger', 'Sigurd']","['New-Orleans', 'Sedan', 'Paris', 'Trondhjem', 'Hamburg', 'Kristiania', 'Teplitz', 'København']",[],['et bind digte']
465,0,anmodning,,,,,"['herr Sørensen', 'Herr Gehe', 'min kone', 'min svoger', 'Sigurd']","['New-Orleans', 'Sedan', 'Paris', 'Trondhjem', 'Hamburg', 'Kristiania', 'Teplitz', 'København']",[],['et bind digte']
466,0,ilde,,,,,"['herr Sørensen', 'Herr Gehe', 'min kone', 'min svoger', 'Sigurd']","['New-Orleans', 'Sedan', 'Paris', 'Trondhjem', 'Hamburg', 'Kristiania', 'Teplitz', 'København']",[],['et bind digte']
467,0,op;,,,,,"['herr Sørensen', 'Herr Gehe', 'min kone', 'min svoger', 'Sigurd']","['New-Orleans', 'Sedan', 'Paris', 'Trondhjem', 'Hamburg', 'Kristiania', 'Teplitz', 'København']",[],['et bind digte']
468,0,og,,,,,"['herr Sørensen', 'Herr Gehe', 'min kone', 'min svoger', 'Sigurd']","['New-Orleans', 'Sedan', 'Paris', 'Trondhjem', 'Hamburg', 'Kristiania', 'Teplitz', 'København']",[],['et bind digte']
469,0,vær,,,,,"['herr Sørensen', 'Herr Gehe', 'min kone', 'min svoger', 'Sigurd']","['New-Orleans', 'Sedan', 'Paris', 'Trondhjem', 'Hamburg', 'Kristiania', 'Teplitz', 'København']",[],['et bind digte']
470,0,fra,,,,,"['herr Sørensen', 'Herr Gehe', 'min kone', 'min svoger', 'Sigurd']","['New-Orleans', 'Sedan', 'Paris', 'Trondhjem', 'Hamburg', 'Kristiania', 'Teplitz', 'København']",[],['et bind digte']
471,0,os,,,,,"['herr Sørensen', 'Herr Gehe', 'min kone', 'min svoger', 'Sigurd']","['New-Orleans', 'Sedan', 'Paris', 'Trondhjem', 'Hamburg', 'Kristiania', 'Teplitz', 'København']",[],['et bind digte']
472,0,alle,,,,,"['herr Sørensen', 'Herr Gehe', 'min kone', 'min svoger', 'Sigurd']","['New-Orleans', 'Sedan', 'Paris', 'Trondhjem', 'Hamburg', 'Kristiania', 'Teplitz', 'København']",[],['et bind digte']
473,0,hjerteligst,,,,,"['herr Sørensen', 'Herr Gehe', 'min kone', 'min svoger', 'Sigurd']","['New-Orleans', 'Sedan', 'Paris', 'Trondhjem', 'Hamburg', 'Kristiania', 'Teplitz', 'København']",[],['et bind digte']
474,0,hilset,,,,,"['herr Sørensen', 'Herr Gehe', 'min kone', 'min svoger', 'Sigurd']","['New-Orleans', 'Sedan', 'Paris', 'Trondhjem', 'Hamburg', 'Kristiania', 'Teplitz', 'København']",[],['et bind digte']
475,0,"gennemKönigsbrücker-Strasse,",,,,,"['herr Sørensen', 'Herr Gehe', 'min kone', 'min svoger', 'Sigurd']","['New-Orleans', 'Sedan', 'Paris', 'Trondhjem', 'Hamburg', 'Kristiania', 'Teplitz', 'København']",[],['et bind digte']
476,0,33.,,,,,"['herr Sørensen', 'Herr Gehe', 'min kone', 'min svoger', 'Sigurd']","['New-Orleans', 'Sedan', 'Paris', 'Trondhjem', 'Hamburg', 'Kristiania', 'Teplitz', 'København']",[],['et bind digte']
