,,0,human_annotation,who,dacy_medium,spacy_trf,person,place,org,work
0,0,"Undertegnede,",,,,,[],[],['Foreningens'],[]
1,0,Henr:,,,,,[],[],['Foreningens'],[]
2,0,"Ibsen,",,,,,[],[],['Foreningens'],[]
3,0,tillader,,,,,[],[],['Foreningens'],[]
4,0,sig,,,,,[],[],['Foreningens'],[]
5,0,herved,,,,,[],[],['Foreningens'],[]
6,0,ærbødigst,,,,,[],[],['Foreningens'],[]
7,0,at,,,,,[],[],['Foreningens'],[]
8,0,fremsætte,,,,,[],[],['Foreningens'],[]
9,0,følgende,,,,,[],[],['Foreningens'],[]
10,0,Forslag,,,,,[],[],['Foreningens'],[]
11,0,til,,,,,[],[],['Foreningens'],[]
12,0,Behandling,,,,,[],[],['Foreningens'],[]
13,0,og,,,,,[],[],['Foreningens'],[]
14,0,eventuel,,,,,[],[],['Foreningens'],[]
15,0,Vedtagelse,,,,,[],[],['Foreningens'],[]
16,0,af,,,,,[],[],['Foreningens'],[]
17,0,den,,,,,[],[],['Foreningens'],[]
18,0,forestaaende,,,,,[],[],['Foreningens'],[]
19,0,extraordinære,,,,,[],[],['Foreningens'],[]
20,0,Generalforsamling:1.),,,,,[],[],['Foreningens'],[]
21,0,I,,,,,[],[],['Foreningens'],[]
22,0,Foreningens,,,,,[],[],['Foreningens'],[]
23,0,Loves,,,,,[],[],['Foreningens'],[]
24,0,§,,,,,[],[],['Foreningens'],[]
25,0,XI,,,,,[],[],['Foreningens'],[]
26,0,"b,",,,,,[],[],['Foreningens'],[]
27,0,saalydende,,,,,[],[],['Foreningens'],[]
28,0,«Finner,,,,,[],[],['Foreningens'],[]
29,0,have,,,,,[],[],['Foreningens'],[]
30,0,Adgang,,,,,[],[],['Foreningens'],[]
31,0,til,,,,,[],[],['Foreningens'],[]
32,0,Foreningen,,,,,[],[],['Foreningens'],[]
33,0,som,,,,,[],[],['Foreningens'],[]
34,0,Skandinaver»,,,,,[],[],['Foreningens'],[]
35,0,indskydes,,,,,[],[],['Foreningens'],[]
36,0,mellem,,,,,[],[],['Foreningens'],[]
37,0,«Finner»,,,,,[],[],['Foreningens'],[]
38,0,og,,,,,[],[],['Foreningens'],[]
39,0,«have»,,,,,[],[],['Foreningens'],[]
40,0,Ordene,,,,,[],[],['Foreningens'],[]
41,0,og,,,,,[],[],['Foreningens'],[]
42,0,«danske,,,,,[],[],['Foreningens'],[]
43,0,Slesvigere».2.),,,,,[],[],['Foreningens'],[]
44,0,§,,,,,[],[],['Foreningens'],[]
45,0,XII,,,,,[],[],['Foreningens'],[]
46,0,saalydende:,,,,,[],[],['Foreningens'],[]
47,0,«Det,,,,,[],[],['Foreningens'],[]
48,0,"Medlem,",,,,,[],[],['Foreningens'],[]
49,0,som,,,,,[],[],['Foreningens'],[]
50,0,tilfældigvis,,,,,[],[],['Foreningens'],[]
51,0,ønsker,,,,,[],[],['Foreningens'],[]
52,0,at,,,,,[],[],['Foreningens'],[]
53,0,indføre,,,,,[],[],['Foreningens'],[]
54,0,en,,,,,[],[],['Foreningens'],[]
55,0,Fremmed,,,,,[],[],['Foreningens'],[]
56,0,i,,,,,[],[],['Foreningens'],[]
57,0,"Foreningen,",,,,,[],[],['Foreningens'],[]
58,0,maa,,,,,[],[],['Foreningens'],[]
59,0,dertil,,,,,[],[],['Foreningens'],[]
60,0,have,,,,,[],[],['Foreningens'],[]
61,0,Tilladelse,,,,,[],[],['Foreningens'],[]
62,0,af,,,,,[],[],['Foreningens'],[]
63,0,Bestyrelsens,,,,,[],[],['Foreningens'],[]
64,0,Formand»,,,,,[],[],['Foreningens'],[]
65,0,faar,,,,,[],[],['Foreningens'],[]
66,0,følgende,,,,,[],[],['Foreningens'],[]
67,0,Tillæg:«Tydskere,,,,,[],[],['Foreningens'],[]
68,0,kunne,,,,,[],[],['Foreningens'],[]
69,0,ikke,,,,,[],[],['Foreningens'],[]
70,0,indføres,,,,,[],[],['Foreningens'],[]
71,0,i,,,,,[],[],['Foreningens'],[]
72,0,Foreningen».Ovenstaaende,,,,,[],[],['Foreningens'],[]
73,0,tvende,,,,,[],[],['Foreningens'],[]
74,0,Forslag,,,,,[],[],['Foreningens'],[]
75,0,vedtages,,,,,[],[],['Foreningens'],[]
76,0,af:,,,,,[],[],['Foreningens'],[]
