,,0,human_annotation,who,dacy_medium,spacy_trf,person,place,org,work
0,0,Jeg,,,,,"['Dr: Helms', 'Cancelliraad Hegel', 'Heinrich Laube']","['Leipzig', 'Tydskland']",['Storthing'],['«Kongsemnerne»']
1,0,har,,,,,"['Dr: Helms', 'Cancelliraad Hegel', 'Heinrich Laube']","['Leipzig', 'Tydskland']",['Storthing'],['«Kongsemnerne»']
2,0,meget,,,,,"['Dr: Helms', 'Cancelliraad Hegel', 'Heinrich Laube']","['Leipzig', 'Tydskland']",['Storthing'],['«Kongsemnerne»']
3,0,at,,,,,"['Dr: Helms', 'Cancelliraad Hegel', 'Heinrich Laube']","['Leipzig', 'Tydskland']",['Storthing'],['«Kongsemnerne»']
4,0,bede,,,,,"['Dr: Helms', 'Cancelliraad Hegel', 'Heinrich Laube']","['Leipzig', 'Tydskland']",['Storthing'],['«Kongsemnerne»']
5,0,om,,,,,"['Dr: Helms', 'Cancelliraad Hegel', 'Heinrich Laube']","['Leipzig', 'Tydskland']",['Storthing'],['«Kongsemnerne»']
6,0,Deres,,,,,"['Dr: Helms', 'Cancelliraad Hegel', 'Heinrich Laube']","['Leipzig', 'Tydskland']",['Storthing'],['«Kongsemnerne»']
7,0,Tillgivelse,,,,,"['Dr: Helms', 'Cancelliraad Hegel', 'Heinrich Laube']","['Leipzig', 'Tydskland']",['Storthing'],['«Kongsemnerne»']
8,0,for.,,,,,"['Dr: Helms', 'Cancelliraad Hegel', 'Heinrich Laube']","['Leipzig', 'Tydskland']",['Storthing'],['«Kongsemnerne»']
9,0,Først,,,,,"['Dr: Helms', 'Cancelliraad Hegel', 'Heinrich Laube']","['Leipzig', 'Tydskland']",['Storthing'],['«Kongsemnerne»']
10,0,maa,,,,,"['Dr: Helms', 'Cancelliraad Hegel', 'Heinrich Laube']","['Leipzig', 'Tydskland']",['Storthing'],['«Kongsemnerne»']
11,0,jeg,,,,,"['Dr: Helms', 'Cancelliraad Hegel', 'Heinrich Laube']","['Leipzig', 'Tydskland']",['Storthing'],['«Kongsemnerne»']
12,0,bede,,,,,"['Dr: Helms', 'Cancelliraad Hegel', 'Heinrich Laube']","['Leipzig', 'Tydskland']",['Storthing'],['«Kongsemnerne»']
13,0,Dem,,,,,"['Dr: Helms', 'Cancelliraad Hegel', 'Heinrich Laube']","['Leipzig', 'Tydskland']",['Storthing'],['«Kongsemnerne»']
14,0,tillgive,,,,,"['Dr: Helms', 'Cancelliraad Hegel', 'Heinrich Laube']","['Leipzig', 'Tydskland']",['Storthing'],['«Kongsemnerne»']
15,0,den,,,,,"['Dr: Helms', 'Cancelliraad Hegel', 'Heinrich Laube']","['Leipzig', 'Tydskland']",['Storthing'],['«Kongsemnerne»']
16,0,"Forfattning,",,,,,"['Dr: Helms', 'Cancelliraad Hegel', 'Heinrich Laube']","['Leipzig', 'Tydskland']",['Storthing'],['«Kongsemnerne»']
17,0,hvori,,,,,"['Dr: Helms', 'Cancelliraad Hegel', 'Heinrich Laube']","['Leipzig', 'Tydskland']",['Storthing'],['«Kongsemnerne»']
18,0,jeg,,,,,"['Dr: Helms', 'Cancelliraad Hegel', 'Heinrich Laube']","['Leipzig', 'Tydskland']",['Storthing'],['«Kongsemnerne»']
19,0,sender,,,,,"['Dr: Helms', 'Cancelliraad Hegel', 'Heinrich Laube']","['Leipzig', 'Tydskland']",['Storthing'],['«Kongsemnerne»']
20,0,Dem,,,,,"['Dr: Helms', 'Cancelliraad Hegel', 'Heinrich Laube']","['Leipzig', 'Tydskland']",['Storthing'],['«Kongsemnerne»']
21,0,Deres,,,,,"['Dr: Helms', 'Cancelliraad Hegel', 'Heinrich Laube']","['Leipzig', 'Tydskland']",['Storthing'],['«Kongsemnerne»']
22,0,Manuskript,,,,,"['Dr: Helms', 'Cancelliraad Hegel', 'Heinrich Laube']","['Leipzig', 'Tydskland']",['Storthing'],['«Kongsemnerne»']
23,0,tillbage;,,,,,"['Dr: Helms', 'Cancelliraad Hegel', 'Heinrich Laube']","['Leipzig', 'Tydskland']",['Storthing'],['«Kongsemnerne»']
24,0,ved,,,,,"['Dr: Helms', 'Cancelliraad Hegel', 'Heinrich Laube']","['Leipzig', 'Tydskland']",['Storthing'],['«Kongsemnerne»']
25,0,at,,,,,"['Dr: Helms', 'Cancelliraad Hegel', 'Heinrich Laube']","['Leipzig', 'Tydskland']",['Storthing'],['«Kongsemnerne»']
26,0,tillintetgjøre,,,,,"['Dr: Helms', 'Cancelliraad Hegel', 'Heinrich Laube']","['Leipzig', 'Tydskland']",['Storthing'],['«Kongsemnerne»']
27,0,en,,,,,"['Dr: Helms', 'Cancelliraad Hegel', 'Heinrich Laube']","['Leipzig', 'Tydskland']",['Storthing'],['«Kongsemnerne»']
28,0,Del,,,,,"['Dr: Helms', 'Cancelliraad Hegel', 'Heinrich Laube']","['Leipzig', 'Tydskland']",['Storthing'],['«Kongsemnerne»']
29,0,af,,,,,"['Dr: Helms', 'Cancelliraad Hegel', 'Heinrich Laube']","['Leipzig', 'Tydskland']",['Storthing'],['«Kongsemnerne»']
30,0,mine,,,,,"['Dr: Helms', 'Cancelliraad Hegel', 'Heinrich Laube']","['Leipzig', 'Tydskland']",['Storthing'],['«Kongsemnerne»']
31,0,ubrugelige,,,,,"['Dr: Helms', 'Cancelliraad Hegel', 'Heinrich Laube']","['Leipzig', 'Tydskland']",['Storthing'],['«Kongsemnerne»']
32,0,Koncepter,,,,,"['Dr: Helms', 'Cancelliraad Hegel', 'Heinrich Laube']","['Leipzig', 'Tydskland']",['Storthing'],['«Kongsemnerne»']
33,0,kom,,,,,"['Dr: Helms', 'Cancelliraad Hegel', 'Heinrich Laube']","['Leipzig', 'Tydskland']",['Storthing'],['«Kongsemnerne»']
34,0,jeg,,,,,"['Dr: Helms', 'Cancelliraad Hegel', 'Heinrich Laube']","['Leipzig', 'Tydskland']",['Storthing'],['«Kongsemnerne»']
35,0,nemlig,,,,,"['Dr: Helms', 'Cancelliraad Hegel', 'Heinrich Laube']","['Leipzig', 'Tydskland']",['Storthing'],['«Kongsemnerne»']
36,0,ulykkeligvis,,,,,"['Dr: Helms', 'Cancelliraad Hegel', 'Heinrich Laube']","['Leipzig', 'Tydskland']",['Storthing'],['«Kongsemnerne»']
37,0,till,,,,,"['Dr: Helms', 'Cancelliraad Hegel', 'Heinrich Laube']","['Leipzig', 'Tydskland']",['Storthing'],['«Kongsemnerne»']
38,0,at,,,,,"['Dr: Helms', 'Cancelliraad Hegel', 'Heinrich Laube']","['Leipzig', 'Tydskland']",['Storthing'],['«Kongsemnerne»']
39,0,rive,,,,,"['Dr: Helms', 'Cancelliraad Hegel', 'Heinrich Laube']","['Leipzig', 'Tydskland']",['Storthing'],['«Kongsemnerne»']
40,0,ogsaa,,,,,"['Dr: Helms', 'Cancelliraad Hegel', 'Heinrich Laube']","['Leipzig', 'Tydskland']",['Storthing'],['«Kongsemnerne»']
41,0,Deres,,,,,"['Dr: Helms', 'Cancelliraad Hegel', 'Heinrich Laube']","['Leipzig', 'Tydskland']",['Storthing'],['«Kongsemnerne»']
42,0,Forord,,,,,"['Dr: Helms', 'Cancelliraad Hegel', 'Heinrich Laube']","['Leipzig', 'Tydskland']",['Storthing'],['«Kongsemnerne»']
43,0,tvers,,,,,"['Dr: Helms', 'Cancelliraad Hegel', 'Heinrich Laube']","['Leipzig', 'Tydskland']",['Storthing'],['«Kongsemnerne»']
44,0,over,,,,,"['Dr: Helms', 'Cancelliraad Hegel', 'Heinrich Laube']","['Leipzig', 'Tydskland']",['Storthing'],['«Kongsemnerne»']
45,0,og,,,,,"['Dr: Helms', 'Cancelliraad Hegel', 'Heinrich Laube']","['Leipzig', 'Tydskland']",['Storthing'],['«Kongsemnerne»']
46,0,oppdagede,,,,,"['Dr: Helms', 'Cancelliraad Hegel', 'Heinrich Laube']","['Leipzig', 'Tydskland']",['Storthing'],['«Kongsemnerne»']
47,0,først,,,,,"['Dr: Helms', 'Cancelliraad Hegel', 'Heinrich Laube']","['Leipzig', 'Tydskland']",['Storthing'],['«Kongsemnerne»']
48,0,"bagefter,",,,,,"['Dr: Helms', 'Cancelliraad Hegel', 'Heinrich Laube']","['Leipzig', 'Tydskland']",['Storthing'],['«Kongsemnerne»']
49,0,hvad,,,,,"['Dr: Helms', 'Cancelliraad Hegel', 'Heinrich Laube']","['Leipzig', 'Tydskland']",['Storthing'],['«Kongsemnerne»']
50,0,der,,,,,"['Dr: Helms', 'Cancelliraad Hegel', 'Heinrich Laube']","['Leipzig', 'Tydskland']",['Storthing'],['«Kongsemnerne»']
51,0,var,,,,,"['Dr: Helms', 'Cancelliraad Hegel', 'Heinrich Laube']","['Leipzig', 'Tydskland']",['Storthing'],['«Kongsemnerne»']
52,0,skeet.,,,,,"['Dr: Helms', 'Cancelliraad Hegel', 'Heinrich Laube']","['Leipzig', 'Tydskland']",['Storthing'],['«Kongsemnerne»']
53,0,At,,,,,"['Dr: Helms', 'Cancelliraad Hegel', 'Heinrich Laube']","['Leipzig', 'Tydskland']",['Storthing'],['«Kongsemnerne»']
54,0,jeg,,,,,"['Dr: Helms', 'Cancelliraad Hegel', 'Heinrich Laube']","['Leipzig', 'Tydskland']",['Storthing'],['«Kongsemnerne»']
55,0,først,,,,,"['Dr: Helms', 'Cancelliraad Hegel', 'Heinrich Laube']","['Leipzig', 'Tydskland']",['Storthing'],['«Kongsemnerne»']
56,0,nu,,,,,"['Dr: Helms', 'Cancelliraad Hegel', 'Heinrich Laube']","['Leipzig', 'Tydskland']",['Storthing'],['«Kongsemnerne»']
57,0,besvarer,,,,,"['Dr: Helms', 'Cancelliraad Hegel', 'Heinrich Laube']","['Leipzig', 'Tydskland']",['Storthing'],['«Kongsemnerne»']
58,0,Deres,,,,,"['Dr: Helms', 'Cancelliraad Hegel', 'Heinrich Laube']","['Leipzig', 'Tydskland']",['Storthing'],['«Kongsemnerne»']
59,0,meget,,,,,"['Dr: Helms', 'Cancelliraad Hegel', 'Heinrich Laube']","['Leipzig', 'Tydskland']",['Storthing'],['«Kongsemnerne»']
60,0,ærede,,,,,"['Dr: Helms', 'Cancelliraad Hegel', 'Heinrich Laube']","['Leipzig', 'Tydskland']",['Storthing'],['«Kongsemnerne»']
61,0,Skrivelser,,,,,"['Dr: Helms', 'Cancelliraad Hegel', 'Heinrich Laube']","['Leipzig', 'Tydskland']",['Storthing'],['«Kongsemnerne»']
62,0,ligger,,,,,"['Dr: Helms', 'Cancelliraad Hegel', 'Heinrich Laube']","['Leipzig', 'Tydskland']",['Storthing'],['«Kongsemnerne»']
63,0,i,,,,,"['Dr: Helms', 'Cancelliraad Hegel', 'Heinrich Laube']","['Leipzig', 'Tydskland']",['Storthing'],['«Kongsemnerne»']
64,0,at,,,,,"['Dr: Helms', 'Cancelliraad Hegel', 'Heinrich Laube']","['Leipzig', 'Tydskland']",['Storthing'],['«Kongsemnerne»']
65,0,jeg,,,,,"['Dr: Helms', 'Cancelliraad Hegel', 'Heinrich Laube']","['Leipzig', 'Tydskland']",['Storthing'],['«Kongsemnerne»']
66,0,har,,,,,"['Dr: Helms', 'Cancelliraad Hegel', 'Heinrich Laube']","['Leipzig', 'Tydskland']",['Storthing'],['«Kongsemnerne»']
67,0,ventet,,,,,"['Dr: Helms', 'Cancelliraad Hegel', 'Heinrich Laube']","['Leipzig', 'Tydskland']",['Storthing'],['«Kongsemnerne»']
68,0,paa,,,,,"['Dr: Helms', 'Cancelliraad Hegel', 'Heinrich Laube']","['Leipzig', 'Tydskland']",['Storthing'],['«Kongsemnerne»']
69,0,Svar,,,,,"['Dr: Helms', 'Cancelliraad Hegel', 'Heinrich Laube']","['Leipzig', 'Tydskland']",['Storthing'],['«Kongsemnerne»']
70,0,angaaende,,,,,"['Dr: Helms', 'Cancelliraad Hegel', 'Heinrich Laube']","['Leipzig', 'Tydskland']",['Storthing'],['«Kongsemnerne»']
71,0,visse,,,,,"['Dr: Helms', 'Cancelliraad Hegel', 'Heinrich Laube']","['Leipzig', 'Tydskland']",['Storthing'],['«Kongsemnerne»']
72,0,"Forespørgsler,",,,,,"['Dr: Helms', 'Cancelliraad Hegel', 'Heinrich Laube']","['Leipzig', 'Tydskland']",['Storthing'],['«Kongsemnerne»']
73,0,som,,,,,"['Dr: Helms', 'Cancelliraad Hegel', 'Heinrich Laube']","['Leipzig', 'Tydskland']",['Storthing'],['«Kongsemnerne»']
74,0,jeg,,,,,"['Dr: Helms', 'Cancelliraad Hegel', 'Heinrich Laube']","['Leipzig', 'Tydskland']",['Storthing'],['«Kongsemnerne»']
75,0,har,,,,,"['Dr: Helms', 'Cancelliraad Hegel', 'Heinrich Laube']","['Leipzig', 'Tydskland']",['Storthing'],['«Kongsemnerne»']
76,0,ladet,,,,,"['Dr: Helms', 'Cancelliraad Hegel', 'Heinrich Laube']","['Leipzig', 'Tydskland']",['Storthing'],['«Kongsemnerne»']
77,0,anstille,,,,,"['Dr: Helms', 'Cancelliraad Hegel', 'Heinrich Laube']","['Leipzig', 'Tydskland']",['Storthing'],['«Kongsemnerne»']
78,0,i,,,,,"['Dr: Helms', 'Cancelliraad Hegel', 'Heinrich Laube']","['Leipzig', 'Tydskland']",['Storthing'],['«Kongsemnerne»']
79,0,Leipzig.,,,,,"['Dr: Helms', 'Cancelliraad Hegel', 'Heinrich Laube']","['Leipzig', 'Tydskland']",['Storthing'],['«Kongsemnerne»']
80,0,Efter,,,,,"['Dr: Helms', 'Cancelliraad Hegel', 'Heinrich Laube']","['Leipzig', 'Tydskland']",['Storthing'],['«Kongsemnerne»']
81,0,hvad,,,,,"['Dr: Helms', 'Cancelliraad Hegel', 'Heinrich Laube']","['Leipzig', 'Tydskland']",['Storthing'],['«Kongsemnerne»']
82,0,jeg,,,,,"['Dr: Helms', 'Cancelliraad Hegel', 'Heinrich Laube']","['Leipzig', 'Tydskland']",['Storthing'],['«Kongsemnerne»']
83,0,nu,,,,,"['Dr: Helms', 'Cancelliraad Hegel', 'Heinrich Laube']","['Leipzig', 'Tydskland']",['Storthing'],['«Kongsemnerne»']
84,0,har,,,,,"['Dr: Helms', 'Cancelliraad Hegel', 'Heinrich Laube']","['Leipzig', 'Tydskland']",['Storthing'],['«Kongsemnerne»']
85,0,"erfaret,",,,,,"['Dr: Helms', 'Cancelliraad Hegel', 'Heinrich Laube']","['Leipzig', 'Tydskland']",['Storthing'],['«Kongsemnerne»']
86,0,staar,,,,,"['Dr: Helms', 'Cancelliraad Hegel', 'Heinrich Laube']","['Leipzig', 'Tydskland']",['Storthing'],['«Kongsemnerne»']
87,0,nok,,,,,"['Dr: Helms', 'Cancelliraad Hegel', 'Heinrich Laube']","['Leipzig', 'Tydskland']",['Storthing'],['«Kongsemnerne»']
88,0,Dr:,,,,,"['Dr: Helms', 'Cancelliraad Hegel', 'Heinrich Laube']","['Leipzig', 'Tydskland']",['Storthing'],['«Kongsemnerne»']
89,0,Helms,,,,,"['Dr: Helms', 'Cancelliraad Hegel', 'Heinrich Laube']","['Leipzig', 'Tydskland']",['Storthing'],['«Kongsemnerne»']
90,0,ikke,,,,,"['Dr: Helms', 'Cancelliraad Hegel', 'Heinrich Laube']","['Leipzig', 'Tydskland']",['Storthing'],['«Kongsemnerne»']
91,0,længere,,,,,"['Dr: Helms', 'Cancelliraad Hegel', 'Heinrich Laube']","['Leipzig', 'Tydskland']",['Storthing'],['«Kongsemnerne»']
92,0,i,,,,,"['Dr: Helms', 'Cancelliraad Hegel', 'Heinrich Laube']","['Leipzig', 'Tydskland']",['Storthing'],['«Kongsemnerne»']
93,0,Forbindelse,,,,,"['Dr: Helms', 'Cancelliraad Hegel', 'Heinrich Laube']","['Leipzig', 'Tydskland']",['Storthing'],['«Kongsemnerne»']
94,0,med,,,,,"['Dr: Helms', 'Cancelliraad Hegel', 'Heinrich Laube']","['Leipzig', 'Tydskland']",['Storthing'],['«Kongsemnerne»']
95,0,den,,,,,"['Dr: Helms', 'Cancelliraad Hegel', 'Heinrich Laube']","['Leipzig', 'Tydskland']",['Storthing'],['«Kongsemnerne»']
96,0,skandinaviske,,,,,"['Dr: Helms', 'Cancelliraad Hegel', 'Heinrich Laube']","['Leipzig', 'Tydskland']",['Storthing'],['«Kongsemnerne»']
97,0,Boghandel,,,,,"['Dr: Helms', 'Cancelliraad Hegel', 'Heinrich Laube']","['Leipzig', 'Tydskland']",['Storthing'],['«Kongsemnerne»']
98,0,dersteds.,,,,,"['Dr: Helms', 'Cancelliraad Hegel', 'Heinrich Laube']","['Leipzig', 'Tydskland']",['Storthing'],['«Kongsemnerne»']
99,0,Herværende,,,,,"['Dr: Helms', 'Cancelliraad Hegel', 'Heinrich Laube']","['Leipzig', 'Tydskland']",['Storthing'],['«Kongsemnerne»']
100,0,literære,,,,,"['Dr: Helms', 'Cancelliraad Hegel', 'Heinrich Laube']","['Leipzig', 'Tydskland']",['Storthing'],['«Kongsemnerne»']
101,0,Venner,,,,,"['Dr: Helms', 'Cancelliraad Hegel', 'Heinrich Laube']","['Leipzig', 'Tydskland']",['Storthing'],['«Kongsemnerne»']
102,0,har,,,,,"['Dr: Helms', 'Cancelliraad Hegel', 'Heinrich Laube']","['Leipzig', 'Tydskland']",['Storthing'],['«Kongsemnerne»']
103,0,tillraadet,,,,,"['Dr: Helms', 'Cancelliraad Hegel', 'Heinrich Laube']","['Leipzig', 'Tydskland']",['Storthing'],['«Kongsemnerne»']
104,0,at,,,,,"['Dr: Helms', 'Cancelliraad Hegel', 'Heinrich Laube']","['Leipzig', 'Tydskland']",['Storthing'],['«Kongsemnerne»']
105,0,gribe,,,,,"['Dr: Helms', 'Cancelliraad Hegel', 'Heinrich Laube']","['Leipzig', 'Tydskland']",['Storthing'],['«Kongsemnerne»']
106,0,Sagen,,,,,"['Dr: Helms', 'Cancelliraad Hegel', 'Heinrich Laube']","['Leipzig', 'Tydskland']",['Storthing'],['«Kongsemnerne»']
107,0,an,,,,,"['Dr: Helms', 'Cancelliraad Hegel', 'Heinrich Laube']","['Leipzig', 'Tydskland']",['Storthing'],['«Kongsemnerne»']
108,0,paa,,,,,"['Dr: Helms', 'Cancelliraad Hegel', 'Heinrich Laube']","['Leipzig', 'Tydskland']",['Storthing'],['«Kongsemnerne»']
109,0,følgende,,,,,"['Dr: Helms', 'Cancelliraad Hegel', 'Heinrich Laube']","['Leipzig', 'Tydskland']",['Storthing'],['«Kongsemnerne»']
110,0,Maade:,,,,,"['Dr: Helms', 'Cancelliraad Hegel', 'Heinrich Laube']","['Leipzig', 'Tydskland']",['Storthing'],['«Kongsemnerne»']
111,0,De,,,,,"['Dr: Helms', 'Cancelliraad Hegel', 'Heinrich Laube']","['Leipzig', 'Tydskland']",['Storthing'],['«Kongsemnerne»']
112,0,staar,,,,,"['Dr: Helms', 'Cancelliraad Hegel', 'Heinrich Laube']","['Leipzig', 'Tydskland']",['Storthing'],['«Kongsemnerne»']
113,0,jo,,,,,"['Dr: Helms', 'Cancelliraad Hegel', 'Heinrich Laube']","['Leipzig', 'Tydskland']",['Storthing'],['«Kongsemnerne»']
114,0,i,,,,,"['Dr: Helms', 'Cancelliraad Hegel', 'Heinrich Laube']","['Leipzig', 'Tydskland']",['Storthing'],['«Kongsemnerne»']
115,0,Forbindelse,,,,,"['Dr: Helms', 'Cancelliraad Hegel', 'Heinrich Laube']","['Leipzig', 'Tydskland']",['Storthing'],['«Kongsemnerne»']
116,0,med,,,,,"['Dr: Helms', 'Cancelliraad Hegel', 'Heinrich Laube']","['Leipzig', 'Tydskland']",['Storthing'],['«Kongsemnerne»']
117,0,«Leipz:,,,,,"['Dr: Helms', 'Cancelliraad Hegel', 'Heinrich Laube']","['Leipzig', 'Tydskland']",['Storthing'],['«Kongsemnerne»']
118,0,illustr:,,,,,"['Dr: Helms', 'Cancelliraad Hegel', 'Heinrich Laube']","['Leipzig', 'Tydskland']",['Storthing'],['«Kongsemnerne»']
119,0,Zeitung»;,,,,,"['Dr: Helms', 'Cancelliraad Hegel', 'Heinrich Laube']","['Leipzig', 'Tydskland']",['Storthing'],['«Kongsemnerne»']
120,0,var,,,,,"['Dr: Helms', 'Cancelliraad Hegel', 'Heinrich Laube']","['Leipzig', 'Tydskland']",['Storthing'],['«Kongsemnerne»']
121,0,det,,,,,"['Dr: Helms', 'Cancelliraad Hegel', 'Heinrich Laube']","['Leipzig', 'Tydskland']",['Storthing'],['«Kongsemnerne»']
122,0,Dem,,,,,"['Dr: Helms', 'Cancelliraad Hegel', 'Heinrich Laube']","['Leipzig', 'Tydskland']",['Storthing'],['«Kongsemnerne»']
123,0,muligt,,,,,"['Dr: Helms', 'Cancelliraad Hegel', 'Heinrich Laube']","['Leipzig', 'Tydskland']",['Storthing'],['«Kongsemnerne»']
124,0,deri,,,,,"['Dr: Helms', 'Cancelliraad Hegel', 'Heinrich Laube']","['Leipzig', 'Tydskland']",['Storthing'],['«Kongsemnerne»']
125,0,at,,,,,"['Dr: Helms', 'Cancelliraad Hegel', 'Heinrich Laube']","['Leipzig', 'Tydskland']",['Storthing'],['«Kongsemnerne»']
126,0,faa,,,,,"['Dr: Helms', 'Cancelliraad Hegel', 'Heinrich Laube']","['Leipzig', 'Tydskland']",['Storthing'],['«Kongsemnerne»']
127,0,indført,,,,,"['Dr: Helms', 'Cancelliraad Hegel', 'Heinrich Laube']","['Leipzig', 'Tydskland']",['Storthing'],['«Kongsemnerne»']
128,0,en,,,,,"['Dr: Helms', 'Cancelliraad Hegel', 'Heinrich Laube']","['Leipzig', 'Tydskland']",['Storthing'],['«Kongsemnerne»']
129,0,Biografi,,,,,"['Dr: Helms', 'Cancelliraad Hegel', 'Heinrich Laube']","['Leipzig', 'Tydskland']",['Storthing'],['«Kongsemnerne»']
130,0,af,,,,,"['Dr: Helms', 'Cancelliraad Hegel', 'Heinrich Laube']","['Leipzig', 'Tydskland']",['Storthing'],['«Kongsemnerne»']
131,0,"mig,",,,,,"['Dr: Helms', 'Cancelliraad Hegel', 'Heinrich Laube']","['Leipzig', 'Tydskland']",['Storthing'],['«Kongsemnerne»']
132,0,saa,,,,,"['Dr: Helms', 'Cancelliraad Hegel', 'Heinrich Laube']","['Leipzig', 'Tydskland']",['Storthing'],['«Kongsemnerne»']
133,0,skulde,,,,,"['Dr: Helms', 'Cancelliraad Hegel', 'Heinrich Laube']","['Leipzig', 'Tydskland']",['Storthing'],['«Kongsemnerne»']
134,0,jeg,,,,,"['Dr: Helms', 'Cancelliraad Hegel', 'Heinrich Laube']","['Leipzig', 'Tydskland']",['Storthing'],['«Kongsemnerne»']
135,0,selv,,,,,"['Dr: Helms', 'Cancelliraad Hegel', 'Heinrich Laube']","['Leipzig', 'Tydskland']",['Storthing'],['«Kongsemnerne»']
136,0,levere,,,,,"['Dr: Helms', 'Cancelliraad Hegel', 'Heinrich Laube']","['Leipzig', 'Tydskland']",['Storthing'],['«Kongsemnerne»']
137,0,det,,,,,"['Dr: Helms', 'Cancelliraad Hegel', 'Heinrich Laube']","['Leipzig', 'Tydskland']",['Storthing'],['«Kongsemnerne»']
138,0,fornødne,,,,,"['Dr: Helms', 'Cancelliraad Hegel', 'Heinrich Laube']","['Leipzig', 'Tydskland']",['Storthing'],['«Kongsemnerne»']
139,0,Fotografiportræt.,,,,,"['Dr: Helms', 'Cancelliraad Hegel', 'Heinrich Laube']","['Leipzig', 'Tydskland']",['Storthing'],['«Kongsemnerne»']
140,0,De,,,,,"['Dr: Helms', 'Cancelliraad Hegel', 'Heinrich Laube']","['Leipzig', 'Tydskland']",['Storthing'],['«Kongsemnerne»']
141,0,nødvendige,,,,,"['Dr: Helms', 'Cancelliraad Hegel', 'Heinrich Laube']","['Leipzig', 'Tydskland']",['Storthing'],['«Kongsemnerne»']
142,0,Materialier,,,,,"['Dr: Helms', 'Cancelliraad Hegel', 'Heinrich Laube']","['Leipzig', 'Tydskland']",['Storthing'],['«Kongsemnerne»']
143,0,vil,,,,,"['Dr: Helms', 'Cancelliraad Hegel', 'Heinrich Laube']","['Leipzig', 'Tydskland']",['Storthing'],['«Kongsemnerne»']
144,0,Cancelliraad,,,,,"['Dr: Helms', 'Cancelliraad Hegel', 'Heinrich Laube']","['Leipzig', 'Tydskland']",['Storthing'],['«Kongsemnerne»']
145,0,Hegel,,,,,"['Dr: Helms', 'Cancelliraad Hegel', 'Heinrich Laube']","['Leipzig', 'Tydskland']",['Storthing'],['«Kongsemnerne»']
146,0,forsyne,,,,,"['Dr: Helms', 'Cancelliraad Hegel', 'Heinrich Laube']","['Leipzig', 'Tydskland']",['Storthing'],['«Kongsemnerne»']
147,0,Dem,,,,,"['Dr: Helms', 'Cancelliraad Hegel', 'Heinrich Laube']","['Leipzig', 'Tydskland']",['Storthing'],['«Kongsemnerne»']
148,0,med.,,,,,"['Dr: Helms', 'Cancelliraad Hegel', 'Heinrich Laube']","['Leipzig', 'Tydskland']",['Storthing'],['«Kongsemnerne»']
149,0,Biografien,,,,,"['Dr: Helms', 'Cancelliraad Hegel', 'Heinrich Laube']","['Leipzig', 'Tydskland']",['Storthing'],['«Kongsemnerne»']
150,0,burde,,,,,"['Dr: Helms', 'Cancelliraad Hegel', 'Heinrich Laube']","['Leipzig', 'Tydskland']",['Storthing'],['«Kongsemnerne»']
151,0,kun,,,,,"['Dr: Helms', 'Cancelliraad Hegel', 'Heinrich Laube']","['Leipzig', 'Tydskland']",['Storthing'],['«Kongsemnerne»']
152,0,indeholde,,,,,"['Dr: Helms', 'Cancelliraad Hegel', 'Heinrich Laube']","['Leipzig', 'Tydskland']",['Storthing'],['«Kongsemnerne»']
153,0,alt,,,,,"['Dr: Helms', 'Cancelliraad Hegel', 'Heinrich Laube']","['Leipzig', 'Tydskland']",['Storthing'],['«Kongsemnerne»']
154,0,godt;,,,,,"['Dr: Helms', 'Cancelliraad Hegel', 'Heinrich Laube']","['Leipzig', 'Tydskland']",['Storthing'],['«Kongsemnerne»']
155,0,Indvendinger,,,,,"['Dr: Helms', 'Cancelliraad Hegel', 'Heinrich Laube']","['Leipzig', 'Tydskland']",['Storthing'],['«Kongsemnerne»']
156,0,vil,,,,,"['Dr: Helms', 'Cancelliraad Hegel', 'Heinrich Laube']","['Leipzig', 'Tydskland']",['Storthing'],['«Kongsemnerne»']
157,0,den,,,,,"['Dr: Helms', 'Cancelliraad Hegel', 'Heinrich Laube']","['Leipzig', 'Tydskland']",['Storthing'],['«Kongsemnerne»']
158,0,tydske,,,,,"['Dr: Helms', 'Cancelliraad Hegel', 'Heinrich Laube']","['Leipzig', 'Tydskland']",['Storthing'],['«Kongsemnerne»']
159,0,Kritik,,,,,"['Dr: Helms', 'Cancelliraad Hegel', 'Heinrich Laube']","['Leipzig', 'Tydskland']",['Storthing'],['«Kongsemnerne»']
160,0,nok,,,,,"['Dr: Helms', 'Cancelliraad Hegel', 'Heinrich Laube']","['Leipzig', 'Tydskland']",['Storthing'],['«Kongsemnerne»']
161,0,siden,,,,,"['Dr: Helms', 'Cancelliraad Hegel', 'Heinrich Laube']","['Leipzig', 'Tydskland']",['Storthing'],['«Kongsemnerne»']
162,0,præstere.,,,,,"['Dr: Helms', 'Cancelliraad Hegel', 'Heinrich Laube']","['Leipzig', 'Tydskland']",['Storthing'],['«Kongsemnerne»']
163,0,Navnlig,,,,,"['Dr: Helms', 'Cancelliraad Hegel', 'Heinrich Laube']","['Leipzig', 'Tydskland']",['Storthing'],['«Kongsemnerne»']
164,0,skulde,,,,,"['Dr: Helms', 'Cancelliraad Hegel', 'Heinrich Laube']","['Leipzig', 'Tydskland']",['Storthing'],['«Kongsemnerne»']
165,0,jeg,,,,,"['Dr: Helms', 'Cancelliraad Hegel', 'Heinrich Laube']","['Leipzig', 'Tydskland']",['Storthing'],['«Kongsemnerne»']
166,0,ønske,,,,,"['Dr: Helms', 'Cancelliraad Hegel', 'Heinrich Laube']","['Leipzig', 'Tydskland']",['Storthing'],['«Kongsemnerne»']
167,0,at,,,,,"['Dr: Helms', 'Cancelliraad Hegel', 'Heinrich Laube']","['Leipzig', 'Tydskland']",['Storthing'],['«Kongsemnerne»']
168,0,"De,",,,,,"['Dr: Helms', 'Cancelliraad Hegel', 'Heinrich Laube']","['Leipzig', 'Tydskland']",['Storthing'],['«Kongsemnerne»']
169,0,dersom,,,,,"['Dr: Helms', 'Cancelliraad Hegel', 'Heinrich Laube']","['Leipzig', 'Tydskland']",['Storthing'],['«Kongsemnerne»']
170,0,De,,,,,"['Dr: Helms', 'Cancelliraad Hegel', 'Heinrich Laube']","['Leipzig', 'Tydskland']",['Storthing'],['«Kongsemnerne»']
171,0,finder,,,,,"['Dr: Helms', 'Cancelliraad Hegel', 'Heinrich Laube']","['Leipzig', 'Tydskland']",['Storthing'],['«Kongsemnerne»']
172,0,det,,,,,"['Dr: Helms', 'Cancelliraad Hegel', 'Heinrich Laube']","['Leipzig', 'Tydskland']",['Storthing'],['«Kongsemnerne»']
173,0,hensigtsmæssigt,,,,,"['Dr: Helms', 'Cancelliraad Hegel', 'Heinrich Laube']","['Leipzig', 'Tydskland']",['Storthing'],['«Kongsemnerne»']
174,0,at,,,,,"['Dr: Helms', 'Cancelliraad Hegel', 'Heinrich Laube']","['Leipzig', 'Tydskland']",['Storthing'],['«Kongsemnerne»']
175,0,omtale,,,,,"['Dr: Helms', 'Cancelliraad Hegel', 'Heinrich Laube']","['Leipzig', 'Tydskland']",['Storthing'],['«Kongsemnerne»']
176,0,hvad,,,,,"['Dr: Helms', 'Cancelliraad Hegel', 'Heinrich Laube']","['Leipzig', 'Tydskland']",['Storthing'],['«Kongsemnerne»']
177,0,jeg,,,,,"['Dr: Helms', 'Cancelliraad Hegel', 'Heinrich Laube']","['Leipzig', 'Tydskland']",['Storthing'],['«Kongsemnerne»']
178,0,i,,,,,"['Dr: Helms', 'Cancelliraad Hegel', 'Heinrich Laube']","['Leipzig', 'Tydskland']",['Storthing'],['«Kongsemnerne»']
179,0,tidligere,,,,,"['Dr: Helms', 'Cancelliraad Hegel', 'Heinrich Laube']","['Leipzig', 'Tydskland']",['Storthing'],['«Kongsemnerne»']
180,0,Dage,,,,,"['Dr: Helms', 'Cancelliraad Hegel', 'Heinrich Laube']","['Leipzig', 'Tydskland']",['Storthing'],['«Kongsemnerne»']
181,0,har,,,,,"['Dr: Helms', 'Cancelliraad Hegel', 'Heinrich Laube']","['Leipzig', 'Tydskland']",['Storthing'],['«Kongsemnerne»']
182,0,havt,,,,,"['Dr: Helms', 'Cancelliraad Hegel', 'Heinrich Laube']","['Leipzig', 'Tydskland']",['Storthing'],['«Kongsemnerne»']
183,0,at,,,,,"['Dr: Helms', 'Cancelliraad Hegel', 'Heinrich Laube']","['Leipzig', 'Tydskland']",['Storthing'],['«Kongsemnerne»']
184,0,kjæmpe,,,,,"['Dr: Helms', 'Cancelliraad Hegel', 'Heinrich Laube']","['Leipzig', 'Tydskland']",['Storthing'],['«Kongsemnerne»']
185,0,"med,",,,,,"['Dr: Helms', 'Cancelliraad Hegel', 'Heinrich Laube']","['Leipzig', 'Tydskland']",['Storthing'],['«Kongsemnerne»']
186,0,tillige,,,,,"['Dr: Helms', 'Cancelliraad Hegel', 'Heinrich Laube']","['Leipzig', 'Tydskland']",['Storthing'],['«Kongsemnerne»']
187,0,vil,,,,,"['Dr: Helms', 'Cancelliraad Hegel', 'Heinrich Laube']","['Leipzig', 'Tydskland']",['Storthing'],['«Kongsemnerne»']
188,0,fremhæve,,,,,"['Dr: Helms', 'Cancelliraad Hegel', 'Heinrich Laube']","['Leipzig', 'Tydskland']",['Storthing'],['«Kongsemnerne»']
189,0,at,,,,,"['Dr: Helms', 'Cancelliraad Hegel', 'Heinrich Laube']","['Leipzig', 'Tydskland']",['Storthing'],['«Kongsemnerne»']
190,0,Regjering,,,,,"['Dr: Helms', 'Cancelliraad Hegel', 'Heinrich Laube']","['Leipzig', 'Tydskland']",['Storthing'],['«Kongsemnerne»']
191,0,og,,,,,"['Dr: Helms', 'Cancelliraad Hegel', 'Heinrich Laube']","['Leipzig', 'Tydskland']",['Storthing'],['«Kongsemnerne»']
192,0,Storthing,,,,,"['Dr: Helms', 'Cancelliraad Hegel', 'Heinrich Laube']","['Leipzig', 'Tydskland']",['Storthing'],['«Kongsemnerne»']
193,0,i,,,,,"['Dr: Helms', 'Cancelliraad Hegel', 'Heinrich Laube']","['Leipzig', 'Tydskland']",['Storthing'],['«Kongsemnerne»']
194,0,Erkjendelse,,,,,"['Dr: Helms', 'Cancelliraad Hegel', 'Heinrich Laube']","['Leipzig', 'Tydskland']",['Storthing'],['«Kongsemnerne»']
195,0,af,,,,,"['Dr: Helms', 'Cancelliraad Hegel', 'Heinrich Laube']","['Leipzig', 'Tydskland']",['Storthing'],['«Kongsemnerne»']
196,0,den,,,,,"['Dr: Helms', 'Cancelliraad Hegel', 'Heinrich Laube']","['Leipzig', 'Tydskland']",['Storthing'],['«Kongsemnerne»']
197,0,Stilling,,,,,"['Dr: Helms', 'Cancelliraad Hegel', 'Heinrich Laube']","['Leipzig', 'Tydskland']",['Storthing'],['«Kongsemnerne»']
198,0,jeg,,,,,"['Dr: Helms', 'Cancelliraad Hegel', 'Heinrich Laube']","['Leipzig', 'Tydskland']",['Storthing'],['«Kongsemnerne»']
199,0,indtager,,,,,"['Dr: Helms', 'Cancelliraad Hegel', 'Heinrich Laube']","['Leipzig', 'Tydskland']",['Storthing'],['«Kongsemnerne»']
200,0,i,,,,,"['Dr: Helms', 'Cancelliraad Hegel', 'Heinrich Laube']","['Leipzig', 'Tydskland']",['Storthing'],['«Kongsemnerne»']
201,0,den,,,,,"['Dr: Helms', 'Cancelliraad Hegel', 'Heinrich Laube']","['Leipzig', 'Tydskland']",['Storthing'],['«Kongsemnerne»']
202,0,norske,,,,,"['Dr: Helms', 'Cancelliraad Hegel', 'Heinrich Laube']","['Leipzig', 'Tydskland']",['Storthing'],['«Kongsemnerne»']
203,0,"Literatur,",,,,,"['Dr: Helms', 'Cancelliraad Hegel', 'Heinrich Laube']","['Leipzig', 'Tydskland']",['Storthing'],['«Kongsemnerne»']
204,0,for,,,,,"['Dr: Helms', 'Cancelliraad Hegel', 'Heinrich Laube']","['Leipzig', 'Tydskland']",['Storthing'],['«Kongsemnerne»']
205,0,flere,,,,,"['Dr: Helms', 'Cancelliraad Hegel', 'Heinrich Laube']","['Leipzig', 'Tydskland']",['Storthing'],['«Kongsemnerne»']
206,0,Aar,,,,,"['Dr: Helms', 'Cancelliraad Hegel', 'Heinrich Laube']","['Leipzig', 'Tydskland']",['Storthing'],['«Kongsemnerne»']
207,0,siden,,,,,"['Dr: Helms', 'Cancelliraad Hegel', 'Heinrich Laube']","['Leipzig', 'Tydskland']",['Storthing'],['«Kongsemnerne»']
208,0,har,,,,,"['Dr: Helms', 'Cancelliraad Hegel', 'Heinrich Laube']","['Leipzig', 'Tydskland']",['Storthing'],['«Kongsemnerne»']
209,0,enstemmig,,,,,"['Dr: Helms', 'Cancelliraad Hegel', 'Heinrich Laube']","['Leipzig', 'Tydskland']",['Storthing'],['«Kongsemnerne»']
210,0,bevilget,,,,,"['Dr: Helms', 'Cancelliraad Hegel', 'Heinrich Laube']","['Leipzig', 'Tydskland']",['Storthing'],['«Kongsemnerne»']
211,0,mig,,,,,"['Dr: Helms', 'Cancelliraad Hegel', 'Heinrich Laube']","['Leipzig', 'Tydskland']",['Storthing'],['«Kongsemnerne»']
212,0,en,,,,,"['Dr: Helms', 'Cancelliraad Hegel', 'Heinrich Laube']","['Leipzig', 'Tydskland']",['Storthing'],['«Kongsemnerne»']
213,0,livsvarig,,,,,"['Dr: Helms', 'Cancelliraad Hegel', 'Heinrich Laube']","['Leipzig', 'Tydskland']",['Storthing'],['«Kongsemnerne»']
214,0,Gage,,,,,"['Dr: Helms', 'Cancelliraad Hegel', 'Heinrich Laube']","['Leipzig', 'Tydskland']",['Storthing'],['«Kongsemnerne»']
215,0,foruden,,,,,"['Dr: Helms', 'Cancelliraad Hegel', 'Heinrich Laube']","['Leipzig', 'Tydskland']",['Storthing'],['«Kongsemnerne»']
216,0,rigelige,,,,,"['Dr: Helms', 'Cancelliraad Hegel', 'Heinrich Laube']","['Leipzig', 'Tydskland']",['Storthing'],['«Kongsemnerne»']
217,0,Rejsestipendier,,,,,"['Dr: Helms', 'Cancelliraad Hegel', 'Heinrich Laube']","['Leipzig', 'Tydskland']",['Storthing'],['«Kongsemnerne»']
218,0,o.,,,,,"['Dr: Helms', 'Cancelliraad Hegel', 'Heinrich Laube']","['Leipzig', 'Tydskland']",['Storthing'],['«Kongsemnerne»']
219,0,s.,,,,,"['Dr: Helms', 'Cancelliraad Hegel', 'Heinrich Laube']","['Leipzig', 'Tydskland']",['Storthing'],['«Kongsemnerne»']
220,0,v.,,,,,"['Dr: Helms', 'Cancelliraad Hegel', 'Heinrich Laube']","['Leipzig', 'Tydskland']",['Storthing'],['«Kongsemnerne»']
221,0,Kjære,,,,,"['Dr: Helms', 'Cancelliraad Hegel', 'Heinrich Laube']","['Leipzig', 'Tydskland']",['Storthing'],['«Kongsemnerne»']
222,0,Herr,,,,,"['Dr: Helms', 'Cancelliraad Hegel', 'Heinrich Laube']","['Leipzig', 'Tydskland']",['Storthing'],['«Kongsemnerne»']
223,0,"Siebold,",,,,,"['Dr: Helms', 'Cancelliraad Hegel', 'Heinrich Laube']","['Leipzig', 'Tydskland']",['Storthing'],['«Kongsemnerne»']
224,0,De,,,,,"['Dr: Helms', 'Cancelliraad Hegel', 'Heinrich Laube']","['Leipzig', 'Tydskland']",['Storthing'],['«Kongsemnerne»']
225,0,maa,,,,,"['Dr: Helms', 'Cancelliraad Hegel', 'Heinrich Laube']","['Leipzig', 'Tydskland']",['Storthing'],['«Kongsemnerne»']
226,0,ikke,,,,,"['Dr: Helms', 'Cancelliraad Hegel', 'Heinrich Laube']","['Leipzig', 'Tydskland']",['Storthing'],['«Kongsemnerne»']
227,0,misforstaa,,,,,"['Dr: Helms', 'Cancelliraad Hegel', 'Heinrich Laube']","['Leipzig', 'Tydskland']",['Storthing'],['«Kongsemnerne»']
228,0,"dette,",,,,,"['Dr: Helms', 'Cancelliraad Hegel', 'Heinrich Laube']","['Leipzig', 'Tydskland']",['Storthing'],['«Kongsemnerne»']
229,0,som,,,,,"['Dr: Helms', 'Cancelliraad Hegel', 'Heinrich Laube']","['Leipzig', 'Tydskland']",['Storthing'],['«Kongsemnerne»']
230,0,om,,,,,"['Dr: Helms', 'Cancelliraad Hegel', 'Heinrich Laube']","['Leipzig', 'Tydskland']",['Storthing'],['«Kongsemnerne»']
231,0,jeg,,,,,"['Dr: Helms', 'Cancelliraad Hegel', 'Heinrich Laube']","['Leipzig', 'Tydskland']",['Storthing'],['«Kongsemnerne»']
232,0,ønskede,,,,,"['Dr: Helms', 'Cancelliraad Hegel', 'Heinrich Laube']","['Leipzig', 'Tydskland']",['Storthing'],['«Kongsemnerne»']
233,0,at,,,,,"['Dr: Helms', 'Cancelliraad Hegel', 'Heinrich Laube']","['Leipzig', 'Tydskland']",['Storthing'],['«Kongsemnerne»']
234,0,gjøre,,,,,"['Dr: Helms', 'Cancelliraad Hegel', 'Heinrich Laube']","['Leipzig', 'Tydskland']",['Storthing'],['«Kongsemnerne»']
235,0,Humbug;,,,,,"['Dr: Helms', 'Cancelliraad Hegel', 'Heinrich Laube']","['Leipzig', 'Tydskland']",['Storthing'],['«Kongsemnerne»']
236,0,det,,,,,"['Dr: Helms', 'Cancelliraad Hegel', 'Heinrich Laube']","['Leipzig', 'Tydskland']",['Storthing'],['«Kongsemnerne»']
237,0,er,,,,,"['Dr: Helms', 'Cancelliraad Hegel', 'Heinrich Laube']","['Leipzig', 'Tydskland']",['Storthing'],['«Kongsemnerne»']
238,0,min,,,,,"['Dr: Helms', 'Cancelliraad Hegel', 'Heinrich Laube']","['Leipzig', 'Tydskland']",['Storthing'],['«Kongsemnerne»']
239,0,Natur,,,,,"['Dr: Helms', 'Cancelliraad Hegel', 'Heinrich Laube']","['Leipzig', 'Tydskland']",['Storthing'],['«Kongsemnerne»']
240,0,imod;,,,,,"['Dr: Helms', 'Cancelliraad Hegel', 'Heinrich Laube']","['Leipzig', 'Tydskland']",['Storthing'],['«Kongsemnerne»']
241,0,men,,,,,"['Dr: Helms', 'Cancelliraad Hegel', 'Heinrich Laube']","['Leipzig', 'Tydskland']",['Storthing'],['«Kongsemnerne»']
242,0,man,,,,,"['Dr: Helms', 'Cancelliraad Hegel', 'Heinrich Laube']","['Leipzig', 'Tydskland']",['Storthing'],['«Kongsemnerne»']
243,0,forsikkrer,,,,,"['Dr: Helms', 'Cancelliraad Hegel', 'Heinrich Laube']","['Leipzig', 'Tydskland']",['Storthing'],['«Kongsemnerne»']
244,0,mig,,,,,"['Dr: Helms', 'Cancelliraad Hegel', 'Heinrich Laube']","['Leipzig', 'Tydskland']",['Storthing'],['«Kongsemnerne»']
245,0,at,,,,,"['Dr: Helms', 'Cancelliraad Hegel', 'Heinrich Laube']","['Leipzig', 'Tydskland']",['Storthing'],['«Kongsemnerne»']
246,0,saadant,,,,,"['Dr: Helms', 'Cancelliraad Hegel', 'Heinrich Laube']","['Leipzig', 'Tydskland']",['Storthing'],['«Kongsemnerne»']
247,0,er,,,,,"['Dr: Helms', 'Cancelliraad Hegel', 'Heinrich Laube']","['Leipzig', 'Tydskland']",['Storthing'],['«Kongsemnerne»']
248,0,nødvendigt.,,,,,"['Dr: Helms', 'Cancelliraad Hegel', 'Heinrich Laube']","['Leipzig', 'Tydskland']",['Storthing'],['«Kongsemnerne»']
249,0,Var,,,,,"['Dr: Helms', 'Cancelliraad Hegel', 'Heinrich Laube']","['Leipzig', 'Tydskland']",['Storthing'],['«Kongsemnerne»']
250,0,mit,,,,,"['Dr: Helms', 'Cancelliraad Hegel', 'Heinrich Laube']","['Leipzig', 'Tydskland']",['Storthing'],['«Kongsemnerne»']
251,0,Navn,,,,,"['Dr: Helms', 'Cancelliraad Hegel', 'Heinrich Laube']","['Leipzig', 'Tydskland']",['Storthing'],['«Kongsemnerne»']
252,0,paa,,,,,"['Dr: Helms', 'Cancelliraad Hegel', 'Heinrich Laube']","['Leipzig', 'Tydskland']",['Storthing'],['«Kongsemnerne»']
253,0,den,,,,,"['Dr: Helms', 'Cancelliraad Hegel', 'Heinrich Laube']","['Leipzig', 'Tydskland']",['Storthing'],['«Kongsemnerne»']
254,0,Maade,,,,,"['Dr: Helms', 'Cancelliraad Hegel', 'Heinrich Laube']","['Leipzig', 'Tydskland']",['Storthing'],['«Kongsemnerne»']
255,0,indført,,,,,"['Dr: Helms', 'Cancelliraad Hegel', 'Heinrich Laube']","['Leipzig', 'Tydskland']",['Storthing'],['«Kongsemnerne»']
256,0,i,,,,,"['Dr: Helms', 'Cancelliraad Hegel', 'Heinrich Laube']","['Leipzig', 'Tydskland']",['Storthing'],['«Kongsemnerne»']
257,0,"Tydskland,",,,,,"['Dr: Helms', 'Cancelliraad Hegel', 'Heinrich Laube']","['Leipzig', 'Tydskland']",['Storthing'],['«Kongsemnerne»']
258,0,saa,,,,,"['Dr: Helms', 'Cancelliraad Hegel', 'Heinrich Laube']","['Leipzig', 'Tydskland']",['Storthing'],['«Kongsemnerne»']
259,0,vilde,,,,,"['Dr: Helms', 'Cancelliraad Hegel', 'Heinrich Laube']","['Leipzig', 'Tydskland']",['Storthing'],['«Kongsemnerne»']
260,0,det,,,,,"['Dr: Helms', 'Cancelliraad Hegel', 'Heinrich Laube']","['Leipzig', 'Tydskland']",['Storthing'],['«Kongsemnerne»']
261,0,gaa,,,,,"['Dr: Helms', 'Cancelliraad Hegel', 'Heinrich Laube']","['Leipzig', 'Tydskland']",['Storthing'],['«Kongsemnerne»']
262,0,langt,,,,,"['Dr: Helms', 'Cancelliraad Hegel', 'Heinrich Laube']","['Leipzig', 'Tydskland']",['Storthing'],['«Kongsemnerne»']
263,0,lettere,,,,,"['Dr: Helms', 'Cancelliraad Hegel', 'Heinrich Laube']","['Leipzig', 'Tydskland']",['Storthing'],['«Kongsemnerne»']
264,0,at,,,,,"['Dr: Helms', 'Cancelliraad Hegel', 'Heinrich Laube']","['Leipzig', 'Tydskland']",['Storthing'],['«Kongsemnerne»']
265,0,faa,,,,,"['Dr: Helms', 'Cancelliraad Hegel', 'Heinrich Laube']","['Leipzig', 'Tydskland']",['Storthing'],['«Kongsemnerne»']
266,0,Deres,,,,,"['Dr: Helms', 'Cancelliraad Hegel', 'Heinrich Laube']","['Leipzig', 'Tydskland']",['Storthing'],['«Kongsemnerne»']
267,0,Oversættelse,,,,,"['Dr: Helms', 'Cancelliraad Hegel', 'Heinrich Laube']","['Leipzig', 'Tydskland']",['Storthing'],['«Kongsemnerne»']
268,0,udgiven.,,,,,"['Dr: Helms', 'Cancelliraad Hegel', 'Heinrich Laube']","['Leipzig', 'Tydskland']",['Storthing'],['«Kongsemnerne»']
269,0,Hvis,,,,,"['Dr: Helms', 'Cancelliraad Hegel', 'Heinrich Laube']","['Leipzig', 'Tydskland']",['Storthing'],['«Kongsemnerne»']
270,0,De,,,,,"['Dr: Helms', 'Cancelliraad Hegel', 'Heinrich Laube']","['Leipzig', 'Tydskland']",['Storthing'],['«Kongsemnerne»']
271,0,da,,,,,"['Dr: Helms', 'Cancelliraad Hegel', 'Heinrich Laube']","['Leipzig', 'Tydskland']",['Storthing'],['«Kongsemnerne»']
272,0,senere,,,,,"['Dr: Helms', 'Cancelliraad Hegel', 'Heinrich Laube']","['Leipzig', 'Tydskland']",['Storthing'],['«Kongsemnerne»']
273,0,vilde,,,,,"['Dr: Helms', 'Cancelliraad Hegel', 'Heinrich Laube']","['Leipzig', 'Tydskland']",['Storthing'],['«Kongsemnerne»']
274,0,sende,,,,,"['Dr: Helms', 'Cancelliraad Hegel', 'Heinrich Laube']","['Leipzig', 'Tydskland']",['Storthing'],['«Kongsemnerne»']
275,0,mig,,,,,"['Dr: Helms', 'Cancelliraad Hegel', 'Heinrich Laube']","['Leipzig', 'Tydskland']",['Storthing'],['«Kongsemnerne»']
276,0,"denne,",,,,,"['Dr: Helms', 'Cancelliraad Hegel', 'Heinrich Laube']","['Leipzig', 'Tydskland']",['Storthing'],['«Kongsemnerne»']
277,0,saa,,,,,"['Dr: Helms', 'Cancelliraad Hegel', 'Heinrich Laube']","['Leipzig', 'Tydskland']",['Storthing'],['«Kongsemnerne»']
278,0,skulde,,,,,"['Dr: Helms', 'Cancelliraad Hegel', 'Heinrich Laube']","['Leipzig', 'Tydskland']",['Storthing'],['«Kongsemnerne»']
279,0,jeg,,,,,"['Dr: Helms', 'Cancelliraad Hegel', 'Heinrich Laube']","['Leipzig', 'Tydskland']",['Storthing'],['«Kongsemnerne»']
280,0,selv,,,,,"['Dr: Helms', 'Cancelliraad Hegel', 'Heinrich Laube']","['Leipzig', 'Tydskland']",['Storthing'],['«Kongsemnerne»']
281,0,rejse,,,,,"['Dr: Helms', 'Cancelliraad Hegel', 'Heinrich Laube']","['Leipzig', 'Tydskland']",['Storthing'],['«Kongsemnerne»']
282,0,dermed,,,,,"['Dr: Helms', 'Cancelliraad Hegel', 'Heinrich Laube']","['Leipzig', 'Tydskland']",['Storthing'],['«Kongsemnerne»']
283,0,till,,,,,"['Dr: Helms', 'Cancelliraad Hegel', 'Heinrich Laube']","['Leipzig', 'Tydskland']",['Storthing'],['«Kongsemnerne»']
284,0,"Leipzig,",,,,,"['Dr: Helms', 'Cancelliraad Hegel', 'Heinrich Laube']","['Leipzig', 'Tydskland']",['Storthing'],['«Kongsemnerne»']
285,0,faa,,,,,"['Dr: Helms', 'Cancelliraad Hegel', 'Heinrich Laube']","['Leipzig', 'Tydskland']",['Storthing'],['«Kongsemnerne»']
286,0,Oversættelsen,,,,,"['Dr: Helms', 'Cancelliraad Hegel', 'Heinrich Laube']","['Leipzig', 'Tydskland']",['Storthing'],['«Kongsemnerne»']
287,0,bebudet,,,,,"['Dr: Helms', 'Cancelliraad Hegel', 'Heinrich Laube']","['Leipzig', 'Tydskland']",['Storthing'],['«Kongsemnerne»']
288,0,i,,,,,"['Dr: Helms', 'Cancelliraad Hegel', 'Heinrich Laube']","['Leipzig', 'Tydskland']",['Storthing'],['«Kongsemnerne»']
289,0,et,,,,,"['Dr: Helms', 'Cancelliraad Hegel', 'Heinrich Laube']","['Leipzig', 'Tydskland']",['Storthing'],['«Kongsemnerne»']
290,0,eller,,,,,"['Dr: Helms', 'Cancelliraad Hegel', 'Heinrich Laube']","['Leipzig', 'Tydskland']",['Storthing'],['«Kongsemnerne»']
291,0,andet,,,,,"['Dr: Helms', 'Cancelliraad Hegel', 'Heinrich Laube']","['Leipzig', 'Tydskland']",['Storthing'],['«Kongsemnerne»']
292,0,"Tidsskrift,",,,,,"['Dr: Helms', 'Cancelliraad Hegel', 'Heinrich Laube']","['Leipzig', 'Tydskland']",['Storthing'],['«Kongsemnerne»']
293,0,tale,,,,,"['Dr: Helms', 'Cancelliraad Hegel', 'Heinrich Laube']","['Leipzig', 'Tydskland']",['Storthing'],['«Kongsemnerne»']
294,0,med,,,,,"['Dr: Helms', 'Cancelliraad Hegel', 'Heinrich Laube']","['Leipzig', 'Tydskland']",['Storthing'],['«Kongsemnerne»']
295,0,Vedkommende,,,,,"['Dr: Helms', 'Cancelliraad Hegel', 'Heinrich Laube']","['Leipzig', 'Tydskland']",['Storthing'],['«Kongsemnerne»']
296,0,og,,,,,"['Dr: Helms', 'Cancelliraad Hegel', 'Heinrich Laube']","['Leipzig', 'Tydskland']",['Storthing'],['«Kongsemnerne»']
297,0,ikke,,,,,"['Dr: Helms', 'Cancelliraad Hegel', 'Heinrich Laube']","['Leipzig', 'Tydskland']",['Storthing'],['«Kongsemnerne»']
298,0,vige,,,,,"['Dr: Helms', 'Cancelliraad Hegel', 'Heinrich Laube']","['Leipzig', 'Tydskland']",['Storthing'],['«Kongsemnerne»']
299,0,før,,,,,"['Dr: Helms', 'Cancelliraad Hegel', 'Heinrich Laube']","['Leipzig', 'Tydskland']",['Storthing'],['«Kongsemnerne»']
300,0,Bogen,,,,,"['Dr: Helms', 'Cancelliraad Hegel', 'Heinrich Laube']","['Leipzig', 'Tydskland']",['Storthing'],['«Kongsemnerne»']
301,0,var,,,,,"['Dr: Helms', 'Cancelliraad Hegel', 'Heinrich Laube']","['Leipzig', 'Tydskland']",['Storthing'],['«Kongsemnerne»']
302,0,udgiven.,,,,,"['Dr: Helms', 'Cancelliraad Hegel', 'Heinrich Laube']","['Leipzig', 'Tydskland']",['Storthing'],['«Kongsemnerne»']
303,0,Fortalen,,,,,"['Dr: Helms', 'Cancelliraad Hegel', 'Heinrich Laube']","['Leipzig', 'Tydskland']",['Storthing'],['«Kongsemnerne»']
304,0,kunde,,,,,"['Dr: Helms', 'Cancelliraad Hegel', 'Heinrich Laube']","['Leipzig', 'Tydskland']",['Storthing'],['«Kongsemnerne»']
305,0,"da,",,,,,"['Dr: Helms', 'Cancelliraad Hegel', 'Heinrich Laube']","['Leipzig', 'Tydskland']",['Storthing'],['«Kongsemnerne»']
306,0,med,,,,,"['Dr: Helms', 'Cancelliraad Hegel', 'Heinrich Laube']","['Leipzig', 'Tydskland']",['Storthing'],['«Kongsemnerne»']
307,0,Henvisning,,,,,"['Dr: Helms', 'Cancelliraad Hegel', 'Heinrich Laube']","['Leipzig', 'Tydskland']",['Storthing'],['«Kongsemnerne»']
308,0,till,,,,,"['Dr: Helms', 'Cancelliraad Hegel', 'Heinrich Laube']","['Leipzig', 'Tydskland']",['Storthing'],['«Kongsemnerne»']
309,0,"Biografien,",,,,,"['Dr: Helms', 'Cancelliraad Hegel', 'Heinrich Laube']","['Leipzig', 'Tydskland']",['Storthing'],['«Kongsemnerne»']
310,0,gjøres,,,,,"['Dr: Helms', 'Cancelliraad Hegel', 'Heinrich Laube']","['Leipzig', 'Tydskland']",['Storthing'],['«Kongsemnerne»']
311,0,betydeligt,,,,,"['Dr: Helms', 'Cancelliraad Hegel', 'Heinrich Laube']","['Leipzig', 'Tydskland']",['Storthing'],['«Kongsemnerne»']
312,0,kortere.,,,,,"['Dr: Helms', 'Cancelliraad Hegel', 'Heinrich Laube']","['Leipzig', 'Tydskland']",['Storthing'],['«Kongsemnerne»']
313,0,Synes,,,,,"['Dr: Helms', 'Cancelliraad Hegel', 'Heinrich Laube']","['Leipzig', 'Tydskland']",['Storthing'],['«Kongsemnerne»']
314,0,De,,,,,"['Dr: Helms', 'Cancelliraad Hegel', 'Heinrich Laube']","['Leipzig', 'Tydskland']",['Storthing'],['«Kongsemnerne»']
315,0,godt,,,,,"['Dr: Helms', 'Cancelliraad Hegel', 'Heinrich Laube']","['Leipzig', 'Tydskland']",['Storthing'],['«Kongsemnerne»']
316,0,om,,,,,"['Dr: Helms', 'Cancelliraad Hegel', 'Heinrich Laube']","['Leipzig', 'Tydskland']",['Storthing'],['«Kongsemnerne»']
317,0,dette,,,,,"['Dr: Helms', 'Cancelliraad Hegel', 'Heinrich Laube']","['Leipzig', 'Tydskland']",['Storthing'],['«Kongsemnerne»']
318,0,"Forslag,",,,,,"['Dr: Helms', 'Cancelliraad Hegel', 'Heinrich Laube']","['Leipzig', 'Tydskland']",['Storthing'],['«Kongsemnerne»']
319,0,saa,,,,,"['Dr: Helms', 'Cancelliraad Hegel', 'Heinrich Laube']","['Leipzig', 'Tydskland']",['Storthing'],['«Kongsemnerne»']
320,0,skriv,,,,,"['Dr: Helms', 'Cancelliraad Hegel', 'Heinrich Laube']","['Leipzig', 'Tydskland']",['Storthing'],['«Kongsemnerne»']
321,0,mig,,,,,"['Dr: Helms', 'Cancelliraad Hegel', 'Heinrich Laube']","['Leipzig', 'Tydskland']",['Storthing'],['«Kongsemnerne»']
322,0,till;,,,,,"['Dr: Helms', 'Cancelliraad Hegel', 'Heinrich Laube']","['Leipzig', 'Tydskland']",['Storthing'],['«Kongsemnerne»']
323,0,jeg,,,,,"['Dr: Helms', 'Cancelliraad Hegel', 'Heinrich Laube']","['Leipzig', 'Tydskland']",['Storthing'],['«Kongsemnerne»']
324,0,har,,,,,"['Dr: Helms', 'Cancelliraad Hegel', 'Heinrich Laube']","['Leipzig', 'Tydskland']",['Storthing'],['«Kongsemnerne»']
325,0,fra,,,,,"['Dr: Helms', 'Cancelliraad Hegel', 'Heinrich Laube']","['Leipzig', 'Tydskland']",['Storthing'],['«Kongsemnerne»']
326,0,nu,,,,,"['Dr: Helms', 'Cancelliraad Hegel', 'Heinrich Laube']","['Leipzig', 'Tydskland']",['Storthing'],['«Kongsemnerne»']
327,0,af,,,,,"['Dr: Helms', 'Cancelliraad Hegel', 'Heinrich Laube']","['Leipzig', 'Tydskland']",['Storthing'],['«Kongsemnerne»']
328,0,Tiden,,,,,"['Dr: Helms', 'Cancelliraad Hegel', 'Heinrich Laube']","['Leipzig', 'Tydskland']",['Storthing'],['«Kongsemnerne»']
329,0,till,,,,,"['Dr: Helms', 'Cancelliraad Hegel', 'Heinrich Laube']","['Leipzig', 'Tydskland']",['Storthing'],['«Kongsemnerne»']
330,0,min,,,,,"['Dr: Helms', 'Cancelliraad Hegel', 'Heinrich Laube']","['Leipzig', 'Tydskland']",['Storthing'],['«Kongsemnerne»']
331,0,Raadighed,,,,,"['Dr: Helms', 'Cancelliraad Hegel', 'Heinrich Laube']","['Leipzig', 'Tydskland']",['Storthing'],['«Kongsemnerne»']
332,0,og,,,,,"['Dr: Helms', 'Cancelliraad Hegel', 'Heinrich Laube']","['Leipzig', 'Tydskland']",['Storthing'],['«Kongsemnerne»']
333,0,vil,,,,,"['Dr: Helms', 'Cancelliraad Hegel', 'Heinrich Laube']","['Leipzig', 'Tydskland']",['Storthing'],['«Kongsemnerne»']
334,0,gjøre,,,,,"['Dr: Helms', 'Cancelliraad Hegel', 'Heinrich Laube']","['Leipzig', 'Tydskland']",['Storthing'],['«Kongsemnerne»']
335,0,alt,,,,,"['Dr: Helms', 'Cancelliraad Hegel', 'Heinrich Laube']","['Leipzig', 'Tydskland']",['Storthing'],['«Kongsemnerne»']
336,0,muligt,,,,,"['Dr: Helms', 'Cancelliraad Hegel', 'Heinrich Laube']","['Leipzig', 'Tydskland']",['Storthing'],['«Kongsemnerne»']
337,0,for,,,,,"['Dr: Helms', 'Cancelliraad Hegel', 'Heinrich Laube']","['Leipzig', 'Tydskland']",['Storthing'],['«Kongsemnerne»']
338,0,at,,,,,"['Dr: Helms', 'Cancelliraad Hegel', 'Heinrich Laube']","['Leipzig', 'Tydskland']",['Storthing'],['«Kongsemnerne»']
339,0,fremme,,,,,"['Dr: Helms', 'Cancelliraad Hegel', 'Heinrich Laube']","['Leipzig', 'Tydskland']",['Storthing'],['«Kongsemnerne»']
340,0,et,,,,,"['Dr: Helms', 'Cancelliraad Hegel', 'Heinrich Laube']","['Leipzig', 'Tydskland']",['Storthing'],['«Kongsemnerne»']
341,0,"Foretagende,",,,,,"['Dr: Helms', 'Cancelliraad Hegel', 'Heinrich Laube']","['Leipzig', 'Tydskland']",['Storthing'],['«Kongsemnerne»']
342,0,som,,,,,"['Dr: Helms', 'Cancelliraad Hegel', 'Heinrich Laube']","['Leipzig', 'Tydskland']",['Storthing'],['«Kongsemnerne»']
343,0,er,,,,,"['Dr: Helms', 'Cancelliraad Hegel', 'Heinrich Laube']","['Leipzig', 'Tydskland']",['Storthing'],['«Kongsemnerne»']
344,0,saa,,,,,"['Dr: Helms', 'Cancelliraad Hegel', 'Heinrich Laube']","['Leipzig', 'Tydskland']",['Storthing'],['«Kongsemnerne»']
345,0,meget,,,,,"['Dr: Helms', 'Cancelliraad Hegel', 'Heinrich Laube']","['Leipzig', 'Tydskland']",['Storthing'],['«Kongsemnerne»']
346,0,i,,,,,"['Dr: Helms', 'Cancelliraad Hegel', 'Heinrich Laube']","['Leipzig', 'Tydskland']",['Storthing'],['«Kongsemnerne»']
347,0,min,,,,,"['Dr: Helms', 'Cancelliraad Hegel', 'Heinrich Laube']","['Leipzig', 'Tydskland']",['Storthing'],['«Kongsemnerne»']
348,0,egen,,,,,"['Dr: Helms', 'Cancelliraad Hegel', 'Heinrich Laube']","['Leipzig', 'Tydskland']",['Storthing'],['«Kongsemnerne»']
349,0,Interesse.,,,,,"['Dr: Helms', 'Cancelliraad Hegel', 'Heinrich Laube']","['Leipzig', 'Tydskland']",['Storthing'],['«Kongsemnerne»']
350,0,Jeg,,,,,"['Dr: Helms', 'Cancelliraad Hegel', 'Heinrich Laube']","['Leipzig', 'Tydskland']",['Storthing'],['«Kongsemnerne»']
351,0,har,,,,,"['Dr: Helms', 'Cancelliraad Hegel', 'Heinrich Laube']","['Leipzig', 'Tydskland']",['Storthing'],['«Kongsemnerne»']
352,0,den,,,,,"['Dr: Helms', 'Cancelliraad Hegel', 'Heinrich Laube']","['Leipzig', 'Tydskland']",['Storthing'],['«Kongsemnerne»']
353,0,Tro,,,,,"['Dr: Helms', 'Cancelliraad Hegel', 'Heinrich Laube']","['Leipzig', 'Tydskland']",['Storthing'],['«Kongsemnerne»']
354,0,at,,,,,"['Dr: Helms', 'Cancelliraad Hegel', 'Heinrich Laube']","['Leipzig', 'Tydskland']",['Storthing'],['«Kongsemnerne»']
355,0,ogsaa,,,,,"['Dr: Helms', 'Cancelliraad Hegel', 'Heinrich Laube']","['Leipzig', 'Tydskland']",['Storthing'],['«Kongsemnerne»']
356,0,«Kongsemnerne»,,,,,"['Dr: Helms', 'Cancelliraad Hegel', 'Heinrich Laube']","['Leipzig', 'Tydskland']",['Storthing'],['«Kongsemnerne»']
357,0,maatte,,,,,"['Dr: Helms', 'Cancelliraad Hegel', 'Heinrich Laube']","['Leipzig', 'Tydskland']",['Storthing'],['«Kongsemnerne»']
358,0,kunne,,,,,"['Dr: Helms', 'Cancelliraad Hegel', 'Heinrich Laube']","['Leipzig', 'Tydskland']",['Storthing'],['«Kongsemnerne»']
359,0,oversættes,,,,,"['Dr: Helms', 'Cancelliraad Hegel', 'Heinrich Laube']","['Leipzig', 'Tydskland']",['Storthing'],['«Kongsemnerne»']
360,0,og,,,,,"['Dr: Helms', 'Cancelliraad Hegel', 'Heinrich Laube']","['Leipzig', 'Tydskland']",['Storthing'],['«Kongsemnerne»']
361,0,gives,,,,,"['Dr: Helms', 'Cancelliraad Hegel', 'Heinrich Laube']","['Leipzig', 'Tydskland']",['Storthing'],['«Kongsemnerne»']
362,0,paa,,,,,"['Dr: Helms', 'Cancelliraad Hegel', 'Heinrich Laube']","['Leipzig', 'Tydskland']",['Storthing'],['«Kongsemnerne»']
363,0,tydske,,,,,"['Dr: Helms', 'Cancelliraad Hegel', 'Heinrich Laube']","['Leipzig', 'Tydskland']",['Storthing'],['«Kongsemnerne»']
364,0,Theatre;,,,,,"['Dr: Helms', 'Cancelliraad Hegel', 'Heinrich Laube']","['Leipzig', 'Tydskland']",['Storthing'],['«Kongsemnerne»']
365,0,Stykkets,,,,,"['Dr: Helms', 'Cancelliraad Hegel', 'Heinrich Laube']","['Leipzig', 'Tydskland']",['Storthing'],['«Kongsemnerne»']
366,0,Indhold,,,,,"['Dr: Helms', 'Cancelliraad Hegel', 'Heinrich Laube']","['Leipzig', 'Tydskland']",['Storthing'],['«Kongsemnerne»']
367,0,passer,,,,,"['Dr: Helms', 'Cancelliraad Hegel', 'Heinrich Laube']","['Leipzig', 'Tydskland']",['Storthing'],['«Kongsemnerne»']
368,0,mærkværdigt,,,,,"['Dr: Helms', 'Cancelliraad Hegel', 'Heinrich Laube']","['Leipzig', 'Tydskland']",['Storthing'],['«Kongsemnerne»']
369,0,paa,,,,,"['Dr: Helms', 'Cancelliraad Hegel', 'Heinrich Laube']","['Leipzig', 'Tydskland']",['Storthing'],['«Kongsemnerne»']
370,0,de,,,,,"['Dr: Helms', 'Cancelliraad Hegel', 'Heinrich Laube']","['Leipzig', 'Tydskland']",['Storthing'],['«Kongsemnerne»']
371,0,nyere,,,,,"['Dr: Helms', 'Cancelliraad Hegel', 'Heinrich Laube']","['Leipzig', 'Tydskland']",['Storthing'],['«Kongsemnerne»']
372,0,tydske,,,,,"['Dr: Helms', 'Cancelliraad Hegel', 'Heinrich Laube']","['Leipzig', 'Tydskland']",['Storthing'],['«Kongsemnerne»']
373,0,"Forholde,",,,,,"['Dr: Helms', 'Cancelliraad Hegel', 'Heinrich Laube']","['Leipzig', 'Tydskland']",['Storthing'],['«Kongsemnerne»']
374,0,Landsdelenes,,,,,"['Dr: Helms', 'Cancelliraad Hegel', 'Heinrich Laube']","['Leipzig', 'Tydskland']",['Storthing'],['«Kongsemnerne»']
375,0,Samling,,,,,"['Dr: Helms', 'Cancelliraad Hegel', 'Heinrich Laube']","['Leipzig', 'Tydskland']",['Storthing'],['«Kongsemnerne»']
376,0,under,,,,,"['Dr: Helms', 'Cancelliraad Hegel', 'Heinrich Laube']","['Leipzig', 'Tydskland']",['Storthing'],['«Kongsemnerne»']
377,0,et,,,,,"['Dr: Helms', 'Cancelliraad Hegel', 'Heinrich Laube']","['Leipzig', 'Tydskland']",['Storthing'],['«Kongsemnerne»']
378,0,"Overhoved,",,,,,"['Dr: Helms', 'Cancelliraad Hegel', 'Heinrich Laube']","['Leipzig', 'Tydskland']",['Storthing'],['«Kongsemnerne»']
379,0,o.,,,,,"['Dr: Helms', 'Cancelliraad Hegel', 'Heinrich Laube']","['Leipzig', 'Tydskland']",['Storthing'],['«Kongsemnerne»']
380,0,s.,,,,,"['Dr: Helms', 'Cancelliraad Hegel', 'Heinrich Laube']","['Leipzig', 'Tydskland']",['Storthing'],['«Kongsemnerne»']
381,0,v,,,,,"['Dr: Helms', 'Cancelliraad Hegel', 'Heinrich Laube']","['Leipzig', 'Tydskland']",['Storthing'],['«Kongsemnerne»']
382,0,"–,",,,,,"['Dr: Helms', 'Cancelliraad Hegel', 'Heinrich Laube']","['Leipzig', 'Tydskland']",['Storthing'],['«Kongsemnerne»']
383,0,og,,,,,"['Dr: Helms', 'Cancelliraad Hegel', 'Heinrich Laube']","['Leipzig', 'Tydskland']",['Storthing'],['«Kongsemnerne»']
384,0,var,,,,,"['Dr: Helms', 'Cancelliraad Hegel', 'Heinrich Laube']","['Leipzig', 'Tydskland']",['Storthing'],['«Kongsemnerne»']
385,0,jeg,,,,,"['Dr: Helms', 'Cancelliraad Hegel', 'Heinrich Laube']","['Leipzig', 'Tydskland']",['Storthing'],['«Kongsemnerne»']
386,0,først,,,,,"['Dr: Helms', 'Cancelliraad Hegel', 'Heinrich Laube']","['Leipzig', 'Tydskland']",['Storthing'],['«Kongsemnerne»']
387,0,kjendt,,,,,"['Dr: Helms', 'Cancelliraad Hegel', 'Heinrich Laube']","['Leipzig', 'Tydskland']",['Storthing'],['«Kongsemnerne»']
388,0,"her,",,,,,"['Dr: Helms', 'Cancelliraad Hegel', 'Heinrich Laube']","['Leipzig', 'Tydskland']",['Storthing'],['«Kongsemnerne»']
389,0,saa,,,,,"['Dr: Helms', 'Cancelliraad Hegel', 'Heinrich Laube']","['Leipzig', 'Tydskland']",['Storthing'],['«Kongsemnerne»']
390,0,nærer,,,,,"['Dr: Helms', 'Cancelliraad Hegel', 'Heinrich Laube']","['Leipzig', 'Tydskland']",['Storthing'],['«Kongsemnerne»']
391,0,jeg,,,,,"['Dr: Helms', 'Cancelliraad Hegel', 'Heinrich Laube']","['Leipzig', 'Tydskland']",['Storthing'],['«Kongsemnerne»']
392,0,ikke,,,,,"['Dr: Helms', 'Cancelliraad Hegel', 'Heinrich Laube']","['Leipzig', 'Tydskland']",['Storthing'],['«Kongsemnerne»']
393,0,Tvivl,,,,,"['Dr: Helms', 'Cancelliraad Hegel', 'Heinrich Laube']","['Leipzig', 'Tydskland']",['Storthing'],['«Kongsemnerne»']
394,0,om,,,,,"['Dr: Helms', 'Cancelliraad Hegel', 'Heinrich Laube']","['Leipzig', 'Tydskland']",['Storthing'],['«Kongsemnerne»']
395,0,at,,,,,"['Dr: Helms', 'Cancelliraad Hegel', 'Heinrich Laube']","['Leipzig', 'Tydskland']",['Storthing'],['«Kongsemnerne»']
396,0,jeg,,,,,"['Dr: Helms', 'Cancelliraad Hegel', 'Heinrich Laube']","['Leipzig', 'Tydskland']",['Storthing'],['«Kongsemnerne»']
397,0,skulde,,,,,"['Dr: Helms', 'Cancelliraad Hegel', 'Heinrich Laube']","['Leipzig', 'Tydskland']",['Storthing'],['«Kongsemnerne»']
398,0,formaa,,,,,"['Dr: Helms', 'Cancelliraad Hegel', 'Heinrich Laube']","['Leipzig', 'Tydskland']",['Storthing'],['«Kongsemnerne»']
399,0,Leipzigs,,,,,"['Dr: Helms', 'Cancelliraad Hegel', 'Heinrich Laube']","['Leipzig', 'Tydskland']",['Storthing'],['«Kongsemnerne»']
400,0,nuværende,,,,,"['Dr: Helms', 'Cancelliraad Hegel', 'Heinrich Laube']","['Leipzig', 'Tydskland']",['Storthing'],['«Kongsemnerne»']
401,0,"Theaterdirektør,",,,,,"['Dr: Helms', 'Cancelliraad Hegel', 'Heinrich Laube']","['Leipzig', 'Tydskland']",['Storthing'],['«Kongsemnerne»']
402,0,Heinrich,,,,,"['Dr: Helms', 'Cancelliraad Hegel', 'Heinrich Laube']","['Leipzig', 'Tydskland']",['Storthing'],['«Kongsemnerne»']
403,0,"Laube,",,,,,"['Dr: Helms', 'Cancelliraad Hegel', 'Heinrich Laube']","['Leipzig', 'Tydskland']",['Storthing'],['«Kongsemnerne»']
404,0,till,,,,,"['Dr: Helms', 'Cancelliraad Hegel', 'Heinrich Laube']","['Leipzig', 'Tydskland']",['Storthing'],['«Kongsemnerne»']
405,0,at,,,,,"['Dr: Helms', 'Cancelliraad Hegel', 'Heinrich Laube']","['Leipzig', 'Tydskland']",['Storthing'],['«Kongsemnerne»']
406,0,gjøre,,,,,"['Dr: Helms', 'Cancelliraad Hegel', 'Heinrich Laube']","['Leipzig', 'Tydskland']",['Storthing'],['«Kongsemnerne»']
407,0,Begyndelsen.,,,,,"['Dr: Helms', 'Cancelliraad Hegel', 'Heinrich Laube']","['Leipzig', 'Tydskland']",['Storthing'],['«Kongsemnerne»']
408,0,Dog,,,,,"['Dr: Helms', 'Cancelliraad Hegel', 'Heinrich Laube']","['Leipzig', 'Tydskland']",['Storthing'],['«Kongsemnerne»']
409,0,dette,,,,,"['Dr: Helms', 'Cancelliraad Hegel', 'Heinrich Laube']","['Leipzig', 'Tydskland']",['Storthing'],['«Kongsemnerne»']
410,0,sidste,,,,,"['Dr: Helms', 'Cancelliraad Hegel', 'Heinrich Laube']","['Leipzig', 'Tydskland']",['Storthing'],['«Kongsemnerne»']
411,0,er,,,,,"['Dr: Helms', 'Cancelliraad Hegel', 'Heinrich Laube']","['Leipzig', 'Tydskland']",['Storthing'],['«Kongsemnerne»']
412,0,Fremtidsplaner.,,,,,"['Dr: Helms', 'Cancelliraad Hegel', 'Heinrich Laube']","['Leipzig', 'Tydskland']",['Storthing'],['«Kongsemnerne»']
413,0,For,,,,,"['Dr: Helms', 'Cancelliraad Hegel', 'Heinrich Laube']","['Leipzig', 'Tydskland']",['Storthing'],['«Kongsemnerne»']
414,0,Øjeblikket,,,,,"['Dr: Helms', 'Cancelliraad Hegel', 'Heinrich Laube']","['Leipzig', 'Tydskland']",['Storthing'],['«Kongsemnerne»']
415,0,beder,,,,,"['Dr: Helms', 'Cancelliraad Hegel', 'Heinrich Laube']","['Leipzig', 'Tydskland']",['Storthing'],['«Kongsemnerne»']
416,0,jeg,,,,,"['Dr: Helms', 'Cancelliraad Hegel', 'Heinrich Laube']","['Leipzig', 'Tydskland']",['Storthing'],['«Kongsemnerne»']
417,0,om,,,,,"['Dr: Helms', 'Cancelliraad Hegel', 'Heinrich Laube']","['Leipzig', 'Tydskland']",['Storthing'],['«Kongsemnerne»']
418,0,Deres,,,,,"['Dr: Helms', 'Cancelliraad Hegel', 'Heinrich Laube']","['Leipzig', 'Tydskland']",['Storthing'],['«Kongsemnerne»']
419,0,Svar,,,,,"['Dr: Helms', 'Cancelliraad Hegel', 'Heinrich Laube']","['Leipzig', 'Tydskland']",['Storthing'],['«Kongsemnerne»']
420,0,angaaende,,,,,"['Dr: Helms', 'Cancelliraad Hegel', 'Heinrich Laube']","['Leipzig', 'Tydskland']",['Storthing'],['«Kongsemnerne»']
421,0,"Biografien,",,,,,"['Dr: Helms', 'Cancelliraad Hegel', 'Heinrich Laube']","['Leipzig', 'Tydskland']",['Storthing'],['«Kongsemnerne»']
422,0,og,,,,,"['Dr: Helms', 'Cancelliraad Hegel', 'Heinrich Laube']","['Leipzig', 'Tydskland']",['Storthing'],['«Kongsemnerne»']
423,0,beder,,,,,"['Dr: Helms', 'Cancelliraad Hegel', 'Heinrich Laube']","['Leipzig', 'Tydskland']",['Storthing'],['«Kongsemnerne»']
424,0,Dem,,,,,"['Dr: Helms', 'Cancelliraad Hegel', 'Heinrich Laube']","['Leipzig', 'Tydskland']",['Storthing'],['«Kongsemnerne»']
425,0,tillige,,,,,"['Dr: Helms', 'Cancelliraad Hegel', 'Heinrich Laube']","['Leipzig', 'Tydskland']",['Storthing'],['«Kongsemnerne»']
426,0,om,,,,,"['Dr: Helms', 'Cancelliraad Hegel', 'Heinrich Laube']","['Leipzig', 'Tydskland']",['Storthing'],['«Kongsemnerne»']
427,0,at,,,,,"['Dr: Helms', 'Cancelliraad Hegel', 'Heinrich Laube']","['Leipzig', 'Tydskland']",['Storthing'],['«Kongsemnerne»']
428,0,bevare,,,,,"['Dr: Helms', 'Cancelliraad Hegel', 'Heinrich Laube']","['Leipzig', 'Tydskland']",['Storthing'],['«Kongsemnerne»']
429,0,mig,,,,,"['Dr: Helms', 'Cancelliraad Hegel', 'Heinrich Laube']","['Leipzig', 'Tydskland']",['Storthing'],['«Kongsemnerne»']
430,0,i,,,,,"['Dr: Helms', 'Cancelliraad Hegel', 'Heinrich Laube']","['Leipzig', 'Tydskland']",['Storthing'],['«Kongsemnerne»']
431,0,samme,,,,,"['Dr: Helms', 'Cancelliraad Hegel', 'Heinrich Laube']","['Leipzig', 'Tydskland']",['Storthing'],['«Kongsemnerne»']
432,0,venlige,,,,,"['Dr: Helms', 'Cancelliraad Hegel', 'Heinrich Laube']","['Leipzig', 'Tydskland']",['Storthing'],['«Kongsemnerne»']
433,0,"Erindring,",,,,,"['Dr: Helms', 'Cancelliraad Hegel', 'Heinrich Laube']","['Leipzig', 'Tydskland']",['Storthing'],['«Kongsemnerne»']
434,0,hvormed,,,,,"['Dr: Helms', 'Cancelliraad Hegel', 'Heinrich Laube']","['Leipzig', 'Tydskland']",['Storthing'],['«Kongsemnerne»']
435,0,jeg,,,,,"['Dr: Helms', 'Cancelliraad Hegel', 'Heinrich Laube']","['Leipzig', 'Tydskland']",['Storthing'],['«Kongsemnerne»']
436,0,stedse,,,,,"['Dr: Helms', 'Cancelliraad Hegel', 'Heinrich Laube']","['Leipzig', 'Tydskland']",['Storthing'],['«Kongsemnerne»']
437,0,skal,,,,,"['Dr: Helms', 'Cancelliraad Hegel', 'Heinrich Laube']","['Leipzig', 'Tydskland']",['Storthing'],['«Kongsemnerne»']
438,0,omfatte,,,,,"['Dr: Helms', 'Cancelliraad Hegel', 'Heinrich Laube']","['Leipzig', 'Tydskland']",['Storthing'],['«Kongsemnerne»']
439,0,Dem.,,,,,"['Dr: Helms', 'Cancelliraad Hegel', 'Heinrich Laube']","['Leipzig', 'Tydskland']",['Storthing'],['«Kongsemnerne»']
