,,0,human_annotation,who,dacy_medium,spacy_trf,person,place,org,work
0,0,Da,,,,,['Grev Platens'],[],[],[]
1,0,jeg,,,,,['Grev Platens'],[],[],[]
2,0,paa,,,,,['Grev Platens'],[],[],[]
3,0,Grund,,,,,['Grev Platens'],[],[],[]
4,0,af,,,,,['Grev Platens'],[],[],[]
5,0,uforudseede,,,,,['Grev Platens'],[],[],[]
6,0,Forretninger,,,,,['Grev Platens'],[],[],[]
7,0,ikke,,,,,['Grev Platens'],[],[],[]
8,0,er,,,,,['Grev Platens'],[],[],[]
9,0,istand,,,,,['Grev Platens'],[],[],[]
10,0,til,,,,,['Grev Platens'],[],[],[]
11,0,personlig,,,,,['Grev Platens'],[],[],[]
12,0,at,,,,,['Grev Platens'],[],[],[]
13,0,indfinde,,,,,['Grev Platens'],[],[],[]
14,0,"mig,",,,,,['Grev Platens'],[],[],[]
15,0,tillader,,,,,['Grev Platens'],[],[],[]
16,0,jeg,,,,,['Grev Platens'],[],[],[]
17,0,mig,,,,,['Grev Platens'],[],[],[]
18,0,at,,,,,['Grev Platens'],[],[],[]
19,0,fremsende,,,,,['Grev Platens'],[],[],[]
20,0,Grev,,,,,['Grev Platens'],[],[],[]
21,0,Platens,,,,,['Grev Platens'],[],[],[]
22,0,Biografi,,,,,['Grev Platens'],[],[],[]
23,0,i,,,,,['Grev Platens'],[],[],[]
24,0,den,,,,,['Grev Platens'],[],[],[]
25,0,"Form,",,,,,['Grev Platens'],[],[],[]
26,0,hvori,,,,,['Grev Platens'],[],[],[]
27,0,jeg,,,,,['Grev Platens'],[],[],[]
28,0,tror,,,,,['Grev Platens'],[],[],[]
29,0,den,,,,,['Grev Platens'],[],[],[]
30,0,passende,,,,,['Grev Platens'],[],[],[]
31,0,maa,,,,,['Grev Platens'],[],[],[]
32,0,kunne,,,,,['Grev Platens'],[],[],[]
33,0,benyttes;,,,,,['Grev Platens'],[],[],[]
34,0,skulde,,,,,['Grev Platens'],[],[],[]
35,0,nogen,,,,,['Grev Platens'],[],[],[]
36,0,Unøiagtighed,,,,,['Grev Platens'],[],[],[]
37,0,have,,,,,['Grev Platens'],[],[],[]
38,0,indsneget,,,,,['Grev Platens'],[],[],[]
39,0,"sig,",,,,,['Grev Platens'],[],[],[]
40,0,skal,,,,,['Grev Platens'],[],[],[]
41,0,saadant,,,,,['Grev Platens'],[],[],[]
42,0,blive,,,,,['Grev Platens'],[],[],[]
43,0,rettet,,,,,['Grev Platens'],[],[],[]
44,0,i,,,,,['Grev Platens'],[],[],[]
45,0,Correkturen.,,,,,['Grev Platens'],[],[],[]
