,,0,human_annotation,who,dacy_medium,spacy_trf,person,place,org,work
0,0,Du,,,,,"['Hedevall', 'Reimann', 'Hans Kone', 'Johan', 'J: J:', 'Carl Aamodt']","['Grimstad', 'Skiens']",[],[]
1,0,maa,,,,,"['Hedevall', 'Reimann', 'Hans Kone', 'Johan', 'J: J:', 'Carl Aamodt']","['Grimstad', 'Skiens']",[],[]
2,0,virkelig,,,,,"['Hedevall', 'Reimann', 'Hans Kone', 'Johan', 'J: J:', 'Carl Aamodt']","['Grimstad', 'Skiens']",[],[]
3,0,"undskylde,",,,,,"['Hedevall', 'Reimann', 'Hans Kone', 'Johan', 'J: J:', 'Carl Aamodt']","['Grimstad', 'Skiens']",[],[]
4,0,at,,,,,"['Hedevall', 'Reimann', 'Hans Kone', 'Johan', 'J: J:', 'Carl Aamodt']","['Grimstad', 'Skiens']",[],[]
5,0,jeg,,,,,"['Hedevall', 'Reimann', 'Hans Kone', 'Johan', 'J: J:', 'Carl Aamodt']","['Grimstad', 'Skiens']",[],[]
6,0,først,,,,,"['Hedevall', 'Reimann', 'Hans Kone', 'Johan', 'J: J:', 'Carl Aamodt']","['Grimstad', 'Skiens']",[],[]
7,0,nu,,,,,"['Hedevall', 'Reimann', 'Hans Kone', 'Johan', 'J: J:', 'Carl Aamodt']","['Grimstad', 'Skiens']",[],[]
8,0,besvarer,,,,,"['Hedevall', 'Reimann', 'Hans Kone', 'Johan', 'J: J:', 'Carl Aamodt']","['Grimstad', 'Skiens']",[],[]
9,0,Dit,,,,,"['Hedevall', 'Reimann', 'Hans Kone', 'Johan', 'J: J:', 'Carl Aamodt']","['Grimstad', 'Skiens']",[],[]
10,0,"Brev,",,,,,"['Hedevall', 'Reimann', 'Hans Kone', 'Johan', 'J: J:', 'Carl Aamodt']","['Grimstad', 'Skiens']",[],[]
11,0,men,,,,,"['Hedevall', 'Reimann', 'Hans Kone', 'Johan', 'J: J:', 'Carl Aamodt']","['Grimstad', 'Skiens']",[],[]
12,0,her,,,,,"['Hedevall', 'Reimann', 'Hans Kone', 'Johan', 'J: J:', 'Carl Aamodt']","['Grimstad', 'Skiens']",[],[]
13,0,har,,,,,"['Hedevall', 'Reimann', 'Hans Kone', 'Johan', 'J: J:', 'Carl Aamodt']","['Grimstad', 'Skiens']",[],[]
14,0,været,,,,,"['Hedevall', 'Reimann', 'Hans Kone', 'Johan', 'J: J:', 'Carl Aamodt']","['Grimstad', 'Skiens']",[],[]
15,0,saameget,,,,,"['Hedevall', 'Reimann', 'Hans Kone', 'Johan', 'J: J:', 'Carl Aamodt']","['Grimstad', 'Skiens']",[],[]
16,0,at,,,,,"['Hedevall', 'Reimann', 'Hans Kone', 'Johan', 'J: J:', 'Carl Aamodt']","['Grimstad', 'Skiens']",[],[]
17,0,bestille,,,,,"['Hedevall', 'Reimann', 'Hans Kone', 'Johan', 'J: J:', 'Carl Aamodt']","['Grimstad', 'Skiens']",[],[]
18,0,i,,,,,"['Hedevall', 'Reimann', 'Hans Kone', 'Johan', 'J: J:', 'Carl Aamodt']","['Grimstad', 'Skiens']",[],[]
19,0,denne,,,,,"['Hedevall', 'Reimann', 'Hans Kone', 'Johan', 'J: J:', 'Carl Aamodt']","['Grimstad', 'Skiens']",[],[]
20,0,"Tid,",,,,,"['Hedevall', 'Reimann', 'Hans Kone', 'Johan', 'J: J:', 'Carl Aamodt']","['Grimstad', 'Skiens']",[],[]
21,0,at,,,,,"['Hedevall', 'Reimann', 'Hans Kone', 'Johan', 'J: J:', 'Carl Aamodt']","['Grimstad', 'Skiens']",[],[]
22,0,det,,,,,"['Hedevall', 'Reimann', 'Hans Kone', 'Johan', 'J: J:', 'Carl Aamodt']","['Grimstad', 'Skiens']",[],[]
23,0,har,,,,,"['Hedevall', 'Reimann', 'Hans Kone', 'Johan', 'J: J:', 'Carl Aamodt']","['Grimstad', 'Skiens']",[],[]
24,0,været,,,,,"['Hedevall', 'Reimann', 'Hans Kone', 'Johan', 'J: J:', 'Carl Aamodt']","['Grimstad', 'Skiens']",[],[]
25,0,mig,,,,,"['Hedevall', 'Reimann', 'Hans Kone', 'Johan', 'J: J:', 'Carl Aamodt']","['Grimstad', 'Skiens']",[],[]
26,0,umuligt,,,,,"['Hedevall', 'Reimann', 'Hans Kone', 'Johan', 'J: J:', 'Carl Aamodt']","['Grimstad', 'Skiens']",[],[]
27,0,"før,",,,,,"['Hedevall', 'Reimann', 'Hans Kone', 'Johan', 'J: J:', 'Carl Aamodt']","['Grimstad', 'Skiens']",[],[]
28,0,og,,,,,"['Hedevall', 'Reimann', 'Hans Kone', 'Johan', 'J: J:', 'Carl Aamodt']","['Grimstad', 'Skiens']",[],[]
29,0,af,,,,,"['Hedevall', 'Reimann', 'Hans Kone', 'Johan', 'J: J:', 'Carl Aamodt']","['Grimstad', 'Skiens']",[],[]
30,0,Mangel,,,,,"['Hedevall', 'Reimann', 'Hans Kone', 'Johan', 'J: J:', 'Carl Aamodt']","['Grimstad', 'Skiens']",[],[]
31,0,paa,,,,,"['Hedevall', 'Reimann', 'Hans Kone', 'Johan', 'J: J:', 'Carl Aamodt']","['Grimstad', 'Skiens']",[],[]
32,0,Tid,,,,,"['Hedevall', 'Reimann', 'Hans Kone', 'Johan', 'J: J:', 'Carl Aamodt']","['Grimstad', 'Skiens']",[],[]
33,0,kan,,,,,"['Hedevall', 'Reimann', 'Hans Kone', 'Johan', 'J: J:', 'Carl Aamodt']","['Grimstad', 'Skiens']",[],[]
34,0,jeg,,,,,"['Hedevall', 'Reimann', 'Hans Kone', 'Johan', 'J: J:', 'Carl Aamodt']","['Grimstad', 'Skiens']",[],[]
35,0,heller,,,,,"['Hedevall', 'Reimann', 'Hans Kone', 'Johan', 'J: J:', 'Carl Aamodt']","['Grimstad', 'Skiens']",[],[]
36,0,ikke,,,,,"['Hedevall', 'Reimann', 'Hans Kone', 'Johan', 'J: J:', 'Carl Aamodt']","['Grimstad', 'Skiens']",[],[]
37,0,idag,,,,,"['Hedevall', 'Reimann', 'Hans Kone', 'Johan', 'J: J:', 'Carl Aamodt']","['Grimstad', 'Skiens']",[],[]
38,0,skrive,,,,,"['Hedevall', 'Reimann', 'Hans Kone', 'Johan', 'J: J:', 'Carl Aamodt']","['Grimstad', 'Skiens']",[],[]
39,0,noget,,,,,"['Hedevall', 'Reimann', 'Hans Kone', 'Johan', 'J: J:', 'Carl Aamodt']","['Grimstad', 'Skiens']",[],[]
40,0,langt,,,,,"['Hedevall', 'Reimann', 'Hans Kone', 'Johan', 'J: J:', 'Carl Aamodt']","['Grimstad', 'Skiens']",[],[]
41,0,Brev.,,,,,"['Hedevall', 'Reimann', 'Hans Kone', 'Johan', 'J: J:', 'Carl Aamodt']","['Grimstad', 'Skiens']",[],[]
42,0,–,,,,,"['Hedevall', 'Reimann', 'Hans Kone', 'Johan', 'J: J:', 'Carl Aamodt']","['Grimstad', 'Skiens']",[],[]
43,0,Hedevall,,,,,"['Hedevall', 'Reimann', 'Hans Kone', 'Johan', 'J: J:', 'Carl Aamodt']","['Grimstad', 'Skiens']",[],[]
44,0,er,,,,,"['Hedevall', 'Reimann', 'Hans Kone', 'Johan', 'J: J:', 'Carl Aamodt']","['Grimstad', 'Skiens']",[],[]
45,0,vel,,,,,"['Hedevall', 'Reimann', 'Hans Kone', 'Johan', 'J: J:', 'Carl Aamodt']","['Grimstad', 'Skiens']",[],[]
46,0,allerede,,,,,"['Hedevall', 'Reimann', 'Hans Kone', 'Johan', 'J: J:', 'Carl Aamodt']","['Grimstad', 'Skiens']",[],[]
47,0,"reist,",,,,,"['Hedevall', 'Reimann', 'Hans Kone', 'Johan', 'J: J:', 'Carl Aamodt']","['Grimstad', 'Skiens']",[],[]
48,0,og,,,,,"['Hedevall', 'Reimann', 'Hans Kone', 'Johan', 'J: J:', 'Carl Aamodt']","['Grimstad', 'Skiens']",[],[]
49,0,han,,,,,"['Hedevall', 'Reimann', 'Hans Kone', 'Johan', 'J: J:', 'Carl Aamodt']","['Grimstad', 'Skiens']",[],[]
50,0,vil,,,,,"['Hedevall', 'Reimann', 'Hans Kone', 'Johan', 'J: J:', 'Carl Aamodt']","['Grimstad', 'Skiens']",[],[]
51,0,vist,,,,,"['Hedevall', 'Reimann', 'Hans Kone', 'Johan', 'J: J:', 'Carl Aamodt']","['Grimstad', 'Skiens']",[],[]
52,0,blive,,,,,"['Hedevall', 'Reimann', 'Hans Kone', 'Johan', 'J: J:', 'Carl Aamodt']","['Grimstad', 'Skiens']",[],[]
53,0,"fornøiet,",,,,,"['Hedevall', 'Reimann', 'Hans Kone', 'Johan', 'J: J:', 'Carl Aamodt']","['Grimstad', 'Skiens']",[],[]
54,0,idetmindste,,,,,"['Hedevall', 'Reimann', 'Hans Kone', 'Johan', 'J: J:', 'Carl Aamodt']","['Grimstad', 'Skiens']",[],[]
55,0,er,,,,,"['Hedevall', 'Reimann', 'Hans Kone', 'Johan', 'J: J:', 'Carl Aamodt']","['Grimstad', 'Skiens']",[],[]
56,0,jeg,,,,,"['Hedevall', 'Reimann', 'Hans Kone', 'Johan', 'J: J:', 'Carl Aamodt']","['Grimstad', 'Skiens']",[],[]
57,0,meget,,,,,"['Hedevall', 'Reimann', 'Hans Kone', 'Johan', 'J: J:', 'Carl Aamodt']","['Grimstad', 'Skiens']",[],[]
58,0,vel,,,,,"['Hedevall', 'Reimann', 'Hans Kone', 'Johan', 'J: J:', 'Carl Aamodt']","['Grimstad', 'Skiens']",[],[]
59,0,tilfreds,,,,,"['Hedevall', 'Reimann', 'Hans Kone', 'Johan', 'J: J:', 'Carl Aamodt']","['Grimstad', 'Skiens']",[],[]
60,0,og,,,,,"['Hedevall', 'Reimann', 'Hans Kone', 'Johan', 'J: J:', 'Carl Aamodt']","['Grimstad', 'Skiens']",[],[]
61,0,har,,,,,"['Hedevall', 'Reimann', 'Hans Kone', 'Johan', 'J: J:', 'Carl Aamodt']","['Grimstad', 'Skiens']",[],[]
62,0,aldrig,,,,,"['Hedevall', 'Reimann', 'Hans Kone', 'Johan', 'J: J:', 'Carl Aamodt']","['Grimstad', 'Skiens']",[],[]
63,0,angret,,,,,"['Hedevall', 'Reimann', 'Hans Kone', 'Johan', 'J: J:', 'Carl Aamodt']","['Grimstad', 'Skiens']",[],[]
64,0,at,,,,,"['Hedevall', 'Reimann', 'Hans Kone', 'Johan', 'J: J:', 'Carl Aamodt']","['Grimstad', 'Skiens']",[],[]
65,0,jeg,,,,,"['Hedevall', 'Reimann', 'Hans Kone', 'Johan', 'J: J:', 'Carl Aamodt']","['Grimstad', 'Skiens']",[],[]
66,0,er,,,,,"['Hedevall', 'Reimann', 'Hans Kone', 'Johan', 'J: J:', 'Carl Aamodt']","['Grimstad', 'Skiens']",[],[]
67,0,kommen,,,,,"['Hedevall', 'Reimann', 'Hans Kone', 'Johan', 'J: J:', 'Carl Aamodt']","['Grimstad', 'Skiens']",[],[]
68,0,"hid,",,,,,"['Hedevall', 'Reimann', 'Hans Kone', 'Johan', 'J: J:', 'Carl Aamodt']","['Grimstad', 'Skiens']",[],[]
69,0,da,,,,,"['Hedevall', 'Reimann', 'Hans Kone', 'Johan', 'J: J:', 'Carl Aamodt']","['Grimstad', 'Skiens']",[],[]
70,0,Reimann,,,,,"['Hedevall', 'Reimann', 'Hans Kone', 'Johan', 'J: J:', 'Carl Aamodt']","['Grimstad', 'Skiens']",[],[]
71,0,er,,,,,"['Hedevall', 'Reimann', 'Hans Kone', 'Johan', 'J: J:', 'Carl Aamodt']","['Grimstad', 'Skiens']",[],[]
72,0,meget,,,,,"['Hedevall', 'Reimann', 'Hans Kone', 'Johan', 'J: J:', 'Carl Aamodt']","['Grimstad', 'Skiens']",[],[]
73,0,god,,,,,"['Hedevall', 'Reimann', 'Hans Kone', 'Johan', 'J: J:', 'Carl Aamodt']","['Grimstad', 'Skiens']",[],[]
74,0,imod,,,,,"['Hedevall', 'Reimann', 'Hans Kone', 'Johan', 'J: J:', 'Carl Aamodt']","['Grimstad', 'Skiens']",[],[]
75,0,"mig,",,,,,"['Hedevall', 'Reimann', 'Hans Kone', 'Johan', 'J: J:', 'Carl Aamodt']","['Grimstad', 'Skiens']",[],[]
76,0,og,,,,,"['Hedevall', 'Reimann', 'Hans Kone', 'Johan', 'J: J:', 'Carl Aamodt']","['Grimstad', 'Skiens']",[],[]
77,0,gjør,,,,,"['Hedevall', 'Reimann', 'Hans Kone', 'Johan', 'J: J:', 'Carl Aamodt']","['Grimstad', 'Skiens']",[],[]
78,0,alt,,,,,"['Hedevall', 'Reimann', 'Hans Kone', 'Johan', 'J: J:', 'Carl Aamodt']","['Grimstad', 'Skiens']",[],[]
79,0,"muligt,",,,,,"['Hedevall', 'Reimann', 'Hans Kone', 'Johan', 'J: J:', 'Carl Aamodt']","['Grimstad', 'Skiens']",[],[]
80,0,for,,,,,"['Hedevall', 'Reimann', 'Hans Kone', 'Johan', 'J: J:', 'Carl Aamodt']","['Grimstad', 'Skiens']",[],[]
81,0,at,,,,,"['Hedevall', 'Reimann', 'Hans Kone', 'Johan', 'J: J:', 'Carl Aamodt']","['Grimstad', 'Skiens']",[],[]
82,0,opvække,,,,,"['Hedevall', 'Reimann', 'Hans Kone', 'Johan', 'J: J:', 'Carl Aamodt']","['Grimstad', 'Skiens']",[],[]
83,0,Lyst,,,,,"['Hedevall', 'Reimann', 'Hans Kone', 'Johan', 'J: J:', 'Carl Aamodt']","['Grimstad', 'Skiens']",[],[]
84,0,hos,,,,,"['Hedevall', 'Reimann', 'Hans Kone', 'Johan', 'J: J:', 'Carl Aamodt']","['Grimstad', 'Skiens']",[],[]
85,0,mig,,,,,"['Hedevall', 'Reimann', 'Hans Kone', 'Johan', 'J: J:', 'Carl Aamodt']","['Grimstad', 'Skiens']",[],[]
86,0,til,,,,,"['Hedevall', 'Reimann', 'Hans Kone', 'Johan', 'J: J:', 'Carl Aamodt']","['Grimstad', 'Skiens']",[],[]
87,0,"Apotheket,",,,,,"['Hedevall', 'Reimann', 'Hans Kone', 'Johan', 'J: J:', 'Carl Aamodt']","['Grimstad', 'Skiens']",[],[]
88,0,da,,,,,"['Hedevall', 'Reimann', 'Hans Kone', 'Johan', 'J: J:', 'Carl Aamodt']","['Grimstad', 'Skiens']",[],[]
89,0,denne,,,,,"['Hedevall', 'Reimann', 'Hans Kone', 'Johan', 'J: J:', 'Carl Aamodt']","['Grimstad', 'Skiens']",[],[]
90,0,i,,,,,"['Hedevall', 'Reimann', 'Hans Kone', 'Johan', 'J: J:', 'Carl Aamodt']","['Grimstad', 'Skiens']",[],[]
91,0,Begyndelsen,,,,,"['Hedevall', 'Reimann', 'Hans Kone', 'Johan', 'J: J:', 'Carl Aamodt']","['Grimstad', 'Skiens']",[],[]
92,0,ikke,,,,,"['Hedevall', 'Reimann', 'Hans Kone', 'Johan', 'J: J:', 'Carl Aamodt']","['Grimstad', 'Skiens']",[],[]
93,0,var,,,,,"['Hedevall', 'Reimann', 'Hans Kone', 'Johan', 'J: J:', 'Carl Aamodt']","['Grimstad', 'Skiens']",[],[]
94,0,synderlig,,,,,"['Hedevall', 'Reimann', 'Hans Kone', 'Johan', 'J: J:', 'Carl Aamodt']","['Grimstad', 'Skiens']",[],[]
95,0,stor.,,,,,"['Hedevall', 'Reimann', 'Hans Kone', 'Johan', 'J: J:', 'Carl Aamodt']","['Grimstad', 'Skiens']",[],[]
96,0,Hans,,,,,"['Hedevall', 'Reimann', 'Hans Kone', 'Johan', 'J: J:', 'Carl Aamodt']","['Grimstad', 'Skiens']",[],[]
97,0,Kone,,,,,"['Hedevall', 'Reimann', 'Hans Kone', 'Johan', 'J: J:', 'Carl Aamodt']","['Grimstad', 'Skiens']",[],[]
98,0,derimod,,,,,"['Hedevall', 'Reimann', 'Hans Kone', 'Johan', 'J: J:', 'Carl Aamodt']","['Grimstad', 'Skiens']",[],[]
99,0,gjør,,,,,"['Hedevall', 'Reimann', 'Hans Kone', 'Johan', 'J: J:', 'Carl Aamodt']","['Grimstad', 'Skiens']",[],[]
100,0,jeg,,,,,"['Hedevall', 'Reimann', 'Hans Kone', 'Johan', 'J: J:', 'Carl Aamodt']","['Grimstad', 'Skiens']",[],[]
101,0,langtfra,,,,,"['Hedevall', 'Reimann', 'Hans Kone', 'Johan', 'J: J:', 'Carl Aamodt']","['Grimstad', 'Skiens']",[],[]
102,0,ikke,,,,,"['Hedevall', 'Reimann', 'Hans Kone', 'Johan', 'J: J:', 'Carl Aamodt']","['Grimstad', 'Skiens']",[],[]
103,0,saameget,,,,,"['Hedevall', 'Reimann', 'Hans Kone', 'Johan', 'J: J:', 'Carl Aamodt']","['Grimstad', 'Skiens']",[],[]
104,0,"af,",,,,,"['Hedevall', 'Reimann', 'Hans Kone', 'Johan', 'J: J:', 'Carl Aamodt']","['Grimstad', 'Skiens']",[],[]
105,0,og,,,,,"['Hedevall', 'Reimann', 'Hans Kone', 'Johan', 'J: J:', 'Carl Aamodt']","['Grimstad', 'Skiens']",[],[]
106,0,vi,,,,,"['Hedevall', 'Reimann', 'Hans Kone', 'Johan', 'J: J:', 'Carl Aamodt']","['Grimstad', 'Skiens']",[],[]
107,0,ere,,,,,"['Hedevall', 'Reimann', 'Hans Kone', 'Johan', 'J: J:', 'Carl Aamodt']","['Grimstad', 'Skiens']",[],[]
108,0,ofte,,,,,"['Hedevall', 'Reimann', 'Hans Kone', 'Johan', 'J: J:', 'Carl Aamodt']","['Grimstad', 'Skiens']",[],[]
109,0,"Uvenner,",,,,,"['Hedevall', 'Reimann', 'Hans Kone', 'Johan', 'J: J:', 'Carl Aamodt']","['Grimstad', 'Skiens']",[],[]
110,0,da,,,,,"['Hedevall', 'Reimann', 'Hans Kone', 'Johan', 'J: J:', 'Carl Aamodt']","['Grimstad', 'Skiens']",[],[]
111,0,det,,,,,"['Hedevall', 'Reimann', 'Hans Kone', 'Johan', 'J: J:', 'Carl Aamodt']","['Grimstad', 'Skiens']",[],[]
112,0,er,,,,,"['Hedevall', 'Reimann', 'Hans Kone', 'Johan', 'J: J:', 'Carl Aamodt']","['Grimstad', 'Skiens']",[],[]
113,0,umuligt,,,,,"['Hedevall', 'Reimann', 'Hans Kone', 'Johan', 'J: J:', 'Carl Aamodt']","['Grimstad', 'Skiens']",[],[]
114,0,at,,,,,"['Hedevall', 'Reimann', 'Hans Kone', 'Johan', 'J: J:', 'Carl Aamodt']","['Grimstad', 'Skiens']",[],[]
115,0,gjøre,,,,,"['Hedevall', 'Reimann', 'Hans Kone', 'Johan', 'J: J:', 'Carl Aamodt']","['Grimstad', 'Skiens']",[],[]
116,0,hende,,,,,"['Hedevall', 'Reimann', 'Hans Kone', 'Johan', 'J: J:', 'Carl Aamodt']","['Grimstad', 'Skiens']",[],[]
117,0,Noget,,,,,"['Hedevall', 'Reimann', 'Hans Kone', 'Johan', 'J: J:', 'Carl Aamodt']","['Grimstad', 'Skiens']",[],[]
118,0,tilpas.,,,,,"['Hedevall', 'Reimann', 'Hans Kone', 'Johan', 'J: J:', 'Carl Aamodt']","['Grimstad', 'Skiens']",[],[]
119,0,Reimann,,,,,"['Hedevall', 'Reimann', 'Hans Kone', 'Johan', 'J: J:', 'Carl Aamodt']","['Grimstad', 'Skiens']",[],[]
120,0,er,,,,,"['Hedevall', 'Reimann', 'Hans Kone', 'Johan', 'J: J:', 'Carl Aamodt']","['Grimstad', 'Skiens']",[],[]
121,0,ogsaa,,,,,"['Hedevall', 'Reimann', 'Hans Kone', 'Johan', 'J: J:', 'Carl Aamodt']","['Grimstad', 'Skiens']",[],[]
122,0,"Postmester,",,,,,"['Hedevall', 'Reimann', 'Hans Kone', 'Johan', 'J: J:', 'Carl Aamodt']","['Grimstad', 'Skiens']",[],[]
123,0,og,,,,,"['Hedevall', 'Reimann', 'Hans Kone', 'Johan', 'J: J:', 'Carl Aamodt']","['Grimstad', 'Skiens']",[],[]
124,0,Du,,,,,"['Hedevall', 'Reimann', 'Hans Kone', 'Johan', 'J: J:', 'Carl Aamodt']","['Grimstad', 'Skiens']",[],[]
125,0,kan,,,,,"['Hedevall', 'Reimann', 'Hans Kone', 'Johan', 'J: J:', 'Carl Aamodt']","['Grimstad', 'Skiens']",[],[]
126,0,derfor,,,,,"['Hedevall', 'Reimann', 'Hans Kone', 'Johan', 'J: J:', 'Carl Aamodt']","['Grimstad', 'Skiens']",[],[]
127,0,gjerne,,,,,"['Hedevall', 'Reimann', 'Hans Kone', 'Johan', 'J: J:', 'Carl Aamodt']","['Grimstad', 'Skiens']",[],[]
128,0,lade,,,,,"['Hedevall', 'Reimann', 'Hans Kone', 'Johan', 'J: J:', 'Carl Aamodt']","['Grimstad', 'Skiens']",[],[]
129,0,min,,,,,"['Hedevall', 'Reimann', 'Hans Kone', 'Johan', 'J: J:', 'Carl Aamodt']","['Grimstad', 'Skiens']",[],[]
130,0,"Broder,",,,,,"['Hedevall', 'Reimann', 'Hans Kone', 'Johan', 'J: J:', 'Carl Aamodt']","['Grimstad', 'Skiens']",[],[]
131,0,"Johan,",,,,,"['Hedevall', 'Reimann', 'Hans Kone', 'Johan', 'J: J:', 'Carl Aamodt']","['Grimstad', 'Skiens']",[],[]
132,0,lægge,,,,,"['Hedevall', 'Reimann', 'Hans Kone', 'Johan', 'J: J:', 'Carl Aamodt']","['Grimstad', 'Skiens']",[],[]
133,0,Dine,,,,,"['Hedevall', 'Reimann', 'Hans Kone', 'Johan', 'J: J:', 'Carl Aamodt']","['Grimstad', 'Skiens']",[],[]
134,0,Breve,,,,,"['Hedevall', 'Reimann', 'Hans Kone', 'Johan', 'J: J:', 'Carl Aamodt']","['Grimstad', 'Skiens']",[],[]
135,0,ind,,,,,"['Hedevall', 'Reimann', 'Hans Kone', 'Johan', 'J: J:', 'Carl Aamodt']","['Grimstad', 'Skiens']",[],[]
136,0,i,,,,,"['Hedevall', 'Reimann', 'Hans Kone', 'Johan', 'J: J:', 'Carl Aamodt']","['Grimstad', 'Skiens']",[],[]
137,0,dem,,,,,"['Hedevall', 'Reimann', 'Hans Kone', 'Johan', 'J: J:', 'Carl Aamodt']","['Grimstad', 'Skiens']",[],[]
138,0,han,,,,,"['Hedevall', 'Reimann', 'Hans Kone', 'Johan', 'J: J:', 'Carl Aamodt']","['Grimstad', 'Skiens']",[],[]
139,0,"skriver,",,,,,"['Hedevall', 'Reimann', 'Hans Kone', 'Johan', 'J: J:', 'Carl Aamodt']","['Grimstad', 'Skiens']",[],[]
140,0,da,,,,,"['Hedevall', 'Reimann', 'Hans Kone', 'Johan', 'J: J:', 'Carl Aamodt']","['Grimstad', 'Skiens']",[],[]
141,0,Du,,,,,"['Hedevall', 'Reimann', 'Hans Kone', 'Johan', 'J: J:', 'Carl Aamodt']","['Grimstad', 'Skiens']",[],[]
142,0,paa,,,,,"['Hedevall', 'Reimann', 'Hans Kone', 'Johan', 'J: J:', 'Carl Aamodt']","['Grimstad', 'Skiens']",[],[]
143,0,den,,,,,"['Hedevall', 'Reimann', 'Hans Kone', 'Johan', 'J: J:', 'Carl Aamodt']","['Grimstad', 'Skiens']",[],[]
144,0,Maade,,,,,"['Hedevall', 'Reimann', 'Hans Kone', 'Johan', 'J: J:', 'Carl Aamodt']","['Grimstad', 'Skiens']",[],[]
145,0,undgaaer,,,,,"['Hedevall', 'Reimann', 'Hans Kone', 'Johan', 'J: J:', 'Carl Aamodt']","['Grimstad', 'Skiens']",[],[]
146,0,at,,,,,"['Hedevall', 'Reimann', 'Hans Kone', 'Johan', 'J: J:', 'Carl Aamodt']","['Grimstad', 'Skiens']",[],[]
147,0,betale,,,,,"['Hedevall', 'Reimann', 'Hans Kone', 'Johan', 'J: J:', 'Carl Aamodt']","['Grimstad', 'Skiens']",[],[]
148,0,Noget,,,,,"['Hedevall', 'Reimann', 'Hans Kone', 'Johan', 'J: J:', 'Carl Aamodt']","['Grimstad', 'Skiens']",[],[]
149,0,for,,,,,"['Hedevall', 'Reimann', 'Hans Kone', 'Johan', 'J: J:', 'Carl Aamodt']","['Grimstad', 'Skiens']",[],[]
150,0,dem.,,,,,"['Hedevall', 'Reimann', 'Hans Kone', 'Johan', 'J: J:', 'Carl Aamodt']","['Grimstad', 'Skiens']",[],[]
151,0,Du,,,,,"['Hedevall', 'Reimann', 'Hans Kone', 'Johan', 'J: J:', 'Carl Aamodt']","['Grimstad', 'Skiens']",[],[]
152,0,kan,,,,,"['Hedevall', 'Reimann', 'Hans Kone', 'Johan', 'J: J:', 'Carl Aamodt']","['Grimstad', 'Skiens']",[],[]
153,0,tro,,,,,"['Hedevall', 'Reimann', 'Hans Kone', 'Johan', 'J: J:', 'Carl Aamodt']","['Grimstad', 'Skiens']",[],[]
154,0,at,,,,,"['Hedevall', 'Reimann', 'Hans Kone', 'Johan', 'J: J:', 'Carl Aamodt']","['Grimstad', 'Skiens']",[],[]
155,0,"Grimstad,",,,,,"['Hedevall', 'Reimann', 'Hans Kone', 'Johan', 'J: J:', 'Carl Aamodt']","['Grimstad', 'Skiens']",[],[]
156,0,og,,,,,"['Hedevall', 'Reimann', 'Hans Kone', 'Johan', 'J: J:', 'Carl Aamodt']","['Grimstad', 'Skiens']",[],[]
157,0,især,,,,,"['Hedevall', 'Reimann', 'Hans Kone', 'Johan', 'J: J:', 'Carl Aamodt']","['Grimstad', 'Skiens']",[],[]
158,0,Omegnen,,,,,"['Hedevall', 'Reimann', 'Hans Kone', 'Johan', 'J: J:', 'Carl Aamodt']","['Grimstad', 'Skiens']",[],[]
159,0,er,,,,,"['Hedevall', 'Reimann', 'Hans Kone', 'Johan', 'J: J:', 'Carl Aamodt']","['Grimstad', 'Skiens']",[],[]
160,0,ganske,,,,,"['Hedevall', 'Reimann', 'Hans Kone', 'Johan', 'J: J:', 'Carl Aamodt']","['Grimstad', 'Skiens']",[],[]
161,0,vakker;,,,,,"['Hedevall', 'Reimann', 'Hans Kone', 'Johan', 'J: J:', 'Carl Aamodt']","['Grimstad', 'Skiens']",[],[]
162,0,og,,,,,"['Hedevall', 'Reimann', 'Hans Kone', 'Johan', 'J: J:', 'Carl Aamodt']","['Grimstad', 'Skiens']",[],[]
163,0,"Damerne,",,,,,"['Hedevall', 'Reimann', 'Hans Kone', 'Johan', 'J: J:', 'Carl Aamodt']","['Grimstad', 'Skiens']",[],[]
164,0,endskjøndt,,,,,"['Hedevall', 'Reimann', 'Hans Kone', 'Johan', 'J: J:', 'Carl Aamodt']","['Grimstad', 'Skiens']",[],[]
165,0,ikke,,,,,"['Hedevall', 'Reimann', 'Hans Kone', 'Johan', 'J: J:', 'Carl Aamodt']","['Grimstad', 'Skiens']",[],[]
166,0,saa,,,,,"['Hedevall', 'Reimann', 'Hans Kone', 'Johan', 'J: J:', 'Carl Aamodt']","['Grimstad', 'Skiens']",[],[]
167,0,"galante,",,,,,"['Hedevall', 'Reimann', 'Hans Kone', 'Johan', 'J: J:', 'Carl Aamodt']","['Grimstad', 'Skiens']",[],[]
168,0,som,,,,,"['Hedevall', 'Reimann', 'Hans Kone', 'Johan', 'J: J:', 'Carl Aamodt']","['Grimstad', 'Skiens']",[],[]
169,0,"Skiens,",,,,,"['Hedevall', 'Reimann', 'Hans Kone', 'Johan', 'J: J:', 'Carl Aamodt']","['Grimstad', 'Skiens']",[],[]
170,0,ere,,,,,"['Hedevall', 'Reimann', 'Hans Kone', 'Johan', 'J: J:', 'Carl Aamodt']","['Grimstad', 'Skiens']",[],[]
171,0,ogsaa,,,,,"['Hedevall', 'Reimann', 'Hans Kone', 'Johan', 'J: J:', 'Carl Aamodt']","['Grimstad', 'Skiens']",[],[]
172,0,ganske,,,,,"['Hedevall', 'Reimann', 'Hans Kone', 'Johan', 'J: J:', 'Carl Aamodt']","['Grimstad', 'Skiens']",[],[]
173,0,"antagelige,",,,,,"['Hedevall', 'Reimann', 'Hans Kone', 'Johan', 'J: J:', 'Carl Aamodt']","['Grimstad', 'Skiens']",[],[]
174,0,og,,,,,"['Hedevall', 'Reimann', 'Hans Kone', 'Johan', 'J: J:', 'Carl Aamodt']","['Grimstad', 'Skiens']",[],[]
175,0,Du,,,,,"['Hedevall', 'Reimann', 'Hans Kone', 'Johan', 'J: J:', 'Carl Aamodt']","['Grimstad', 'Skiens']",[],[]
176,0,kan,,,,,"['Hedevall', 'Reimann', 'Hans Kone', 'Johan', 'J: J:', 'Carl Aamodt']","['Grimstad', 'Skiens']",[],[]
177,0,være,,,,,"['Hedevall', 'Reimann', 'Hans Kone', 'Johan', 'J: J:', 'Carl Aamodt']","['Grimstad', 'Skiens']",[],[]
178,0,overbeviist,,,,,"['Hedevall', 'Reimann', 'Hans Kone', 'Johan', 'J: J:', 'Carl Aamodt']","['Grimstad', 'Skiens']",[],[]
179,0,"om,",,,,,"['Hedevall', 'Reimann', 'Hans Kone', 'Johan', 'J: J:', 'Carl Aamodt']","['Grimstad', 'Skiens']",[],[]
180,0,at,,,,,"['Hedevall', 'Reimann', 'Hans Kone', 'Johan', 'J: J:', 'Carl Aamodt']","['Grimstad', 'Skiens']",[],[]
181,0,jeg,,,,,"['Hedevall', 'Reimann', 'Hans Kone', 'Johan', 'J: J:', 'Carl Aamodt']","['Grimstad', 'Skiens']",[],[]
182,0,gjør,,,,,"['Hedevall', 'Reimann', 'Hans Kone', 'Johan', 'J: J:', 'Carl Aamodt']","['Grimstad', 'Skiens']",[],[]
183,0,alt,,,,,"['Hedevall', 'Reimann', 'Hans Kone', 'Johan', 'J: J:', 'Carl Aamodt']","['Grimstad', 'Skiens']",[],[]
184,0,for,,,,,"['Hedevall', 'Reimann', 'Hans Kone', 'Johan', 'J: J:', 'Carl Aamodt']","['Grimstad', 'Skiens']",[],[]
185,0,at,,,,,"['Hedevall', 'Reimann', 'Hans Kone', 'Johan', 'J: J:', 'Carl Aamodt']","['Grimstad', 'Skiens']",[],[]
186,0,erhverve,,,,,"['Hedevall', 'Reimann', 'Hans Kone', 'Johan', 'J: J:', 'Carl Aamodt']","['Grimstad', 'Skiens']",[],[]
187,0,mig,,,,,"['Hedevall', 'Reimann', 'Hans Kone', 'Johan', 'J: J:', 'Carl Aamodt']","['Grimstad', 'Skiens']",[],[]
188,0,deres,,,,,"['Hedevall', 'Reimann', 'Hans Kone', 'Johan', 'J: J:', 'Carl Aamodt']","['Grimstad', 'Skiens']",[],[]
189,0,"Naade,",,,,,"['Hedevall', 'Reimann', 'Hans Kone', 'Johan', 'J: J:', 'Carl Aamodt']","['Grimstad', 'Skiens']",[],[]
190,0,som,,,,,"['Hedevall', 'Reimann', 'Hans Kone', 'Johan', 'J: J:', 'Carl Aamodt']","['Grimstad', 'Skiens']",[],[]
191,0,ogsaa,,,,,"['Hedevall', 'Reimann', 'Hans Kone', 'Johan', 'J: J:', 'Carl Aamodt']","['Grimstad', 'Skiens']",[],[]
192,0,er,,,,,"['Hedevall', 'Reimann', 'Hans Kone', 'Johan', 'J: J:', 'Carl Aamodt']","['Grimstad', 'Skiens']",[],[]
193,0,temmelig,,,,,"['Hedevall', 'Reimann', 'Hans Kone', 'Johan', 'J: J:', 'Carl Aamodt']","['Grimstad', 'Skiens']",[],[]
194,0,let,,,,,"['Hedevall', 'Reimann', 'Hans Kone', 'Johan', 'J: J:', 'Carl Aamodt']","['Grimstad', 'Skiens']",[],[]
195,0,at,,,,,"['Hedevall', 'Reimann', 'Hans Kone', 'Johan', 'J: J:', 'Carl Aamodt']","['Grimstad', 'Skiens']",[],[]
196,0,erholde.,,,,,"['Hedevall', 'Reimann', 'Hans Kone', 'Johan', 'J: J:', 'Carl Aamodt']","['Grimstad', 'Skiens']",[],[]
197,0,Da,,,,,"['Hedevall', 'Reimann', 'Hans Kone', 'Johan', 'J: J:', 'Carl Aamodt']","['Grimstad', 'Skiens']",[],[]
198,0,Dampskibet,,,,,"['Hedevall', 'Reimann', 'Hans Kone', 'Johan', 'J: J:', 'Carl Aamodt']","['Grimstad', 'Skiens']",[],[]
199,0,passerer,,,,,"['Hedevall', 'Reimann', 'Hans Kone', 'Johan', 'J: J:', 'Carl Aamodt']","['Grimstad', 'Skiens']",[],[]
200,0,Grimstad,,,,,"['Hedevall', 'Reimann', 'Hans Kone', 'Johan', 'J: J:', 'Carl Aamodt']","['Grimstad', 'Skiens']",[],[]
201,0,to,,,,,"['Hedevall', 'Reimann', 'Hans Kone', 'Johan', 'J: J:', 'Carl Aamodt']","['Grimstad', 'Skiens']",[],[]
202,0,Gange,,,,,"['Hedevall', 'Reimann', 'Hans Kone', 'Johan', 'J: J:', 'Carl Aamodt']","['Grimstad', 'Skiens']",[],[]
203,0,"ugentlig,",,,,,"['Hedevall', 'Reimann', 'Hans Kone', 'Johan', 'J: J:', 'Carl Aamodt']","['Grimstad', 'Skiens']",[],[]
204,0,haaber,,,,,"['Hedevall', 'Reimann', 'Hans Kone', 'Johan', 'J: J:', 'Carl Aamodt']","['Grimstad', 'Skiens']",[],[]
205,0,"jeg,",,,,,"['Hedevall', 'Reimann', 'Hans Kone', 'Johan', 'J: J:', 'Carl Aamodt']","['Grimstad', 'Skiens']",[],[]
206,0,at,,,,,"['Hedevall', 'Reimann', 'Hans Kone', 'Johan', 'J: J:', 'Carl Aamodt']","['Grimstad', 'Skiens']",[],[]
207,0,gjøre,,,,,"['Hedevall', 'Reimann', 'Hans Kone', 'Johan', 'J: J:', 'Carl Aamodt']","['Grimstad', 'Skiens']",[],[]
208,0,en,,,,,"['Hedevall', 'Reimann', 'Hans Kone', 'Johan', 'J: J:', 'Carl Aamodt']","['Grimstad', 'Skiens']",[],[]
209,0,Tour,,,,,"['Hedevall', 'Reimann', 'Hans Kone', 'Johan', 'J: J:', 'Carl Aamodt']","['Grimstad', 'Skiens']",[],[]
210,0,med,,,,,"['Hedevall', 'Reimann', 'Hans Kone', 'Johan', 'J: J:', 'Carl Aamodt']","['Grimstad', 'Skiens']",[],[]
211,0,det,,,,,"['Hedevall', 'Reimann', 'Hans Kone', 'Johan', 'J: J:', 'Carl Aamodt']","['Grimstad', 'Skiens']",[],[]
212,0,til,,,,,"['Hedevall', 'Reimann', 'Hans Kone', 'Johan', 'J: J:', 'Carl Aamodt']","['Grimstad', 'Skiens']",[],[]
213,0,"Skien,",,,,,"['Hedevall', 'Reimann', 'Hans Kone', 'Johan', 'J: J:', 'Carl Aamodt']","['Grimstad', 'Skiens']",[],[]
214,0,dersom,,,,,"['Hedevall', 'Reimann', 'Hans Kone', 'Johan', 'J: J:', 'Carl Aamodt']","['Grimstad', 'Skiens']",[],[]
215,0,ellers,,,,,"['Hedevall', 'Reimann', 'Hans Kone', 'Johan', 'J: J:', 'Carl Aamodt']","['Grimstad', 'Skiens']",[],[]
216,0,ingen,,,,,"['Hedevall', 'Reimann', 'Hans Kone', 'Johan', 'J: J:', 'Carl Aamodt']","['Grimstad', 'Skiens']",[],[]
217,0,Hindringer,,,,,"['Hedevall', 'Reimann', 'Hans Kone', 'Johan', 'J: J:', 'Carl Aamodt']","['Grimstad', 'Skiens']",[],[]
218,0,kommer,,,,,"['Hedevall', 'Reimann', 'Hans Kone', 'Johan', 'J: J:', 'Carl Aamodt']","['Grimstad', 'Skiens']",[],[]
219,0,"iveien,",,,,,"['Hedevall', 'Reimann', 'Hans Kone', 'Johan', 'J: J:', 'Carl Aamodt']","['Grimstad', 'Skiens']",[],[]
220,0,som,,,,,"['Hedevall', 'Reimann', 'Hans Kone', 'Johan', 'J: J:', 'Carl Aamodt']","['Grimstad', 'Skiens']",[],[]
221,0,jeg,,,,,"['Hedevall', 'Reimann', 'Hans Kone', 'Johan', 'J: J:', 'Carl Aamodt']","['Grimstad', 'Skiens']",[],[]
222,0,dog,,,,,"['Hedevall', 'Reimann', 'Hans Kone', 'Johan', 'J: J:', 'Carl Aamodt']","['Grimstad', 'Skiens']",[],[]
223,0,ikke,,,,,"['Hedevall', 'Reimann', 'Hans Kone', 'Johan', 'J: J:', 'Carl Aamodt']","['Grimstad', 'Skiens']",[],[]
224,0,skulle,,,,,"['Hedevall', 'Reimann', 'Hans Kone', 'Johan', 'J: J:', 'Carl Aamodt']","['Grimstad', 'Skiens']",[],[]
225,0,formode.,,,,,"['Hedevall', 'Reimann', 'Hans Kone', 'Johan', 'J: J:', 'Carl Aamodt']","['Grimstad', 'Skiens']",[],[]
226,0,Jeg,,,,,"['Hedevall', 'Reimann', 'Hans Kone', 'Johan', 'J: J:', 'Carl Aamodt']","['Grimstad', 'Skiens']",[],[]
227,0,har,,,,,"['Hedevall', 'Reimann', 'Hans Kone', 'Johan', 'J: J:', 'Carl Aamodt']","['Grimstad', 'Skiens']",[],[]
228,0,adskillige,,,,,"['Hedevall', 'Reimann', 'Hans Kone', 'Johan', 'J: J:', 'Carl Aamodt']","['Grimstad', 'Skiens']",[],[]
229,0,Spørgsmaale,,,,,"['Hedevall', 'Reimann', 'Hans Kone', 'Johan', 'J: J:', 'Carl Aamodt']","['Grimstad', 'Skiens']",[],[]
230,0,at,,,,,"['Hedevall', 'Reimann', 'Hans Kone', 'Johan', 'J: J:', 'Carl Aamodt']","['Grimstad', 'Skiens']",[],[]
231,0,gjøre,,,,,"['Hedevall', 'Reimann', 'Hans Kone', 'Johan', 'J: J:', 'Carl Aamodt']","['Grimstad', 'Skiens']",[],[]
232,0,"Dig,",,,,,"['Hedevall', 'Reimann', 'Hans Kone', 'Johan', 'J: J:', 'Carl Aamodt']","['Grimstad', 'Skiens']",[],[]
233,0,som,,,,,"['Hedevall', 'Reimann', 'Hans Kone', 'Johan', 'J: J:', 'Carl Aamodt']","['Grimstad', 'Skiens']",[],[]
234,0,du,,,,,"['Hedevall', 'Reimann', 'Hans Kone', 'Johan', 'J: J:', 'Carl Aamodt']","['Grimstad', 'Skiens']",[],[]
235,0,maa,,,,,"['Hedevall', 'Reimann', 'Hans Kone', 'Johan', 'J: J:', 'Carl Aamodt']","['Grimstad', 'Skiens']",[],[]
236,0,besvare,,,,,"['Hedevall', 'Reimann', 'Hans Kone', 'Johan', 'J: J:', 'Carl Aamodt']","['Grimstad', 'Skiens']",[],[]
237,0,med,,,,,"['Hedevall', 'Reimann', 'Hans Kone', 'Johan', 'J: J:', 'Carl Aamodt']","['Grimstad', 'Skiens']",[],[]
238,0,næste,,,,,"['Hedevall', 'Reimann', 'Hans Kone', 'Johan', 'J: J:', 'Carl Aamodt']","['Grimstad', 'Skiens']",[],[]
239,0,Post:,,,,,"['Hedevall', 'Reimann', 'Hans Kone', 'Johan', 'J: J:', 'Carl Aamodt']","['Grimstad', 'Skiens']",[],[]
240,0,Først,,,,,"['Hedevall', 'Reimann', 'Hans Kone', 'Johan', 'J: J:', 'Carl Aamodt']","['Grimstad', 'Skiens']",[],[]
241,0,og,,,,,"['Hedevall', 'Reimann', 'Hans Kone', 'Johan', 'J: J:', 'Carl Aamodt']","['Grimstad', 'Skiens']",[],[]
242,0,fremst,,,,,"['Hedevall', 'Reimann', 'Hans Kone', 'Johan', 'J: J:', 'Carl Aamodt']","['Grimstad', 'Skiens']",[],[]
243,0,maa,,,,,"['Hedevall', 'Reimann', 'Hans Kone', 'Johan', 'J: J:', 'Carl Aamodt']","['Grimstad', 'Skiens']",[],[]
244,0,Du,,,,,"['Hedevall', 'Reimann', 'Hans Kone', 'Johan', 'J: J:', 'Carl Aamodt']","['Grimstad', 'Skiens']",[],[]
245,0,sige,,,,,"['Hedevall', 'Reimann', 'Hans Kone', 'Johan', 'J: J:', 'Carl Aamodt']","['Grimstad', 'Skiens']",[],[]
246,0,mig,,,,,"['Hedevall', 'Reimann', 'Hans Kone', 'Johan', 'J: J:', 'Carl Aamodt']","['Grimstad', 'Skiens']",[],[]
247,0,hvorledes,,,,,"['Hedevall', 'Reimann', 'Hans Kone', 'Johan', 'J: J:', 'Carl Aamodt']","['Grimstad', 'Skiens']",[],[]
248,0,J:,,,,,"['Hedevall', 'Reimann', 'Hans Kone', 'Johan', 'J: J:', 'Carl Aamodt']","['Grimstad', 'Skiens']",[],[]
249,0,J:,,,,,"['Hedevall', 'Reimann', 'Hans Kone', 'Johan', 'J: J:', 'Carl Aamodt']","['Grimstad', 'Skiens']",[],[]
250,0,optog,,,,,"['Hedevall', 'Reimann', 'Hans Kone', 'Johan', 'J: J:', 'Carl Aamodt']","['Grimstad', 'Skiens']",[],[]
251,0,Efterretningen,,,,,"['Hedevall', 'Reimann', 'Hans Kone', 'Johan', 'J: J:', 'Carl Aamodt']","['Grimstad', 'Skiens']",[],[]
252,0,om,,,,,"['Hedevall', 'Reimann', 'Hans Kone', 'Johan', 'J: J:', 'Carl Aamodt']","['Grimstad', 'Skiens']",[],[]
253,0,hendes,,,,,"['Hedevall', 'Reimann', 'Hans Kone', 'Johan', 'J: J:', 'Carl Aamodt']","['Grimstad', 'Skiens']",[],[]
254,0,Kjærestes,,,,,"['Hedevall', 'Reimann', 'Hans Kone', 'Johan', 'J: J:', 'Carl Aamodt']","['Grimstad', 'Skiens']",[],[]
255,0,"Død,",,,,,"['Hedevall', 'Reimann', 'Hans Kone', 'Johan', 'J: J:', 'Carl Aamodt']","['Grimstad', 'Skiens']",[],[]
256,0,og,,,,,"['Hedevall', 'Reimann', 'Hans Kone', 'Johan', 'J: J:', 'Carl Aamodt']","['Grimstad', 'Skiens']",[],[]
257,0,lad,,,,,"['Hedevall', 'Reimann', 'Hans Kone', 'Johan', 'J: J:', 'Carl Aamodt']","['Grimstad', 'Skiens']",[],[]
258,0,mig,,,,,"['Hedevall', 'Reimann', 'Hans Kone', 'Johan', 'J: J:', 'Carl Aamodt']","['Grimstad', 'Skiens']",[],[]
259,0,tillige,,,,,"['Hedevall', 'Reimann', 'Hans Kone', 'Johan', 'J: J:', 'Carl Aamodt']","['Grimstad', 'Skiens']",[],[]
260,0,"vide,",,,,,"['Hedevall', 'Reimann', 'Hans Kone', 'Johan', 'J: J:', 'Carl Aamodt']","['Grimstad', 'Skiens']",[],[]
261,0,hvem,,,,,"['Hedevall', 'Reimann', 'Hans Kone', 'Johan', 'J: J:', 'Carl Aamodt']","['Grimstad', 'Skiens']",[],[]
262,0,den,,,,,"['Hedevall', 'Reimann', 'Hans Kone', 'Johan', 'J: J:', 'Carl Aamodt']","['Grimstad', 'Skiens']",[],[]
263,0,Lykkelige,,,,,"['Hedevall', 'Reimann', 'Hans Kone', 'Johan', 'J: J:', 'Carl Aamodt']","['Grimstad', 'Skiens']",[],[]
264,0,"er,",,,,,"['Hedevall', 'Reimann', 'Hans Kone', 'Johan', 'J: J:', 'Carl Aamodt']","['Grimstad', 'Skiens']",[],[]
265,0,som,,,,,"['Hedevall', 'Reimann', 'Hans Kone', 'Johan', 'J: J:', 'Carl Aamodt']","['Grimstad', 'Skiens']",[],[]
266,0,har,,,,,"['Hedevall', 'Reimann', 'Hans Kone', 'Johan', 'J: J:', 'Carl Aamodt']","['Grimstad', 'Skiens']",[],[]
267,0,indtaget,,,,,"['Hedevall', 'Reimann', 'Hans Kone', 'Johan', 'J: J:', 'Carl Aamodt']","['Grimstad', 'Skiens']",[],[]
268,0,hans,,,,,"['Hedevall', 'Reimann', 'Hans Kone', 'Johan', 'J: J:', 'Carl Aamodt']","['Grimstad', 'Skiens']",[],[]
269,0,Plads;,,,,,"['Hedevall', 'Reimann', 'Hans Kone', 'Johan', 'J: J:', 'Carl Aamodt']","['Grimstad', 'Skiens']",[],[]
270,0,thi,,,,,"['Hedevall', 'Reimann', 'Hans Kone', 'Johan', 'J: J:', 'Carl Aamodt']","['Grimstad', 'Skiens']",[],[]
271,0,jeg,,,,,"['Hedevall', 'Reimann', 'Hans Kone', 'Johan', 'J: J:', 'Carl Aamodt']","['Grimstad', 'Skiens']",[],[]
272,0,kjender,,,,,"['Hedevall', 'Reimann', 'Hans Kone', 'Johan', 'J: J:', 'Carl Aamodt']","['Grimstad', 'Skiens']",[],[]
273,0,hende,,,,,"['Hedevall', 'Reimann', 'Hans Kone', 'Johan', 'J: J:', 'Carl Aamodt']","['Grimstad', 'Skiens']",[],[]
274,0,for,,,,,"['Hedevall', 'Reimann', 'Hans Kone', 'Johan', 'J: J:', 'Carl Aamodt']","['Grimstad', 'Skiens']",[],[]
275,0,godt,,,,,"['Hedevall', 'Reimann', 'Hans Kone', 'Johan', 'J: J:', 'Carl Aamodt']","['Grimstad', 'Skiens']",[],[]
276,0,til,,,,,"['Hedevall', 'Reimann', 'Hans Kone', 'Johan', 'J: J:', 'Carl Aamodt']","['Grimstad', 'Skiens']",[],[]
277,0,at,,,,,"['Hedevall', 'Reimann', 'Hans Kone', 'Johan', 'J: J:', 'Carl Aamodt']","['Grimstad', 'Skiens']",[],[]
278,0,antage,,,,,"['Hedevall', 'Reimann', 'Hans Kone', 'Johan', 'J: J:', 'Carl Aamodt']","['Grimstad', 'Skiens']",[],[]
279,0,at,,,,,"['Hedevall', 'Reimann', 'Hans Kone', 'Johan', 'J: J:', 'Carl Aamodt']","['Grimstad', 'Skiens']",[],[]
280,0,hun,,,,,"['Hedevall', 'Reimann', 'Hans Kone', 'Johan', 'J: J:', 'Carl Aamodt']","['Grimstad', 'Skiens']",[],[]
281,0,endnu,,,,,"['Hedevall', 'Reimann', 'Hans Kone', 'Johan', 'J: J:', 'Carl Aamodt']","['Grimstad', 'Skiens']",[],[]
282,0,sørger,,,,,"['Hedevall', 'Reimann', 'Hans Kone', 'Johan', 'J: J:', 'Carl Aamodt']","['Grimstad', 'Skiens']",[],[]
283,0,for,,,,,"['Hedevall', 'Reimann', 'Hans Kone', 'Johan', 'J: J:', 'Carl Aamodt']","['Grimstad', 'Skiens']",[],[]
284,0,ham.,,,,,"['Hedevall', 'Reimann', 'Hans Kone', 'Johan', 'J: J:', 'Carl Aamodt']","['Grimstad', 'Skiens']",[],[]
285,0,Dernest,,,,,"['Hedevall', 'Reimann', 'Hans Kone', 'Johan', 'J: J:', 'Carl Aamodt']","['Grimstad', 'Skiens']",[],[]
286,0,maa,,,,,"['Hedevall', 'Reimann', 'Hans Kone', 'Johan', 'J: J:', 'Carl Aamodt']","['Grimstad', 'Skiens']",[],[]
287,0,Du,,,,,"['Hedevall', 'Reimann', 'Hans Kone', 'Johan', 'J: J:', 'Carl Aamodt']","['Grimstad', 'Skiens']",[],[]
288,0,sige,,,,,"['Hedevall', 'Reimann', 'Hans Kone', 'Johan', 'J: J:', 'Carl Aamodt']","['Grimstad', 'Skiens']",[],[]
289,0,mig,,,,,"['Hedevall', 'Reimann', 'Hans Kone', 'Johan', 'J: J:', 'Carl Aamodt']","['Grimstad', 'Skiens']",[],[]
290,0,om,,,,,"['Hedevall', 'Reimann', 'Hans Kone', 'Johan', 'J: J:', 'Carl Aamodt']","['Grimstad', 'Skiens']",[],[]
291,0,Carl,,,,,"['Hedevall', 'Reimann', 'Hans Kone', 'Johan', 'J: J:', 'Carl Aamodt']","['Grimstad', 'Skiens']",[],[]
292,0,Aamodt,,,,,"['Hedevall', 'Reimann', 'Hans Kone', 'Johan', 'J: J:', 'Carl Aamodt']","['Grimstad', 'Skiens']",[],[]
293,0,endnu,,,,,"['Hedevall', 'Reimann', 'Hans Kone', 'Johan', 'J: J:', 'Carl Aamodt']","['Grimstad', 'Skiens']",[],[]
294,0,øver,,,,,"['Hedevall', 'Reimann', 'Hans Kone', 'Johan', 'J: J:', 'Carl Aamodt']","['Grimstad', 'Skiens']",[],[]
295,0,sig,,,,,"['Hedevall', 'Reimann', 'Hans Kone', 'Johan', 'J: J:', 'Carl Aamodt']","['Grimstad', 'Skiens']",[],[]
296,0,i,,,,,"['Hedevall', 'Reimann', 'Hans Kone', 'Johan', 'J: J:', 'Carl Aamodt']","['Grimstad', 'Skiens']",[],[]
297,0,Poesien,,,,,"['Hedevall', 'Reimann', 'Hans Kone', 'Johan', 'J: J:', 'Carl Aamodt']","['Grimstad', 'Skiens']",[],[]
298,0,og,,,,,"['Hedevall', 'Reimann', 'Hans Kone', 'Johan', 'J: J:', 'Carl Aamodt']","['Grimstad', 'Skiens']",[],[]
299,0,hvis,,,,,"['Hedevall', 'Reimann', 'Hans Kone', 'Johan', 'J: J:', 'Carl Aamodt']","['Grimstad', 'Skiens']",[],[]
300,0,dette,,,,,"['Hedevall', 'Reimann', 'Hans Kone', 'Johan', 'J: J:', 'Carl Aamodt']","['Grimstad', 'Skiens']",[],[]
301,0,er,,,,,"['Hedevall', 'Reimann', 'Hans Kone', 'Johan', 'J: J:', 'Carl Aamodt']","['Grimstad', 'Skiens']",[],[]
302,0,Tilfældet,,,,,"['Hedevall', 'Reimann', 'Hans Kone', 'Johan', 'J: J:', 'Carl Aamodt']","['Grimstad', 'Skiens']",[],[]
303,0,maa,,,,,"['Hedevall', 'Reimann', 'Hans Kone', 'Johan', 'J: J:', 'Carl Aamodt']","['Grimstad', 'Skiens']",[],[]
304,0,Du,,,,,"['Hedevall', 'Reimann', 'Hans Kone', 'Johan', 'J: J:', 'Carl Aamodt']","['Grimstad', 'Skiens']",[],[]
305,0,endelig,,,,,"['Hedevall', 'Reimann', 'Hans Kone', 'Johan', 'J: J:', 'Carl Aamodt']","['Grimstad', 'Skiens']",[],[]
306,0,bede,,,,,"['Hedevall', 'Reimann', 'Hans Kone', 'Johan', 'J: J:', 'Carl Aamodt']","['Grimstad', 'Skiens']",[],[]
307,0,ham,,,,,"['Hedevall', 'Reimann', 'Hans Kone', 'Johan', 'J: J:', 'Carl Aamodt']","['Grimstad', 'Skiens']",[],[]
308,0,ikke,,,,,"['Hedevall', 'Reimann', 'Hans Kone', 'Johan', 'J: J:', 'Carl Aamodt']","['Grimstad', 'Skiens']",[],[]
309,0,at,,,,,"['Hedevall', 'Reimann', 'Hans Kone', 'Johan', 'J: J:', 'Carl Aamodt']","['Grimstad', 'Skiens']",[],[]
310,0,"forglemme,",,,,,"['Hedevall', 'Reimann', 'Hans Kone', 'Johan', 'J: J:', 'Carl Aamodt']","['Grimstad', 'Skiens']",[],[]
311,0,at,,,,,"['Hedevall', 'Reimann', 'Hans Kone', 'Johan', 'J: J:', 'Carl Aamodt']","['Grimstad', 'Skiens']",[],[]
312,0,sende,,,,,"['Hedevall', 'Reimann', 'Hans Kone', 'Johan', 'J: J:', 'Carl Aamodt']","['Grimstad', 'Skiens']",[],[]
313,0,mig,,,,,"['Hedevall', 'Reimann', 'Hans Kone', 'Johan', 'J: J:', 'Carl Aamodt']","['Grimstad', 'Skiens']",[],[]
314,0,et,,,,,"['Hedevall', 'Reimann', 'Hans Kone', 'Johan', 'J: J:', 'Carl Aamodt']","['Grimstad', 'Skiens']",[],[]
315,0,lille,,,,,"['Hedevall', 'Reimann', 'Hans Kone', 'Johan', 'J: J:', 'Carl Aamodt']","['Grimstad', 'Skiens']",[],[]
316,0,"Digt,",,,,,"['Hedevall', 'Reimann', 'Hans Kone', 'Johan', 'J: J:', 'Carl Aamodt']","['Grimstad', 'Skiens']",[],[]
317,0,for,,,,,"['Hedevall', 'Reimann', 'Hans Kone', 'Johan', 'J: J:', 'Carl Aamodt']","['Grimstad', 'Skiens']",[],[]
318,0,at,,,,,"['Hedevall', 'Reimann', 'Hans Kone', 'Johan', 'J: J:', 'Carl Aamodt']","['Grimstad', 'Skiens']",[],[]
319,0,jeg,,,,,"['Hedevall', 'Reimann', 'Hans Kone', 'Johan', 'J: J:', 'Carl Aamodt']","['Grimstad', 'Skiens']",[],[]
320,0,kan,,,,,"['Hedevall', 'Reimann', 'Hans Kone', 'Johan', 'J: J:', 'Carl Aamodt']","['Grimstad', 'Skiens']",[],[]
321,0,see,,,,,"['Hedevall', 'Reimann', 'Hans Kone', 'Johan', 'J: J:', 'Carl Aamodt']","['Grimstad', 'Skiens']",[],[]
322,0,om,,,,,"['Hedevall', 'Reimann', 'Hans Kone', 'Johan', 'J: J:', 'Carl Aamodt']","['Grimstad', 'Skiens']",[],[]
323,0,han,,,,,"['Hedevall', 'Reimann', 'Hans Kone', 'Johan', 'J: J:', 'Carl Aamodt']","['Grimstad', 'Skiens']",[],[]
324,0,har,,,,,"['Hedevall', 'Reimann', 'Hans Kone', 'Johan', 'J: J:', 'Carl Aamodt']","['Grimstad', 'Skiens']",[],[]
325,0,gjordt,,,,,"['Hedevall', 'Reimann', 'Hans Kone', 'Johan', 'J: J:', 'Carl Aamodt']","['Grimstad', 'Skiens']",[],[]
326,0,nogen,,,,,"['Hedevall', 'Reimann', 'Hans Kone', 'Johan', 'J: J:', 'Carl Aamodt']","['Grimstad', 'Skiens']",[],[]
327,0,Fremgang.,,,,,"['Hedevall', 'Reimann', 'Hans Kone', 'Johan', 'J: J:', 'Carl Aamodt']","['Grimstad', 'Skiens']",[],[]
328,0,–,,,,,"['Hedevall', 'Reimann', 'Hans Kone', 'Johan', 'J: J:', 'Carl Aamodt']","['Grimstad', 'Skiens']",[],[]
329,0,Uagtet,,,,,"['Hedevall', 'Reimann', 'Hans Kone', 'Johan', 'J: J:', 'Carl Aamodt']","['Grimstad', 'Skiens']",[],[]
330,0,jeg,,,,,"['Hedevall', 'Reimann', 'Hans Kone', 'Johan', 'J: J:', 'Carl Aamodt']","['Grimstad', 'Skiens']",[],[]
331,0,nok,,,,,"['Hedevall', 'Reimann', 'Hans Kone', 'Johan', 'J: J:', 'Carl Aamodt']","['Grimstad', 'Skiens']",[],[]
332,0,kunde,,,,,"['Hedevall', 'Reimann', 'Hans Kone', 'Johan', 'J: J:', 'Carl Aamodt']","['Grimstad', 'Skiens']",[],[]
333,0,have,,,,,"['Hedevall', 'Reimann', 'Hans Kone', 'Johan', 'J: J:', 'Carl Aamodt']","['Grimstad', 'Skiens']",[],[]
334,0,mere,,,,,"['Hedevall', 'Reimann', 'Hans Kone', 'Johan', 'J: J:', 'Carl Aamodt']","['Grimstad', 'Skiens']",[],[]
335,0,at,,,,,"['Hedevall', 'Reimann', 'Hans Kone', 'Johan', 'J: J:', 'Carl Aamodt']","['Grimstad', 'Skiens']",[],[]
336,0,skrive,,,,,"['Hedevall', 'Reimann', 'Hans Kone', 'Johan', 'J: J:', 'Carl Aamodt']","['Grimstad', 'Skiens']",[],[]
337,0,"om,",,,,,"['Hedevall', 'Reimann', 'Hans Kone', 'Johan', 'J: J:', 'Carl Aamodt']","['Grimstad', 'Skiens']",[],[]
338,0,maa,,,,,"['Hedevall', 'Reimann', 'Hans Kone', 'Johan', 'J: J:', 'Carl Aamodt']","['Grimstad', 'Skiens']",[],[]
339,0,jeg,,,,,"['Hedevall', 'Reimann', 'Hans Kone', 'Johan', 'J: J:', 'Carl Aamodt']","['Grimstad', 'Skiens']",[],[]
340,0,dog,,,,,"['Hedevall', 'Reimann', 'Hans Kone', 'Johan', 'J: J:', 'Carl Aamodt']","['Grimstad', 'Skiens']",[],[]
341,0,afbryde,,,,,"['Hedevall', 'Reimann', 'Hans Kone', 'Johan', 'J: J:', 'Carl Aamodt']","['Grimstad', 'Skiens']",[],[]
342,0,af,,,,,"['Hedevall', 'Reimann', 'Hans Kone', 'Johan', 'J: J:', 'Carl Aamodt']","['Grimstad', 'Skiens']",[],[]
343,0,Mangel,,,,,"['Hedevall', 'Reimann', 'Hans Kone', 'Johan', 'J: J:', 'Carl Aamodt']","['Grimstad', 'Skiens']",[],[]
344,0,paa,,,,,"['Hedevall', 'Reimann', 'Hans Kone', 'Johan', 'J: J:', 'Carl Aamodt']","['Grimstad', 'Skiens']",[],[]
345,0,"Tid,",,,,,"['Hedevall', 'Reimann', 'Hans Kone', 'Johan', 'J: J:', 'Carl Aamodt']","['Grimstad', 'Skiens']",[],[]
346,0,men,,,,,"['Hedevall', 'Reimann', 'Hans Kone', 'Johan', 'J: J:', 'Carl Aamodt']","['Grimstad', 'Skiens']",[],[]
347,0,Du,,,,,"['Hedevall', 'Reimann', 'Hans Kone', 'Johan', 'J: J:', 'Carl Aamodt']","['Grimstad', 'Skiens']",[],[]
348,0,kan,,,,,"['Hedevall', 'Reimann', 'Hans Kone', 'Johan', 'J: J:', 'Carl Aamodt']","['Grimstad', 'Skiens']",[],[]
349,0,være,,,,,"['Hedevall', 'Reimann', 'Hans Kone', 'Johan', 'J: J:', 'Carl Aamodt']","['Grimstad', 'Skiens']",[],[]
350,0,overbeviist,,,,,"['Hedevall', 'Reimann', 'Hans Kone', 'Johan', 'J: J:', 'Carl Aamodt']","['Grimstad', 'Skiens']",[],[]
351,0,"om,",,,,,"['Hedevall', 'Reimann', 'Hans Kone', 'Johan', 'J: J:', 'Carl Aamodt']","['Grimstad', 'Skiens']",[],[]
352,0,næste,,,,,"['Hedevall', 'Reimann', 'Hans Kone', 'Johan', 'J: J:', 'Carl Aamodt']","['Grimstad', 'Skiens']",[],[]
353,0,Gang,,,,,"['Hedevall', 'Reimann', 'Hans Kone', 'Johan', 'J: J:', 'Carl Aamodt']","['Grimstad', 'Skiens']",[],[]
354,0,at,,,,,"['Hedevall', 'Reimann', 'Hans Kone', 'Johan', 'J: J:', 'Carl Aamodt']","['Grimstad', 'Skiens']",[],[]
355,0,faa,,,,,"['Hedevall', 'Reimann', 'Hans Kone', 'Johan', 'J: J:', 'Carl Aamodt']","['Grimstad', 'Skiens']",[],[]
356,0,et,,,,,"['Hedevall', 'Reimann', 'Hans Kone', 'Johan', 'J: J:', 'Carl Aamodt']","['Grimstad', 'Skiens']",[],[]
357,0,længere,,,,,"['Hedevall', 'Reimann', 'Hans Kone', 'Johan', 'J: J:', 'Carl Aamodt']","['Grimstad', 'Skiens']",[],[]
358,0,Brev.,,,,,"['Hedevall', 'Reimann', 'Hans Kone', 'Johan', 'J: J:', 'Carl Aamodt']","['Grimstad', 'Skiens']",[],[]
359,0,–,,,,,"['Hedevall', 'Reimann', 'Hans Kone', 'Johan', 'J: J:', 'Carl Aamodt']","['Grimstad', 'Skiens']",[],[]
360,0,Vær,,,,,"['Hedevall', 'Reimann', 'Hans Kone', 'Johan', 'J: J:', 'Carl Aamodt']","['Grimstad', 'Skiens']",[],[]
361,0,saa,,,,,"['Hedevall', 'Reimann', 'Hans Kone', 'Johan', 'J: J:', 'Carl Aamodt']","['Grimstad', 'Skiens']",[],[]
362,0,god,,,,,"['Hedevall', 'Reimann', 'Hans Kone', 'Johan', 'J: J:', 'Carl Aamodt']","['Grimstad', 'Skiens']",[],[]
363,0,at,,,,,"['Hedevall', 'Reimann', 'Hans Kone', 'Johan', 'J: J:', 'Carl Aamodt']","['Grimstad', 'Skiens']",[],[]
364,0,sende,,,,,"['Hedevall', 'Reimann', 'Hans Kone', 'Johan', 'J: J:', 'Carl Aamodt']","['Grimstad', 'Skiens']",[],[]
365,0,Bogen,,,,,"['Hedevall', 'Reimann', 'Hans Kone', 'Johan', 'J: J:', 'Carl Aamodt']","['Grimstad', 'Skiens']",[],[]
366,0,«Wilhelm,,,,,"['Hedevall', 'Reimann', 'Hans Kone', 'Johan', 'J: J:', 'Carl Aamodt']","['Grimstad', 'Skiens']",[],[]
367,0,Tell»,,,,,"['Hedevall', 'Reimann', 'Hans Kone', 'Johan', 'J: J:', 'Carl Aamodt']","['Grimstad', 'Skiens']",[],[]
368,0,som,,,,,"['Hedevall', 'Reimann', 'Hans Kone', 'Johan', 'J: J:', 'Carl Aamodt']","['Grimstad', 'Skiens']",[],[]
369,0,Hedevall,,,,,"['Hedevall', 'Reimann', 'Hans Kone', 'Johan', 'J: J:', 'Carl Aamodt']","['Grimstad', 'Skiens']",[],[]
370,0,har,,,,,"['Hedevall', 'Reimann', 'Hans Kone', 'Johan', 'J: J:', 'Carl Aamodt']","['Grimstad', 'Skiens']",[],[]
371,0,"laant,",,,,,"['Hedevall', 'Reimann', 'Hans Kone', 'Johan', 'J: J:', 'Carl Aamodt']","['Grimstad', 'Skiens']",[],[]
372,0,optill,,,,,"['Hedevall', 'Reimann', 'Hans Kone', 'Johan', 'J: J:', 'Carl Aamodt']","['Grimstad', 'Skiens']",[],[]
373,0,"os,",,,,,"['Hedevall', 'Reimann', 'Hans Kone', 'Johan', 'J: J:', 'Carl Aamodt']","['Grimstad', 'Skiens']",[],[]
374,0,da,,,,,"['Hedevall', 'Reimann', 'Hans Kone', 'Johan', 'J: J:', 'Carl Aamodt']","['Grimstad', 'Skiens']",[],[]
375,0,den,,,,,"['Hedevall', 'Reimann', 'Hans Kone', 'Johan', 'J: J:', 'Carl Aamodt']","['Grimstad', 'Skiens']",[],[]
376,0,ikke,,,,,"['Hedevall', 'Reimann', 'Hans Kone', 'Johan', 'J: J:', 'Carl Aamodt']","['Grimstad', 'Skiens']",[],[]
377,0,tilhører,,,,,"['Hedevall', 'Reimann', 'Hans Kone', 'Johan', 'J: J:', 'Carl Aamodt']","['Grimstad', 'Skiens']",[],[]
378,0,mig,,,,,"['Hedevall', 'Reimann', 'Hans Kone', 'Johan', 'J: J:', 'Carl Aamodt']","['Grimstad', 'Skiens']",[],[]
379,0,selv.,,,,,"['Hedevall', 'Reimann', 'Hans Kone', 'Johan', 'J: J:', 'Carl Aamodt']","['Grimstad', 'Skiens']",[],[]
380,0,–,,,,,"['Hedevall', 'Reimann', 'Hans Kone', 'Johan', 'J: J:', 'Carl Aamodt']","['Grimstad', 'Skiens']",[],[]
381,0,Lev,,,,,"['Hedevall', 'Reimann', 'Hans Kone', 'Johan', 'J: J:', 'Carl Aamodt']","['Grimstad', 'Skiens']",[],[]
382,0,vel,,,,,"['Hedevall', 'Reimann', 'Hans Kone', 'Johan', 'J: J:', 'Carl Aamodt']","['Grimstad', 'Skiens']",[],[]
383,0,og,,,,,"['Hedevall', 'Reimann', 'Hans Kone', 'Johan', 'J: J:', 'Carl Aamodt']","['Grimstad', 'Skiens']",[],[]
384,0,hils,,,,,"['Hedevall', 'Reimann', 'Hans Kone', 'Johan', 'J: J:', 'Carl Aamodt']","['Grimstad', 'Skiens']",[],[]
385,0,alle,,,,,"['Hedevall', 'Reimann', 'Hans Kone', 'Johan', 'J: J:', 'Carl Aamodt']","['Grimstad', 'Skiens']",[],[]
386,0,gode,,,,,"['Hedevall', 'Reimann', 'Hans Kone', 'Johan', 'J: J:', 'Carl Aamodt']","['Grimstad', 'Skiens']",[],[]
387,0,Venner,,,,,"['Hedevall', 'Reimann', 'Hans Kone', 'Johan', 'J: J:', 'Carl Aamodt']","['Grimstad', 'Skiens']",[],[]
388,0,fra,,,,,"['Hedevall', 'Reimann', 'Hans Kone', 'Johan', 'J: J:', 'Carl Aamodt']","['Grimstad', 'Skiens']",[],[]
389,0,Din,,,,,"['Hedevall', 'Reimann', 'Hans Kone', 'Johan', 'J: J:', 'Carl Aamodt']","['Grimstad', 'Skiens']",[],[]
390,0,hengivneLad,,,,,"['Hedevall', 'Reimann', 'Hans Kone', 'Johan', 'J: J:', 'Carl Aamodt']","['Grimstad', 'Skiens']",[],[]
391,0,endelig,,,,,"['Hedevall', 'Reimann', 'Hans Kone', 'Johan', 'J: J:', 'Carl Aamodt']","['Grimstad', 'Skiens']",[],[]
392,0,ikke,,,,,"['Hedevall', 'Reimann', 'Hans Kone', 'Johan', 'J: J:', 'Carl Aamodt']","['Grimstad', 'Skiens']",[],[]
393,0,Nogen,,,,,"['Hedevall', 'Reimann', 'Hans Kone', 'Johan', 'J: J:', 'Carl Aamodt']","['Grimstad', 'Skiens']",[],[]
394,0,see,,,,,"['Hedevall', 'Reimann', 'Hans Kone', 'Johan', 'J: J:', 'Carl Aamodt']","['Grimstad', 'Skiens']",[],[]
395,0,dette,,,,,"['Hedevall', 'Reimann', 'Hans Kone', 'Johan', 'J: J:', 'Carl Aamodt']","['Grimstad', 'Skiens']",[],[]
396,0,da,,,,,"['Hedevall', 'Reimann', 'Hans Kone', 'Johan', 'J: J:', 'Carl Aamodt']","['Grimstad', 'Skiens']",[],[]
397,0,det,,,,,"['Hedevall', 'Reimann', 'Hans Kone', 'Johan', 'J: J:', 'Carl Aamodt']","['Grimstad', 'Skiens']",[],[]
398,0,er,,,,,"['Hedevall', 'Reimann', 'Hans Kone', 'Johan', 'J: J:', 'Carl Aamodt']","['Grimstad', 'Skiens']",[],[]
399,0,skrevet,,,,,"['Hedevall', 'Reimann', 'Hans Kone', 'Johan', 'J: J:', 'Carl Aamodt']","['Grimstad', 'Skiens']",[],[]
400,0,i,,,,,"['Hedevall', 'Reimann', 'Hans Kone', 'Johan', 'J: J:', 'Carl Aamodt']","['Grimstad', 'Skiens']",[],[]
401,0,største,,,,,"['Hedevall', 'Reimann', 'Hans Kone', 'Johan', 'J: J:', 'Carl Aamodt']","['Grimstad', 'Skiens']",[],[]
402,0,Hast.,,,,,"['Hedevall', 'Reimann', 'Hans Kone', 'Johan', 'J: J:', 'Carl Aamodt']","['Grimstad', 'Skiens']",[],[]
