,,0,human_annotation,who,dacy_medium,spacy_trf,person,place,org,work
0,0,For,,,,,['N. Ravnkildes'],[],[],[]
1,0,at,,,,,['N. Ravnkildes'],[],[],[]
2,0,tjene,,,,,['N. Ravnkildes'],[],[],[]
3,0,en,,,,,['N. Ravnkildes'],[],[],[]
4,0,fælles,,,,,['N. Ravnkildes'],[],[],[]
5,0,Landsmand,,,,,['N. Ravnkildes'],[],[],[]
6,0,hernede,,,,,['N. Ravnkildes'],[],[],[]
7,0,har,,,,,['N. Ravnkildes'],[],[],[]
8,0,jeg,,,,,['N. Ravnkildes'],[],[],[]
9,0,taget,,,,,['N. Ravnkildes'],[],[],[]
10,0,mig,,,,,['N. Ravnkildes'],[],[],[]
11,0,den,,,,,['N. Ravnkildes'],[],[],[]
12,0,Frihed,,,,,['N. Ravnkildes'],[],[],[]
13,0,at,,,,,['N. Ravnkildes'],[],[],[]
14,0,udstede,,,,,['N. Ravnkildes'],[],[],[]
15,0,en,,,,,['N. Ravnkildes'],[],[],[]
16,0,Anvisning,,,,,['N. Ravnkildes'],[],[],[]
17,0,paa,,,,,['N. Ravnkildes'],[],[],[]
18,0,"Dem,",,,,,['N. Ravnkildes'],[],[],[]
19,0,stor,,,,,['N. Ravnkildes'],[],[],[]
20,0,halvtredsindstyve,,,,,['N. Ravnkildes'],[],[],[]
21,0,"Rdlr:,",,,,,['N. Ravnkildes'],[],[],[]
22,0,som,,,,,['N. Ravnkildes'],[],[],[]
23,0,jeg,,,,,['N. Ravnkildes'],[],[],[]
24,0,beder,,,,,['N. Ravnkildes'],[],[],[]
25,0,Dem,,,,,['N. Ravnkildes'],[],[],[]
26,0,bevise,,,,,['N. Ravnkildes'],[],[],[]
27,0,mig,,,,,['N. Ravnkildes'],[],[],[]
28,0,den,,,,,['N. Ravnkildes'],[],[],[]
29,0,Godhed,,,,,['N. Ravnkildes'],[],[],[]
30,0,at,,,,,['N. Ravnkildes'],[],[],[]
31,0,honorere.,,,,,['N. Ravnkildes'],[],[],[]
32,0,Jeg,,,,,['N. Ravnkildes'],[],[],[]
33,0,ledsager,,,,,['N. Ravnkildes'],[],[],[]
34,0,Anvisningen,,,,,['N. Ravnkildes'],[],[],[]
35,0,med,,,,,['N. Ravnkildes'],[],[],[]
36,0,disse,,,,,['N. Ravnkildes'],[],[],[]
37,0,Linjer,,,,,['N. Ravnkildes'],[],[],[]
38,0,for,,,,,['N. Ravnkildes'],[],[],[]
39,0,at,,,,,['N. Ravnkildes'],[],[],[]
40,0,opplyse,,,,,['N. Ravnkildes'],[],[],[]
41,0,"om,",,,,,['N. Ravnkildes'],[],[],[]
42,0,at,,,,,['N. Ravnkildes'],[],[],[]
43,0,endskjønt,,,,,['N. Ravnkildes'],[],[],[]
44,0,Summen,,,,,['N. Ravnkildes'],[],[],[]
45,0,er,,,,,['N. Ravnkildes'],[],[],[]
46,0,den,,,,,['N. Ravnkildes'],[],[],[]
47,0,"samme,",,,,,['N. Ravnkildes'],[],[],[]
48,0,som,,,,,['N. Ravnkildes'],[],[],[]
49,0,den,,,,,['N. Ravnkildes'],[],[],[]
50,0,i,,,,,['N. Ravnkildes'],[],[],[]
51,0,mit,,,,,['N. Ravnkildes'],[],[],[]
52,0,sidste,,,,,['N. Ravnkildes'],[],[],[]
53,0,Brev,,,,,['N. Ravnkildes'],[],[],[]
54,0,omskrevne,,,,,['N. Ravnkildes'],[],[],[]
55,0,(og,,,,,['N. Ravnkildes'],[],[],[]
56,0,denne,,,,,['N. Ravnkildes'],[],[],[]
57,0,Anvisning,,,,,['N. Ravnkildes'],[],[],[]
58,0,ligeledes,,,,,['N. Ravnkildes'],[],[],[]
59,0,udstedt,,,,,['N. Ravnkildes'],[],[],[]
60,0,i,,,,,['N. Ravnkildes'],[],[],[]
61,0,N.,,,,,['N. Ravnkildes'],[],[],[]
62,0,Ravnkildes,,,,,['N. Ravnkildes'],[],[],[]
63,0,Interesse),,,,,['N. Ravnkildes'],[],[],[]
64,0,–,,,,,['N. Ravnkildes'],[],[],[]
65,0,saa,,,,,['N. Ravnkildes'],[],[],[]
66,0,har,,,,,['N. Ravnkildes'],[],[],[]
67,0,denne,,,,,['N. Ravnkildes'],[],[],[]
68,0,Affære,,,,,['N. Ravnkildes'],[],[],[]
69,0,intet,,,,,['N. Ravnkildes'],[],[],[]
70,0,at,,,,,['N. Ravnkildes'],[],[],[]
71,0,bestille,,,,,['N. Ravnkildes'],[],[],[]
72,0,med,,,,,['N. Ravnkildes'],[],[],[]
73,0,den,,,,,['N. Ravnkildes'],[],[],[]
74,0,af,,,,,['N. Ravnkildes'],[],[],[]
75,0,mig,,,,,['N. Ravnkildes'],[],[],[]
76,0,tidligere,,,,,['N. Ravnkildes'],[],[],[]
77,0,omskrevne.,,,,,['N. Ravnkildes'],[],[],[]
78,0,–,,,,,['N. Ravnkildes'],[],[],[]
79,0,Jeg,,,,,['N. Ravnkildes'],[],[],[]
80,0,sender,,,,,['N. Ravnkildes'],[],[],[]
81,0,Dem,,,,,['N. Ravnkildes'],[],[],[]
82,0,i,,,,,['N. Ravnkildes'],[],[],[]
83,0,Hast,,,,,['N. Ravnkildes'],[],[],[]
84,0,mine,,,,,['N. Ravnkildes'],[],[],[]
85,0,hjerteligste,,,,,['N. Ravnkildes'],[],[],[]
86,0,Hilsener,,,,,['N. Ravnkildes'],[],[],[]
87,0,og,,,,,['N. Ravnkildes'],[],[],[]
88,0,tegner,,,,,['N. Ravnkildes'],[],[],[]
89,0,mig,,,,,['N. Ravnkildes'],[],[],[]
