,,0,human_annotation,who,dacy_medium,spacy_trf,person,place,org,work
0,0,Jeg,,,,,[],"['München', 'Dresden']",[],"['mit nye Arbejde', '«Brand»']"
1,0,vil,,,,,[],"['München', 'Dresden']",[],"['mit nye Arbejde', '«Brand»']"
2,0,haabe,,,,,[],"['München', 'Dresden']",[],"['mit nye Arbejde', '«Brand»']"
3,0,at,,,,,[],"['München', 'Dresden']",[],"['mit nye Arbejde', '«Brand»']"
4,0,den,,,,,[],"['München', 'Dresden']",[],"['mit nye Arbejde', '«Brand»']"
5,0,"Hastværksbillet,",,,,,[],"['München', 'Dresden']",[],"['mit nye Arbejde', '«Brand»']"
6,0,jeg,,,,,[],"['München', 'Dresden']",[],"['mit nye Arbejde', '«Brand»']"
7,0,i,,,,,[],"['München', 'Dresden']",[],"['mit nye Arbejde', '«Brand»']"
8,0,utidig,,,,,[],"['München', 'Dresden']",[],"['mit nye Arbejde', '«Brand»']"
9,0,Ængstelse,,,,,[],"['München', 'Dresden']",[],"['mit nye Arbejde', '«Brand»']"
10,0,sendte,,,,,[],"['München', 'Dresden']",[],"['mit nye Arbejde', '«Brand»']"
11,0,Dem,,,,,[],"['München', 'Dresden']",[],"['mit nye Arbejde', '«Brand»']"
12,0,fra,,,,,[],"['München', 'Dresden']",[],"['mit nye Arbejde', '«Brand»']"
13,0,"München,",,,,,[],"['München', 'Dresden']",[],"['mit nye Arbejde', '«Brand»']"
14,0,ikke,,,,,[],"['München', 'Dresden']",[],"['mit nye Arbejde', '«Brand»']"
15,0,har,,,,,[],"['München', 'Dresden']",[],"['mit nye Arbejde', '«Brand»']"
16,0,foranlediget,,,,,[],"['München', 'Dresden']",[],"['mit nye Arbejde', '«Brand»']"
17,0,Dem,,,,,[],"['München', 'Dresden']",[],"['mit nye Arbejde', '«Brand»']"
18,0,till,,,,,[],"['München', 'Dresden']",[],"['mit nye Arbejde', '«Brand»']"
19,0,nogen,,,,,[],"['München', 'Dresden']",[],"['mit nye Arbejde', '«Brand»']"
20,0,Extraforanstaltning.,,,,,[],"['München', 'Dresden']",[],"['mit nye Arbejde', '«Brand»']"
21,0,Dagen,,,,,[],"['München', 'Dresden']",[],"['mit nye Arbejde', '«Brand»']"
22,0,efter,,,,,[],"['München', 'Dresden']",[],"['mit nye Arbejde', '«Brand»']"
23,0,modtog,,,,,[],"['München', 'Dresden']",[],"['mit nye Arbejde', '«Brand»']"
24,0,jeg,,,,,[],"['München', 'Dresden']",[],"['mit nye Arbejde', '«Brand»']"
25,0,Deres,,,,,[],"['München', 'Dresden']",[],"['mit nye Arbejde', '«Brand»']"
26,0,Brev,,,,,[],"['München', 'Dresden']",[],"['mit nye Arbejde', '«Brand»']"
27,0,med,,,,,[],"['München', 'Dresden']",[],"['mit nye Arbejde', '«Brand»']"
28,0,indlagte,,,,,[],"['München', 'Dresden']",[],"['mit nye Arbejde', '«Brand»']"
29,0,150,,,,,[],"['München', 'Dresden']",[],"['mit nye Arbejde', '«Brand»']"
30,0,"Thaler,",,,,,[],"['München', 'Dresden']",[],"['mit nye Arbejde', '«Brand»']"
31,0,hvorfor,,,,,[],"['München', 'Dresden']",[],"['mit nye Arbejde', '«Brand»']"
32,0,jeg,,,,,[],"['München', 'Dresden']",[],"['mit nye Arbejde', '«Brand»']"
33,0,er,,,,,[],"['München', 'Dresden']",[],"['mit nye Arbejde', '«Brand»']"
34,0,Dem,,,,,[],"['München', 'Dresden']",[],"['mit nye Arbejde', '«Brand»']"
35,0,meget,,,,,[],"['München', 'Dresden']",[],"['mit nye Arbejde', '«Brand»']"
36,0,forbunden.Nu,,,,,[],"['München', 'Dresden']",[],"['mit nye Arbejde', '«Brand»']"
37,0,ere,,,,,[],"['München', 'Dresden']",[],"['mit nye Arbejde', '«Brand»']"
38,0,vi,,,,,[],"['München', 'Dresden']",[],"['mit nye Arbejde', '«Brand»']"
39,0,da,,,,,[],"['München', 'Dresden']",[],"['mit nye Arbejde', '«Brand»']"
40,0,efter,,,,,[],"['München', 'Dresden']",[],"['mit nye Arbejde', '«Brand»']"
41,0,lang,,,,,[],"['München', 'Dresden']",[],"['mit nye Arbejde', '«Brand»']"
42,0,Omflakken,,,,,[],"['München', 'Dresden']",[],"['mit nye Arbejde', '«Brand»']"
43,0,kommet,,,,,[],"['München', 'Dresden']",[],"['mit nye Arbejde', '«Brand»']"
44,0,till,,,,,[],"['München', 'Dresden']",[],"['mit nye Arbejde', '«Brand»']"
45,0,Ro,,,,,[],"['München', 'Dresden']",[],"['mit nye Arbejde', '«Brand»']"
46,0,for,,,,,[],"['München', 'Dresden']",[],"['mit nye Arbejde', '«Brand»']"
47,0,Vinteren,,,,,[],"['München', 'Dresden']",[],"['mit nye Arbejde', '«Brand»']"
48,0,i,,,,,[],"['München', 'Dresden']",[],"['mit nye Arbejde', '«Brand»']"
49,0,egen,,,,,[],"['München', 'Dresden']",[],"['mit nye Arbejde', '«Brand»']"
50,0,Bolig,,,,,[],"['München', 'Dresden']",[],"['mit nye Arbejde', '«Brand»']"
51,0,og,,,,,[],"['München', 'Dresden']",[],"['mit nye Arbejde', '«Brand»']"
52,0,med,,,,,[],"['München', 'Dresden']",[],"['mit nye Arbejde', '«Brand»']"
53,0,egen,,,,,[],"['München', 'Dresden']",[],"['mit nye Arbejde', '«Brand»']"
54,0,Husholdning.,,,,,[],"['München', 'Dresden']",[],"['mit nye Arbejde', '«Brand»']"
55,0,Lidt,,,,,[],"['München', 'Dresden']",[],"['mit nye Arbejde', '«Brand»']"
56,0,over,,,,,[],"['München', 'Dresden']",[],"['mit nye Arbejde', '«Brand»']"
57,0,Nytaar,,,,,[],"['München', 'Dresden']",[],"['mit nye Arbejde', '«Brand»']"
58,0,haaber,,,,,[],"['München', 'Dresden']",[],"['mit nye Arbejde', '«Brand»']"
59,0,jeg,,,,,[],"['München', 'Dresden']",[],"['mit nye Arbejde', '«Brand»']"
60,0,at,,,,,[],"['München', 'Dresden']",[],"['mit nye Arbejde', '«Brand»']"
61,0,kunne,,,,,[],"['München', 'Dresden']",[],"['mit nye Arbejde', '«Brand»']"
62,0,have,,,,,[],"['München', 'Dresden']",[],"['mit nye Arbejde', '«Brand»']"
63,0,mit,,,,,[],"['München', 'Dresden']",[],"['mit nye Arbejde', '«Brand»']"
64,0,nye,,,,,[],"['München', 'Dresden']",[],"['mit nye Arbejde', '«Brand»']"
65,0,Arbejde,,,,,[],"['München', 'Dresden']",[],"['mit nye Arbejde', '«Brand»']"
66,0,færdigt;,,,,,[],"['München', 'Dresden']",[],"['mit nye Arbejde', '«Brand»']"
67,0,paa,,,,,[],"['München', 'Dresden']",[],"['mit nye Arbejde', '«Brand»']"
68,0,nogen,,,,,[],"['München', 'Dresden']",[],"['mit nye Arbejde', '«Brand»']"
69,0,Udgivelse,,,,,[],"['München', 'Dresden']",[],"['mit nye Arbejde', '«Brand»']"
70,0,kan,,,,,[],"['München', 'Dresden']",[],"['mit nye Arbejde', '«Brand»']"
71,0,der,,,,,[],"['München', 'Dresden']",[],"['mit nye Arbejde', '«Brand»']"
72,0,vel,,,,,[],"['München', 'Dresden']",[],"['mit nye Arbejde', '«Brand»']"
73,0,ikke,,,,,[],"['München', 'Dresden']",[],"['mit nye Arbejde', '«Brand»']"
74,0,være,,,,,[],"['München', 'Dresden']",[],"['mit nye Arbejde', '«Brand»']"
75,0,at,,,,,[],"['München', 'Dresden']",[],"['mit nye Arbejde', '«Brand»']"
76,0,tænke,,,,,[],"['München', 'Dresden']",[],"['mit nye Arbejde', '«Brand»']"
77,0,før,,,,,[],"['München', 'Dresden']",[],"['mit nye Arbejde', '«Brand»']"
78,0,till,,,,,[],"['München', 'Dresden']",[],"['mit nye Arbejde', '«Brand»']"
79,0,næste,,,,,[],"['München', 'Dresden']",[],"['mit nye Arbejde', '«Brand»']"
80,0,Efteraar,,,,,[],"['München', 'Dresden']",[],"['mit nye Arbejde', '«Brand»']"
81,0,eller,,,,,[],"['München', 'Dresden']",[],"['mit nye Arbejde', '«Brand»']"
82,0,"Vinter,",,,,,[],"['München', 'Dresden']",[],"['mit nye Arbejde', '«Brand»']"
83,0,da,,,,,[],"['München', 'Dresden']",[],"['mit nye Arbejde', '«Brand»']"
84,0,Stykket,,,,,[],"['München', 'Dresden']",[],"['mit nye Arbejde', '«Brand»']"
85,0,er,,,,,[],"['München', 'Dresden']",[],"['mit nye Arbejde', '«Brand»']"
86,0,bestemt,,,,,[],"['München', 'Dresden']",[],"['mit nye Arbejde', '«Brand»']"
87,0,for,,,,,[],"['München', 'Dresden']",[],"['mit nye Arbejde', '«Brand»']"
88,0,Theatrene;,,,,,[],"['München', 'Dresden']",[],"['mit nye Arbejde', '«Brand»']"
89,0,jeg,,,,,[],"['München', 'Dresden']",[],"['mit nye Arbejde', '«Brand»']"
90,0,skal,,,,,[],"['München', 'Dresden']",[],"['mit nye Arbejde', '«Brand»']"
91,0,naturligvis,,,,,[],"['München', 'Dresden']",[],"['mit nye Arbejde', '«Brand»']"
92,0,sende,,,,,[],"['München', 'Dresden']",[],"['mit nye Arbejde', '«Brand»']"
93,0,Dem,,,,,[],"['München', 'Dresden']",[],"['mit nye Arbejde', '«Brand»']"
94,0,en,,,,,[],"['München', 'Dresden']",[],"['mit nye Arbejde', '«Brand»']"
95,0,Afskrift.Hjertelig,,,,,[],"['München', 'Dresden']",[],"['mit nye Arbejde', '«Brand»']"
96,0,Takk,,,,,[],"['München', 'Dresden']",[],"['mit nye Arbejde', '«Brand»']"
97,0,for,,,,,[],"['München', 'Dresden']",[],"['mit nye Arbejde', '«Brand»']"
98,0,at,,,,,[],"['München', 'Dresden']",[],"['mit nye Arbejde', '«Brand»']"
99,0,De,,,,,[],"['München', 'Dresden']",[],"['mit nye Arbejde', '«Brand»']"
100,0,lader,,,,,[],"['München', 'Dresden']",[],"['mit nye Arbejde', '«Brand»']"
101,0,5te,,,,,[],"['München', 'Dresden']",[],"['mit nye Arbejde', '«Brand»']"
102,0,Opplag,,,,,[],"['München', 'Dresden']",[],"['mit nye Arbejde', '«Brand»']"
103,0,af,,,,,[],"['München', 'Dresden']",[],"['mit nye Arbejde', '«Brand»']"
104,0,«Brand»,,,,,[],"['München', 'Dresden']",[],"['mit nye Arbejde', '«Brand»']"
105,0,udkomme;,,,,,[],"['München', 'Dresden']",[],"['mit nye Arbejde', '«Brand»']"
106,0,uden,,,,,[],"['München', 'Dresden']",[],"['mit nye Arbejde', '«Brand»']"
107,0,Dem,,,,,[],"['München', 'Dresden']",[],"['mit nye Arbejde', '«Brand»']"
108,0,vilde,,,,,[],"['München', 'Dresden']",[],"['mit nye Arbejde', '«Brand»']"
109,0,baade,,,,,[],"['München', 'Dresden']",[],"['mit nye Arbejde', '«Brand»']"
110,0,5te,,,,,[],"['München', 'Dresden']",[],"['mit nye Arbejde', '«Brand»']"
111,0,og,,,,,[],"['München', 'Dresden']",[],"['mit nye Arbejde', '«Brand»']"
112,0,flere,,,,,[],"['München', 'Dresden']",[],"['mit nye Arbejde', '«Brand»']"
113,0,af,,,,,[],"['München', 'Dresden']",[],"['mit nye Arbejde', '«Brand»']"
114,0,de,,,,,[],"['München', 'Dresden']",[],"['mit nye Arbejde', '«Brand»']"
115,0,foregaaende,,,,,[],"['München', 'Dresden']",[],"['mit nye Arbejde', '«Brand»']"
116,0,Opplag,,,,,[],"['München', 'Dresden']",[],"['mit nye Arbejde', '«Brand»']"
117,0,endnu,,,,,[],"['München', 'Dresden']",[],"['mit nye Arbejde', '«Brand»']"
118,0,i,,,,,[],"['München', 'Dresden']",[],"['mit nye Arbejde', '«Brand»']"
119,0,lange,,,,,[],"['München', 'Dresden']",[],"['mit nye Arbejde', '«Brand»']"
120,0,"Tider,",,,,,[],"['München', 'Dresden']",[],"['mit nye Arbejde', '«Brand»']"
121,0,maaske,,,,,[],"['München', 'Dresden']",[],"['mit nye Arbejde', '«Brand»']"
122,0,for,,,,,[],"['München', 'Dresden']",[],"['mit nye Arbejde', '«Brand»']"
123,0,"stedse,",,,,,[],"['München', 'Dresden']",[],"['mit nye Arbejde', '«Brand»']"
124,0,have,,,,,[],"['München', 'Dresden']",[],"['mit nye Arbejde', '«Brand»']"
125,0,været,,,,,[],"['München', 'Dresden']",[],"['mit nye Arbejde', '«Brand»']"
126,0,overflødige.Ligeledes,,,,,[],"['München', 'Dresden']",[],"['mit nye Arbejde', '«Brand»']"
127,0,min,,,,,[],"['München', 'Dresden']",[],"['mit nye Arbejde', '«Brand»']"
128,0,hjerteligste,,,,,[],"['München', 'Dresden']",[],"['mit nye Arbejde', '«Brand»']"
129,0,Takk,,,,,[],"['München', 'Dresden']",[],"['mit nye Arbejde', '«Brand»']"
130,0,for,,,,,[],"['München', 'Dresden']",[],"['mit nye Arbejde', '«Brand»']"
131,0,al,,,,,[],"['München', 'Dresden']",[],"['mit nye Arbejde', '«Brand»']"
132,0,Deres,,,,,[],"['München', 'Dresden']",[],"['mit nye Arbejde', '«Brand»']"
133,0,Ulejlighed,,,,,[],"['München', 'Dresden']",[],"['mit nye Arbejde', '«Brand»']"
134,0,med,,,,,[],"['München', 'Dresden']",[],"['mit nye Arbejde', '«Brand»']"
135,0,Lotterisedlen!,,,,,[],"['München', 'Dresden']",[],"['mit nye Arbejde', '«Brand»']"
136,0,Jeg,,,,,[],"['München', 'Dresden']",[],"['mit nye Arbejde', '«Brand»']"
137,0,venter,,,,,[],"['München', 'Dresden']",[],"['mit nye Arbejde', '«Brand»']"
138,0,mig,,,,,[],"['München', 'Dresden']",[],"['mit nye Arbejde', '«Brand»']"
139,0,noget,,,,,[],"['München', 'Dresden']",[],"['mit nye Arbejde', '«Brand»']"
140,0,stort,,,,,[],"['München', 'Dresden']",[],"['mit nye Arbejde', '«Brand»']"
141,0,fra,,,,,[],"['München', 'Dresden']",[],"['mit nye Arbejde', '«Brand»']"
142,0,Lotteriet,,,,,[],"['München', 'Dresden']",[],"['mit nye Arbejde', '«Brand»']"
143,0,–,,,,,[],"['München', 'Dresden']",[],"['mit nye Arbejde', '«Brand»']"
144,0,naar,,,,,[],"['München', 'Dresden']",[],"['mit nye Arbejde', '«Brand»']"
145,0,jeg,,,,,[],"['München', 'Dresden']",[],"['mit nye Arbejde', '«Brand»']"
146,0,blot,,,,,[],"['München', 'Dresden']",[],"['mit nye Arbejde', '«Brand»']"
147,0,holder,,,,,[],"['München', 'Dresden']",[],"['mit nye Arbejde', '«Brand»']"
148,0,ud,,,,,[],"['München', 'Dresden']",[],"['mit nye Arbejde', '«Brand»']"
149,0,saa,,,,,[],"['München', 'Dresden']",[],"['mit nye Arbejde', '«Brand»']"
150,0,længe,,,,,[],"['München', 'Dresden']",[],"['mit nye Arbejde', '«Brand»']"
151,0,–De,,,,,[],"['München', 'Dresden']",[],"['mit nye Arbejde', '«Brand»']"
152,0,spørger,,,,,[],"['München', 'Dresden']",[],"['mit nye Arbejde', '«Brand»']"
153,0,om,,,,,[],"['München', 'Dresden']",[],"['mit nye Arbejde', '«Brand»']"
154,0,jeg,,,,,[],"['München', 'Dresden']",[],"['mit nye Arbejde', '«Brand»']"
155,0,ønsker,,,,,[],"['München', 'Dresden']",[],"['mit nye Arbejde', '«Brand»']"
156,0,Dagbladet,,,,,[],"['München', 'Dresden']",[],"['mit nye Arbejde', '«Brand»']"
157,0,till,,,,,[],"['München', 'Dresden']",[],"['mit nye Arbejde', '«Brand»']"
158,0,Dresden.,,,,,[],"['München', 'Dresden']",[],"['mit nye Arbejde', '«Brand»']"
159,0,"Ja,",,,,,[],"['München', 'Dresden']",[],"['mit nye Arbejde', '«Brand»']"
160,0,det,,,,,[],"['München', 'Dresden']",[],"['mit nye Arbejde', '«Brand»']"
161,0,gjør,,,,,[],"['München', 'Dresden']",[],"['mit nye Arbejde', '«Brand»']"
162,0,jeg,,,,,[],"['München', 'Dresden']",[],"['mit nye Arbejde', '«Brand»']"
163,0,tillvisse;,,,,,[],"['München', 'Dresden']",[],"['mit nye Arbejde', '«Brand»']"
164,0,men,,,,,[],"['München', 'Dresden']",[],"['mit nye Arbejde', '«Brand»']"
165,0,kun,,,,,[],"['München', 'Dresden']",[],"['mit nye Arbejde', '«Brand»']"
166,0,paa,,,,,[],"['München', 'Dresden']",[],"['mit nye Arbejde', '«Brand»']"
167,0,det,,,,,[],"['München', 'Dresden']",[],"['mit nye Arbejde', '«Brand»']"
168,0,Vilkaar,,,,,[],"['München', 'Dresden']",[],"['mit nye Arbejde', '«Brand»']"
169,0,at,,,,,[],"['München', 'Dresden']",[],"['mit nye Arbejde', '«Brand»']"
170,0,jeg,,,,,[],"['München', 'Dresden']",[],"['mit nye Arbejde', '«Brand»']"
171,0,faar,,,,,[],"['München', 'Dresden']",[],"['mit nye Arbejde', '«Brand»']"
172,0,bære,,,,,[],"['München', 'Dresden']",[],"['mit nye Arbejde', '«Brand»']"
173,0,alle,,,,,[],"['München', 'Dresden']",[],"['mit nye Arbejde', '«Brand»']"
174,0,dermed,,,,,[],"['München', 'Dresden']",[],"['mit nye Arbejde', '«Brand»']"
175,0,forbundne,,,,,[],"['München', 'Dresden']",[],"['mit nye Arbejde', '«Brand»']"
176,0,Omkostninger.,,,,,[],"['München', 'Dresden']",[],"['mit nye Arbejde', '«Brand»']"
177,0,Det,,,,,[],"['München', 'Dresden']",[],"['mit nye Arbejde', '«Brand»']"
178,0,er,,,,,[],"['München', 'Dresden']",[],"['mit nye Arbejde', '«Brand»']"
179,0,ikke,,,,,[],"['München', 'Dresden']",[],"['mit nye Arbejde', '«Brand»']"
180,0,af,,,,,[],"['München', 'Dresden']",[],"['mit nye Arbejde', '«Brand»']"
181,0,tom,,,,,[],"['München', 'Dresden']",[],"['mit nye Arbejde', '«Brand»']"
182,0,Nysgjærrighed,,,,,[],"['München', 'Dresden']",[],"['mit nye Arbejde', '«Brand»']"
183,0,efter,,,,,[],"['München', 'Dresden']",[],"['mit nye Arbejde', '«Brand»']"
184,0,"Avisnyheder,",,,,,[],"['München', 'Dresden']",[],"['mit nye Arbejde', '«Brand»']"
185,0,at,,,,,[],"['München', 'Dresden']",[],"['mit nye Arbejde', '«Brand»']"
186,0,jeg,,,,,[],"['München', 'Dresden']",[],"['mit nye Arbejde', '«Brand»']"
187,0,ønsker,,,,,[],"['München', 'Dresden']",[],"['mit nye Arbejde', '«Brand»']"
188,0,"Bladet,",,,,,[],"['München', 'Dresden']",[],"['mit nye Arbejde', '«Brand»']"
189,0,men,,,,,[],"['München', 'Dresden']",[],"['mit nye Arbejde', '«Brand»']"
190,0,fordi,,,,,[],"['München', 'Dresden']",[],"['mit nye Arbejde', '«Brand»']"
191,0,jeg,,,,,[],"['München', 'Dresden']",[],"['mit nye Arbejde', '«Brand»']"
192,0,derved,,,,,[],"['München', 'Dresden']",[],"['mit nye Arbejde', '«Brand»']"
193,0,ligesom,,,,,[],"['München', 'Dresden']",[],"['mit nye Arbejde', '«Brand»']"
194,0,drages,,,,,[],"['München', 'Dresden']",[],"['mit nye Arbejde', '«Brand»']"
195,0,nærmere,,,,,[],"['München', 'Dresden']",[],"['mit nye Arbejde', '«Brand»']"
196,0,og,,,,,[],"['München', 'Dresden']",[],"['mit nye Arbejde', '«Brand»']"
197,0,inderligere,,,,,[],"['München', 'Dresden']",[],"['mit nye Arbejde', '«Brand»']"
198,0,ind,,,,,[],"['München', 'Dresden']",[],"['mit nye Arbejde', '«Brand»']"
199,0,i,,,,,[],"['München', 'Dresden']",[],"['mit nye Arbejde', '«Brand»']"
200,0,Hjemmets,,,,,[],"['München', 'Dresden']",[],"['mit nye Arbejde', '«Brand»']"
201,0,Liv,,,,,[],"['München', 'Dresden']",[],"['mit nye Arbejde', '«Brand»']"
202,0,og,,,,,[],"['München', 'Dresden']",[],"['mit nye Arbejde', '«Brand»']"
203,0,føler,,,,,[],"['München', 'Dresden']",[],"['mit nye Arbejde', '«Brand»']"
204,0,mig,,,,,[],"['München', 'Dresden']",[],"['mit nye Arbejde', '«Brand»']"
205,0,styrket,,,,,[],"['München', 'Dresden']",[],"['mit nye Arbejde', '«Brand»']"
206,0,till,,,,,[],"['München', 'Dresden']",[],"['mit nye Arbejde', '«Brand»']"
207,0,mit,,,,,[],"['München', 'Dresden']",[],"['mit nye Arbejde', '«Brand»']"
208,0,Arbejde.,,,,,[],"['München', 'Dresden']",[],"['mit nye Arbejde', '«Brand»']"
209,0,–Jeg,,,,,[],"['München', 'Dresden']",[],"['mit nye Arbejde', '«Brand»']"
210,0,tillskriver,,,,,[],"['München', 'Dresden']",[],"['mit nye Arbejde', '«Brand»']"
211,0,Dem,,,,,[],"['München', 'Dresden']",[],"['mit nye Arbejde', '«Brand»']"
212,0,snart,,,,,[],"['München', 'Dresden']",[],"['mit nye Arbejde', '«Brand»']"
213,0,igjen.,,,,,[],"['München', 'Dresden']",[],"['mit nye Arbejde', '«Brand»']"
214,0,Min,,,,,[],"['München', 'Dresden']",[],"['mit nye Arbejde', '«Brand»']"
215,0,Adresse,,,,,[],"['München', 'Dresden']",[],"['mit nye Arbejde', '«Brand»']"
216,0,hersteds,,,,,[],"['München', 'Dresden']",[],"['mit nye Arbejde', '«Brand»']"
217,0,er:,,,,,[],"['München', 'Dresden']",[],"['mit nye Arbejde', '«Brand»']"
218,0,An,,,,,[],"['München', 'Dresden']",[],"['mit nye Arbejde', '«Brand»']"
219,0,der,,,,,[],"['München', 'Dresden']",[],"['mit nye Arbejde', '«Brand»']"
220,0,"Frauenkirche,",,,,,[],"['München', 'Dresden']",[],"['mit nye Arbejde', '«Brand»']"
221,0,No,,,,,[],"['München', 'Dresden']",[],"['mit nye Arbejde', '«Brand»']"
222,0,"6,",,,,,[],"['München', 'Dresden']",[],"['mit nye Arbejde', '«Brand»']"
223,0,1ste,,,,,[],"['München', 'Dresden']",[],"['mit nye Arbejde', '«Brand»']"
224,0,Etage.,,,,,[],"['München', 'Dresden']",[],"['mit nye Arbejde', '«Brand»']"
