,,0,human_annotation,who,dacy_medium,spacy_trf,person,place,org,work
0,0,I,,,,,['min hustru'],['Bergen'],['theatret'],['medfølgende bog']
1,0,håb,,,,,['min hustru'],['Bergen'],['theatret'],['medfølgende bog']
2,0,om,,,,,['min hustru'],['Bergen'],['theatret'],['medfølgende bog']
3,0,at,,,,,['min hustru'],['Bergen'],['theatret'],['medfølgende bog']
4,0,De,,,,,['min hustru'],['Bergen'],['theatret'],['medfølgende bog']
5,0,har,,,,,['min hustru'],['Bergen'],['theatret'],['medfølgende bog']
6,0,bevaret,,,,,['min hustru'],['Bergen'],['theatret'],['medfølgende bog']
7,0,mig,,,,,['min hustru'],['Bergen'],['theatret'],['medfølgende bog']
8,0,i,,,,,['min hustru'],['Bergen'],['theatret'],['medfølgende bog']
9,0,venskabelig,,,,,['min hustru'],['Bergen'],['theatret'],['medfølgende bog']
10,0,"erindring,",,,,,['min hustru'],['Bergen'],['theatret'],['medfølgende bog']
11,0,ligesom,,,,,['min hustru'],['Bergen'],['theatret'],['medfølgende bog']
12,0,jeg,,,,,['min hustru'],['Bergen'],['theatret'],['medfølgende bog']
13,0,beder,,,,,['min hustru'],['Bergen'],['theatret'],['medfølgende bog']
14,0,Dem,,,,,['min hustru'],['Bergen'],['theatret'],['medfølgende bog']
15,0,være,,,,,['min hustru'],['Bergen'],['theatret'],['medfølgende bog']
16,0,forvisset,,,,,['min hustru'],['Bergen'],['theatret'],['medfølgende bog']
17,0,om,,,,,['min hustru'],['Bergen'],['theatret'],['medfølgende bog']
18,0,at,,,,,['min hustru'],['Bergen'],['theatret'],['medfølgende bog']
19,0,jeg,,,,,['min hustru'],['Bergen'],['theatret'],['medfølgende bog']
20,0,på,,,,,['min hustru'],['Bergen'],['theatret'],['medfølgende bog']
21,0,min,,,,,['min hustru'],['Bergen'],['theatret'],['medfølgende bog']
22,0,side,,,,,['min hustru'],['Bergen'],['theatret'],['medfølgende bog']
23,0,stedse,,,,,['min hustru'],['Bergen'],['theatret'],['medfølgende bog']
24,0,med,,,,,['min hustru'],['Bergen'],['theatret'],['medfølgende bog']
25,0,"glæde,",,,,,['min hustru'],['Bergen'],['theatret'],['medfølgende bog']
26,0,højagtelse,,,,,['min hustru'],['Bergen'],['theatret'],['medfølgende bog']
27,0,og,,,,,['min hustru'],['Bergen'],['theatret'],['medfølgende bog']
28,0,forbindtlighed,,,,,['min hustru'],['Bergen'],['theatret'],['medfølgende bog']
29,0,tænker,,,,,['min hustru'],['Bergen'],['theatret'],['medfølgende bog']
30,0,tilbage,,,,,['min hustru'],['Bergen'],['theatret'],['medfølgende bog']
31,0,på,,,,,['min hustru'],['Bergen'],['theatret'],['medfølgende bog']
32,0,Dem,,,,,['min hustru'],['Bergen'],['theatret'],['medfølgende bog']
33,0,fra,,,,,['min hustru'],['Bergen'],['theatret'],['medfølgende bog']
34,0,hin,,,,,['min hustru'],['Bergen'],['theatret'],['medfølgende bog']
35,0,tid,,,,,['min hustru'],['Bergen'],['theatret'],['medfølgende bog']
36,0,i,,,,,['min hustru'],['Bergen'],['theatret'],['medfølgende bog']
37,0,mine,,,,,['min hustru'],['Bergen'],['theatret'],['medfølgende bog']
38,0,ufærdige,,,,,['min hustru'],['Bergen'],['theatret'],['medfølgende bog']
39,0,"ungdomsår,",,,,,['min hustru'],['Bergen'],['theatret'],['medfølgende bog']
40,0,da,,,,,['min hustru'],['Bergen'],['theatret'],['medfølgende bog']
41,0,vi,,,,,['min hustru'],['Bergen'],['theatret'],['medfølgende bog']
42,0,arbejdede,,,,,['min hustru'],['Bergen'],['theatret'],['medfølgende bog']
43,0,sammen,,,,,['min hustru'],['Bergen'],['theatret'],['medfølgende bog']
44,0,ved,,,,,['min hustru'],['Bergen'],['theatret'],['medfølgende bog']
45,0,"theatret,",,,,,['min hustru'],['Bergen'],['theatret'],['medfølgende bog']
46,0,tillader,,,,,['min hustru'],['Bergen'],['theatret'],['medfølgende bog']
47,0,jeg,,,,,['min hustru'],['Bergen'],['theatret'],['medfølgende bog']
48,0,mig,,,,,['min hustru'],['Bergen'],['theatret'],['medfølgende bog']
49,0,at,,,,,['min hustru'],['Bergen'],['theatret'],['medfølgende bog']
50,0,sende,,,,,['min hustru'],['Bergen'],['theatret'],['medfølgende bog']
51,0,Dem,,,,,['min hustru'],['Bergen'],['theatret'],['medfølgende bog']
52,0,medfølgende,,,,,['min hustru'],['Bergen'],['theatret'],['medfølgende bog']
53,0,"bog,",,,,,['min hustru'],['Bergen'],['theatret'],['medfølgende bog']
54,0,der,,,,,['min hustru'],['Bergen'],['theatret'],['medfølgende bog']
55,0,nu,,,,,['min hustru'],['Bergen'],['theatret'],['medfølgende bog']
56,0,foreligger,,,,,['min hustru'],['Bergen'],['theatret'],['medfølgende bog']
57,0,i,,,,,['min hustru'],['Bergen'],['theatret'],['medfølgende bog']
58,0,ny,,,,,['min hustru'],['Bergen'],['theatret'],['medfølgende bog']
59,0,udgave,,,,,['min hustru'],['Bergen'],['theatret'],['medfølgende bog']
60,0,og,,,,,['min hustru'],['Bergen'],['theatret'],['medfølgende bog']
61,0,hvormed,,,,,['min hustru'],['Bergen'],['theatret'],['medfølgende bog']
62,0,jeg,,,,,['min hustru'],['Bergen'],['theatret'],['medfølgende bog']
63,0,for,,,,,['min hustru'],['Bergen'],['theatret'],['medfølgende bog']
64,0,25,,,,,['min hustru'],['Bergen'],['theatret'],['medfølgende bog']
65,0,år,,,,,['min hustru'],['Bergen'],['theatret'],['medfølgende bog']
66,0,siden,,,,,['min hustru'],['Bergen'],['theatret'],['medfølgende bog']
67,0,debuterede,,,,,['min hustru'],['Bergen'],['theatret'],['medfølgende bog']
68,0,som,,,,,['min hustru'],['Bergen'],['theatret'],['medfølgende bog']
69,0,"forfatter.Ja,",,,,,['min hustru'],['Bergen'],['theatret'],['medfølgende bog']
70,0,hine,,,,,['min hustru'],['Bergen'],['theatret'],['medfølgende bog']
71,0,år,,,,,['min hustru'],['Bergen'],['theatret'],['medfølgende bog']
72,0,i,,,,,['min hustru'],['Bergen'],['theatret'],['medfølgende bog']
73,0,Bergen,,,,,['min hustru'],['Bergen'],['theatret'],['medfølgende bog']
74,0,var,,,,,['min hustru'],['Bergen'],['theatret'],['medfølgende bog']
75,0,isandhed,,,,,['min hustru'],['Bergen'],['theatret'],['medfølgende bog']
76,0,mine,,,,,['min hustru'],['Bergen'],['theatret'],['medfølgende bog']
77,0,læreår!,,,,,['min hustru'],['Bergen'],['theatret'],['medfølgende bog']
78,0,Jeg,,,,,['min hustru'],['Bergen'],['theatret'],['medfølgende bog']
79,0,befandt,,,,,['min hustru'],['Bergen'],['theatret'],['medfølgende bog']
80,0,mig,,,,,['min hustru'],['Bergen'],['theatret'],['medfølgende bog']
81,0,dengang,,,,,['min hustru'],['Bergen'],['theatret'],['medfølgende bog']
82,0,i,,,,,['min hustru'],['Bergen'],['theatret'],['medfølgende bog']
83,0,en,,,,,['min hustru'],['Bergen'],['theatret'],['medfølgende bog']
84,0,"gæringstilstand,",,,,,['min hustru'],['Bergen'],['theatret'],['medfølgende bog']
85,0,som,,,,,['min hustru'],['Bergen'],['theatret'],['medfølgende bog']
86,0,ikke,,,,,['min hustru'],['Bergen'],['theatret'],['medfølgende bog']
87,0,tillod,,,,,['min hustru'],['Bergen'],['theatret'],['medfølgende bog']
88,0,mig,,,,,['min hustru'],['Bergen'],['theatret'],['medfølgende bog']
89,0,at,,,,,['min hustru'],['Bergen'],['theatret'],['medfølgende bog']
90,0,slutte,,,,,['min hustru'],['Bergen'],['theatret'],['medfølgende bog']
91,0,mig,,,,,['min hustru'],['Bergen'],['theatret'],['medfølgende bog']
92,0,helt,,,,,['min hustru'],['Bergen'],['theatret'],['medfølgende bog']
93,0,og,,,,,['min hustru'],['Bergen'],['theatret'],['medfølgende bog']
94,0,åbent,,,,,['min hustru'],['Bergen'],['theatret'],['medfølgende bog']
95,0,til,,,,,['min hustru'],['Bergen'],['theatret'],['medfølgende bog']
96,0,nogen.,,,,,['min hustru'],['Bergen'],['theatret'],['medfølgende bog']
97,0,Heller,,,,,['min hustru'],['Bergen'],['theatret'],['medfølgende bog']
98,0,ikke,,,,,['min hustru'],['Bergen'],['theatret'],['medfølgende bog']
99,0,havde,,,,,['min hustru'],['Bergen'],['theatret'],['medfølgende bog']
100,0,jeg,,,,,['min hustru'],['Bergen'],['theatret'],['medfølgende bog']
101,0,da,,,,,['min hustru'],['Bergen'],['theatret'],['medfølgende bog']
102,0,rede,,,,,['min hustru'],['Bergen'],['theatret'],['medfølgende bog']
103,0,på,,,,,['min hustru'],['Bergen'],['theatret'],['medfølgende bog']
104,0,mig,,,,,['min hustru'],['Bergen'],['theatret'],['medfølgende bog']
105,0,"selv,",,,,,['min hustru'],['Bergen'],['theatret'],['medfølgende bog']
106,0,og,,,,,['min hustru'],['Bergen'],['theatret'],['medfølgende bog']
107,0,dette,,,,,['min hustru'],['Bergen'],['theatret'],['medfølgende bog']
108,0,må,,,,,['min hustru'],['Bergen'],['theatret'],['medfølgende bog']
109,0,"forklare,",,,,,['min hustru'],['Bergen'],['theatret'],['medfølgende bog']
110,0,om,,,,,['min hustru'],['Bergen'],['theatret'],['medfølgende bog']
111,0,end,,,,,['min hustru'],['Bergen'],['theatret'],['medfølgende bog']
112,0,ikke,,,,,['min hustru'],['Bergen'],['theatret'],['medfølgende bog']
113,0,"undskylde,",,,,,['min hustru'],['Bergen'],['theatret'],['medfølgende bog']
114,0,mangt,,,,,['min hustru'],['Bergen'],['theatret'],['medfølgende bog']
115,0,og,,,,,['min hustru'],['Bergen'],['theatret'],['medfølgende bog']
116,0,meget,,,,,['min hustru'],['Bergen'],['theatret'],['medfølgende bog']
117,0,både,,,,,['min hustru'],['Bergen'],['theatret'],['medfølgende bog']
118,0,af,,,,,['min hustru'],['Bergen'],['theatret'],['medfølgende bog']
119,0,galskaber,,,,,['min hustru'],['Bergen'],['theatret'],['medfølgende bog']
120,0,og,,,,,['min hustru'],['Bergen'],['theatret'],['medfølgende bog']
121,0,af,,,,,['min hustru'],['Bergen'],['theatret'],['medfølgende bog']
122,0,andet,,,,,['min hustru'],['Bergen'],['theatret'],['medfølgende bog']
123,0,deslige.,,,,,['min hustru'],['Bergen'],['theatret'],['medfølgende bog']
124,0,De,,,,,['min hustru'],['Bergen'],['theatret'],['medfølgende bog']
125,0,derimod,,,,,['min hustru'],['Bergen'],['theatret'],['medfølgende bog']
126,0,var,,,,,['min hustru'],['Bergen'],['theatret'],['medfølgende bog']
127,0,allerede,,,,,['min hustru'],['Bergen'],['theatret'],['medfølgende bog']
128,0,en,,,,,['min hustru'],['Bergen'],['theatret'],['medfølgende bog']
129,0,fuldt,,,,,['min hustru'],['Bergen'],['theatret'],['medfølgende bog']
130,0,færdig,,,,,['min hustru'],['Bergen'],['theatret'],['medfølgende bog']
131,0,"mand,",,,,,['min hustru'],['Bergen'],['theatret'],['medfølgende bog']
132,0,og,,,,,['min hustru'],['Bergen'],['theatret'],['medfølgende bog']
133,0,dette,,,,,['min hustru'],['Bergen'],['theatret'],['medfølgende bog']
134,0,bevirkede,,,,,['min hustru'],['Bergen'],['theatret'],['medfølgende bog']
135,0,en,,,,,['min hustru'],['Bergen'],['theatret'],['medfølgende bog']
136,0,afstand,,,,,['min hustru'],['Bergen'],['theatret'],['medfølgende bog']
137,0,imellem,,,,,['min hustru'],['Bergen'],['theatret'],['medfølgende bog']
138,0,os;,,,,,['min hustru'],['Bergen'],['theatret'],['medfølgende bog']
139,0,men,,,,,['min hustru'],['Bergen'],['theatret'],['medfølgende bog']
140,0,ofte,,,,,['min hustru'],['Bergen'],['theatret'],['medfølgende bog']
141,0,viste,,,,,['min hustru'],['Bergen'],['theatret'],['medfølgende bog']
142,0,De,,,,,['min hustru'],['Bergen'],['theatret'],['medfølgende bog']
143,0,mig,,,,,['min hustru'],['Bergen'],['theatret'],['medfølgende bog']
144,0,en,,,,,['min hustru'],['Bergen'],['theatret'],['medfølgende bog']
145,0,"fortrolighed,",,,,,['min hustru'],['Bergen'],['theatret'],['medfølgende bog']
146,0,som,,,,,['min hustru'],['Bergen'],['theatret'],['medfølgende bog']
147,0,udjævnede,,,,,['min hustru'],['Bergen'],['theatret'],['medfølgende bog']
148,0,"distancen,",,,,,['min hustru'],['Bergen'],['theatret'],['medfølgende bog']
149,0,og,,,,,['min hustru'],['Bergen'],['theatret'],['medfølgende bog']
150,0,jeg,,,,,['min hustru'],['Bergen'],['theatret'],['medfølgende bog']
151,0,var,,,,,['min hustru'],['Bergen'],['theatret'],['medfølgende bog']
152,0,Dem,,,,,['min hustru'],['Bergen'],['theatret'],['medfølgende bog']
153,0,taknemmelig,,,,,['min hustru'],['Bergen'],['theatret'],['medfølgende bog']
154,0,"derfor,",,,,,['min hustru'],['Bergen'],['theatret'],['medfølgende bog']
155,0,uden,,,,,['min hustru'],['Bergen'],['theatret'],['medfølgende bog']
156,0,at,,,,,['min hustru'],['Bergen'],['theatret'],['medfølgende bog']
157,0,det,,,,,['min hustru'],['Bergen'],['theatret'],['medfølgende bog']
158,0,dog,,,,,['min hustru'],['Bergen'],['theatret'],['medfølgende bog']
159,0,stod,,,,,['min hustru'],['Bergen'],['theatret'],['medfølgende bog']
160,0,i,,,,,['min hustru'],['Bergen'],['theatret'],['medfølgende bog']
161,0,min,,,,,['min hustru'],['Bergen'],['theatret'],['medfølgende bog']
162,0,magt,,,,,['min hustru'],['Bergen'],['theatret'],['medfølgende bog']
163,0,at,,,,,['min hustru'],['Bergen'],['theatret'],['medfølgende bog']
164,0,give,,,,,['min hustru'],['Bergen'],['theatret'],['medfølgende bog']
165,0,denne,,,,,['min hustru'],['Bergen'],['theatret'],['medfølgende bog']
166,0,følelse,,,,,['min hustru'],['Bergen'],['theatret'],['medfølgende bog']
167,0,det,,,,,['min hustru'],['Bergen'],['theatret'],['medfølgende bog']
168,0,rette,,,,,['min hustru'],['Bergen'],['theatret'],['medfølgende bog']
169,0,udtryk.Idag,,,,,['min hustru'],['Bergen'],['theatret'],['medfølgende bog']
170,0,vilde,,,,,['min hustru'],['Bergen'],['theatret'],['medfølgende bog']
171,0,jeg,,,,,['min hustru'],['Bergen'],['theatret'],['medfølgende bog']
172,0,gerne,,,,,['min hustru'],['Bergen'],['theatret'],['medfølgende bog']
173,0,have,,,,,['min hustru'],['Bergen'],['theatret'],['medfølgende bog']
174,0,benyttet,,,,,['min hustru'],['Bergen'],['theatret'],['medfølgende bog']
175,0,anledningen,,,,,['min hustru'],['Bergen'],['theatret'],['medfølgende bog']
176,0,til,,,,,['min hustru'],['Bergen'],['theatret'],['medfølgende bog']
177,0,at,,,,,['min hustru'],['Bergen'],['theatret'],['medfølgende bog']
178,0,tilskrive,,,,,['min hustru'],['Bergen'],['theatret'],['medfølgende bog']
179,0,Dem,,,,,['min hustru'],['Bergen'],['theatret'],['medfølgende bog']
180,0,et,,,,,['min hustru'],['Bergen'],['theatret'],['medfølgende bog']
181,0,rigtigt,,,,,['min hustru'],['Bergen'],['theatret'],['medfølgende bog']
182,0,langt,,,,,['min hustru'],['Bergen'],['theatret'],['medfølgende bog']
183,0,"brev,",,,,,['min hustru'],['Bergen'],['theatret'],['medfølgende bog']
184,0,men,,,,,['min hustru'],['Bergen'],['theatret'],['medfølgende bog']
185,0,en,,,,,['min hustru'],['Bergen'],['theatret'],['medfølgende bog']
186,0,overvældende,,,,,['min hustru'],['Bergen'],['theatret'],['medfølgende bog']
187,0,stor,,,,,['min hustru'],['Bergen'],['theatret'],['medfølgende bog']
188,0,korrespondance,,,,,['min hustru'],['Bergen'],['theatret'],['medfølgende bog']
189,0,nøder,,,,,['min hustru'],['Bergen'],['theatret'],['medfølgende bog']
190,0,mig,,,,,['min hustru'],['Bergen'],['theatret'],['medfølgende bog']
191,0,til,,,,,['min hustru'],['Bergen'],['theatret'],['medfølgende bog']
192,0,at,,,,,['min hustru'],['Bergen'],['theatret'],['medfølgende bog']
193,0,fatte,,,,,['min hustru'],['Bergen'],['theatret'],['medfølgende bog']
194,0,mig,,,,,['min hustru'],['Bergen'],['theatret'],['medfølgende bog']
195,0,i,,,,,['min hustru'],['Bergen'],['theatret'],['medfølgende bog']
196,0,korthed.,,,,,['min hustru'],['Bergen'],['theatret'],['medfølgende bog']
197,0,Skulde,,,,,['min hustru'],['Bergen'],['theatret'],['medfølgende bog']
198,0,De,,,,,['min hustru'],['Bergen'],['theatret'],['medfølgende bog']
199,0,derimod,,,,,['min hustru'],['Bergen'],['theatret'],['medfølgende bog']
200,0,ved,,,,,['min hustru'],['Bergen'],['theatret'],['medfølgende bog']
201,0,lejlighed,,,,,['min hustru'],['Bergen'],['theatret'],['medfølgende bog']
202,0,ville,,,,,['min hustru'],['Bergen'],['theatret'],['medfølgende bog']
203,0,lade,,,,,['min hustru'],['Bergen'],['theatret'],['medfølgende bog']
204,0,mig,,,,,['min hustru'],['Bergen'],['theatret'],['medfølgende bog']
205,0,høre,,,,,['min hustru'],['Bergen'],['theatret'],['medfølgende bog']
206,0,fra,,,,,['min hustru'],['Bergen'],['theatret'],['medfølgende bog']
207,0,"Dem,",,,,,['min hustru'],['Bergen'],['theatret'],['medfølgende bog']
208,0,og,,,,,['min hustru'],['Bergen'],['theatret'],['medfølgende bog']
209,0,ikke,,,,,['min hustru'],['Bergen'],['theatret'],['medfølgende bog']
210,0,gengælde,,,,,['min hustru'],['Bergen'],['theatret'],['medfølgende bog']
211,0,min,,,,,['min hustru'],['Bergen'],['theatret'],['medfølgende bog']
212,0,kortfattethed,,,,,['min hustru'],['Bergen'],['theatret'],['medfølgende bog']
213,0,med,,,,,['min hustru'],['Bergen'],['theatret'],['medfølgende bog']
214,0,en,,,,,['min hustru'],['Bergen'],['theatret'],['medfølgende bog']
215,0,"lignende,",,,,,['min hustru'],['Bergen'],['theatret'],['medfølgende bog']
216,0,da,,,,,['min hustru'],['Bergen'],['theatret'],['medfølgende bog']
217,0,bereder,,,,,['min hustru'],['Bergen'],['theatret'],['medfølgende bog']
218,0,De,,,,,['min hustru'],['Bergen'],['theatret'],['medfølgende bog']
219,0,mig,,,,,['min hustru'],['Bergen'],['theatret'],['medfølgende bog']
220,0,en,,,,,['min hustru'],['Bergen'],['theatret'],['medfølgende bog']
221,0,sand,,,,,['min hustru'],['Bergen'],['theatret'],['medfølgende bog']
222,0,glæde.,,,,,['min hustru'],['Bergen'],['theatret'],['medfølgende bog']
223,0,Med,,,,,['min hustru'],['Bergen'],['theatret'],['medfølgende bog']
224,0,Bergen,,,,,['min hustru'],['Bergen'],['theatret'],['medfølgende bog']
225,0,og,,,,,['min hustru'],['Bergen'],['theatret'],['medfølgende bog']
226,0,de,,,,,['min hustru'],['Bergen'],['theatret'],['medfølgende bog']
227,0,bergenske,,,,,['min hustru'],['Bergen'],['theatret'],['medfølgende bog']
228,0,forholde,,,,,['min hustru'],['Bergen'],['theatret'],['medfølgende bog']
229,0,føler,,,,,['min hustru'],['Bergen'],['theatret'],['medfølgende bog']
230,0,jeg,,,,,['min hustru'],['Bergen'],['theatret'],['medfølgende bog']
231,0,mig,,,,,['min hustru'],['Bergen'],['theatret'],['medfølgende bog']
232,0,på,,,,,['min hustru'],['Bergen'],['theatret'],['medfølgende bog']
233,0,mange,,,,,['min hustru'],['Bergen'],['theatret'],['medfølgende bog']
234,0,måder,,,,,['min hustru'],['Bergen'],['theatret'],['medfølgende bog']
235,0,"sammenvokset,",,,,,['min hustru'],['Bergen'],['theatret'],['medfølgende bog']
236,0,og,,,,,['min hustru'],['Bergen'],['theatret'],['medfølgende bog']
237,0,de,,,,,['min hustru'],['Bergen'],['theatret'],['medfølgende bog']
238,0,mellemliggende,,,,,['min hustru'],['Bergen'],['theatret'],['medfølgende bog']
239,0,år,,,,,['min hustru'],['Bergen'],['theatret'],['medfølgende bog']
240,0,med,,,,,['min hustru'],['Bergen'],['theatret'],['medfølgende bog']
241,0,deraf,,,,,['min hustru'],['Bergen'],['theatret'],['medfølgende bog']
242,0,udsprungne,,,,,['min hustru'],['Bergen'],['theatret'],['medfølgende bog']
243,0,nye,,,,,['min hustru'],['Bergen'],['theatret'],['medfølgende bog']
244,0,forbindelser,,,,,['min hustru'],['Bergen'],['theatret'],['medfølgende bog']
245,0,har,,,,,['min hustru'],['Bergen'],['theatret'],['medfølgende bog']
246,0,ikke,,,,,['min hustru'],['Bergen'],['theatret'],['medfølgende bog']
247,0,kunnet,,,,,['min hustru'],['Bergen'],['theatret'],['medfølgende bog']
248,0,udviske,,,,,['min hustru'],['Bergen'],['theatret'],['medfølgende bog']
249,0,denne,,,,,['min hustru'],['Bergen'],['theatret'],['medfølgende bog']
250,0,stemning.Frembærende,,,,,['min hustru'],['Bergen'],['theatret'],['medfølgende bog']
251,0,en,,,,,['min hustru'],['Bergen'],['theatret'],['medfølgende bog']
252,0,hjertelig,,,,,['min hustru'],['Bergen'],['theatret'],['medfølgende bog']
253,0,hilsen,,,,,['min hustru'],['Bergen'],['theatret'],['medfølgende bog']
254,0,fra,,,,,['min hustru'],['Bergen'],['theatret'],['medfølgende bog']
255,0,min,,,,,['min hustru'],['Bergen'],['theatret'],['medfølgende bog']
256,0,hustru,,,,,['min hustru'],['Bergen'],['theatret'],['medfølgende bog']
257,0,tegner,,,,,['min hustru'],['Bergen'],['theatret'],['medfølgende bog']
258,0,jeg,,,,,['min hustru'],['Bergen'],['theatret'],['medfølgende bog']
259,0,mig,,,,,['min hustru'],['Bergen'],['theatret'],['medfølgende bog']
