,,0,human_annotation,who,dacy_medium,spacy_trf,person,place,org,work
0,0,Hermed,,,,,"['Clemens Petersen', 'Bjørnsons']",[],[],['Manuscript']
1,0,sender,,,,,"['Clemens Petersen', 'Bjørnsons']",[],[],['Manuscript']
2,0,jeg,,,,,"['Clemens Petersen', 'Bjørnsons']",[],[],['Manuscript']
3,0,Dem,,,,,"['Clemens Petersen', 'Bjørnsons']",[],[],['Manuscript']
4,0,den,,,,,"['Clemens Petersen', 'Bjørnsons']",[],[],['Manuscript']
5,0,tredje,,,,,"['Clemens Petersen', 'Bjørnsons']",[],[],['Manuscript']
6,0,Ladning,,,,,"['Clemens Petersen', 'Bjørnsons']",[],[],['Manuscript']
7,0,Manuscript;,,,,,"['Clemens Petersen', 'Bjørnsons']",[],[],['Manuscript']
8,0,det,,,,,"['Clemens Petersen', 'Bjørnsons']",[],[],['Manuscript']
9,0,under,,,,,"['Clemens Petersen', 'Bjørnsons']",[],[],['Manuscript']
10,0,25de,,,,,"['Clemens Petersen', 'Bjørnsons']",[],[],['Manuscript']
11,0,f.,,,,,"['Clemens Petersen', 'Bjørnsons']",[],[],['Manuscript']
12,0,M.,,,,,"['Clemens Petersen', 'Bjørnsons']",[],[],['Manuscript']
13,0,afsendte,,,,,"['Clemens Petersen', 'Bjørnsons']",[],[],['Manuscript']
14,0,haaber,,,,,"['Clemens Petersen', 'Bjørnsons']",[],[],['Manuscript']
15,0,jeg,,,,,"['Clemens Petersen', 'Bjørnsons']",[],[],['Manuscript']
16,0,De,,,,,"['Clemens Petersen', 'Bjørnsons']",[],[],['Manuscript']
17,0,har,,,,,"['Clemens Petersen', 'Bjørnsons']",[],[],['Manuscript']
18,0,modtaget;,,,,,"['Clemens Petersen', 'Bjørnsons']",[],[],['Manuscript']
19,0,nu,,,,,"['Clemens Petersen', 'Bjørnsons']",[],[],['Manuscript']
20,0,er,,,,,"['Clemens Petersen', 'Bjørnsons']",[],[],['Manuscript']
21,0,der,,,,,"['Clemens Petersen', 'Bjørnsons']",[],[],['Manuscript']
22,0,en,,,,,"['Clemens Petersen', 'Bjørnsons']",[],[],['Manuscript']
23,0,lignende,,,,,"['Clemens Petersen', 'Bjørnsons']",[],[],['Manuscript']
24,0,Portion,,,,,"['Clemens Petersen', 'Bjørnsons']",[],[],['Manuscript']
25,0,"tillbage,",,,,,"['Clemens Petersen', 'Bjørnsons']",[],[],['Manuscript']
26,0,og,,,,,"['Clemens Petersen', 'Bjørnsons']",[],[],['Manuscript']
27,0,den,,,,,"['Clemens Petersen', 'Bjørnsons']",[],[],['Manuscript']
28,0,skal,,,,,"['Clemens Petersen', 'Bjørnsons']",[],[],['Manuscript']
29,0,sendes,,,,,"['Clemens Petersen', 'Bjørnsons']",[],[],['Manuscript']
30,0,snarest,,,,,"['Clemens Petersen', 'Bjørnsons']",[],[],['Manuscript']
31,0,muligt.,,,,,"['Clemens Petersen', 'Bjørnsons']",[],[],['Manuscript']
32,0,De,,,,,"['Clemens Petersen', 'Bjørnsons']",[],[],['Manuscript']
33,0,paapegede,,,,,"['Clemens Petersen', 'Bjørnsons']",[],[],['Manuscript']
34,0,Smaafejl,,,,,"['Clemens Petersen', 'Bjørnsons']",[],[],['Manuscript']
35,0,er,,,,,"['Clemens Petersen', 'Bjørnsons']",[],[],['Manuscript']
36,0,ganske,,,,,"['Clemens Petersen', 'Bjørnsons']",[],[],['Manuscript']
37,0,rigtigt,,,,,"['Clemens Petersen', 'Bjørnsons']",[],[],['Manuscript']
38,0,rettede,,,,,"['Clemens Petersen', 'Bjørnsons']",[],[],['Manuscript']
39,0,i,,,,,"['Clemens Petersen', 'Bjørnsons']",[],[],['Manuscript']
40,0,Korrekturen.Om,,,,,"['Clemens Petersen', 'Bjørnsons']",[],[],['Manuscript']
41,0,en,,,,,"['Clemens Petersen', 'Bjørnsons']",[],[],['Manuscript']
42,0,mulig,,,,,"['Clemens Petersen', 'Bjørnsons']",[],[],['Manuscript']
43,0,tydsk,,,,,"['Clemens Petersen', 'Bjørnsons']",[],[],['Manuscript']
44,0,Oversættelse,,,,,"['Clemens Petersen', 'Bjørnsons']",[],[],['Manuscript']
45,0,af,,,,,"['Clemens Petersen', 'Bjørnsons']",[],[],['Manuscript']
46,0,mine,,,,,"['Clemens Petersen', 'Bjørnsons']",[],[],['Manuscript']
47,0,Arbejder,,,,,"['Clemens Petersen', 'Bjørnsons']",[],[],['Manuscript']
48,0,vil,,,,,"['Clemens Petersen', 'Bjørnsons']",[],[],['Manuscript']
49,0,jeg,,,,,"['Clemens Petersen', 'Bjørnsons']",[],[],['Manuscript']
50,0,senere,,,,,"['Clemens Petersen', 'Bjørnsons']",[],[],['Manuscript']
51,0,tillskrive,,,,,"['Clemens Petersen', 'Bjørnsons']",[],[],['Manuscript']
52,0,Dem;,,,,,"['Clemens Petersen', 'Bjørnsons']",[],[],['Manuscript']
53,0,nogen,,,,,"['Clemens Petersen', 'Bjørnsons']",[],[],['Manuscript']
54,0,Pengefordel,,,,,"['Clemens Petersen', 'Bjørnsons']",[],[],['Manuscript']
55,0,har,,,,,"['Clemens Petersen', 'Bjørnsons']",[],[],['Manuscript']
56,0,jeg,,,,,"['Clemens Petersen', 'Bjørnsons']",[],[],['Manuscript']
57,0,aldrig,,,,,"['Clemens Petersen', 'Bjørnsons']",[],[],['Manuscript']
58,0,ventet,,,,,"['Clemens Petersen', 'Bjørnsons']",[],[],['Manuscript']
59,0,deraf.Det,,,,,"['Clemens Petersen', 'Bjørnsons']",[],[],['Manuscript']
60,0,er,,,,,"['Clemens Petersen', 'Bjørnsons']",[],[],['Manuscript']
61,0,jo,,,,,"['Clemens Petersen', 'Bjørnsons']",[],[],['Manuscript']
62,0,en,,,,,"['Clemens Petersen', 'Bjørnsons']",[],[],['Manuscript']
63,0,forfærdelig,,,,,"['Clemens Petersen', 'Bjørnsons']",[],[],['Manuscript']
64,0,Historie,,,,,"['Clemens Petersen', 'Bjørnsons']",[],[],['Manuscript']
65,0,med,,,,,"['Clemens Petersen', 'Bjørnsons']",[],[],['Manuscript']
66,0,Clemens,,,,,"['Clemens Petersen', 'Bjørnsons']",[],[],['Manuscript']
67,0,Petersen!,,,,,"['Clemens Petersen', 'Bjørnsons']",[],[],['Manuscript']
68,0,Hvorledes,,,,,"['Clemens Petersen', 'Bjørnsons']",[],[],['Manuscript']
69,0,hænger,,,,,"['Clemens Petersen', 'Bjørnsons']",[],[],['Manuscript']
70,0,det,,,,,"['Clemens Petersen', 'Bjørnsons']",[],[],['Manuscript']
71,0,egentlig,,,,,"['Clemens Petersen', 'Bjørnsons']",[],[],['Manuscript']
72,0,sammen?,,,,,"['Clemens Petersen', 'Bjørnsons']",[],[],['Manuscript']
73,0,Og,,,,,"['Clemens Petersen', 'Bjørnsons']",[],[],['Manuscript']
74,0,hvor,,,,,"['Clemens Petersen', 'Bjørnsons']",[],[],['Manuscript']
75,0,er,,,,,"['Clemens Petersen', 'Bjørnsons']",[],[],['Manuscript']
76,0,han,,,,,"['Clemens Petersen', 'Bjørnsons']",[],[],['Manuscript']
77,0,dragen,,,,,"['Clemens Petersen', 'Bjørnsons']",[],[],['Manuscript']
78,0,hen?,,,,,"['Clemens Petersen', 'Bjørnsons']",[],[],['Manuscript']
79,0,Jeg,,,,,"['Clemens Petersen', 'Bjørnsons']",[],[],['Manuscript']
80,0,har,,,,,"['Clemens Petersen', 'Bjørnsons']",[],[],['Manuscript']
81,0,altid,,,,,"['Clemens Petersen', 'Bjørnsons']",[],[],['Manuscript']
82,0,havt,,,,,"['Clemens Petersen', 'Bjørnsons']",[],[],['Manuscript']
83,0,en,,,,,"['Clemens Petersen', 'Bjørnsons']",[],[],['Manuscript']
84,0,stærk,,,,,"['Clemens Petersen', 'Bjørnsons']",[],[],['Manuscript']
85,0,Mistanke,,,,,"['Clemens Petersen', 'Bjørnsons']",[],[],['Manuscript']
86,0,till,,,,,"['Clemens Petersen', 'Bjørnsons']",[],[],['Manuscript']
87,0,hans,,,,,"['Clemens Petersen', 'Bjørnsons']",[],[],['Manuscript']
88,0,Karakter;,,,,,"['Clemens Petersen', 'Bjørnsons']",[],[],['Manuscript']
89,0,men,,,,,"['Clemens Petersen', 'Bjørnsons']",[],[],['Manuscript']
90,0,noget,,,,,"['Clemens Petersen', 'Bjørnsons']",[],[],['Manuscript']
91,0,saadant,,,,,"['Clemens Petersen', 'Bjørnsons']",[],[],['Manuscript']
92,0,–!!Hernede,,,,,"['Clemens Petersen', 'Bjørnsons']",[],[],['Manuscript']
93,0,har,,,,,"['Clemens Petersen', 'Bjørnsons']",[],[],['Manuscript']
94,0,vi,,,,,"['Clemens Petersen', 'Bjørnsons']",[],[],['Manuscript']
95,0,fuldt,,,,,"['Clemens Petersen', 'Bjørnsons']",[],[],['Manuscript']
96,0,Foraar,,,,,"['Clemens Petersen', 'Bjørnsons']",[],[],['Manuscript']
97,0,med,,,,,"['Clemens Petersen', 'Bjørnsons']",[],[],['Manuscript']
98,0,grønne,,,,,"['Clemens Petersen', 'Bjørnsons']",[],[],['Manuscript']
99,0,Marker,,,,,"['Clemens Petersen', 'Bjørnsons']",[],[],['Manuscript']
100,0,og,,,,,"['Clemens Petersen', 'Bjørnsons']",[],[],['Manuscript']
101,0,enkelte,,,,,"['Clemens Petersen', 'Bjørnsons']",[],[],['Manuscript']
102,0,Rejsende,,,,,"['Clemens Petersen', 'Bjørnsons']",[],[],['Manuscript']
103,0,nordfra,,,,,"['Clemens Petersen', 'Bjørnsons']",[],[],['Manuscript']
104,0,begynder,,,,,"['Clemens Petersen', 'Bjørnsons']",[],[],['Manuscript']
105,0,at,,,,,"['Clemens Petersen', 'Bjørnsons']",[],[],['Manuscript']
106,0,vise,,,,,"['Clemens Petersen', 'Bjørnsons']",[],[],['Manuscript']
107,0,sig.,,,,,"['Clemens Petersen', 'Bjørnsons']",[],[],['Manuscript']
108,0,Jeg,,,,,"['Clemens Petersen', 'Bjørnsons']",[],[],['Manuscript']
109,0,ser,,,,,"['Clemens Petersen', 'Bjørnsons']",[],[],['Manuscript']
110,0,till,,,,,"['Clemens Petersen', 'Bjørnsons']",[],[],['Manuscript']
111,0,min,,,,,"['Clemens Petersen', 'Bjørnsons']",[],[],['Manuscript']
112,0,Forundring,,,,,"['Clemens Petersen', 'Bjørnsons']",[],[],['Manuscript']
113,0,at,,,,,"['Clemens Petersen', 'Bjørnsons']",[],[],['Manuscript']
114,0,Studentermødet,,,,,"['Clemens Petersen', 'Bjørnsons']",[],[],['Manuscript']
115,0,synes,,,,,"['Clemens Petersen', 'Bjørnsons']",[],[],['Manuscript']
116,0,at,,,,,"['Clemens Petersen', 'Bjørnsons']",[],[],['Manuscript']
117,0,komme,,,,,"['Clemens Petersen', 'Bjørnsons']",[],[],['Manuscript']
118,0,igang!Bjørnsons,,,,,"['Clemens Petersen', 'Bjørnsons']",[],[],['Manuscript']
119,0,Indtrædelse,,,,,"['Clemens Petersen', 'Bjørnsons']",[],[],['Manuscript']
120,0,i,,,,,"['Clemens Petersen', 'Bjørnsons']",[],[],['Manuscript']
121,0,Red:,,,,,"['Clemens Petersen', 'Bjørnsons']",[],[],['Manuscript']
122,0,af,,,,,"['Clemens Petersen', 'Bjørnsons']",[],[],['Manuscript']
123,0,«For,,,,,"['Clemens Petersen', 'Bjørnsons']",[],[],['Manuscript']
124,0,Ide,,,,,"['Clemens Petersen', 'Bjørnsons']",[],[],['Manuscript']
125,0,og,,,,,"['Clemens Petersen', 'Bjørnsons']",[],[],['Manuscript']
126,0,Virkelighed»,,,,,"['Clemens Petersen', 'Bjørnsons']",[],[],['Manuscript']
127,0,er,,,,,"['Clemens Petersen', 'Bjørnsons']",[],[],['Manuscript']
128,0,en,,,,,"['Clemens Petersen', 'Bjørnsons']",[],[],['Manuscript']
129,0,ny,,,,,"['Clemens Petersen', 'Bjørnsons']",[],[],['Manuscript']
130,0,Uklogskab,,,,,"['Clemens Petersen', 'Bjørnsons']",[],[],['Manuscript']
131,0,af,,,,,"['Clemens Petersen', 'Bjørnsons']",[],[],['Manuscript']
132,0,ham;,,,,,"['Clemens Petersen', 'Bjørnsons']",[],[],['Manuscript']
133,0,jeg,,,,,"['Clemens Petersen', 'Bjørnsons']",[],[],['Manuscript']
134,0,begriber,,,,,"['Clemens Petersen', 'Bjørnsons']",[],[],['Manuscript']
135,0,ikke,,,,,"['Clemens Petersen', 'Bjørnsons']",[],[],['Manuscript']
136,0,at,,,,,"['Clemens Petersen', 'Bjørnsons']",[],[],['Manuscript']
137,0,han,,,,,"['Clemens Petersen', 'Bjørnsons']",[],[],['Manuscript']
138,0,kunde,,,,,"['Clemens Petersen', 'Bjørnsons']",[],[],['Manuscript']
139,0,ville,,,,,"['Clemens Petersen', 'Bjørnsons']",[],[],['Manuscript']
140,0,indtage,,,,,"['Clemens Petersen', 'Bjørnsons']",[],[],['Manuscript']
141,0,det,,,,,"['Clemens Petersen', 'Bjørnsons']",[],[],['Manuscript']
142,0,"Sæde,",,,,,"['Clemens Petersen', 'Bjørnsons']",[],[],['Manuscript']
143,0,der,,,,,"['Clemens Petersen', 'Bjørnsons']",[],[],['Manuscript']
144,0,endnu,,,,,"['Clemens Petersen', 'Bjørnsons']",[],[],['Manuscript']
145,0,var,,,,,"['Clemens Petersen', 'Bjørnsons']",[],[],['Manuscript']
146,0,varmt,,,,,"['Clemens Petersen', 'Bjørnsons']",[],[],['Manuscript']
147,0,efter,,,,,"['Clemens Petersen', 'Bjørnsons']",[],[],['Manuscript']
148,0,den,,,,,"['Clemens Petersen', 'Bjørnsons']",[],[],['Manuscript']
149,0,bortdragne.,,,,,"['Clemens Petersen', 'Bjørnsons']",[],[],['Manuscript']
150,0,Lev,,,,,"['Clemens Petersen', 'Bjørnsons']",[],[],['Manuscript']
151,0,vel!,,,,,"['Clemens Petersen', 'Bjørnsons']",[],[],['Manuscript']
