,,0,human_annotation,who,dacy_medium,spacy_trf,person,place,org,work
0,0,Hermed,,,,,['herr Larsens'],[],['Kristiania theater'],"['«Fru Inger»', '«Kejser og Galilæer»', '«Peer Gynt»']"
1,0,følger,,,,,['herr Larsens'],[],['Kristiania theater'],"['«Fru Inger»', '«Kejser og Galilæer»', '«Peer Gynt»']"
2,0,atter,,,,,['herr Larsens'],[],['Kristiania theater'],"['«Fru Inger»', '«Kejser og Galilæer»', '«Peer Gynt»']"
3,0,en,,,,,['herr Larsens'],[],['Kristiania theater'],"['«Fru Inger»', '«Kejser og Galilæer»', '«Peer Gynt»']"
4,0,del,,,,,['herr Larsens'],[],['Kristiania theater'],"['«Fru Inger»', '«Kejser og Galilæer»', '«Peer Gynt»']"
5,0,manuskript,,,,,['herr Larsens'],[],['Kristiania theater'],"['«Fru Inger»', '«Kejser og Galilæer»', '«Peer Gynt»']"
6,0,til,,,,,['herr Larsens'],[],['Kristiania theater'],"['«Fru Inger»', '«Kejser og Galilæer»', '«Peer Gynt»']"
7,0,«Fru,,,,,['herr Larsens'],[],['Kristiania theater'],"['«Fru Inger»', '«Kejser og Galilæer»', '«Peer Gynt»']"
8,0,Inger».,,,,,['herr Larsens'],[],['Kristiania theater'],"['«Fru Inger»', '«Kejser og Galilæer»', '«Peer Gynt»']"
9,0,Den,,,,,['herr Larsens'],[],['Kristiania theater'],"['«Fru Inger»', '«Kejser og Galilæer»', '«Peer Gynt»']"
10,0,første,,,,,['herr Larsens'],[],['Kristiania theater'],"['«Fru Inger»', '«Kejser og Galilæer»', '«Peer Gynt»']"
11,0,"sending,",,,,,['herr Larsens'],[],['Kristiania theater'],"['«Fru Inger»', '«Kejser og Galilæer»', '«Peer Gynt»']"
12,0,som,,,,,['herr Larsens'],[],['Kristiania theater'],"['«Fru Inger»', '«Kejser og Galilæer»', '«Peer Gynt»']"
13,0,afgik,,,,,['herr Larsens'],[],['Kristiania theater'],"['«Fru Inger»', '«Kejser og Galilæer»', '«Peer Gynt»']"
14,0,igår,,,,,['herr Larsens'],[],['Kristiania theater'],"['«Fru Inger»', '«Kejser og Galilæer»', '«Peer Gynt»']"
15,0,under,,,,,['herr Larsens'],[],['Kristiania theater'],"['«Fru Inger»', '«Kejser og Galilæer»', '«Peer Gynt»']"
16,0,herr,,,,,['herr Larsens'],[],['Kristiania theater'],"['«Fru Inger»', '«Kejser og Galilæer»', '«Peer Gynt»']"
17,0,Larsens,,,,,['herr Larsens'],[],['Kristiania theater'],"['«Fru Inger»', '«Kejser og Galilæer»', '«Peer Gynt»']"
18,0,"adresse,",,,,,['herr Larsens'],[],['Kristiania theater'],"['«Fru Inger»', '«Kejser og Galilæer»', '«Peer Gynt»']"
19,0,håber,,,,,['herr Larsens'],[],['Kristiania theater'],"['«Fru Inger»', '«Kejser og Galilæer»', '«Peer Gynt»']"
20,0,jeg,,,,,['herr Larsens'],[],['Kristiania theater'],"['«Fru Inger»', '«Kejser og Galilæer»', '«Peer Gynt»']"
21,0,er,,,,,['herr Larsens'],[],['Kristiania theater'],"['«Fru Inger»', '«Kejser og Galilæer»', '«Peer Gynt»']"
22,0,kommen,,,,,['herr Larsens'],[],['Kristiania theater'],"['«Fru Inger»', '«Kejser og Galilæer»', '«Peer Gynt»']"
23,0,Dem,,,,,['herr Larsens'],[],['Kristiania theater'],"['«Fru Inger»', '«Kejser og Galilæer»', '«Peer Gynt»']"
24,0,rigtig,,,,,['herr Larsens'],[],['Kristiania theater'],"['«Fru Inger»', '«Kejser og Galilæer»', '«Peer Gynt»']"
25,0,ihænde.,,,,,['herr Larsens'],[],['Kristiania theater'],"['«Fru Inger»', '«Kejser og Galilæer»', '«Peer Gynt»']"
26,0,Hver,,,,,['herr Larsens'],[],['Kristiania theater'],"['«Fru Inger»', '«Kejser og Galilæer»', '«Peer Gynt»']"
27,0,uge,,,,,['herr Larsens'],[],['Kristiania theater'],"['«Fru Inger»', '«Kejser og Galilæer»', '«Peer Gynt»']"
28,0,skal,,,,,['herr Larsens'],[],['Kristiania theater'],"['«Fru Inger»', '«Kejser og Galilæer»', '«Peer Gynt»']"
29,0,jeg,,,,,['herr Larsens'],[],['Kristiania theater'],"['«Fru Inger»', '«Kejser og Galilæer»', '«Peer Gynt»']"
30,0,sende,,,,,['herr Larsens'],[],['Kristiania theater'],"['«Fru Inger»', '«Kejser og Galilæer»', '«Peer Gynt»']"
31,0,et,,,,,['herr Larsens'],[],['Kristiania theater'],"['«Fru Inger»', '«Kejser og Galilæer»', '«Peer Gynt»']"
32,0,par,,,,,['herr Larsens'],[],['Kristiania theater'],"['«Fru Inger»', '«Kejser og Galilæer»', '«Peer Gynt»']"
33,0,lignende,,,,,['herr Larsens'],[],['Kristiania theater'],"['«Fru Inger»', '«Kejser og Galilæer»', '«Peer Gynt»']"
34,0,pakker.,,,,,['herr Larsens'],[],['Kristiania theater'],"['«Fru Inger»', '«Kejser og Galilæer»', '«Peer Gynt»']"
35,0,Jeg,,,,,['herr Larsens'],[],['Kristiania theater'],"['«Fru Inger»', '«Kejser og Galilæer»', '«Peer Gynt»']"
36,0,tør,,,,,['herr Larsens'],[],['Kristiania theater'],"['«Fru Inger»', '«Kejser og Galilæer»', '«Peer Gynt»']"
37,0,forudsætte,,,,,['herr Larsens'],[],['Kristiania theater'],"['«Fru Inger»', '«Kejser og Galilæer»', '«Peer Gynt»']"
38,0,som,,,,,['herr Larsens'],[],['Kristiania theater'],"['«Fru Inger»', '«Kejser og Galilæer»', '«Peer Gynt»']"
39,0,givet,,,,,['herr Larsens'],[],['Kristiania theater'],"['«Fru Inger»', '«Kejser og Galilæer»', '«Peer Gynt»']"
40,0,at,,,,,['herr Larsens'],[],['Kristiania theater'],"['«Fru Inger»', '«Kejser og Galilæer»', '«Peer Gynt»']"
41,0,bogen,,,,,['herr Larsens'],[],['Kristiania theater'],"['«Fru Inger»', '«Kejser og Galilæer»', '«Peer Gynt»']"
42,0,kan,,,,,['herr Larsens'],[],['Kristiania theater'],"['«Fru Inger»', '«Kejser og Galilæer»', '«Peer Gynt»']"
43,0,komme,,,,,['herr Larsens'],[],['Kristiania theater'],"['«Fru Inger»', '«Kejser og Galilæer»', '«Peer Gynt»']"
44,0,ud,,,,,['herr Larsens'],[],['Kristiania theater'],"['«Fru Inger»', '«Kejser og Galilæer»', '«Peer Gynt»']"
45,0,til,,,,,['herr Larsens'],[],['Kristiania theater'],"['«Fru Inger»', '«Kejser og Galilæer»', '«Peer Gynt»']"
46,0,jul;,,,,,['herr Larsens'],[],['Kristiania theater'],"['«Fru Inger»', '«Kejser og Galilæer»', '«Peer Gynt»']"
47,0,thi,,,,,['herr Larsens'],[],['Kristiania theater'],"['«Fru Inger»', '«Kejser og Galilæer»', '«Peer Gynt»']"
48,0,det,,,,,['herr Larsens'],[],['Kristiania theater'],"['«Fru Inger»', '«Kejser og Galilæer»', '«Peer Gynt»']"
49,0,modsatte,,,,,['herr Larsens'],[],['Kristiania theater'],"['«Fru Inger»', '«Kejser og Galilæer»', '«Peer Gynt»']"
50,0,vilde,,,,,['herr Larsens'],[],['Kristiania theater'],"['«Fru Inger»', '«Kejser og Galilæer»', '«Peer Gynt»']"
51,0,jo,,,,,['herr Larsens'],[],['Kristiania theater'],"['«Fru Inger»', '«Kejser og Galilæer»', '«Peer Gynt»']"
52,0,forsinke,,,,,['herr Larsens'],[],['Kristiania theater'],"['«Fru Inger»', '«Kejser og Galilæer»', '«Peer Gynt»']"
53,0,og,,,,,['herr Larsens'],[],['Kristiania theater'],"['«Fru Inger»', '«Kejser og Galilæer»', '«Peer Gynt»']"
54,0,gøre,,,,,['herr Larsens'],[],['Kristiania theater'],"['«Fru Inger»', '«Kejser og Galilæer»', '«Peer Gynt»']"
55,0,et,,,,,['herr Larsens'],[],['Kristiania theater'],"['«Fru Inger»', '«Kejser og Galilæer»', '«Peer Gynt»']"
56,0,slemt,,,,,['herr Larsens'],[],['Kristiania theater'],"['«Fru Inger»', '«Kejser og Galilæer»', '«Peer Gynt»']"
57,0,afbræk,,,,,['herr Larsens'],[],['Kristiania theater'],"['«Fru Inger»', '«Kejser og Galilæer»', '«Peer Gynt»']"
58,0,i,,,,,['herr Larsens'],[],['Kristiania theater'],"['«Fru Inger»', '«Kejser og Galilæer»', '«Peer Gynt»']"
59,0,afsætningen.,,,,,['herr Larsens'],[],['Kristiania theater'],"['«Fru Inger»', '«Kejser og Galilæer»', '«Peer Gynt»']"
60,0,Efter,,,,,['herr Larsens'],[],['Kristiania theater'],"['«Fru Inger»', '«Kejser og Galilæer»', '«Peer Gynt»']"
61,0,min,,,,,['herr Larsens'],[],['Kristiania theater'],"['«Fru Inger»', '«Kejser og Galilæer»', '«Peer Gynt»']"
62,0,beregning,,,,,['herr Larsens'],[],['Kristiania theater'],"['«Fru Inger»', '«Kejser og Galilæer»', '«Peer Gynt»']"
63,0,kommer,,,,,['herr Larsens'],[],['Kristiania theater'],"['«Fru Inger»', '«Kejser og Galilæer»', '«Peer Gynt»']"
64,0,det,,,,,['herr Larsens'],[],['Kristiania theater'],"['«Fru Inger»', '«Kejser og Galilæer»', '«Peer Gynt»']"
65,0,trykte,,,,,['herr Larsens'],[],['Kristiania theater'],"['«Fru Inger»', '«Kejser og Galilæer»', '«Peer Gynt»']"
66,0,stykke,,,,,['herr Larsens'],[],['Kristiania theater'],"['«Fru Inger»', '«Kejser og Galilæer»', '«Peer Gynt»']"
67,0,til,,,,,['herr Larsens'],[],['Kristiania theater'],"['«Fru Inger»', '«Kejser og Galilæer»', '«Peer Gynt»']"
68,0,at,,,,,['herr Larsens'],[],['Kristiania theater'],"['«Fru Inger»', '«Kejser og Galilæer»', '«Peer Gynt»']"
69,0,udgøre,,,,,['herr Larsens'],[],['Kristiania theater'],"['«Fru Inger»', '«Kejser og Galilæer»', '«Peer Gynt»']"
70,0,192–200,,,,,['herr Larsens'],[],['Kristiania theater'],"['«Fru Inger»', '«Kejser og Galilæer»', '«Peer Gynt»']"
71,0,sider,,,,,['herr Larsens'],[],['Kristiania theater'],"['«Fru Inger»', '«Kejser og Galilæer»', '«Peer Gynt»']"
72,0,når,,,,,['herr Larsens'],[],['Kristiania theater'],"['«Fru Inger»', '«Kejser og Galilæer»', '«Peer Gynt»']"
73,0,det,,,,,['herr Larsens'],[],['Kristiania theater'],"['«Fru Inger»', '«Kejser og Galilæer»', '«Peer Gynt»']"
74,0,indrettes,,,,,['herr Larsens'],[],['Kristiania theater'],"['«Fru Inger»', '«Kejser og Galilæer»', '«Peer Gynt»']"
75,0,i,,,,,['herr Larsens'],[],['Kristiania theater'],"['«Fru Inger»', '«Kejser og Galilæer»', '«Peer Gynt»']"
76,0,lighed,,,,,['herr Larsens'],[],['Kristiania theater'],"['«Fru Inger»', '«Kejser og Galilæer»', '«Peer Gynt»']"
77,0,med,,,,,['herr Larsens'],[],['Kristiania theater'],"['«Fru Inger»', '«Kejser og Galilæer»', '«Peer Gynt»']"
78,0,«Kejser,,,,,['herr Larsens'],[],['Kristiania theater'],"['«Fru Inger»', '«Kejser og Galilæer»', '«Peer Gynt»']"
79,0,og,,,,,['herr Larsens'],[],['Kristiania theater'],"['«Fru Inger»', '«Kejser og Galilæer»', '«Peer Gynt»']"
80,0,Galilæer».,,,,,['herr Larsens'],[],['Kristiania theater'],"['«Fru Inger»', '«Kejser og Galilæer»', '«Peer Gynt»']"
81,0,–,,,,,['herr Larsens'],[],['Kristiania theater'],"['«Fru Inger»', '«Kejser og Galilæer»', '«Peer Gynt»']"
82,0,«Peer,,,,,['herr Larsens'],[],['Kristiania theater'],"['«Fru Inger»', '«Kejser og Galilæer»', '«Peer Gynt»']"
83,0,Gynt»,,,,,['herr Larsens'],[],['Kristiania theater'],"['«Fru Inger»', '«Kejser og Galilæer»', '«Peer Gynt»']"
84,0,er,,,,,['herr Larsens'],[],['Kristiania theater'],"['«Fru Inger»', '«Kejser og Galilæer»', '«Peer Gynt»']"
85,0,under,,,,,['herr Larsens'],[],['Kristiania theater'],"['«Fru Inger»', '«Kejser og Galilæer»', '«Peer Gynt»']"
86,0,forberedelse,,,,,['herr Larsens'],[],['Kristiania theater'],"['«Fru Inger»', '«Kejser og Galilæer»', '«Peer Gynt»']"
87,0,ved,,,,,['herr Larsens'],[],['Kristiania theater'],"['«Fru Inger»', '«Kejser og Galilæer»', '«Peer Gynt»']"
88,0,Kristiania,,,,,['herr Larsens'],[],['Kristiania theater'],"['«Fru Inger»', '«Kejser og Galilæer»', '«Peer Gynt»']"
89,0,theater.Mange,,,,,['herr Larsens'],[],['Kristiania theater'],"['«Fru Inger»', '«Kejser og Galilæer»', '«Peer Gynt»']"
90,0,hilsener,,,,,['herr Larsens'],[],['Kristiania theater'],"['«Fru Inger»', '«Kejser og Galilæer»', '«Peer Gynt»']"
91,0,til,,,,,['herr Larsens'],[],['Kristiania theater'],"['«Fru Inger»', '«Kejser og Galilæer»', '«Peer Gynt»']"
92,0,Dem,,,,,['herr Larsens'],[],['Kristiania theater'],"['«Fru Inger»', '«Kejser og Galilæer»', '«Peer Gynt»']"
93,0,selv,,,,,['herr Larsens'],[],['Kristiania theater'],"['«Fru Inger»', '«Kejser og Galilæer»', '«Peer Gynt»']"
94,0,og,,,,,['herr Larsens'],[],['Kristiania theater'],"['«Fru Inger»', '«Kejser og Galilæer»', '«Peer Gynt»']"
95,0,Deres,,,,,['herr Larsens'],[],['Kristiania theater'],"['«Fru Inger»', '«Kejser og Galilæer»', '«Peer Gynt»']"
96,0,kære,,,,,['herr Larsens'],[],['Kristiania theater'],"['«Fru Inger»', '«Kejser og Galilæer»', '«Peer Gynt»']"
97,0,fra,,,,,['herr Larsens'],[],['Kristiania theater'],"['«Fru Inger»', '«Kejser og Galilæer»', '«Peer Gynt»']"
